tblEffortAndEnvironmentID,tblUploadID,EffortID,SurveyID,PlatformInstance,StartDate,EndDate,StartTime,EndTime,StartLatitude,StartLongitude,EndLatitude,EndLongitude,SurveyArea,ImageArea,PlatformHeight,PlatformSpeed,NumberOfObservers,AngleOfSearch,SeaState,SwellWaveHeight,Glare,Precipitation,PrecipitationIntensity,Visibility,Sightability,CloudCover,WaterTurbidity,Comments
249672,586,D02/03/I21/07_00084/178048                        ,SCANSIII Block D Aerial,1,21-07-2016 00:00:00,,09:04,,51.5843544,-5.43367481,,,0.18,,88,,0,BL,2,NR,N,NR,NR,NR,NR,D,M,Condictions change
252181,586,D02/05/I20/07_00080/175528                        ,SCANSIII Block D Aerial,1,19-07-2016 00:00:00,,16:52,,50.93772888,-5.52081013,,,0.197,,95.8,,0,BL,2,NR,N,NR,NR,NR,NR,D,N,Condictions change
252182,586,D02/05/I20/07_00080/175529                        ,SCANSIII Block D Aerial,1,19-07-2016 00:00:00,,16:52,,50.93772888,-5.52081013,,,0,,95.8,,0,BL,2,NR,N,NR,NR,NR,NR,D,N,Condictions change
252187,586,D02/05/I20/07_00080/175534                        ,SCANSIII Block D Aerial,1,19-07-2016 00:00:00,,16:53,,50.94506836,-5.52975845,,,0.246,,95.6,,0,BL,2,NR,N,NR,NR,NR,NR,D,N,Condictions change
252188,586,D02/05/I20/07_00080/175535                        ,SCANSIII Block D Aerial,1,19-07-2016 00:00:00,,16:53,,50.94646835,-5.53147173,,,0.197,,95.5,,0,BL,2,NR,N,NR,NR,NR,NR,D,N,Condictions change
252192,586,D02/05/I20/07_00080/175539                        ,SCANSIII Block D Aerial,1,19-07-2016 00:00:00,,16:53,,50.95210648,-5.53836346,,,0.2,,97.1,,0,BL,2,NR,N,NR,NR,NR,NR,D,N,Condictions change
252194,586,D02/05/I20/07_00080/175541                        ,SCANSIII Block D Aerial,1,19-07-2016 00:00:00,,16:53,,50.95492172,-5.54186821,,,0.199,,97.2,,0,BL,2,NR,N,NR,NR,NR,NR,D,N,Condictions change
252227,586,D02/05/I20/07_00080/175574                        ,SCANSIII Block D Aerial,1,19-07-2016 00:00:00,,16:55,,51.00087357,-5.59816313,,,0.194,,94.2,,0,BL,2,NR,N,NR,NR,NR,NR,D,N,Condictions change
252305,586,D02/05/I20/07_00080/175652                        ,SCANSIII Block D Aerial,1,19-07-2016 00:00:00,,17:00,,51.11019516,-5.7306633,,,0.192,,93.9,,0,BL,2,NR,N,NR,NR,NR,NR,D,N,Condictions change
252307,586,D02/05/I20/07_00080/175654                        ,SCANSIII Block D Aerial,1,19-07-2016 00:00:00,,17:01,,51.11270905,-5.73340321,,,0.194,,94.8,,0,BL,2,NR,N,NR,NR,NR,NR,D,N,Condictions change
256557,586,D02/11/I19/07_00077/173122                        ,SCANSIII Block D Aerial,1,19-07-2016 00:00:00,,11:40,,49.89424133,-7.46672487,,,0.159,,77.1,,0,BL,2,NR,St,NR,NR,NR,NR,A,N,Return to effort
256558,586,D02/11/I19/07_00077/173123                        ,SCANSIII Block D Aerial,1,19-07-2016 00:00:00,,11:40,,49.89424133,-7.46672487,,,0,,77.1,,0,BL,2,NR,St,NR,NR,NR,NR,A,N,Return to effort
256560,586,D02/11/I19/07_00077/173125                        ,SCANSIII Block D Aerial,1,19-07-2016 00:00:00,,11:40,,49.89201355,-7.46402168,,,0.157,,76.3,,0,BL,2,NR,St,NR,NR,NR,NR,A,N,Return to effort
256580,586,D02/11/I19/07_00077/173145                        ,SCANSIII Block D Aerial,1,19-07-2016 00:00:00,,11:41,,49.86729431,-7.43854189,,,0.164,,79.8,,0,BL,2,NR,St,NR,NR,NR,NR,A,N,Return to effort
256585,586,D02/11/I19/07_00077/173150                        ,SCANSIII Block D Aerial,1,19-07-2016 00:00:00,,11:41,,49.86183929,-7.43054676,,,0.169,,82,,0,BL,2,NR,St,NR,NR,NR,NR,A,N,Return to effort
256632,586,D02/11/I19/07_00077/173197                        ,SCANSIII Block D Aerial,1,19-07-2016 00:00:00,,11:44,,49.80646133,-7.35161686,,,0.182,,89.2,,0,BL,2,NR,St,NR,NR,NR,NR,A,N,Return to effort
252673,586,D02/06/I20/07_00081/176020                        ,SCANSIII Block D Aerial,1,19-07-2016 00:00:00,,17:29,,51.47809219,-6.3086381,,,0.192,,94,,0,BL,2,NR,N,NR,NR,NR,NR,E,N,Condictions change
254592,586,D02/09/I19/07_00079/174532                        ,SCANSIII Block D Aerial,1,19-07-2016 00:00:00,,13:27,,50.6223526,-7.30220652,,,0.091,,88.4,,0,BL,2,NR,St,NR,NR,NR,NR,C,N,Return to effort
254593,586,D02/09/I19/07_00079/174533                        ,SCANSIII Block D Aerial,1,19-07-2016 00:00:00,,13:27,,50.62108994,-7.30059671,,,0.181,,87.3,,0,BL,2,NR,St,NR,NR,NR,NR,C,N,Return to effort
254652,586,D02/09/I19/07_00079/174592                        ,SCANSIII Block D Aerial,1,19-07-2016 00:00:00,,13:31,,50.54143143,-7.20166683,,,0.195,,94.6,,0,BL,2,NR,St,NR,NR,NR,NR,C,N,Return to effort
254664,586,D02/09/I19/07_00079/174604                        ,SCANSIII Block D Aerial,1,19-07-2016 00:00:00,,13:32,,50.52490234,-7.18150663,,,0.194,,94.3,,0,BL,2,NR,St,NR,NR,NR,NR,C,N,Return to effort
254694,586,D02/09/I19/07_00079/174634                        ,SCANSIII Block D Aerial,1,19-07-2016 00:00:00,,13:34,,50.48456955,-7.13058186,,,0.191,,93,,0,BL,2,NR,St,NR,NR,NR,NR,C,N,Return to effort
254714,586,D02/09/I19/07_00079/174654                        ,SCANSIII Block D Aerial,1,19-07-2016 00:00:00,,13:35,,50.45805359,-7.09780979,,,0.189,,91.8,,0,BL,2,NR,St,NR,NR,NR,NR,C,N,Return to effort
254781,586,D02/09/I19/07_00079/174721                        ,SCANSIII Block D Aerial,1,19-07-2016 00:00:00,,13:40,,50.37023163,-6.98888683,,,0.184,,89.3,,0,BL,2,NR,St,NR,NR,NR,NR,C,N,Return to effort
255813,586,D02/10/I19/07_00078/174146                        ,SCANSIII Block D Aerial,1,19-07-2016 00:00:00,,12:55,,50.09611893,-7.14302492,,,0.206,,100.5,,0,BL,2,NR,M,NR,NR,NR,NR,C,N,Condictions change
255921,586,D02/10/I19/07_00078/174254                        ,SCANSIII Block D Aerial,1,19-07-2016 00:00:00,,13:02,,50.28183746,-7.24845982,,,0.202,,97.8,,0,BL,2,NR,St,NR,NR,NR,NR,C,N,Condictions change
252848,586,D02/06/I20/07_00081/176195                        ,SCANSIII Block D Aerial,1,19-07-2016 00:00:00,,17:40,,51.21241379,-6.16430855,,,0.164,,79.7,,0,BL,1,NR,N,NR,NR,NR,NR,E,N,Condictions change
252974,586,D02/06/I20/07_00081/176321                        ,SCANSIII Block D Aerial,1,19-07-2016 00:00:00,,17:48,,51.01382828,-6.05350161,,,0.196,,95.3,,0,BL,1,NR,N,NR,NR,NR,NR,E,N,Condictions change
255456,586,D02/10/I19/07_00078/173789                        ,SCANSIII Block D Aerial,1,19-07-2016 00:00:00,,12:27,,49.50666809,-6.8141017,,,0.205,,99.7,,0,BL,1,NR,N,NR,NR,NR,NR,C,N,Effort beginning
255519,586,D02/10/I19/07_00078/173852                        ,SCANSIII Block D Aerial,1,19-07-2016 00:00:00,,12:33,,49.60140991,-6.86732674,,,0.105,,101.8,,0,BL,1,NR,N,NR,NR,NR,NR,C,N,Return to effort
255522,586,D02/10/I19/07_00078/173855                        ,SCANSIII Block D Aerial,1,19-07-2016 00:00:00,,12:33,,49.6072197,-6.87020159,,,0.262,,102,,0,BL,1,NR,N,NR,NR,NR,NR,C,N,Return to effort
255553,586,D02/10/I19/07_00078/173886                        ,SCANSIII Block D Aerial,1,19-07-2016 00:00:00,,12:38,,49.63892365,-6.88639355,,,0.206,,99.8,,0,BL,1,NR,N,NR,NR,NR,NR,C,N,Return to effort
255769,586,D02/10/I19/07_00078/174102                        ,SCANSIII Block D Aerial,1,19-07-2016 00:00:00,,12:52,,50.01909637,-7.09824848,,,0.21,,102.1,,0,BL,1,NR,M,NR,NR,NR,NR,C,N,Condictions change
255778,586,D02/10/I19/07_00078/174111                        ,SCANSIII Block D Aerial,1,19-07-2016 00:00:00,,12:53,,50.03541565,-7.10755157,,,0.209,,101.5,,0,BL,1,NR,M,NR,NR,NR,NR,C,N,Condictions change
582521,611,P01/04/C14/07_00048/49520                         ,SCANSIII Block P Aerial,1,14-07-2016 00:00:00,,09:10,,57.71642685,8.42790031,,,0.196,,95.7,,0,BL,2,NR,M,NR,NR,NR,NR,C,M,Condictions change
971444,718,K02/04/E14/07_00030/84017                         ,SCANSIII Block K Aerial,1,14-07-2016 00:00:00,,09:14,,58.67070389,-6.21220016,,,0.222,,108.4,,0,BL,2,NR,N,NR,NR,NR,NR,E,N,Condictions change
971446,718,K02/04/E14/07_00030/84019                         ,SCANSIII Block K Aerial,1,14-07-2016 00:00:00,,09:14,,58.67468643,-6.2132535,,,0.224,,109.5,,0,BL,2,NR,N,NR,NR,NR,NR,E,N,Condictions change
951403,718,K01/04/E05/07_00017/77296                         ,SCANSIII Block K Aerial,1,05-07-2016 00:00:00,,12:23,,59.62637329,-5.73789644,,,0.266,,104.4,,0,BL,2,NR,M,NR,NR,NR,NR,C,N,Condictions change
951597,718,K02/04/E14/07_00030/84170                         ,SCANSIII Block K Aerial,1,14-07-2016 00:00:00,,09:24,,58.96055984,-6.29218674,,,0.218,,106.3,,0,BL,2,NR,N,NR,NR,NR,NR,E,N,Condictions change
268268,589,E01/08/I06/07_00029/152874                        ,SCANSIII Block E Aerial,1,06-07-2016 00:00:00,,07:38,,53.77041245,-5.53549147,,,0.198,,95.9,,0,BL,2,NR,N,NR,NR,NR,NR,E,M,Return to effort
269622,589,E01/10/I07/07_00034/155351                        ,SCANSIII Block E Aerial,1,07-07-2016 00:00:00,,10:28,,54.2404747,-5.2645216,,,0.195,,93.7,,0,BL,2,NR,M,NR,NR,NR,NR,C,M,Return to effort
988431,720,H03/07/I14/07_00061/166087                        ,SCANSIII Block H Aerial,1,14-07-2016 00:00:00,,13:10,,56.48723221,-7.1675601,,,0.194,,95,,0,BL,2,NR,N,NR,NR,NR,NR,C,N,Condictions change
988812,720,H03/08/I14/07_00062/166208                        ,SCANSIII Block H Aerial,1,14-07-2016 00:00:00,,13:21,,56.57015991,-7.01522493,,,0.164,,79.8,,0,BL,2,NR,St,NR,NR,NR,NR,C,N,Effort beginning
988978,720,H01/03/I08/07_00040/157501                        ,SCANSIII Block H Aerial,1,08-07-2016 00:00:00,,16:10,,56.71551514,-9.32382488,,,0.095,,92.3,,0,BL,2,NR,N,NR,NR,NR,NR,C,N,Condictions change
989157,720,H03/08/I14/07_00062/166329                        ,SCANSIII Block H Aerial,1,14-07-2016 00:00:00,,13:29,,56.39226151,-6.96175337,,,0.17,,82.4,,0,BL,2,NR,St,NR,NR,NR,NR,C,N,Condictions change
989162,720,H03/08/I14/07_00062/166334                        ,SCANSIII Block H Aerial,1,14-07-2016 00:00:00,,13:29,,56.38442993,-6.95861006,,,0.17,,83,,0,BL,2,NR,St,NR,NR,NR,NR,C,N,Condictions change
477229,609,W01/06/C15/07_00057/53368                         ,SCANSIII Block W Aerial,1,15-07-2016 00:00:00,,11:55,,63.76478195,7.48807001,,,0.199,,95.7,,0,BL,1,NR,N,NR,NR,NR,NR,E,N,Effort beginning
489107,609,Y01/09/A05/07_00053/12338                         ,SCANSIII Block Y Aerial,1,05-07-2016 00:00:00,,18:54,,65.03780365,10.26887512,,,0.213,,103.7,,0,BL,1,NR,N,NR,NR,NR,NR,E,N,Effort beginning
256652,586,D02/11/I19/07_00077/173217                        ,SCANSIII Block D Aerial,1,19-07-2016 00:00:00,,11:46,,49.78046799,-7.32395983,,,0.171,,83.4,,0,BL,2,NR,St,NR,NR,NR,NR,A,N,Return to effort
256655,586,D02/11/I19/07_00077/173220                        ,SCANSIII Block D Aerial,1,19-07-2016 00:00:00,,11:46,,49.77788925,-7.32128143,,,0,,84.7,,0,BL,2,NR,St,NR,NR,NR,NR,A,N,Return to effort
240317,586,C01/11/K15/07_00046/221465                        ,SCANSIII Block C Aerial,1,15-07-2016 00:00:00,,08:28,,50.23069,-2.62525678,,,0.098,,95.4,,0,BL,2,NR,M,NR,NR,NR,NR,D,N,Condictions change
501585,610,N03/02/H28/06_00005/94315                         ,SCANSIII Block N Aerial,1,28-06-2016 00:00:00,,09:43,,53.65321732,5.94139004,,,0.215,,105,,0,BL,2,NR,N,NR,NR,NR,NR,D,M,Condictions change
252497,586,D02/05/I20/07_00080/175844                        ,SCANSIII Block D Aerial,1,19-07-2016 00:00:00,,17:13,,51.36684036,-6.04623318,,,0.186,,91.1,,0,BL,1,NR,N,NR,NR,NR,NR,D,N,Condictions change
252552,586,D02/05/I20/07_00080/175899                        ,SCANSIII Block D Aerial,1,19-07-2016 00:00:00,,17:17,,51.44192505,-6.13966322,,,0.192,,93,,0,BL,1,NR,N,NR,NR,NR,NR,D,N,Condictions change
252553,586,D02/05/I20/07_00080/175900                        ,SCANSIII Block D Aerial,1,19-07-2016 00:00:00,,17:17,,51.44327545,-6.14135504,,,0.191,,92.2,,0,BL,1,NR,N,NR,NR,NR,NR,D,N,Condictions change
257329,586,D02/12/I19/07_00076/171986                        ,SCANSIII Block D Aerial,1,19-07-2016 00:00:00,,10:12,,49.20871735,-7.43082333,,,0.195,,95.1,,0,BL,1,NR,M,NR,NR,NR,NR,A,M,Condictions change
257333,586,D02/12/I19/07_00076/171990                        ,SCANSIII Block D Aerial,1,19-07-2016 00:00:00,,10:15,,49.20552826,-7.4283433,,,0.196,,96.2,,0,BL,1,NR,M,NR,NR,NR,NR,A,M,Return to effort
988578,720,H03/05/I14/07_00059/164914                        ,SCANSIII Block H Aerial,1,14-07-2016 00:00:00,,11:40,,56.31486893,-8.50165176,,,0.213,,102.5,,0,BL,2,NR,St,NR,NR,NR,NR,D,N,Condictions change
988639,720,H03/05/I14/07_00059/164927                        ,SCANSIII Block H Aerial,1,14-07-2016 00:00:00,,11:43,,56.31017303,-8.50636864,,,0.15,,97.4,,0,BL,2,NR,St,NR,NR,NR,NR,D,N,Return to effort
989934,720,H01/04/I04/07_00023/151369                        ,SCANSIII Block H Aerial,1,04-07-2016 00:00:00,,14:11,,56.61884308,-8.7578249,,,0.196,,95,,0,BL,2,NR,N,NR,NR,NR,NR,D,M,Condictions change
980423,719,J01/09/I08/07_00042/158657                        ,SCANSIII Block J Aerial,1,08-07-2016 00:00:00,,17:44,,56.90429688,-8.1618433,,,0.198,,96.3,,0,BL,1,NR,N,NR,NR,NR,NR,D,M,Condictions change
980745,719,J01/09/I08/07_00042/158723                        ,SCANSIII Block J Aerial,1,08-07-2016 00:00:00,,17:48,,56.83653641,-7.98450994,,,0.203,,99.1,,0,BL,1,NR,N,NR,NR,NR,NR,D,M,Condictions change
999639,721,A02/14/M06/07_00019/259010                        ,SCANSIII Block A Aerial,1,06-07-2016 00:00:00,,17:36,,37.6606636,-8.95960808,,,0.222,,107.7,,0,BL,1,NR,NR,NR,NR,NR,NR,D,M,Condictions change
1000476,721,A02/31/M06/07_00017/258671                        ,SCANSIII Block A Aerial,1,06-07-2016 00:00:00,,16:59,,36.85276031,-8.67377472,,,0.213,,103.1,,0,BL,0,NR,M,NR,NR,NR,NR,D,M,Effort beginning
600910,611,T02/07/E02/07_00004/70427                         ,SCANSIII Block T Aerial,1,02-07-2016 00:00:00,,11:28,,59.2624054,-1.39988828,,,0.213,,104.2,,0,BL,1,NR,N,NR,NR,NR,NR,E,N,Condictions change
268115,589,E01/08/I06/07_00029/152721                        ,SCANSIII Block E Aerial,1,06-07-2016 00:00:00,,07:26,,53.82987595,-5.95504856,,,0.206,,100.4,,0,BL,1,NR,N,NR,NR,NR,NR,E,St,Condictions change
987750,720,H01/07/I04/07_00019/150116                        ,SCANSIII Block H Aerial,1,04-07-2016 00:00:00,,12:27,,56.51356506,-7.43646145,,,0.219,,106.4,,0,BL,1,NR,N,NR,NR,NR,NR,E,M,Condictions change
988671,720,H03/07/I14/07_00061/166147                        ,SCANSIII Block H Aerial,1,14-07-2016 00:00:00,,13:14,,56.57607269,-7.06615353,,,0.193,,94.2,,0,BL,1,NR,St,NR,NR,NR,NR,C,N,Condictions change
988686,720,H03/07/I14/07_00061/166162                        ,SCANSIII Block H Aerial,1,14-07-2016 00:00:00,,13:15,,56.59511566,-7.04610157,,,0.193,,93.8,,0,BL,1,NR,St,NR,NR,NR,NR,C,N,Condictions change
988878,720,H03/08/I14/07_00062/166242                        ,SCANSIII Block H Aerial,1,14-07-2016 00:00:00,,13:23,,56.51966095,-7.00073671,,,0.167,,81.9,,0,BL,1,NR,St,NR,NR,NR,NR,C,N,Condictions change
988911,720,H03/08/I14/07_00062/166243                        ,SCANSIII Block H Aerial,1,14-07-2016 00:00:00,,13:23,,56.51966095,-7.00073671,,,0,,81.9,,0,BL,1,NR,St,NR,NR,NR,NR,C,N,Condictions change
988925,720,H03/08/I14/07_00062/166257                        ,SCANSIII Block H Aerial,1,14-07-2016 00:00:00,,13:24,,56.49892044,-6.9952631,,,0.166,,81.2,,0,BL,1,NR,St,NR,NR,NR,NR,C,N,Condictions change
998307,721,A01/33/M06/07_00004/255653                        ,SCANSIII Block A Aerial,1,06-07-2016 00:00:00,,09:23,,36.86517334,-8.71831322,,,0.221,,107.1,,0,BL,1,NR,N,NR,NR,NR,NR,E,M,Effort beginning
999460,721,A02/29/M10/07_00059/267736                        ,SCANSIII Block A Aerial,1,10-07-2016 00:00:00,,08:43,,42.70340347,-9.48624992,,,0.213,,103.5,,0,BL,0,NR,N,NR,NR,NR,NR,E,St,Condictions change
999583,721,A02/29/M10/07_00059/267747                        ,SCANSIII Block A Aerial,1,10-07-2016 00:00:00,,08:44,,42.71072006,-9.51357365,,,0.215,,104.5,,0,BL,0,NR,N,NR,NR,NR,NR,E,St,Condictions change
1000014,721,A02/30/M10/07_00060/267794                        ,SCANSIII Block A Aerial,1,10-07-2016 00:00:00,,08:49,,42.76902008,-9.50554848,,,0.218,,106.8,,0,BL,0,NR,M,NR,NR,NR,NR,E,St,Condictions change
1000088,721,A02/30/M10/07_00060/267820                        ,SCANSIII Block A Aerial,1,10-07-2016 00:00:00,,08:50,,42.80146027,-9.44867516,,,0.217,,105.3,,0,BL,0,NR,M,NR,NR,NR,NR,E,St,Condictions change
1001699,721,A02/06/M08/07_00032/261378                        ,SCANSIII Block A Aerial,1,08-07-2016 00:00:00,,17:39,,43.88109589,-5.46560812,,,0.201,,98.3,,0,BL,0,NR,M,NR,NR,NR,NR,C,M,Condictions change
1001702,721,A02/06/M08/07_00032/261381                        ,SCANSIII Block A Aerial,1,08-07-2016 00:00:00,,17:39,,43.88603973,-5.46477509,,,0.201,,98.1,,0,BL,0,NR,M,NR,NR,NR,NR,C,M,Condictions change
1001704,721,A02/06/M08/07_00032/261383                        ,SCANSIII Block A Aerial,1,08-07-2016 00:00:00,,17:39,,43.8896637,-5.46392822,,,0.206,,100.5,,0,BL,0,NR,M,NR,NR,NR,NR,C,M,Condictions change
257623,586,D02/12/I19/07_00076/172280                        ,SCANSIII Block D Aerial,1,19-07-2016 00:00:00,,10:34,,49.67463303,-7.69481659,,,0.186,,90.5,,0,BL,2,NR,St,NR,NR,NR,NR,N,M,Condictions change
236472,586,C01/06/K18/07_00065/233047                        ,SCANSIII Block C Aerial,1,18-07-2016 00:00:00,,12:12,,49.51113129,-0.56439167,,,0.185,,89.8,,0,BL,2,NR,M,NR,NR,NR,NR,B,M,Condictions change
257551,586,D02/12/I19/07_00076/172208                        ,SCANSIII Block D Aerial,1,19-07-2016 00:00:00,,10:29,,49.5594635,-7.62784481,,,0.2,,97.9,,0,BL,1,NR,St,NR,NR,NR,NR,N,M,Condictions change
258086,586,D02/13/I19/07_00075/171588                        ,SCANSIII Block D Aerial,1,19-07-2016 00:00:00,,09:43,,48.98138809,-7.40590477,,,0.234,,90.7,,0,BL,1,NR,St,NR,NR,NR,NR,B,M,Effort beginning
472991,609,V02/04/C18/07_00067/56578                         ,SCANSIII Block V Aerial,1,18-07-2016 00:00:00,,13:03,,61.24199677,4.65356016,,,0.214,,103.9,,0,BL,2,NR,M,NR,NR,NR,NR,B,N,Condictions change
486400,609,Z01/05/A30/06_00006/349                           ,SCANSIII Block Z Aerial,1,30-06-2016 00:00:00,,13:39,,68.22329712,15.02476692,,,0.259,,100.2,,0,BL,1,NR,M,NR,NR,NR,NR,B,N,Condictions change
995661,721,A02/11/M08/07_00027/259649                        ,SCANSIII Block A Aerial,1,08-07-2016 00:00:00,,12:48,,43.40206528,-9.25928307,,,0.22,,106.6,,0,BL,1,NR,St,NR,NR,NR,NR,B,M,Condictions change
997112,721,A01/02/M09/07_00050/266390                        ,SCANSIII Block A Aerial,1,09-07-2016 00:00:00,,16:45,,43.43789291,-8.85253143,,,0.271,,106.2,,0,BL,0,NR,St,NR,NR,NR,NR,B,M,Condictions change
997385,721,A01/02/M09/07_00050/266407                        ,SCANSIII Block A Aerial,1,09-07-2016 00:00:00,,16:47,,43.40741348,-8.86788368,,,0.212,,103.1,,0,BL,0,NR,St,NR,NR,NR,NR,B,M,Condictions change
997390,721,A01/02/M09/07_00050/266412                        ,SCANSIII Block A Aerial,1,09-07-2016 00:00:00,,16:47,,43.39845657,-8.87251472,,,0.212,,103.3,,0,BL,0,NR,St,NR,NR,NR,NR,B,M,Condictions change
994335,721,A01/06/M09/07_00046/264976                        ,SCANSIII Block A Aerial,1,09-07-2016 00:00:00,,12:31,,43.94842529,-5.95465994,,,0.226,,109.7,,0,BL,2,NR,St,NR,NR,NR,NR,N,M,Effort beginning
998791,721,A01/24/M15/07_00080/271659                        ,SCANSIII Block A Aerial,1,15-07-2016 00:00:00,,10:37,,39.53818512,-9.38247681,,,0.203,,98.8,,0,BL,2,NR,N,NR,NR,NR,NR,N,M,Return to effort
1006179,721,A02/24/M14/07_00065/268815                        ,SCANSIII Block A Aerial,1,14-07-2016 00:00:00,,07:52,,41.03918457,-8.88300514,,,0.219,,105.9,,0,BL,2,NR,N,NR,NR,NR,NR,N,St,Return to effort
445396,609,S01/13/E24/07_00046/92011                         ,SCANSIII Block S Aerial,1,24-07-2016 00:00:00,,12:16,,60.92304993,-1.99432337,,,0.257,,100.3,,0,BL,2,NR,St,NR,NR,NR,NR,B,N,Effort beginning
250520,586,D02/03/I23/07_00092/181378                        ,SCANSIII Block D Aerial,1,23-07-2016 00:00:00,,10:58,,51.44153214,-5.04328823,,,0.194,,94.8,,0,BL,3,NR,St,NR,NR,NR,NR,B,M,Condictions change
250553,586,D02/03/I23/07_00092/181411                        ,SCANSIII Block D Aerial,1,23-07-2016 00:00:00,,11:02,,51.47076797,-5.07812643,,,0.192,,92.6,,0,BL,3,NR,St,NR,NR,NR,NR,B,M,Return to effort
948595,717,DAN_114_302_4                                     ,SCANS1994_Block-A_Dana,1,07-02-1994 00:00:00,07-02-1994 00:00:00,17:32,17:46,50.6745,-10.9855,50.68783333,-10.9335,,,,,6,FW   ,2,H,N,NR,NR,NR,NR,NR,NR,
863512,707,6108-1                                            ,SCANSII Block T Double platform,1,04-07-2005 00:00:00,04-07-2005 00:00:00,04:59,05:31,59.1768,2.1283,59.1986,2.2993,,,,,4,FW   ,2,H,St,NR,NR,D,P,NR,NR,
863517,707,6113-1                                            ,SCANSII Block T Double platform,1,04-07-2005 00:00:00,04-07-2005 00:00:00,06:08,06:34,59.1946,2.4968,59.2345,2.6098,,,,,4,FW   ,2,H,St,NR,NR,D,P,NR,NR,
949150,717,DAN_414_304_45                                    ,SCANS1994_Block-A_Dana,1,21-07-1994 00:00:00,21-07-1994 00:00:00,06:30,07:00,49.055,-10.94333333,49.01783333,-11.04983333,,,,,6,FW   ,4,H,N,NR,NR,NR,NR,NR,NR,
949153,717,DAN_417_304_48                                    ,SCANS1994_Block-A_Dana,1,21-07-1994 00:00:00,21-07-1994 00:00:00,08:31,09:00,48.93783333,-11.28783333,48.90516667,-11.39466667,,,,,6,FW   ,4,H,N,NR,NR,NR,NR,NR,NR,
863295,707,6600-1                                            ,SCANSII Block T Double platform,1,24-07-2005 00:00:00,24-07-2005 00:00:00,10:37,11:02,59.2794,0.6467,59.2603,0.5096,,,,,4,FW   ,4,H,N,NR,NR,D,P,NR,NR,
863348,707,3922-1                                            ,SCANSII Block Q Double platform,1,27-07-2005 00:00:00,27-07-2005 00:00:00,09:34,10:01,61.7838,-0.9261,61.7461,-1.0638,,,,,4,FW   ,4,H,N,NR,NR,D,P,NR,NR,
863365,707,3923-1                                            ,SCANSII Block Q Double platform,1,27-07-2005 00:00:00,27-07-2005 00:00:00,10:01,10:04,61.7461,-1.0638,61.7416,-1.0807,,,,,4,FW   ,4,H,N,NR,NR,D,P,NR,NR,
949151,717,DAN_415_304_46                                    ,SCANS1994_Block-A_Dana,1,21-07-1994 00:00:00,21-07-1994 00:00:00,07:34,08:00,49.00316667,-11.07966667,48.97283333,-11.17366667,,,,,6,FW   ,3,H,N,NR,NR,NR,NR,NR,NR,
949152,717,DAN_416_304_47                                    ,SCANS1994_Block-A_Dana,1,21-07-1994 00:00:00,21-07-1994 00:00:00,08:00,08:31,48.97283333,-11.17366667,48.93783333,-11.28783333,,,,,6,FW   ,3,H,N,NR,NR,NR,NR,NR,NR,
863982,707,3140-1                                            ,SCANSII Block Q Single platform,1,06-07-2005 00:00:00,06-07-2005 00:00:00,17:32,18:03,56.1197,-9.0073,56.0621,-9.1219,,,,,4,FW   ,3,H,N,NR,NR,D,P,NR,NR,
948769,717,DAN_223_307_36                                    ,SCANS1994_Block-A_Dana,1,13-07-1994 00:00:00,13-07-1994 00:00:00,11:43,12:30,51.34966667,-9.581666667,51.36866667,-9.753833333,,,,,6,FW   ,2,L,N,NR,NR,NR,NR,NR,NR,
863519,707,6115-1                                            ,SCANSII Block T Double platform,1,04-07-2005 00:00:00,04-07-2005 00:00:00,07:02,07:32,59.2642,2.7459,59.2862,2.9043,,,,,4,FW   ,2,L,St,NR,NR,D,P,NR,NR,
948578,717,ABJ_390_117_6                                     ,SCANS1994_Block-D_Abel-J,1,17-07-1994 00:00:00,17-07-1994 00:00:00,13:01,13:30,61.915,0.053833333,61.86483333,0.1845,,,,,6,FW   ,2,L,N,NR,NR,NR,NR,NR,NR,
948579,717,ABJ_391_117_7                                     ,SCANS1994_Block-D_Abel-J,1,17-07-1994 00:00:00,17-07-1994 00:00:00,13:30,14:41,61.86483333,0.1845,61.75083333,0.501833333,,,,,6,FW   ,2,L,N,NR,NR,NR,NR,NR,NR,
948606,717,ABJ_40_102_1                                      ,SCANS1994_Block-D_Abel-J,1,30-06-1994 00:00:00,30-06-1994 00:00:00,08:44,09:15,57.503,-1.5025,57.52916667,-1.368666667,,,,,6,FW   ,2,L,M,NR,NR,NR,NR,NR,NR,
948787,717,ABJ_456_122_1                                     ,SCANS1994_Block-D_Abel-J,1,19-07-1994 00:00:00,19-07-1994 00:00:00,14:38,20:00,59.17483333,-2.661,58.89866667,-3.440166667,,,,,6,FW   ,2,L,M,NR,NR,NR,NR,NR,NR,
948824,717,ABJ_474_124_18                                    ,SCANS1994_Block-D_Abel-J,1,20-07-1994 00:00:00,20-07-1994 00:00:00,17:08,17:31,59.40916667,-4.543666667,59.4705,-4.543833333,,,,,6,FW   ,2,L,N,NR,NR,NR,NR,NR,NR,
863408,707,3023-1                                            ,SCANSII Block Q Double platform,1,30-06-2005 00:00:00,30-06-2005 00:00:00,08:48,09:08,59.3409,-3.7414,59.3456,-3.8459,,,,,4,FW   ,4,L,N,NR,NR,D,P,NR,NR,
950182,717,GRM_681_405_43                                    ,SCANS1994_Block-E_Gorm,1,24-07-1994 00:00:00,24-07-1994 00:00:00,07:50,08:15,60.86216667,2.052166667,60.82983333,1.947666667,,,,,6,FW   ,4,L,St,NR,NR,NR,NR,NR,NR,
949446,717,GRM_299_405_27                                    ,SCANS1994_Block-E_Gorm,1,07-09-1994 00:00:00,07-09-1994 00:00:00,16:02,16:17,61.009,2.527,60.98516667,2.454,,,,,6,FW   ,3,L,N,NR,NR,NR,NR,NR,NR,
949645,717,GRM_355_406_50                                    ,SCANS1994_Block-E_Gorm,1,13-07-1994 00:00:00,13-07-1994 00:00:00,10:06,10:19,59.67983333,2.886333333,59.663,2.950166667,,,,,6,FW   ,3,L,N,NR,NR,NR,NR,NR,NR,
950089,717,GRM_588_415_34                                    ,SCANS1994_Block-E_Gorm,1,21-07-1994 00:00:00,21-07-1994 00:00:00,07:16,07:30,58.606,2.222666667,58.62283333,2.165333333,,,,,6,FW   ,3,L,St,NR,NR,NR,NR,NR,NR,
950228,717,GRM_86_401_86                                     ,SCANS1994_Block-E_Gorm,1,07-02-1994 00:00:00,07-02-1994 00:00:00,18:39,18:50,59.47416667,0.834166667,59.48583333,0.778,,,,,6,FW   ,3,L,N,NR,NR,NR,NR,NR,NR,
950501,717,TRI_108_802_62                                    ,SCANS1994_Block-G_Tridens,1,07-07-1994 00:00:00,07-07-1994 00:00:00,13:33,13:56,55.1275,0.487166667,55.07533333,0.601666667,,,,,6,FW   ,3,L,M,NR,NR,NR,NR,NR,NR,
865383,707,2164-1                                            ,SCANSII Block W Double platform,1,04-07-2005 00:00:00,04-07-2005 00:00:00,18:01,18:05,35.9575,-5.6125,35.9483,-5.61,,,,,4,FW   ,3,L,N,NR,NR,C,P,NR,NR,
865563,707,2621-1                                            ,SCANSII Block W Double platform,1,19-07-2005 00:00:00,19-07-2005 00:00:00,17:10,17:33,43.802,-3.6651,43.8357,-3.7293,,,,,4,FW   ,3,H,St,NR,NR,D,P,NR,NR,
865565,707,2623-1                                            ,SCANSII Block W Double platform,1,19-07-2005 00:00:00,19-07-2005 00:00:00,18:01,18:22,43.8772,-3.8092,43.9081,-3.8628,,,,,4,FW   ,3,H,St,NR,NR,D,P,NR,NR,
865564,707,2622-1                                            ,SCANSII Block W Double platform,1,19-07-2005 00:00:00,19-07-2005 00:00:00,17:33,18:01,43.8357,-3.7293,43.8772,-3.8092,,,,,4,FW   ,2,H,St,NR,NR,D,P,NR,NR,
865566,707,2624-1                                            ,SCANSII Block W Double platform,1,19-07-2005 00:00:00,19-07-2005 00:00:00,18:22,18:33,43.9081,-3.8628,43.9249,-3.8914,,,,,4,FW   ,2,H,St,NR,NR,D,P,NR,NR,
948636,717,DAN_120_302_10                                    ,SCANS1994_Block-A_Dana,1,07-03-1994 00:00:00,07-03-1994 00:00:00,07:30,08:26,50.80116667,-10.6015,50.87516667,-10.37616667,,,,,6,FW   ,2,M,St,NR,NR,NR,NR,NR,NR,
948759,717,DAN_214_307_27                                    ,SCANS1994_Block-A_Dana,1,13-07-1994 00:00:00,13-07-1994 00:00:00,08:02,08:30,51.18933333,-8.953,51.21916667,-9.063833333,,,,,6,FW   ,2,M,N,NR,NR,NR,NR,NR,NR,
948842,717,DAN_259_309_8                                     ,SCANS1994_Block-A_Dana,1,15-07-1994 00:00:00,15-07-1994 00:00:00,08:00,08:13,51.5595,-10.95733333,51.5405,-10.90433333,,,,,6,FW   ,2,M,St,NR,NR,NR,NR,NR,NR,
948877,717,DAN_275_309_24                                    ,SCANS1994_Block-A_Dana,1,15-07-1994 00:00:00,15-07-1994 00:00:00,10:00,10:20,51.3925,-10.47616667,51.3665,-10.3955,,,,,6,FW   ,2,M,N,NR,NR,NR,NR,NR,NR,
949198,717,DAN_442_307_68                                    ,SCANS1994_Block-A_Dana,1,22-07-1994 00:00:00,22-07-1994 00:00:00,13:30,14:00,50.4685,-7.125,50.51366667,-7.232166667,,,,,6,FW   ,2,M,N,NR,NR,NR,NR,NR,NR,
863331,707,6625-1                                            ,SCANSII Block T Double platform,1,25-07-2005 00:00:00,25-07-2005 00:00:00,08:31,08:52,58.9736,-1.5979,58.9591,-1.7031,,,,,4,FW   ,4,M,N,NR,NR,D,P,NR,NR,
863660,707,3853-1                                            ,SCANSII Block Q Single platform,1,26-07-2005 00:00:00,26-07-2005 00:00:00,10:42,10:58,60.7067,-2.0468,60.7131,-1.9581,,,,,4,FW   ,4,M,M,NR,NR,D,P,NR,NR,
863338,707,3912-1                                            ,SCANSII Block Q Double platform,1,27-07-2005 00:00:00,27-07-2005 00:00:00,07:01,07:33,61.9939,-0.1655,61.9535,-0.3167,,,,,4,FW   ,4,M,N,NR,NR,D,P,NR,NR,
863339,707,3913-1                                            ,SCANSII Block Q Double platform,1,27-07-2005 00:00:00,27-07-2005 00:00:00,07:33,07:36,61.9535,-0.3167,61.9482,-0.3353,,,,,4,FW   ,4,M,N,NR,NR,D,P,NR,NR,
863344,707,3918-1                                            ,SCANSII Block Q Double platform,1,27-07-2005 00:00:00,27-07-2005 00:00:00,08:37,09:01,61.8636,-0.6396,61.8293,-0.7597,,,,,4,FW   ,4,M,N,NR,NR,D,P,NR,NR,
863378,707,3018-1                                            ,SCANSII Block Q Double platform,1,29-06-2005 00:00:00,29-06-2005 00:00:00,13:35,14:03,60.4737,-3.6345,60.3944,-3.6327,,,,,4,FW   ,4,M,N,NR,NR,D,P,NR,NR,
863399,707,3035-1                                            ,SCANSII Block Q Double platform,1,30-06-2005 00:00:00,30-06-2005 00:00:00,13:33,14:05,59.4021,-5.2422,59.409,-5.3945,,,,,4,FW   ,4,M,N,NR,NR,D,P,NR,NR,
863410,707,3025-1                                            ,SCANSII Block Q Double platform,1,30-06-2005 00:00:00,30-06-2005 00:00:00,09:34,10:06,59.3523,-3.9884,59.3597,-4.1633,,,,,4,FW   ,4,M,N,NR,NR,D,P,NR,NR,
948591,717,DAN_110_301_110                                   ,SCANS1994_Block-A_Dana,1,07-01-1994 00:00:00,07-01-1994 00:00:00,17:46,17:56,50.5365,-11.30583333,50.55216667,-11.33733333,,,,,6,FW   ,3,M,N,NR,NR,NR,NR,NR,NR,
949188,717,DAN_433_305_15                                    ,SCANS1994_Block-A_Dana,1,21-07-1994 00:00:00,21-07-1994 00:00:00,18:30,19:00,48.36283333,-9.871666667,48.33816667,-9.756,,,,,6,FW   ,3,M,N,NR,NR,NR,NR,NR,NR,
949189,717,DAN_434_305_16                                    ,SCANS1994_Block-A_Dana,1,21-07-1994 00:00:00,21-07-1994 00:00:00,19:00,19:20,48.33816667,-9.756,48.31983333,-9.676,,,,,6,FW   ,3,M,N,NR,NR,NR,NR,NR,NR,
863529,707,3130-1                                            ,SCANSII Block Q Double platform,1,05-07-2005 00:00:00,05-07-2005 00:00:00,19:46,19:58,56.6208,-8.0089,56.6,-8.0514,,,,,4,FW   ,3,M,N,NR,NR,D,P,NR,NR,
863603,707,3186-1                                            ,SCANSII Block Q Double platform,1,07-07-2005 00:00:00,07-07-2005 00:00:00,13:03,13:09,55.4424,-9.6176,55.4275,-9.6239,,,,,4,FW   ,3,M,N,NR,NR,D,P,NR,NR,
865456,707,2316-1                                            ,SCANSII Block W Double platform,1,09-07-2005 00:00:00,09-07-2005 00:00:00,15:32,16:03,38.3723,-9.5696,38.2853,-9.5924,,,,,4,FW   ,3,M,M,NR,NR,C,P,NR,NR,
865457,707,2317-1                                            ,SCANSII Block W Double platform,1,09-07-2005 00:00:00,09-07-2005 00:00:00,16:03,16:36,38.2853,-9.5924,38.2003,-9.6057,,,,,4,FW   ,3,M,St,NR,NR,C,P,NR,NR,
865557,707,2615-1                                            ,SCANSII Block W Double platform,1,19-07-2005 00:00:00,19-07-2005 00:00:00,14:31,15:07,43.5399,-3.229,43.5979,-3.331,,,,,4,FW   ,3,M,M,NR,NR,D,P,NR,NR,
865558,707,2616-1                                            ,SCANSII Block W Double platform,1,19-07-2005 00:00:00,19-07-2005 00:00:00,15:07,15:30,43.5979,-3.331,43.6376,-3.3943,,,,,4,FW   ,3,M,M,NR,NR,D,P,NR,NR,
865560,707,2618-1                                            ,SCANSII Block W Double platform,1,19-07-2005 00:00:00,19-07-2005 00:00:00,16:01,16:34,43.6888,-3.4806,43.7423,-3.5747,,,,,4,FW   ,3,M,St,NR,NR,D,P,NR,NR,
865561,707,2619-1                                            ,SCANSII Block W Double platform,1,19-07-2005 00:00:00,19-07-2005 00:00:00,16:34,17:08,43.7423,-3.5747,43.7984,-3.6587,,,,,4,FW   ,3,M,St,NR,NR,D,P,NR,NR,
865573,707,2640-1                                            ,SCANSII Block W Double platform,1,20-07-2005 00:00:00,20-07-2005 00:00:00,08:30,08:59,43.7492,-1.6205,43.8144,-1.5526,,,,,4,FW   ,3,M,M,NR,NR,D,P,NR,NR,
865636,707,2711-1                                            ,SCANSII Block W Double platform,1,22-07-2005 00:00:00,22-07-2005 00:00:00,12:04,12:30,45.6154,-3.3945,45.6107,-3.2928,,,,,4,FW   ,3,M,N,NR,NR,D,P,NR,NR,
865197,707,1345-1                                            ,SCANSII Block V Double platform,1,24-07-2005 00:00:00,24-07-2005 00:00:00,05:35,05:52,57.7878,-1.7555,57.8308,-1.7324,,,,,4,FW   ,3,M,N,NR,NR,D,P,NR,NR,
865235,707,1388-1                                            ,SCANSII Block V Double platform,1,26-07-2005 00:00:00,26-07-2005 00:00:00,09:00,09:11,57.5965,-0.8237,57.5671,-0.8371,,,,,4,FW   ,3,M,N,NR,NR,D,P,NR,NR,
949843,717,ABJ_291_113_25                                    ,SCANS1994_Block-D_Abel-J,1,07-12-1994 00:00:00,07-12-1994 00:00:00,14:45,15:14,58.9115,-5.530833333,58.98766667,-5.500833333,,,,,6,FW   ,3,M,N,NR,NR,NR,NR,NR,NR,
865303,707,2010-1                                            ,SCANSII Block W Double platform,1,29-06-2005 00:00:00,29-06-2005 00:00:00,18:31,18:47,41.8162,-9.1949,41.78,-9.2202,,,,,4,FW   ,3,M,St,NR,NR,D,M,NR,NR,
865598,707,2672-1                                            ,SCANSII Block W Double platform,1,21-07-2005 00:00:00,21-07-2005 00:00:00,10:30,10:54,45.7426,-1.9819,45.807,-1.9768,,,,,4,FW   ,3,M,N,NR,NR,D,M,NR,NR,
863402,707,3038-1                                            ,SCANSII Block Q Double platform,1,30-06-2005 00:00:00,30-06-2005 00:00:00,14:37,15:04,59.4135,-5.5527,59.4176,-5.6823,,,,,4,FW   ,3,M,N,NR,NR,D,M,NR,NR,
865516,707,2375-1                                            ,SCANSII Block W Double platform,1,11-07-2005 00:00:00,11-07-2005 00:00:00,14:38,15:01,40.6987,-9.2824,40.7458,-9.2279,,,,,4,FW   ,3,L,N,NR,NR,C,P,NR,NR,
865517,707,2376-1                                            ,SCANSII Block W Double platform,1,11-07-2005 00:00:00,11-07-2005 00:00:00,15:01,15:30,40.7458,-9.2279,40.801,-9.1578,,,,,4,FW   ,3,L,N,NR,NR,C,P,NR,NR,
865753,707,2492-1                                            ,SCANSII Block W Double platform,1,15-07-2005 00:00:00,15-07-2005 00:00:00,10:00,10:31,44.0845,-8.883,44.0972,-8.7628,,,,,4,FW   ,3,L,N,NR,NR,D,P,NR,NR,
865754,707,2493-1                                            ,SCANSII Block W Double platform,1,15-07-2005 00:00:00,15-07-2005 00:00:00,10:31,11:01,44.0972,-8.7628,44.1089,-8.6525,,,,,4,FW   ,3,L,M,NR,NR,D,P,NR,NR,
948887,717,ABJ_50_102_11                                     ,SCANS1994_Block-D_Abel-J,1,30-06-1994 00:00:00,30-06-1994 00:00:00,12:59,13:56,57.708,-0.59,57.76333333,-0.328666667,,,,,6,FW   ,2,L,N,NR,NR,NR,NR,NR,NR,
949269,717,GRM_199_403_45                                    ,SCANS1994_Block-E_Gorm,1,07-05-1994 00:00:00,07-05-1994 00:00:00,18:22,18:30,61.60583333,1.609166667,61.61683333,1.571166667,,,,,6,FW   ,2,L,St,NR,NR,NR,NR,NR,NR,
950619,717,TRI_216_808_32                                    ,SCANS1994_Block-G_Tridens,1,07-12-1994 00:00:00,07-12-1994 00:00:00,16:36,17:08,55.2765,0.519666667,55.244,0.324666667,,,,,6,FW   ,2,L,M,NR,NR,NR,NR,NR,NR,
950632,717,TRI_228_810_2                                     ,SCANS1994_Block-G_Tridens,1,14-07-1994 00:00:00,14-07-1994 00:00:00,05:05,05:28,55.15066667,-0.032833333,55.14166667,0.120333333,,,,,6,FW   ,2,L,NR,NR,NR,NR,NR,NR,NR,
950642,717,TRI_237_810_11                                    ,SCANS1994_Block-G_Tridens,1,14-07-1994 00:00:00,14-07-1994 00:00:00,07:30,07:58,55.1045,0.6125,55.09116667,0.794333333,,,,,6,FW   ,2,L,M,NR,NR,NR,NR,NR,NR,
950644,717,TRI_239_810_13                                    ,SCANS1994_Block-G_Tridens,1,14-07-1994 00:00:00,14-07-1994 00:00:00,07:59,08:04,55.09083333,0.796833333,55.08983333,0.829,,,,,6,FW   ,2,L,St,NR,NR,NR,NR,NR,NR,
950646,717,TRI_240_810_14                                    ,SCANS1994_Block-G_Tridens,1,14-07-1994 00:00:00,14-07-1994 00:00:00,08:04,08:25,55.08983333,0.829,55.082,0.967833333,,,,,6,FW   ,2,L,M,NR,NR,NR,NR,NR,NR,
950690,717,TRI_48_801_46                                     ,SCANS1994_Block-G_Tridens,1,07-06-1994 00:00:00,07-06-1994 00:00:00,13:00,13:15,55.84716667,1.9035,55.8895,1.846666667,,,,,6,FW   ,2,L,N,NR,NR,NR,NR,NR,NR,
950713,717,TRI_69_802_23                                     ,SCANS1994_Block-G_Tridens,1,07-06-1994 00:00:00,07-06-1994 00:00:00,18:21,18:31,55.925,0.274,55.92166667,0.206166667,,,,,6,FW   ,2,L,St,NR,NR,NR,NR,NR,NR,
648836,682,HNY_168_611_73                                    ,SCANS1994_Block-C_Henny,1,17-07-1994 00:00:00,17-07-1994 00:00:00,12:09,12:53,55.02,-0.275833333,55.0515,-0.099,,,,,6,FW   ,2,L,N,NR,NR,NR,NR,NR,NR,
648837,682,HNY_169_610_27                                    ,SCANS1994_Block-C_Henny,1,17-07-1994 00:00:00,17-07-1994 00:00:00,12:55,13:30,55.05116667,-0.099333333,54.98083333,-0.182333333,,,,,6,FW   ,2,L,N,NR,NR,NR,NR,NR,NR,
648898,682,HNY_231_615_7                                     ,SCANS1994_Block-C_Henny,1,19-07-1994 00:00:00,19-07-1994 00:00:00,10:48,11:15,55.88433333,-1.525666667,55.884,-1.650166667,,,,,6,FW   ,2,L,N,NR,NR,NR,NR,NR,NR,
648899,682,HNY_232_615_8                                     ,SCANS1994_Block-C_Henny,1,19-07-1994 00:00:00,19-07-1994 00:00:00,11:15,11:40,55.884,-1.650166667,55.884,-1.7605,,,,,6,FW   ,2,L,N,NR,NR,NR,NR,NR,NR,
949226,717,GRM_174_403_19                                    ,SCANS1994_Block-E_Gorm,1,07-05-1994 00:00:00,07-05-1994 00:00:00,11:43,12:02,61.1265,3.232666667,61.153,3.140166667,,,,,6,FW   ,0,L,N,NR,NR,NR,NR,NR,NR,
949227,717,GRM_175_403_20                                    ,SCANS1994_Block-E_Gorm,1,07-05-1994 00:00:00,07-05-1994 00:00:00,12:02,12:15,61.153,3.140166667,61.1695,3.077,,,,,6,FW   ,0,L,N,NR,NR,NR,NR,NR,NR,
950509,717,TRI_115_802_69                                    ,SCANS1994_Block-G_Tridens,1,07-07-1994 00:00:00,07-07-1994 00:00:00,16:39,18:15,54.77383333,1.237166667,54.55283333,1.707,,,,,6,FW   ,0,L,N,NR,NR,NR,NR,NR,NR,
648881,682,HNY_216_614_7                                     ,SCANS1994_Block-C_Henny,1,19-07-1994 00:00:00,19-07-1994 00:00:00,06:45,07:02,55.62766667,-1.295166667,55.66333333,-1.253833333,,,,,6,FW   ,0,L,N,NR,NR,NR,NR,NR,NR,
648961,682,HNY_289_619_9                                     ,SCANS1994_Block-C_Henny,1,23-07-1994 00:00:00,23-07-1994 00:00:00,06:04,06:30,56.79583333,-2.081666667,56.83916667,-2.169666667,,,,,6,FW   ,0,L,N,NR,NR,NR,NR,NR,NR,
648964,682,HNY_291_620_1                                     ,SCANS1994_Block-C_Henny,1,23-07-1994 00:00:00,23-07-1994 00:00:00,06:46,07:56,56.86633333,-2.217333333,56.86083333,-1.881,,,,,6,FW   ,0,L,N,NR,NR,NR,NR,NR,NR,
648966,682,HNY_293_620_3                                     ,SCANS1994_Block-C_Henny,1,23-07-1994 00:00:00,23-07-1994 00:00:00,07:56,08:15,56.86066667,-1.878833333,56.85916667,-1.790166667,,,,,6,FW   ,0,L,N,NR,NR,NR,NR,NR,NR,
648967,682,HNY_294_620_4                                     ,SCANS1994_Block-C_Henny,1,23-07-1994 00:00:00,23-07-1994 00:00:00,08:15,08:38,56.85916667,-1.790166667,56.85783333,-1.6835,,,,,6,FW   ,0,L,N,NR,NR,NR,NR,NR,NR,
648968,682,HNY_295_620_5                                     ,SCANS1994_Block-C_Henny,1,23-07-1994 00:00:00,23-07-1994 00:00:00,08:38,08:59,56.85783333,-1.6835,56.85666667,-1.5855,,,,,6,FW   ,0,L,N,NR,NR,NR,NR,NR,NR,
648969,682,HNY_296_620_6                                     ,SCANS1994_Block-C_Henny,1,23-07-1994 00:00:00,23-07-1994 00:00:00,09:06,09:44,56.85816667,-1.582666667,56.85416667,-1.404166667,,,,,6,FW   ,0,L,N,NR,NR,NR,NR,NR,NR,
648970,682,HNY_297_620_7                                     ,SCANS1994_Block-C_Henny,1,23-07-1994 00:00:00,23-07-1994 00:00:00,09:44,10:30,56.85416667,-1.404166667,56.8555,-1.179166667,,,,,6,FW   ,0,L,N,NR,NR,NR,NR,NR,NR,
648971,682,HNY_299_621_1                                     ,SCANS1994_Block-C_Henny,1,23-07-1994 00:00:00,23-07-1994 00:00:00,10:37,11:05,56.8555,-1.179166667,56.9005,-1.249,,,,,6,FW   ,0,L,N,NR,NR,NR,NR,NR,NR,
865483,707,2235-1                                            ,SCANSII Block W Double platform,1,06-07-2005 00:00:00,06-07-2005 00:00:00,15:53,16:08,37.0165,-8.2428,37.032,-8.1965,,,,,4,FW   ,0,L,N,NR,NR,D,G,NR,NR,
865787,707,2533-1                                            ,SCANSII Block W Double platform,1,16-07-2005 00:00:00,16-07-2005 00:00:00,11:32,12:01,44.042,-6.1436,44.0789,-6.0617,,,,,4,FW   ,0,L,N,NR,NR,D,G,NR,NR,
865793,707,2549-1                                            ,SCANSII Block W Double platform,1,17-07-2005 00:00:00,17-07-2005 00:00:00,06:39,07:00,44.0218,-5.5039,43.9862,-5.4441,,,,,4,FW   ,0,L,St,NR,NR,D,G,NR,NR,
949524,717,ABJ_109_104_29                                    ,SCANS1994_Block-D_Abel-J,1,07-01-1994 00:00:00,07-01-1994 00:00:00,19:30,20:00,59.95416667,-0.546166667,60.01833333,-0.463,,,,,6,FW   ,2,L,St,NR,NR,NR,NR,NR,NR,
949740,717,ABJ_228_109_21                                    ,SCANS1994_Block-D_Abel-J,1,07-08-1994 00:00:00,07-08-1994 00:00:00,16:31,16:48,58.704,-5.096,58.67566667,-5.161,,,,,6,FW   ,2,L,N,NR,NR,NR,NR,NR,NR,
949816,717,ABJ_266_111_5                                     ,SCANS1994_Block-D_Abel-J,1,07-09-1994 00:00:00,07-09-1994 00:00:00,09:45,10:03,57.99983333,-5.853166667,58.04666667,-5.846,,,,,6,FW   ,2,L,N,NR,NR,NR,NR,NR,NR,
949822,717,ABJ_271_113_5                                     ,SCANS1994_Block-D_Abel-J,1,07-12-1994 00:00:00,07-12-1994 00:00:00,08:58,09:40,58.10733333,-5.816833333,58.22183333,-5.779833333,,,,,6,FW   ,2,L,N,NR,NR,NR,NR,NR,NR,
649000,682,HNY_324_623_4                                     ,SCANS1994_Block-C_Henny,1,23-07-1994 00:00:00,23-07-1994 00:00:00,18:59,19:17,57.36733333,-0.892,57.40283333,-0.955166667,,,,,6,FW   ,2,L,St,NR,NR,NR,NR,NR,NR,
865422,707,2213-1                                            ,SCANSII Block W Double platform,1,06-07-2005 00:00:00,06-07-2005 00:00:00,10:06,10:32,36.7403,-8.3719,36.7506,-8.4489,,,,,4,FW   ,2,L,N,NR,NR,D,M,NR,NR,
1001092,721,A02/31/M06/07_00017/258759                        ,SCANSIII Block A Aerial,1,06-07-2016 00:00:00,,17:05,,37.00268936,-8.77375031,,,0.217,,105.4,,0,BL,0,NR,M,NR,NR,NR,NR,D,M,Effort beginning
990000,720,H01/04/I04/07_00023/151403                        ,SCANSIII Block H Aerial,1,04-07-2016 00:00:00,,14:13,,56.56474304,-8.8110981,,,0.209,,101.2,,0,BL,2,NR,N,NR,NR,NR,NR,D,M,Condictions change
990063,720,H01/04/I04/07_00023/151434                        ,SCANSIII Block H Aerial,1,04-07-2016 00:00:00,,14:15,,56.51325226,-8.86154175,,,0.209,,102.5,,0,BL,2,NR,N,NR,NR,NR,NR,D,M,Condictions change
990084,720,H01/04/I04/07_00023/151439                        ,SCANSIII Block H Aerial,1,04-07-2016 00:00:00,,14:15,,56.50500107,-8.8697319,,,0.262,,102.8,,0,BL,2,NR,N,NR,NR,NR,NR,D,M,Condictions change
990085,720,H01/04/I04/07_00023/151440                        ,SCANSIII Block H Aerial,1,04-07-2016 00:00:00,,14:15,,56.50333405,-8.87138367,,,0.212,,102.8,,0,BL,2,NR,N,NR,NR,NR,NR,D,M,Condictions change
990087,720,H01/04/I04/07_00023/151442                        ,SCANSIII Block H Aerial,1,04-07-2016 00:00:00,,14:15,,56.50043869,-8.87430954,,,0.158,,102.9,,0,BL,2,NR,N,NR,NR,NR,NR,D,M,Condictions change
1002212,721,A02/32/M06/07_00016/258623                        ,SCANSIII Block A Aerial,1,06-07-2016 00:00:00,,16:47,,36.88104248,-8.24438477,,,0.259,,100.4,,0,BL,2,NR,M,NR,NR,NR,NR,D,M,Return to effort
1004370,721,A01/18/M10/07_00062/268147                        ,SCANSIII Block A Aerial,1,10-07-2016 00:00:00,,09:47,,41.54164886,-9.23541355,,,0.206,,101.1,,0,BL,2,NR,St,NR,NR,NR,NR,D,M,Effort beginning
560131,610,N03/05/H28/06_00009/97103                         ,SCANSIII Block N Aerial,1,28-06-2016 00:00:00,,13:39,,55.53356171,3.4931016,,,0.203,,98.7,,0,BL,3,NR,M,NR,NR,NR,NR,D,N,Condictions change
971540,718,K02/07/E14/07_00033/86362                         ,SCANSIII Block K Aerial,1,14-07-2016 00:00:00,,14:57,,59.58795166,-4.71346331,,,0.198,,96.3,,0,BL,3,NR,N,NR,NR,NR,NR,D,N,Condictions change
1003765,721,A02/34/M06/07_00014/258213                        ,SCANSIII Block A Aerial,1,06-07-2016 00:00:00,,15:53,,37.01174927,-6.91340828,,,0.211,,102.4,,0,BL,3,NR,M,NR,NR,NR,NR,D,M,Effort beginning
1004739,721,A01/18/M10/07_00062/268196                        ,SCANSIII Block A Aerial,1,10-07-2016 00:00:00,,09:51,,41.51264191,-9.11644363,,,0.166,,107.4,,0,BL,3,NR,St,NR,NR,NR,NR,D,St,Condictions change
952589,718,K02/04/E14/07_00030/84410                         ,SCANSIII Block K Aerial,1,14-07-2016 00:00:00,,09:46,,59.36083603,-6.40410662,,,0.203,,98.4,,0,BL,3,NR,N,NR,NR,NR,NR,D,N,Condictions change
1002498,721,A02/07/M08/07_00031/260854                        ,SCANSIII Block A Aerial,1,08-07-2016 00:00:00,,14:50,,44.10292053,-6.7109952,,,0.227,,110,,0,BL,1,NR,M,NR,NR,NR,NR,A,M,Effort beginning
1002855,721,A02/07/M08/07_00031/260907                        ,SCANSIII Block A Aerial,1,08-07-2016 00:00:00,,14:54,,44.0175972,-6.62739325,,,0.21,,102.8,,0,BL,1,NR,M,NR,NR,NR,NR,A,M,Effort beginning
1002856,721,A02/07/M08/07_00031/260908                        ,SCANSIII Block A Aerial,1,08-07-2016 00:00:00,,14:54,,44.0175972,-6.62739325,,,0,,102.8,,0,BL,1,NR,M,NR,NR,NR,NR,A,M,Effort beginning
865502,707,2354-1                                            ,SCANSII Block W Double platform,1,10-07-2005 00:00:00,10-07-2005 00:00:00,13:08,13:32,39.748,-9.1768,39.7923,-9.1201,,,,,4,FW   ,2,L,N,NR,NR,C,M,NR,NR,
865518,707,2377-1                                            ,SCANSII Block W Double platform,1,11-07-2005 00:00:00,11-07-2005 00:00:00,15:30,16:01,40.801,-9.1578,40.8665,-9.0831,,,,,4,FW   ,2,L,N,NR,NR,C,M,NR,NR,
865521,707,2380-1                                            ,SCANSII Block W Double platform,1,11-07-2005 00:00:00,11-07-2005 00:00:00,17:00,17:10,40.9851,-8.946,41.0038,-8.9246,,,,,4,FW   ,2,L,N,NR,NR,C,M,NR,NR,
862803,707,7490-1                                            ,SCANSII Block P Double platform,1,20-07-2005 00:00:00,20-07-2005 00:00:00,19:57,20:07,51.8305,-5.7041,51.8144,-5.665,,,,,4,FW   ,2,L,N,NR,NR,D,P,NR,NR,
648906,682,HNY_239_616_4                                     ,SCANS1994_Block-C_Henny,1,19-07-1994 00:00:00,19-07-1994 00:00:00,14:15,14:44,56.10866667,-1.634333333,56.1795,-1.566666667,,,,,6,FW   ,3,L,N,NR,NR,NR,NR,NR,NR,
648908,682,HNY_240_616_5                                     ,SCANS1994_Block-C_Henny,1,19-07-1994 00:00:00,19-07-1994 00:00:00,14:44,14:55,56.1795,-1.566666667,56.20716667,-1.540333333,,,,,6,FW   ,3,L,N,NR,NR,NR,NR,NR,NR,
949632,717,ABJ_192_107_24                                    ,SCANS1994_Block-D_Abel-J,1,07-04-1994 00:00:00,07-04-1994 00:00:00,19:16,20:13,61.0285,-3.357833333,60.99883333,-3.402,,,,,6,FW   ,3,L,N,NR,NR,NR,NR,NR,NR,
949746,717,ABJ_233_109_26                                    ,SCANS1994_Block-D_Abel-J,1,07-08-1994 00:00:00,07-08-1994 00:00:00,17:16,17:21,58.631,-5.266833333,58.62266667,-5.286666667,,,,,6,FW   ,3,L,N,NR,NR,NR,NR,NR,NR,
949771,717,ABJ_240_109_33                                    ,SCANS1994_Block-D_Abel-J,1,07-08-1994 00:00:00,07-08-1994 00:00:00,18:51,18:56,58.57416667,-5.407,58.56466667,-5.419166667,,,,,6,FW   ,3,L,M,NR,NR,NR,NR,NR,NR,
949914,717,ABJ_324_114_11                                    ,SCANS1994_Block-D_Abel-J,1,13-07-1994 00:00:00,13-07-1994 00:00:00,09:00,09:18,60.00183333,-4.522333333,60.034,-4.452333333,,,,,6,FW   ,3,L,M,NR,NR,NR,NR,NR,NR,
862490,707,7268-1                                            ,SCANSII Block P Double platform,1,11-07-2005 00:00:00,11-07-2005 00:00:00,05:56,06:29,49.2376,-9.7701,49.1919,-9.8828,,,,,4,FW   ,3,L,N,NR,NR,D,P,NR,NR,
862791,707,7473-1                                            ,SCANSII Block P Double platform,1,20-07-2005 00:00:00,20-07-2005 00:00:00,13:51,14:27,51.7804,-6.1234,51.8692,-6.1983,,,,,4,FW   ,3,L,N,NR,NR,C,P,NR,NR,
862804,707,7492-1                                            ,SCANSII Block P Double platform,1,21-07-2005 00:00:00,21-07-2005 00:00:00,05:58,06:30,51.6966,-6.057,51.6204,-5.9952,,,,,4,FW   ,3,L,N,NR,NR,C,P,NR,NR,
865318,707,2039-1                                            ,SCANSII Block W Double platform,1,30-06-2005 00:00:00,30-06-2005 00:00:00,05:30,06:03,41.682,-9.2924,41.603,-9.3597,,,,,4,FW   ,4,L,N,NR,NR,D,P,NR,NR,
865381,707,2161-1                                            ,SCANSII Block W Double platform,1,04-07-2005 00:00:00,04-07-2005 00:00:00,17:30,17:41,36.0007,-5.6407,35.9743,-5.6185,,,,,4,FW   ,4,L,N,NR,NR,D,P,NR,NR,
865760,707,2505-1                                            ,SCANSII Block W Double platform,1,15-07-2005 00:00:00,15-07-2005 00:00:00,13:30,14:01,44.1268,-8.487,44.0814,-8.3912,,,,,4,FW   ,4,L,M,NR,NR,D,P,NR,NR,
865820,707,2579-1                                            ,SCANSII Block W Double platform,1,17-07-2005 00:00:00,17-07-2005 00:00:00,16:30,17:13,43.6666,-3.7969,43.7262,-3.6659,,,,,4,FW   ,4,L,N,NR,NR,D,P,NR,NR,
1001705,721,A02/06/M08/07_00032/261384                        ,SCANSIII Block A Aerial,1,08-07-2016 00:00:00,,17:39,,43.8896637,-5.46392822,,,0,,100.5,,0,BL,0,NR,M,NR,NR,NR,NR,C,M,Condictions change
1001706,721,A02/06/M08/07_00032/261385                        ,SCANSIII Block A Aerial,1,08-07-2016 00:00:00,,17:39,,43.89191818,-5.46305847,,,0.26,,101.7,,0,BL,0,NR,M,NR,NR,NR,NR,C,M,Condictions change
1001823,721,A02/06/M08/07_00032/261390                        ,SCANSIII Block A Aerial,1,08-07-2016 00:00:00,,17:40,,43.90001678,-5.45838833,,,0.202,,98,,0,BL,0,NR,M,NR,NR,NR,NR,C,M,Condictions change
980951,719,J01/10/I08/07_00041/157783                        ,SCANSIII Block J Aerial,1,08-07-2016 00:00:00,,16:43,,57.30568695,-10.07983208,,,0.196,,95.6,,0,BL,2,NR,M,NR,NR,NR,NR,C,N,Condictions change
980954,719,J01/10/I08/07_00041/157786                        ,SCANSIII Block J Aerial,1,08-07-2016 00:00:00,,16:43,,57.311409,-10.0797596,,,0.244,,94.7,,0,BL,2,NR,M,NR,NR,NR,NR,C,N,Condictions change
982146,719,J01/03/I13/07_00049/161414                        ,SCANSIII Block J Aerial,1,13-07-2016 00:00:00,,08:32,,58.91051865,-8.26185513,,,0.209,,101.5,,0,BL,2,NR,N,NR,NR,NR,NR,E,N,Effort beginning
998407,721,A02/13/M06/07_00018/258849                        ,SCANSIII Block A Aerial,1,06-07-2016 00:00:00,,17:15,,37.20547867,-9.01517296,,,0.211,,103.4,,0,BL,2,NR,St,NR,NR,NR,NR,C,M,Effort beginning
998604,721,A02/13/M06/07_00018/258870                        ,SCANSIII Block A Aerial,1,06-07-2016 00:00:00,,17:16,,37.23370361,-9.05182838,,,0.21,,102.6,,0,BL,2,NR,St,NR,NR,NR,NR,C,M,Effort beginning
249099,586,D02/02/I23/07_00091/180781                        ,SCANSIII Block D Aerial,1,23-07-2016 00:00:00,,10:15,,51.45180893,-4.56667662,,,0.196,,94.6,,0,BL,3,NR,St,NR,NR,NR,NR,C,M,Effort beginning
249116,586,D02/02/I23/07_00091/180798                        ,SCANSIII Block D Aerial,1,23-07-2016 00:00:00,,10:16,,51.42244339,-4.55848646,,,0.194,,94.5,,0,BL,3,NR,St,NR,NR,NR,NR,C,M,Effort beginning
270541,589,E01/12/I07/07_00038/156714                        ,SCANSIII Block E Aerial,1,07-07-2016 00:00:00,,12:34,,54.74676132,-5.24316502,,,0.209,,102.1,,0,BL,3,NR,N,NR,NR,NR,NR,E,M,Return to effort
269797,589,E01/11/I07/07_00035/155526                        ,SCANSIII Block E Aerial,1,07-07-2016 00:00:00,,10:50,,54.52157211,-5.21302176,,,0.149,,96.8,,0,BL,3,NR,N,NR,NR,NR,NR,C,M,Condictions change
1002448,721,A01/34/M06/07_00005/255859                        ,SCANSIII Block A Aerial,1,06-07-2016 00:00:00,,09:40,,37.00082016,-8.33322144,,,0.205,,99.2,,0,BL,1,NR,N,NR,NR,NR,NR,E,M,Effort beginning
952864,718,K01/04/E05/07_00017/77541                         ,SCANSIII Block K Aerial,1,05-07-2016 00:00:00,,12:39,,59.16305161,-5.63815355,,,0.223,,109.3,,0,BL,1,NR,M,NR,NR,NR,NR,C,N,Condictions change
957197,718,K01/05/E05/07_00016/76230                         ,SCANSIII Block K Aerial,1,05-07-2016 00:00:00,,10:52,,58.8198967,-5.33606005,,,0.264,,102.6,,0,BL,1,NR,M,NR,NR,NR,NR,C,N,Condictions change
958624,718,L01/04/K28/07_00085/247080                        ,SCANSIII Block L Aerial,1,28-07-2016 00:00:00,,12:16,,51.76899719,1.37416339,,,0.287,,111.4,,0,BL,2,NR,M,NR,NR,NR,NR,C,St,Condictions change
1002858,721,A02/07/M08/07_00031/260910                        ,SCANSIII Block A Aerial,1,08-07-2016 00:00:00,,14:54,,44.01455307,-6.62426329,,,0.21,,102.3,,0,BL,1,NR,M,NR,NR,NR,NR,A,M,Effort beginning
1002977,721,A02/07/M08/07_00031/260917                        ,SCANSIII Block A Aerial,1,08-07-2016 00:00:00,,14:54,,44.0038681,-6.61342669,,,0.212,,102.5,,0,BL,1,NR,M,NR,NR,NR,NR,A,M,Effort beginning
1002978,721,A02/07/M08/07_00031/260918                        ,SCANSIII Block A Aerial,1,08-07-2016 00:00:00,,14:54,,44.00271225,-6.6122818,,,0.158,,102.2,,0,BL,1,NR,M,NR,NR,NR,NR,A,M,Effort beginning
1002979,721,A02/07/M08/07_00031/260919                        ,SCANSIII Block A Aerial,1,08-07-2016 00:00:00,,14:54,,44.00271225,-6.6122818,,,0,,102.2,,0,BL,1,NR,M,NR,NR,NR,NR,A,M,Effort beginning
1002987,721,A02/07/M08/07_00031/260927                        ,SCANSIII Block A Aerial,1,08-07-2016 00:00:00,,14:55,,43.99072647,-6.59981155,,,0.208,,100.6,,0,BL,1,NR,M,NR,NR,NR,NR,A,M,Effort beginning
1004878,721,A01/35/M06/07_00007/256295                        ,SCANSIII Block A Aerial,1,06-07-2016 00:00:00,,10:21,,36.9636116,-7.48629665,,,0.214,,104.5,,0,BL,1,NR,M,NR,NR,NR,NR,D,M,Effort beginning
1005932,721,A01/37/M06/07_00008/256478                        ,SCANSIII Block A Aerial,1,06-07-2016 00:00:00,,10:49,,36.85706329,-6.90846348,,,0.257,,100.4,,0,BL,1,NR,M,NR,NR,NR,NR,D,N,Condictions change
1006214,721,A01/37/M06/07_00008/256520                        ,SCANSIII Block A Aerial,1,06-07-2016 00:00:00,,10:52,,36.93084717,-6.88783169,,,0.202,,98.2,,0,BL,1,NR,M,NR,NR,NR,NR,D,N,Condictions change
448330,609,S01/02/E29/06_00014/67984                         ,SCANSIII Block S Aerial,1,29-06-2016 00:00:00,,13:34,,57.96109772,-3.26360345,,,0.266,,103.5,,0,BL,2,NR,St,NR,NR,NR,NR,A,N,Condictions change
960091,718,K02/02/E14/07_00032/85313                         ,SCANSIII Block K Aerial,1,14-07-2016 00:00:00,,10:53,,58.63959885,-7.1209898,,,0.206,,100.7,,0,BL,2,NR,M,NR,NR,NR,NR,A,N,Effort beginning
960966,718,K02/02/E14/07_00032/85340                         ,SCANSIII Block K Aerial,1,14-07-2016 00:00:00,,10:55,,58.68527985,-7.14774179,,,0.197,,96.1,,0,BL,2,NR,M,NR,NR,NR,NR,A,N,Effort beginning
960968,718,K02/02/E14/07_00032/85342                         ,SCANSIII Block K Aerial,1,14-07-2016 00:00:00,,10:55,,58.68870926,-7.1498332,,,0.202,,98.4,,0,BL,2,NR,M,NR,NR,NR,NR,A,N,Effort beginning
963241,718,K02/06/E21/07_00041/90552                         ,SCANSIII Block K Aerial,1,21-07-2016 00:00:00,,15:54,,58.85211182,-5.2112565,,,0.204,,98.7,,0,BL,2,NR,N,NR,NR,NR,NR,D,N,Condictions change
964557,718,K02/02/E14/07_00032/85539                         ,SCANSIII Block K Aerial,1,14-07-2016 00:00:00,,11:08,,58.93936157,-7.30072021,,,0.21,,102.4,,0,BL,2,NR,M,NR,NR,NR,NR,A,N,Effort beginning
964558,718,K02/02/E14/07_00032/85540                         ,SCANSIII Block K Aerial,1,14-07-2016 00:00:00,,11:08,,58.94116592,-7.3018465,,,0.211,,103.7,,0,BL,2,NR,M,NR,NR,NR,NR,A,N,Effort beginning
964592,718,K02/02/E14/07_00032/85558                         ,SCANSIII Block K Aerial,1,14-07-2016 00:00:00,,11:10,,58.97386169,-7.32079649,,,0.216,,105.4,,0,BL,2,NR,M,NR,NR,NR,NR,A,N,Effort beginning
1006318,721,A01/37/M06/07_00008/256544                        ,SCANSIII Block A Aerial,1,06-07-2016 00:00:00,,10:54,,36.97351074,-6.8725915,,,0.265,,102.6,,0,BL,1,NR,M,NR,NR,NR,NR,D,N,Condictions change
1006579,721,A01/37/M06/07_00008/256597                        ,SCANSIII Block A Aerial,1,06-07-2016 00:00:00,,10:57,,37.06991196,-6.84266186,,,0.215,,104.3,,0,BL,1,NR,M,NR,NR,NR,NR,D,N,Condictions change
281748,589,G01/04/I29/06_00014/149024                        ,SCANSIII Block G Aerial,1,29-06-2016 00:00:00,,12:35,,55.48144913,-6.08018351,,,0.191,,93,,0,BL,1,NR,N,NR,NR,NR,NR,D,M,Condictions change
985751,719,I02/07/I12/07_00044/159034                        ,SCANSIII Block I Aerial,1,12-07-2016 00:00:00,,08:01,,57.319561,-6.79618502,,,0.198,,95.5,,0,BL,1,NR,N,NR,NR,NR,NR,D,M,Condictions change
985763,719,I02/07/I12/07_00044/159046                        ,SCANSIII Block I Aerial,1,12-07-2016 00:00:00,,08:04,,57.32719421,-6.80458355,,,0.113,,110,,0,BL,1,NR,N,NR,NR,NR,NR,D,M,Return to effort
985801,719,I02/07/I12/07_00044/159052                        ,SCANSIII Block I Aerial,1,12-07-2016 00:00:00,,08:04,,57.31689072,-6.79280663,,,0.225,,108.7,,0,BL,1,NR,N,NR,NR,NR,NR,D,M,Return to effort
983148,719,I03/04/I13/07_00057/164450                        ,SCANSIII Block I Aerial,1,13-07-2016 00:00:00,,17:57,,57.8033371,-6.53319645,,,0.177,,86.2,,0,BL,1,NR,N,NR,NR,NR,NR,D,M,Condictions change
983203,719,I03/04/I13/07_00057/164457                        ,SCANSIII Block I Aerial,1,13-07-2016 00:00:00,,17:58,,57.80960464,-6.55069351,,,0.177,,86.6,,0,BL,1,NR,N,NR,NR,NR,NR,D,M,Condictions change
983365,719,I03/04/I13/07_00057/164507                        ,SCANSIII Block I Aerial,1,13-07-2016 00:00:00,,18:01,,57.84860229,-6.67630816,,,0.169,,81.5,,0,BL,1,NR,N,NR,NR,NR,NR,D,M,Condictions change
1059139,722,A11/07_00360/552078                               ,SCANSII Block R Aerial,1,11-07-2005 00:00:00,,15:23,,51.44812393,-8.95168018,,,0.029106,,96.5,,0,BL,1,NR,M,NR,NR,NR,NR,A,M,Condictions change
1078495,722,C01/07_00293/439739                               ,SCANSII Block R Aerial,1,01-07-2005 00:00:00,,14:16,,55.46526718,-6.9316783,,,0.031899,,105.6,,0,BL,1,NR,M,NR,NR,NR,NR,D,M,Condictions change
1080167,722,A16/07_00383/486229                               ,SCANSII Block R Aerial,1,16-07-2005 00:00:00,,14:40,,52.85229874,-10.07021713,,,0.040392,,105,,0,BL,1,NR,St,NR,NR,NR,NR,A,M,Effort beginning
1080399,722,A16/07_00383/486253                               ,SCANSII Block R Aerial,1,16-07-2005 00:00:00,,14:41,,52.8536644,-9.99234867,,,0.04114,,106.8,,0,BL,1,NR,St,NR,NR,NR,NR,A,M,Effort beginning
1080400,722,A16/07_00383/486254                               ,SCANSII Block R Aerial,1,16-07-2005 00:00:00,,14:41,,52.8536644,-9.99234867,,,0,,106.8,,0,BL,1,NR,St,NR,NR,NR,NR,A,M,Effort beginning
964600,718,K02/02/E14/07_00032/85566                         ,SCANSIII Block K Aerial,1,14-07-2016 00:00:00,,11:10,,58.98909378,-7.32996178,,,0.214,,103.9,,0,BL,2,NR,M,NR,NR,NR,NR,A,N,Effort beginning
986170,719,I03/02/I13/07_00055/163545                        ,SCANSIII Block I Aerial,1,13-07-2016 00:00:00,,16:38,,58.1786232,-5.57945347,,,0.164,,80.2,,0,BL,2,NR,N,NR,NR,NR,NR,D,M,Condictions change
557107,610,R01/09/H28/07_00121/138427                        ,SCANSIII Block R Aerial,1,28-07-2016 00:00:00,,15:14,,56.00370026,1.34550166,,,0.16,,103.8,,0,BL,2,NR,N,NR,NR,NR,NR,E,N,Condictions change
985087,719,I02/09/I29/06_00010/147312                        ,SCANSIII Block I Aerial,1,29-06-2016 00:00:00,,10:03,,57.01641464,-7.37475157,,,0.212,,102.4,,0,BL,2,NR,N,NR,NR,NR,NR,E,M,Effort beginning
985088,719,I02/09/I29/06_00010/147313                        ,SCANSIII Block I Aerial,1,29-06-2016 00:00:00,,10:03,,57.01641464,-7.37475157,,,0,,102.4,,0,BL,2,NR,N,NR,NR,NR,NR,E,M,Effort beginning
985089,719,I02/09/I29/06_00010/147314                        ,SCANSIII Block I Aerial,1,29-06-2016 00:00:00,,10:03,,57.01641464,-7.37475157,,,0,,102.4,,0,BL,2,NR,N,NR,NR,NR,NR,E,M,Effort beginning
1057352,722,C12/07_00331/564168                               ,SCANSII Block J Aerial,1,12-07-2005 00:00:00,,14:36,,58.02338409,-3.37034345,,,0.028077,,92.7,,0,BL,2,NR,M,NR,NR,NR,NR,E,M,Condictions change
1081587,722,C29/06_00285/434354                               ,SCANSII Block R Aerial,1,29-06-2005 00:00:00,,12:26,,54.23934937,-10.16876507,,,0.038522,,100.5,,0,BL,1,NR,N,NR,NR,NR,NR,E,M,Effort beginning
1081667,722,C29/06_00285/434370                               ,SCANSII Block R Aerial,1,29-06-2005 00:00:00,,12:27,,54.22143173,-10.12743187,,,0.038709,,101.1,,0,BL,1,NR,N,NR,NR,NR,NR,E,M,Effort beginning
1011670,722,C07/07_00318/517528                               ,SCANSII Block J Aerial,1,07-07-2005 00:00:00,,12:24,,59.33696747,-2.87584996,,,0.037213,,97.1,,0,BL,1,NR,N,NR,NR,NR,NR,C,N,Condictions change
1107286,724,B01/02/K16/07_00055/227007                        ,SCANSIII Block B Aerial,1,16-07-2016 00:00:00,,13:16,,49.2730751,-6.24317837,,,0,,92.4,,0,BL,1,NR,M,NR,NR,NR,NR,C,N,Condictions change
1107289,724,B01/02/K16/07_00055/227010                        ,SCANSIII Block B Aerial,1,16-07-2016 00:00:00,,13:16,,49.26812363,-6.24692822,,,0.189,,92.1,,0,BL,1,NR,M,NR,NR,NR,NR,C,N,Condictions change
1107293,724,B01/02/K16/07_00055/227014                        ,SCANSIII Block B Aerial,1,16-07-2016 00:00:00,,13:17,,49.26234436,-6.25099182,,,0.188,,91.7,,0,BL,1,NR,M,NR,NR,NR,NR,C,N,Condictions change
1107410,724,B01/02/K16/07_00055/227019                        ,SCANSIII Block B Aerial,1,16-07-2016 00:00:00,,13:17,,49.25569534,-6.25523663,,,0.189,,91.6,,0,BL,1,NR,M,NR,NR,NR,NR,C,N,Condictions change
1107413,724,B01/02/K16/07_00055/227022                        ,SCANSIII Block B Aerial,1,16-07-2016 00:00:00,,13:17,,49.25138474,-6.25801182,,,0.189,,91.9,,0,BL,1,NR,M,NR,NR,NR,NR,C,N,Condictions change
1107414,724,B01/02/K16/07_00055/227023                        ,SCANSIII Block B Aerial,1,16-07-2016 00:00:00,,13:17,,49.25138474,-6.25801182,,,0,,91.9,,0,BL,1,NR,M,NR,NR,NR,NR,C,N,Condictions change
1107416,724,B01/02/K16/07_00055/227025                        ,SCANSIII Block B Aerial,1,16-07-2016 00:00:00,,13:17,,49.24782181,-6.26022005,,,0.191,,92.9,,0,BL,1,NR,M,NR,NR,NR,NR,C,N,Condictions change
955191,718,K01/04/E05/07_00017/77884                         ,SCANSIII Block K Aerial,1,05-07-2016 00:00:00,,13:05,,58.53858185,-5.5036068,,,0.206,,100.4,,0,BL,3,NR,M,NR,NR,NR,NR,C,N,Return to effort
250623,586,D02/03/I23/07_00092/181481                        ,SCANSIII Block D Aerial,1,23-07-2016 00:00:00,,11:06,,51.56800079,-5.19714832,,,0.195,,94.6,,0,BL,3,NR,St,NR,NR,NR,NR,B,M,Return to effort
250624,586,D02/03/I23/07_00092/181482                        ,SCANSIII Block D Aerial,1,23-07-2016 00:00:00,,11:06,,51.56800079,-5.19714832,,,0,,94.6,,0,BL,3,NR,St,NR,NR,NR,NR,B,M,Return to effort
258001,586,D02/12/I19/07_00076/172658                        ,SCANSIII Block D Aerial,1,19-07-2016 00:00:00,,11:03,,50.24225998,-8.0216198,,,0.186,,90.2,,0,BL,3,NR,St,NR,NR,NR,NR,N,M,Condictions change
989954,720,H03/06/I14/07_00060/165466                        ,SCANSIII Block H Aerial,1,14-07-2016 00:00:00,,12:26,,56.42490768,-7.88118315,,,0.165,,80.2,,0,BL,3,NR,NR,NR,NR,NR,NR,B,N,Condictions change
989971,720,H03/06/I14/07_00060/165467                        ,SCANSIII Block H Aerial,1,14-07-2016 00:00:00,,12:26,,56.42490768,-7.88118315,,,0,,80.2,,0,BL,3,NR,NR,NR,NR,NR,NR,B,N,Condictions change
1002035,721,A02/22/M14/07_00067/269249                        ,SCANSIII Block A Aerial,1,14-07-2016 00:00:00,,08:33,,40.36484146,-8.92392349,,,0.21,,101.9,,0,BL,1,NR,N,NR,NR,NR,NR,N,St,Effort beginning
1003755,721,A01/01/M09/07_00052/266567                        ,SCANSIII Block A Aerial,1,09-07-2016 00:00:00,,17:15,,43.11150742,-9.37470531,,,0.205,,99.4,,0,BL,1,NR,N,NR,NR,NR,NR,B,M,Condictions change
1008416,721,A02/09/M08/07_00029/260235                        ,SCANSIII Block A Aerial,1,08-07-2016 00:00:00,,13:47,,44.12075806,-8.22350121,,,0.22,,107.4,,0,BL,2,NR,St,NR,NR,NR,NR,B,M,Effort beginning
957349,718,K01/03/E05/07_00018/78466                         ,SCANSIII Block K Aerial,1,05-07-2016 00:00:00,,16:21,,59.00488663,-6.2230916,,,0.202,,98.6,,0,BL,2,NR,M,NR,NR,NR,NR,B,N,Condictions change
957491,718,K01/03/E05/07_00018/78496                         ,SCANSIII Block K Aerial,1,05-07-2016 00:00:00,,16:23,,58.95124817,-6.23955345,,,0.204,,99.1,,0,BL,2,NR,M,NR,NR,NR,NR,B,N,Condictions change
957538,718,K01/03/E05/07_00018/78511                         ,SCANSIII Block K Aerial,1,05-07-2016 00:00:00,,16:24,,58.92419434,-6.24915981,,,0.201,,97.9,,0,BL,2,NR,M,NR,NR,NR,NR,B,N,Condictions change
1009050,721,A02/09/M08/07_00029/260387                        ,SCANSIII Block A Aerial,1,08-07-2016 00:00:00,,13:57,,43.87745285,-7.97221994,,,0.216,,105.3,,0,BL,1,NR,M,NR,NR,NR,NR,B,M,Condictions change
1041499,722,C18/07_00349/492765                               ,SCANSII Block J Aerial,1,18-07-2005 00:00:00,,12:56,,58.18000031,-2.97782493,,,0.0102185,,92.6,,0,BL,2,NR,St,NR,NR,NR,NR,B,M,Condictions change
1041630,722,C18/07_00349/492768                               ,SCANSII Block J Aerial,1,18-07-2005 00:00:00,,12:56,,58.17571259,-2.97236824,,,0.010379,,95.2,,0,BL,2,NR,St,NR,NR,NR,NR,B,M,Condictions change
1021336,722,C07/07_00317/517281                               ,SCANSII Block J Aerial,1,07-07-2005 00:00:00,,12:04,,59.2643013,-3.38972664,,,0.0374,,97.9,,0,BL,1,NR,M,NR,NR,NR,NR,B,N,Return to effort
1020935,722,A24/07_00389/499195                               ,SCANSII Block B Aerial,1,24-07-2005 00:00:00,,15:52,,50.54640198,-0.91314501,,,0.0101115,,91.2,,0,BL,3,NR,M,NR,NR,NR,NR,B,N,Condictions change
982943,719,I02/04/I12/07_00046/159914                        ,SCANSIII Block I Aerial,1,12-07-2016 00:00:00,,09:26,,58.01927185,-6.1923933,,,0.209,,101.6,,0,BL,2,NR,N,NR,NR,NR,NR,D,M,Effort beginning
982944,719,I02/04/I12/07_00046/159915                        ,SCANSIII Block I Aerial,1,12-07-2016 00:00:00,,09:26,,58.01823044,-6.18946505,,,0.208,,101.1,,0,BL,2,NR,N,NR,NR,NR,NR,D,M,Effort beginning
983837,719,I02/05/I12/07_00045/159452                        ,SCANSIII Block I Aerial,1,12-07-2016 00:00:00,,08:46,,57.36536407,-5.83343649,,,0.108,,106,,0,BL,2,NR,N,NR,NR,NR,NR,D,M,Effort beginning
1081033,722,A16/07_00383/486350                               ,SCANSII Block R Aerial,1,16-07-2005 00:00:00,,14:48,,52.86234665,-9.68733311,,,0.040579,,105.9,,0,BL,2,NR,St,NR,NR,NR,NR,A,M,Condictions change
1081035,722,A16/07_00383/486352                               ,SCANSII Block R Aerial,1,16-07-2005 00:00:00,,14:48,,52.86281967,-9.68089676,,,0.040766,,106.2,,0,BL,2,NR,St,NR,NR,NR,NR,A,M,Condictions change
1045153,722,C18/07_00346/491865                               ,SCANSII Block J Aerial,1,18-07-2005 00:00:00,,11:42,,59.02375031,-3.8649199,,,0.025872,,86.1,,0,BL,2,NR,St,NR,NR,NR,NR,A,M,Condictions change
1082383,722,A16/07_00382/486019                               ,SCANSII Block R Aerial,1,16-07-2005 00:00:00,,14:25,,52.6287117,-10.24765873,,,0.029106,,96.2,,0,BL,1,NR,St,NR,NR,NR,NR,A,M,Condictions change
954024,718,K01/04/E05/07_00017/77709                         ,SCANSIII Block K Aerial,1,05-07-2016 00:00:00,,12:51,,58.8424263,-5.56935501,,,0.21,,103,,0,BL,3,NR,M,NR,NR,NR,NR,D,N,Condictions change
956289,718,K02/05/E21/07_00039/89344                         ,SCANSIII Block K Aerial,1,21-07-2016 00:00:00,,14:30,,59.13673401,-5.83977842,,,0.222,,108.2,,0,BL,3,NR,M,NR,NR,NR,NR,D,N,Condictions change
984476,719,I02/05/I12/07_00045/159707                        ,SCANSIII Block I Aerial,1,12-07-2016 00:00:00,,09:08,,57.73524857,-6.21008682,,,0.187,,90.7,,0,BL,3,NR,N,NR,NR,NR,NR,D,M,Condictions change
984677,719,I02/05/I12/07_00045/159780                        ,SCANSIII Block I Aerial,1,12-07-2016 00:00:00,,09:12,,57.84234619,-6.32907677,,,0.189,,91.5,,0,BL,3,NR,N,NR,NR,NR,NR,D,M,Condictions change
1023501,722,C08/07_00322/465156                               ,SCANSII Block J Aerial,1,08-07-2005 00:00:00,,11:51,,60.0266304,-0.85127997,,,0.0176715,,92,,0,BL,3,NR,M,NR,NR,NR,NR,D,M,Condictions change
1108863,724,B01/13/K05/07_00019/201416                        ,SCANSIII Block B Aerial,1,05-07-2016 00:00:00,,10:55,,46.7204628,-3.77899671,,,0,,96.9,,0,BL,2,NR,N,NR,NR,NR,NR,D,N,Condictions change
246204,586,C01/16/K07/07_00029/210117                        ,SCANSIII Block C Aerial,1,07-07-2016 00:00:00,,16:17,,48.98504257,-4.39495325,,,0.195,,94.7,,0,BL,1,NR,Sl,NR,NR,NR,NR,D,N,Condictions change
1029138,722,C07/07_00316/516125                               ,SCANSII Block J Aerial,1,07-07-2005 00:00:00,,10:41,,58.6281662,-4.17220163,,,0.03927,,101.9,,0,BL,1,NR,Sl,NR,NR,NR,NR,D,M,Condictions change
1106746,724,B02/18/K25/07_00079/244009                        ,SCANSIII Block B Aerial,1,25-07-2016 00:00:00,,09:56,,45.49833679,-2.78485489,,,0.195,,95.1,,0,BL,1,NR,Sl,NR,NR,NR,NR,D,N,Condictions change
445010,609,S01/12/E24/07_00047/93032                         ,SCANSIII Block S Aerial,1,24-07-2016 00:00:00,,13:27,,60.43603134,-2.17617655,,,0.21,,102.2,,0,BL,3,NR,St,NR,NR,NR,NR,C,N,Condictions change
952098,718,L01/02/K28/07_00089/249739                        ,SCANSIII Block L Aerial,1,28-07-2016 00:00:00,,15:43,,52.6755867,2.50507331,,,0.198,,96.2,,0,BL,3,NR,N,NR,NR,NR,NR,E,N,Condictions change
1025261,722,C15/07_00342/479512                               ,SCANSII Block J Aerial,1,15-07-2005 00:00:00,,13:01,,60.40988541,-2.11664844,,,0.009202,,83.4,,0,BL,3,NR,M,NR,NR,NR,NR,E,M,Condictions change
1060706,722,C12/07_00324/563276                               ,SCANSII Block J Aerial,1,12-07-2005 00:00:00,,10:01,,59.09397125,-1.95250165,,,0.011021,,100,,0,BL,2,NR,M,NR,NR,NR,NR,E,M,Condictions change
612249,611,U02/12/H23/07_00091/129296                        ,SCANSIII Block U Aerial,1,23-07-2016 00:00:00,,11:56,,61.23092651,2.55036664,,,0.214,,104.1,,0,BL,2,NR,Sl,NR,NR,NR,NR,E,N,Condictions change
1028956,722,B17/07_00387/491129                               ,SCANSII Block B Aerial,1,17-07-2005 00:00:00,,17:50,,52.74008179,4.24742842,,,0.022898,,103.6,,0,BL,2,NR,Sl,NR,NR,NR,NR,C,M,Condictions change
959326,718,K01/07/E14/07_00035/87731                         ,SCANSIII Block K Aerial,1,14-07-2016 00:00:00,,16:38,,58.81978989,-4.3627634,,,0.202,,98.2,,0,BL,2,NR,Sl,NR,NR,NR,NR,E,N,Condictions change
1010127,722,C12/07_00331/564332                               ,SCANSII Block J Aerial,1,12-07-2005 00:00:00,,14:47,,57.77290344,-3.61484504,,,0.028812,,95.3,,0,BL,1,NR,Sl,NR,NR,NR,NR,E,M,Condictions change
282430,589,G01/06/I29/06_00018/149719                        ,SCANSIII Block G Aerial,1,29-06-2016 00:00:00,,13:43,,55.19030762,-5.06089163,,,0.171,,110.9,,0,BL,2,NR,Sl,NR,NR,NR,NR,C,M,Condictions change
1010129,722,C12/07_00331/564334                               ,SCANSII Block J Aerial,1,12-07-2005 00:00:00,,14:47,,57.76984406,-3.61809826,,,0.028812,,95.2,,0,BL,1,NR,Sl,NR,NR,NR,NR,E,M,Condictions change
1010249,722,C12/07_00331/564358                               ,SCANSII Block J Aerial,1,12-07-2005 00:00:00,,14:51,,57.77038956,-3.61762333,,,0.028224,,94.4,,0,BL,1,NR,Sl,NR,NR,NR,NR,E,M,Return to effort
1118917,724,B01/07/K14/07_00043/219286                        ,SCANSIII Block B Aerial,1,14-07-2016 00:00:00,,16:22,,47.45484543,-5.88671017,,,0.195,,95.4,,0,BL,2,NR,Sl,NR,NR,NR,NR,C,N,Condictions change
1118918,724,B01/07/K14/07_00043/219287                        ,SCANSIII Block B Aerial,1,14-07-2016 00:00:00,,16:22,,47.45484543,-5.88671017,,,0,,95.4,,0,BL,2,NR,Sl,NR,NR,NR,NR,C,N,Condictions change
1119187,724,B01/07/K14/07_00043/219316                        ,SCANSIII Block B Aerial,1,14-07-2016 00:00:00,,16:24,,47.49234772,-5.83967352,,,0.227,,88.3,,0,BL,2,NR,Sl,NR,NR,NR,NR,C,N,Condictions change
1107418,724,B01/02/K16/07_00055/227027                        ,SCANSIII Block B Aerial,1,16-07-2016 00:00:00,,13:17,,49.24467468,-6.26227331,,,0.19,,92.8,,0,BL,1,NR,M,NR,NR,NR,NR,C,N,Condictions change
1107538,724,B01/02/K16/07_00055/227035                        ,SCANSIII Block B Aerial,1,16-07-2016 00:00:00,,13:18,,49.23174667,-6.27071524,,,0.235,,92.7,,0,BL,1,NR,M,NR,NR,NR,NR,C,N,Condictions change
862730,707,7220-1                                            ,SCANSII Block P Double platform,1,09-07-2005 00:00:00,09-07-2005 00:00:00,16:29,16:49,48.9923,-8.8145,49.0379,-8.7687,,,,,4,FW   ,4,L,N,NR,NR,C,P,NR,NR,
862826,707,7499-1                                            ,SCANSII Block P Double platform,1,21-07-2005 00:00:00,21-07-2005 00:00:00,08:20,08:41,51.44,-5.8502,51.3865,-5.8069,,,,,4,FW   ,4,L,M,NR,NR,D,P,NR,NR,
948880,717,DAN_278_309_27                                    ,SCANS1994_Block-A_Dana,1,15-07-1994 00:00:00,15-07-1994 00:00:00,12:30,13:01,51.24983333,-10.114,51.21383333,-9.992166667,,,,,6,FW   ,1,L,M,NR,NR,NR,NR,NR,NR,
948881,717,DAN_279_309_28                                    ,SCANS1994_Block-A_Dana,1,15-07-1994 00:00:00,15-07-1994 00:00:00,13:01,14:00,51.21383333,-9.992166667,51.13083333,-9.761333333,,,,,6,FW   ,1,L,N,NR,NR,NR,NR,NR,NR,
949208,717,DAN_451_307_77                                    ,SCANS1994_Block-A_Dana,1,22-07-1994 00:00:00,22-07-1994 00:00:00,18:00,18:30,50.8035,-8.008,50.84633333,-8.118333333,,,,,6,FW   ,1,L,St,NR,NR,NR,NR,NR,NR,
950693,717,TRI_50_801_48                                     ,SCANS1994_Block-G_Tridens,1,07-06-1994 00:00:00,07-06-1994 00:00:00,13:26,14:00,55.92333333,1.802166667,55.99833333,1.651,,,,,6,FW   ,1,L,N,NR,NR,NR,NR,NR,NR,
648871,682,HNY_200_613_5                                     ,SCANS1994_Block-C_Henny,1,18-07-1994 00:00:00,18-07-1994 00:00:00,15:44,16:52,55.4385,-0.846666667,55.45066667,-1.490333333,,,,,6,FW   ,1,L,St,NR,NR,NR,NR,NR,NR,
949688,717,ABJ_211_109_4                                     ,SCANS1994_Block-D_Abel-J,1,07-08-1994 00:00:00,07-08-1994 00:00:00,08:31,10:03,59.467,-3.464333333,59.31883333,-3.792166667,,,,,6,FW   ,1,L,N,NR,NR,NR,NR,NR,NR,
648977,682,HNY_303_621_5                                     ,SCANS1994_Block-C_Henny,1,23-07-1994 00:00:00,23-07-1994 00:00:00,11:45,13:01,56.97133333,-1.366333333,57.10583333,-1.588833333,,,,,6,FW   ,1,L,N,NR,NR,NR,NR,NR,NR,
865433,707,2278-1                                            ,SCANSII Block W Double platform,1,08-07-2005 00:00:00,08-07-2005 00:00:00,17:44,18:00,37.5623,-9.4689,37.597,-9.4417,,,,,4,FW   ,2,H,N,NR,NR,D,M,NR,NR,
865434,707,2279-1                                            ,SCANSII Block W Double platform,1,08-07-2005 00:00:00,08-07-2005 00:00:00,18:00,18:30,37.597,-9.4417,37.6623,-9.3934,,,,,4,FW   ,2,H,N,NR,NR,D,M,NR,NR,
865460,707,2320-1                                            ,SCANSII Block W Double platform,1,09-07-2005 00:00:00,09-07-2005 00:00:00,16:47,17:06,38.1709,-9.6106,38.1204,-9.625,,,,,4,FW   ,3,H,M,NR,NR,C,M,NR,NR,
865850,707,2805-1                                            ,SCANSII Block W Double platform,1,24-07-2005 00:00:00,24-07-2005 00:00:00,17:30,18:00,43.8894,-3.318,43.8486,-3.4098,,,,,4,FW   ,3,H,N,NR,NR,D,P,NR,NR,
865852,707,2807-1                                            ,SCANSII Block W Double platform,1,24-07-2005 00:00:00,24-07-2005 00:00:00,18:30,19:05,43.8061,-3.4964,43.7556,-3.5998,,,,,4,FW   ,3,H,N,NR,NR,D,P,NR,NR,
865873,707,2861-1                                            ,SCANSII Block W Double platform,1,26-07-2005 00:00:00,26-07-2005 00:00:00,08:39,09:00,44.1298,-6.9878,44.1608,-7.0475,,,,,4,FW   ,3,H,N,NR,NR,D,P,NR,NR,
863533,707,3135-1                                            ,SCANSII Block Q Double platform,1,06-07-2005 00:00:00,06-07-2005 00:00:00,16:14,16:34,56.2626,-8.7264,56.2263,-8.7995,,,,,4,FW   ,4,H,St,NR,NR,D,P,NR,NR,
865594,707,2668-1                                            ,SCANSII Block W Double platform,1,21-07-2005 00:00:00,21-07-2005 00:00:00,09:13,09:30,45.5334,-2.0076,45.5792,-2.0028,,,,,4,FW   ,4,H,M,NR,NR,D,P,NR,NR,
865881,707,2881-1                                            ,SCANSII Block W Double platform,1,26-07-2005 00:00:00,26-07-2005 00:00:00,14:00,14:30,44.1624,-8.0961,44.1561,-8.2012,,,,,4,FW   ,4,H,N,NR,NR,D,P,NR,NR,
865917,707,2792-1                                            ,SCANSII Block W Single platform,1,24-07-2005 00:00:00,24-07-2005 00:00:00,14:15,14:25,43.9692,-2.7353,43.9849,-2.7603,,,,,4,FW   ,4,H,M,NR,NR,D,P,NR,NR,
648978,682,HNY_304_621_6                                     ,SCANS1994_Block-C_Henny,1,23-07-1994 00:00:00,23-07-1994 00:00:00,13:01,13:46,57.10583333,-1.588833333,57.18683333,-1.7245,,,,,6,FW   ,1,L,N,NR,NR,NR,NR,NR,NR,
648979,682,HNY_305_621_7                                     ,SCANS1994_Block-C_Henny,1,23-07-1994 00:00:00,23-07-1994 00:00:00,13:46,14:10,57.18683333,-1.7245,57.22683333,-1.791833333,,,,,6,FW   ,1,L,N,NR,NR,NR,NR,NR,NR,
648980,682,HNY_306_621_8                                     ,SCANS1994_Block-C_Henny,1,23-07-1994 00:00:00,23-07-1994 00:00:00,14:10,14:30,57.22683333,-1.791833333,57.26333333,-1.853833333,,,,,6,FW   ,1,L,N,NR,NR,NR,NR,NR,NR,
648981,682,HNY_307_621_9                                     ,SCANS1994_Block-C_Henny,1,23-07-1994 00:00:00,23-07-1994 00:00:00,14:30,14:49,57.26333333,-1.853833333,57.30066667,-1.914833333,,,,,6,FW   ,1,L,N,NR,NR,NR,NR,NR,NR,
648983,682,HNY_309_622_2                                     ,SCANS1994_Block-C_Henny,1,23-07-1994 00:00:00,23-07-1994 00:00:00,14:56,15:03,57.30316667,-1.894,57.3055,-1.863666667,,,,,6,FW   ,1,L,N,NR,NR,NR,NR,NR,NR,
648985,682,HNY_310_622_3                                     ,SCANS1994_Block-C_Henny,1,23-07-1994 00:00:00,23-07-1994 00:00:00,15:09,15:30,57.30266667,-1.8425,57.30583333,-1.745333333,,,,,6,FW   ,1,L,N,NR,NR,NR,NR,NR,NR,
865655,707,2731-1                                            ,SCANSII Block W Double platform,1,23-07-2005 00:00:00,23-07-2005 00:00:00,07:30,08:02,45.5174,-1.8225,45.5101,-1.7094,,,,,4,FW   ,1,L,N,NR,NR,D,M,NR,NR,
865420,707,2211-1                                            ,SCANSII Block W Double platform,1,06-07-2005 00:00:00,06-07-2005 00:00:00,09:01,09:32,36.7168,-8.1736,36.7284,-8.269,,,,,4,FW   ,1,L,N,NR,NR,D,G,NR,NR,
865451,707,2298-1                                            ,SCANSII Block W Double platform,1,09-07-2005 00:00:00,09-07-2005 00:00:00,10:30,10:55,38.2572,-8.9412,38.3163,-8.8976,,,,,4,FW   ,1,L,N,NR,NR,D,G,NR,NR,
865523,707,2382-1                                            ,SCANSII Block W Double platform,1,11-07-2005 00:00:00,11-07-2005 00:00:00,17:17,17:32,41.0187,-8.9074,41.0508,-8.8749,,,,,4,FW   ,1,L,N,NR,NR,D,G,NR,NR,
865727,707,2461-1                                            ,SCANSII Block W Double platform,1,14-07-2005 00:00:00,14-07-2005 00:00:00,12:49,13:02,43.0948,-9.4493,43.1289,-9.4297,,,,,4,FW   ,1,L,N,NR,NR,C,G,NR,NR,
865789,707,2544-1                                            ,SCANSII Block W Double platform,1,17-07-2005 00:00:00,17-07-2005 00:00:00,05:28,05:32,44.0898,-5.6291,44.083,-5.6177,,,,,4,FW   ,1,L,St,NR,NR,D,G,NR,NR,
865790,707,2546-1                                            ,SCANSII Block W Double platform,1,17-07-2005 00:00:00,17-07-2005 00:00:00,05:53,05:56,44.0933,-5.6329,44.0879,-5.6233,,,,,4,FW   ,1,L,St,NR,NR,D,G,NR,NR,
865792,707,2548-1                                            ,SCANSII Block W Double platform,1,17-07-2005 00:00:00,17-07-2005 00:00:00,06:09,06:39,44.069,-5.5883,44.0218,-5.5039,,,,,4,FW   ,1,L,St,NR,NR,D,G,NR,NR,
649246,682,CVT_3_201_3                                       ,SCANS1994_Block-F_Corvette,1,28-06-1994 00:00:00,28-06-1994 00:00:00,12:47,13:02,57.4835,8.252333333,57.497,8.191333333,,,,,6,FW   ,1,L,N,NR,NR,NR,NR,NR,NR,
862602,707,7318-1                                            ,SCANSII Block P Double platform,1,12-07-2005 00:00:00,12-07-2005 00:00:00,15:41,16:36,50.684,-9.2088,50.6499,-9.3177,,,,,4,FW   ,1,L,N,NR,NR,D,E,NR,NR,
649131,682,CVT_190_207_19                                    ,SCANS1994_Block-F_Corvette,1,07-06-1994 00:00:00,07-06-1994 00:00:00,08:56,08:59,57.5525,4.3415,57.54566667,4.350666667,,,,,6,FW   ,3,L,St,NR,NR,NR,NR,NR,NR,
948981,717,DAN_323_303_35                                    ,SCANS1994_Block-A_Dana,1,17-07-1994 00:00:00,17-07-1994 00:00:00,14:01,14:30,51.51233333,-5.695833333,51.4745,-5.604333333,,,,,6,FW   ,2,L,Sl,NR,NR,NR,NR,NR,NR,
950611,717,TRI_209_808_25                                    ,SCANS1994_Block-G_Tridens,1,07-12-1994 00:00:00,07-12-1994 00:00:00,13:00,13:30,55.4455,1.644,55.41816667,1.46,,,,,6,FW   ,2,L,Sl,NR,NR,NR,NR,NR,NR,
648810,682,HNY_141_609_11                                    ,SCANS1994_Block-C_Henny,1,15-07-1994 00:00:00,15-07-1994 00:00:00,16:03,18:04,54.58116667,-0.153,54.55116667,-0.699,,,,,6,FW   ,0,L,Sl,NR,NR,NR,NR,NR,NR,
865507,707,2362-1                                            ,SCANSII Block W Double platform,1,10-07-2005 00:00:00,10-07-2005 00:00:00,15:30,16:00,40.0509,-8.9667,40.1208,-9.0116,,,,,4,FW   ,2,L,Sl,NR,NR,D,M,NR,NR,
865354,707,2102-1                                            ,SCANSII Block W Double platform,1,03-07-2005 00:00:00,03-07-2005 00:00:00,10:39,11:08,36.9593,-8.5323,36.9915,-8.4459,,,,,4,FW   ,2,L,Sl,NR,NR,D,G,NR,NR,
949836,717,ABJ_285_113_19                                    ,SCANS1994_Block-D_Abel-J,1,07-12-1994 00:00:00,07-12-1994 00:00:00,13:16,14:00,58.67983333,-5.622333333,58.79616667,-5.572333333,,,,,6,FW   ,3,L,Sl,NR,NR,NR,NR,NR,NR,
865762,707,2507-1                                            ,SCANSII Block W Double platform,1,15-07-2005 00:00:00,15-07-2005 00:00:00,14:30,15:02,44.0401,-8.2995,43.9908,-8.1992,,,,,4,FW   ,3,L,Sl,NR,NR,D,P,NR,NR,
865758,707,2503-1                                            ,SCANSII Block W Double platform,1,15-07-2005 00:00:00,15-07-2005 00:00:00,12:41,13:01,44.1975,-8.6343,44.1692,-8.5728,,,,,4,FW   ,4,L,Sl,NR,NR,D,P,NR,NR,
949784,717,ABJ_252_109_45                                    ,SCANS1994_Block-D_Abel-J,1,07-08-1994 00:00:00,07-08-1994 00:00:00,20:11,20:31,58.45033333,-5.633833333,58.41833333,-5.702,,,,,6,FW   ,4,L,Sl,NR,NR,NR,NR,NR,NR,
949981,717,ABJ_353_115_15                                    ,SCANS1994_Block-D_Abel-J,1,13-07-1994 00:00:00,13-07-1994 00:00:00,17:00,17:30,60.0675,-3.404833333,59.9905,-3.402166667,,,,,6,FW   ,4,L,Sl,NR,NR,NR,NR,NR,NR,
948883,717,DAN_280_309_29                                    ,SCANS1994_Block-A_Dana,1,15-07-1994 00:00:00,15-07-1994 00:00:00,14:00,14:29,51.13083333,-9.761333333,51.09416667,-9.6535,,,,,6,FW   ,1,L,Sl,NR,NR,NR,NR,NR,NR,
865509,707,2364-1                                            ,SCANSII Block W Double platform,1,10-07-2005 00:00:00,10-07-2005 00:00:00,16:31,17:05,40.1955,-9.0583,40.2761,-9.1063,,,,,4,FW   ,1,L,Sl,NR,NR,C,M,NR,NR,
865653,707,2729-1                                            ,SCANSII Block W Double platform,1,23-07-2005 00:00:00,23-07-2005 00:00:00,06:35,07:00,45.5308,-2.0242,45.5248,-1.9297,,,,,4,FW   ,1,L,Sl,NR,NR,D,M,NR,NR,
865791,707,2547-1                                            ,SCANSII Block W Double platform,1,17-07-2005 00:00:00,17-07-2005 00:00:00,05:56,06:09,44.0879,-5.6233,44.069,-5.5883,,,,,4,FW   ,1,L,Sl,NR,NR,D,G,NR,NR,
862836,707,7510-1                                            ,SCANSII Block P Double platform,1,21-07-2005 00:00:00,21-07-2005 00:00:00,13:24,13:54,50.8194,-5.3563,50.7469,-5.2996,,,,,4,FW   ,3,L,Sl,NR,NR,D,M,NR,NR,
1007281,721,A02/25/M14/07_00064/268520                        ,SCANSIII Block A Aerial,1,14-07-2016 00:00:00,,07:29,,41.25748825,-9.11357975,,,0.187,,91.8,,0,BL,3,NR,St,NR,NR,NR,NR,N,St,Effort beginning
1007566,721,A02/25/M14/07_00064/268565                        ,SCANSIII Block A Aerial,1,14-07-2016 00:00:00,,07:32,,41.23222351,-9.00986481,,,0.208,,101.9,,0,BL,3,NR,St,NR,NR,NR,NR,N,St,Effort beginning
1081012,722,C28/06_00276/432531                               ,SCANSII Block R Aerial,1,28-06-2005 00:00:00,,12:00,,55.27995682,-8.61849308,,,0,,98,,0,BL,3,NR,St,NR,NR,NR,NR,N,M,Effort beginning
1107387,724,B01/09/K06/07_00021/202911                        ,SCANSIII Block B Aerial,1,06-07-2016 00:00:00,,07:30,,47.65260696,-4.62552357,,,0.207,,100,,0,BL,3,NR,St,NR,NR,NR,NR,B,N,Condictions change
1096872,724,B01/07/K14/07_00043/219825                        ,SCANSIII Block B Aerial,1,14-07-2016 00:00:00,,16:58,,48.15686035,-5.01682854,,,0.189,,92.4,,0,BL,3,NR,M,NR,NR,NR,NR,B,M,Condictions change
967768,718,K02/03/E14/07_00031/84835                         ,SCANSIII Block K Aerial,1,14-07-2016 00:00:00,,10:19,,59.39558411,-6.67527342,,,0.209,,101.6,,0,BL,2,NR,M,NR,NR,NR,NR,B,N,Condictions change
1098306,724,B01/08/K06/07_00022/203549                        ,SCANSIII Block B Aerial,1,06-07-2016 00:00:00,,08:19,,46.82471848,-5.64443016,,,0.173,,83.5,,0,BL,2,NR,St,NR,NR,NR,NR,B,N,Effort beginning
494951,609,Z01/14/A01/07_00021/4052                          ,SCANSIII Block Z Aerial,1,01-07-2016 00:00:00,,16:06,,67.73189545,12.60946178,,,0.256,,99.6,,0,BL,0,NR,Sl,NR,NR,NR,NR,B,N,Effort beginning
955113,718,K01/03/E05/07_00018/78070                         ,SCANSIII Block K Aerial,1,05-07-2016 00:00:00,,15:54,,59.72296524,-5.94388008,,,0.209,,102.2,,0,BL,3,NR,Sl,NR,NR,NR,NR,B,N,Condictions change
1110441,724,B01/10/K06/07_00024/206010                        ,SCANSIII Block B Aerial,1,06-07-2016 00:00:00,,13:41,,47.45767212,-4.38386011,,,0.096,,93.7,,0,BL,1,NR,M,NR,NR,NR,NR,B,N,Condictions change
1098713,724,B02/13/K09/07_00037/214420                        ,SCANSIII Block B Aerial,1,09-07-2016 00:00:00,,12:51,,46.84873581,-3.6066649,,,0.231,,89.8,,0,BL,2,NR,M,NR,NR,NR,NR,B,N,Condictions change
1098846,724,B01/08/K06/07_00022/203625                        ,SCANSIII Block B Aerial,1,06-07-2016 00:00:00,,08:25,,46.93139648,-5.56543684,,,0.184,,89.3,,0,BL,2,NR,St,NR,NR,NR,NR,B,N,Effort beginning
1098848,724,B01/08/K06/07_00022/203627                        ,SCANSIII Block B Aerial,1,06-07-2016 00:00:00,,08:25,,46.93387222,-5.56335497,,,0.181,,87.9,,0,BL,2,NR,St,NR,NR,NR,NR,B,N,Effort beginning
1098998,724,B01/08/K06/07_00022/203633                        ,SCANSIII Block B Aerial,1,06-07-2016 00:00:00,,08:25,,46.9428978,-5.55642986,,,0.185,,90.3,,0,BL,2,NR,St,NR,NR,NR,NR,B,N,Effort beginning
1099253,724,B02/03/K17/07_00059/229386                        ,SCANSIII Block B Aerial,1,17-07-2016 00:00:00,,12:40,,49.3652916,-5.74878311,,,0.193,,93.8,,0,BL,2,NR,St,NR,NR,NR,NR,N,N,Condictions change
1099262,724,B02/03/K17/07_00059/229395                        ,SCANSIII Block B Aerial,1,17-07-2016 00:00:00,,12:41,,49.35108566,-5.75902176,,,0.196,,95.4,,0,BL,2,NR,St,NR,NR,NR,NR,N,N,Condictions change
862445,707,7253-1                                            ,SCANSII Block P Double platform,1,10-07-2005 00:00:00,10-07-2005 00:00:00,14:28,15:04,49.6028,-8.8531,49.5535,-8.9792,,,,,4,FW   ,2,L,Sl,NR,NR,D,G,NR,NR,
863527,707,3128-1                                            ,SCANSII Block Q Double platform,1,05-07-2005 00:00:00,05-07-2005 00:00:00,19:21,19:37,56.6681,-7.9104,56.6382,-7.9737,,,,,4,FW   ,3,L,N,NR,NR,D,M,NR,NR,
862393,707,7177-1                                            ,SCANSII Block P Double platform,1,08-07-2005 00:00:00,08-07-2005 00:00:00,12:24,12:56,48.8126,-7.8114,48.7704,-7.9257,,,,,4,FW   ,3,L,N,NR,NR,D,M,NR,NR,
862494,707,7272-2                                            ,SCANSII Block P Double platform,1,11-07-2005 00:00:00,11-07-2005 00:00:00,08:00,09:00,49.0568,-10.2124,49.0097,-10.3266,,,,,4,FW   ,3,L,N,NR,NR,D,M,NR,NR,
862548,707,7293-1                                            ,SCANSII Block P Double platform,1,11-07-2005 00:00:00,11-07-2005 00:00:00,16:08,16:45,49.3271,-10.4073,49.4166,-10.3299,,,,,4,FW   ,3,L,N,NR,NR,C,M,NR,NR,
862566,707,7295-1                                            ,SCANSII Block P Double platform,1,11-07-2005 00:00:00,11-07-2005 00:00:00,17:03,17:34,49.4628,-10.2897,49.5466,-10.2189,,,,,4,FW   ,3,L,N,NR,NR,D,M,NR,NR,
862579,707,7310-1                                            ,SCANSII Block P Double platform,1,12-07-2005 00:00:00,12-07-2005 00:00:00,12:48,13:32,50.2892,-9.5565,50.3883,-9.4666,,,,,4,FW   ,3,L,N,NR,NR,D,G,NR,NR,
862416,707,3402-1                                            ,SCANSII Block Q Double platform,1,12-07-2005 00:00:00,12-07-2005 00:00:00,09:14,09:36,51.4422,-10.5283,51.496,-10.4748,,,,,4,FW   ,3,L,St,NR,NR,D,G,NR,NR,
863476,707,3108-1                                            ,SCANSII Block Q Double platform,1,05-07-2005 00:00:00,05-07-2005 00:00:00,12:05,12:32,57.5583,-8.6279,57.5128,-8.5148,,,,,4,FW   ,2,L,N,NR,NR,D,G,NR,NR,
649134,682,CVT_193_207_22                                    ,SCANS1994_Block-F_Corvette,1,07-06-1994 00:00:00,07-06-1994 00:00:00,09:31,10:00,57.47483333,4.449166667,57.41116667,4.5345,,,,,6,FW   ,2,L,N,NR,NR,NR,NR,NR,NR,
863505,707,3121-1                                            ,SCANSII Block Q Double platform,1,05-07-2005 00:00:00,05-07-2005 00:00:00,15:29,15:58,57.2194,-7.7687,57.1742,-7.6476,,,,,4,FW   ,2,L,N,NR,NR,D,G,NR,NR,
862858,707,7518-1                                            ,SCANSII Block P Double platform,1,22-07-2005 00:00:00,22-07-2005 00:00:00,07:03,07:38,51.5084,-7.8075,51.4478,-7.685,,,,,4,FW   ,2,L,N,NR,NR,C,G,NR,NR,
862868,707,7528-1                                            ,SCANSII Block P Double platform,1,22-07-2005 00:00:00,22-07-2005 00:00:00,11:04,11:49,51.0922,-6.9826,51.0146,-6.8301,,,,,4,FW   ,2,L,N,NR,NR,D,G,NR,NR,
862338,707,3324-1                                            ,SCANSII Block Q Double platform,1,09-07-2005 00:00:00,09-07-2005 00:00:00,16:12,16:30,52.8152,-11.1404,52.7771,-11.0863,,,,,4,FW   ,2,L,N,NR,NR,D,G,NR,NR,
862366,707,3380-1                                            ,SCANSII Block Q Double platform,1,11-07-2005 00:00:00,11-07-2005 00:00:00,14:29,15:01,51.0096,-10.0212,50.9377,-10.1042,,,,,4,FW   ,2,L,N,NR,NR,D,G,NR,NR,
862994,707,3736-1                                            ,SCANSII Block Q Double platform,1,23-07-2005 00:00:00,23-07-2005 00:00:00,13:05,13:34,58.9455,-4.4011,58.9377,-4.246,,,,,4,FW   ,2,L,N,NR,NR,D,M,NR,NR,
865559,707,2617-1                                            ,SCANSII Block W Double platform,1,19-07-2005 00:00:00,19-07-2005 00:00:00,15:30,16:01,43.6376,-3.3943,43.6888,-3.4806,,,,,4,FW   ,3,M,M,NR,NR,D,G,NR,NR,
863074,707,7577-1                                            ,SCANSII Block P Double platform,1,25-07-2005 00:00:00,25-07-2005 00:00:00,15:59,16:43,49.3011,-6.4214,49.2199,-6.2879,,,,,4,FW   ,3,M,N,NR,NR,D,P,NR,NR,
862188,707,3213-1                                            ,SCANSII Block Q Double platform,1,07-07-2005 00:00:00,07-07-2005 00:00:00,16:04,16:20,54.9351,-9.8315,54.8915,-9.85,,,,,4,FW   ,3,M,N,NR,NR,C,P,NR,NR,
862512,707,3426-1                                            ,SCANSII Block Q Double platform,1,15-07-2005 00:00:00,15-07-2005 00:00:00,07:31,07:44,52.4914,-10.7409,52.5195,-10.7037,,,,,4,FW   ,3,M,N,NR,NR,D,P,NR,NR,
862679,707,3536-1                                            ,SCANSII Block Q Double platform,1,20-07-2005 00:00:00,20-07-2005 00:00:00,07:01,07:02,55.33,-9.8457,55.3315,-9.8393,,,,,4,FW   ,3,M,N,NR,NR,D,P,NR,NR,
862925,707,3650-1                                            ,SCANSII Block Q Double platform,1,22-07-2005 00:00:00,22-07-2005 00:00:00,08:32,09:02,57.8929,-7.3934,57.979,-7.3995,,,,,4,FW   ,3,M,N,NR,NR,D,P,NR,NR,
862927,707,3652-1                                            ,SCANSII Block Q Double platform,1,22-07-2005 00:00:00,22-07-2005 00:00:00,09:03,09:31,57.9813,-7.3996,58.0583,-7.4053,,,,,4,FW   ,3,M,N,NR,NR,D,P,NR,NR,
862987,707,3729-1                                            ,SCANSII Block Q Double platform,1,23-07-2005 00:00:00,23-07-2005 00:00:00,11:05,11:39,58.9714,-5.0412,58.9617,-4.8517,,,,,4,FW   ,3,M,N,NR,NR,D,P,NR,NR,
862291,707,7107-1                                            ,SCANSII Block P Double platform,1,05-07-2005 00:00:00,05-07-2005 00:00:00,06:25,06:58,46.7849,-4.9896,46.701,-5.0313,,,,,4,FW   ,4,M,M,NR,NR,D,P,NR,NR,
862292,707,7108-1                                            ,SCANSII Block P Double platform,1,05-07-2005 00:00:00,05-07-2005 00:00:00,06:58,07:28,46.701,-5.0313,46.6266,-5.0683,,,,,4,FW   ,4,M,N,NR,NR,D,P,NR,NR,
949112,717,DAN_396_304_27                                    ,SCANS1994_Block-A_Dana,1,19-07-1994 00:00:00,19-07-1994 00:00:00,17:12,17:39,49.65483333,-8.981833333,49.621,-9.089666667,,,,,6,FW   ,1,M,M,NR,NR,NR,NR,NR,NR,
865438,707,2284-1                                            ,SCANSII Block W Double platform,1,09-07-2005 00:00:00,09-07-2005 00:00:00,05:44,06:11,37.7028,-9.3629,37.7649,-9.3154,,,,,4,FW   ,1,M,St,NR,NR,D,P,NR,NR,
865448,707,2295-1                                            ,SCANSII Block W Double platform,1,09-07-2005 00:00:00,09-07-2005 00:00:00,09:30,09:39,38.1217,-9.0438,38.1423,-9.0278,,,,,4,FW   ,1,M,N,NR,NR,D,M,NR,NR,
865512,707,2367-1                                            ,SCANSII Block W Double platform,1,10-07-2005 00:00:00,10-07-2005 00:00:00,17:22,17:37,40.3188,-9.1302,40.355,-9.1508,,,,,4,FW   ,1,M,M,NR,NR,C,M,NR,NR,
863049,707,3761-1                                            ,SCANSII Block Q Double platform,1,23-07-2005 00:00:00,23-07-2005 00:00:00,18:18,18:49,59.4706,-4.1585,59.5548,-4.1745,,,,,4,FW   ,3,M,N,NR,NR,D,P,NR,NR,
863056,707,3768-1                                            ,SCANSII Block Q Double platform,1,23-07-2005 00:00:00,23-07-2005 00:00:00,19:49,20:15,59.7171,-4.2069,59.7882,-4.2217,,,,,4,FW   ,3,M,N,NR,NR,D,P,NR,NR,
1098635,724,B02/05/K21/07_00067/235193                        ,SCANSIII Block B Aerial,1,21-07-2016 00:00:00,,06:55,,48.14056015,-5.83088017,,,0,,91.4,,0,BL,2,NR,Sl,NR,NR,NR,NR,D,N,Condictions change
1109323,724,B01/13/K05/07_00019/201476                        ,SCANSIII Block B Aerial,1,05-07-2016 00:00:00,,10:59,,46.63750458,-3.88105345,,,0.198,,96.2,,0,BL,2,NR,N,NR,NR,NR,NR,D,N,Condictions change
1109324,724,B01/13/K05/07_00019/201477                        ,SCANSIII Block B Aerial,1,05-07-2016 00:00:00,,10:59,,46.63750458,-3.88105345,,,0,,96.2,,0,BL,2,NR,N,NR,NR,NR,NR,D,N,Condictions change
1098449,724,B02/21/K24/07_00075/241064                        ,SCANSIII Block B Aerial,1,24-07-2016 00:00:00,,06:40,,44.7101059,-2.10977507,,,0.191,,93.7,,0,BL,2,NR,M,NR,NR,NR,NR,D,N,Condictions change
1098482,724,B02/03/K17/07_00059/229287                        ,SCANSIII Block B Aerial,1,17-07-2016 00:00:00,,12:32,,49.50961304,-5.64149189,,,0.206,,99.8,,0,BL,2,NR,St,NR,NR,NR,NR,A,N,Condictions change
1098489,724,B02/03/K17/07_00059/229294                        ,SCANSIII Block B Aerial,1,17-07-2016 00:00:00,,12:34,,49.50773621,-5.64023685,,,0.188,,91.3,,0,BL,2,NR,St,NR,NR,NR,NR,A,N,Return to effort
1098494,724,B02/03/K17/07_00059/229299                        ,SCANSIII Block B Aerial,1,17-07-2016 00:00:00,,12:34,,49.50023651,-5.64667845,,,0.241,,93.8,,0,BL,2,NR,St,NR,NR,NR,NR,A,N,Return to effort
1098495,724,B02/03/K17/07_00059/229300                        ,SCANSIII Block B Aerial,1,17-07-2016 00:00:00,,12:34,,49.50023651,-5.64667845,,,0,,93.8,,0,BL,2,NR,St,NR,NR,NR,NR,A,N,Return to effort
1109564,724,B01/13/K05/07_00019/201509                        ,SCANSIII Block B Aerial,1,05-07-2016 00:00:00,,11:01,,46.59488678,-3.93608832,,,0.198,,96,,0,BL,2,NR,N,NR,NR,NR,NR,D,N,Condictions change
1097541,724,B02/05/K21/07_00067/235043                        ,SCANSIII Block B Aerial,1,21-07-2016 00:00:00,,06:45,,48.36245728,-5.66956997,,,0.192,,93.2,,0,BL,1,NR,M,NR,NR,NR,NR,D,N,Condictions change
1097545,724,B02/05/K21/07_00067/235047                        ,SCANSIII Block B Aerial,1,21-07-2016 00:00:00,,06:45,,48.3563385,-5.67421484,,,0.19,,92.1,,0,BL,1,NR,M,NR,NR,NR,NR,D,N,Condictions change
1097549,724,B02/05/K21/07_00067/235051                        ,SCANSIII Block B Aerial,1,21-07-2016 00:00:00,,06:45,,48.34977341,-5.67891645,,,0.238,,92.7,,0,BL,1,NR,M,NR,NR,NR,NR,D,N,Condictions change
1097789,724,B02/03/K17/07_00059/229202                        ,SCANSIII Block B Aerial,1,17-07-2016 00:00:00,,12:26,,49.65581131,-5.54593849,,,0.208,,101.3,,0,BL,1,NR,St,NR,NR,NR,NR,A,N,Condictions change
1118553,724,B01/05/K16/07_00052/224356                        ,SCANSIII Block B Aerial,1,16-07-2016 00:00:00,,06:59,,48.90802002,-5.10301352,,,0.195,,94.7,,0,BL,1,NR,M,NR,NR,NR,NR,A,N,Effort beginning
1119544,724,B01/05/K16/07_00052/224467                        ,SCANSIII Block B Aerial,1,16-07-2016 00:00:00,,07:06,,48.75836945,-5.27963686,,,0.197,,96,,0,BL,1,NR,M,NR,NR,NR,NR,A,N,Effort beginning
1119545,724,B01/05/K16/07_00052/224468                        ,SCANSIII Block B Aerial,1,16-07-2016 00:00:00,,07:06,,48.75836945,-5.27963686,,,0,,96,,0,BL,1,NR,M,NR,NR,NR,NR,A,N,Effort beginning
1099453,724,B02/05/K21/07_00067/235307                        ,SCANSIII Block B Aerial,1,21-07-2016 00:00:00,,07:02,,47.97056198,-5.95005178,,,0.188,,91.2,,0,BL,1,NR,M,NR,NR,NR,NR,D,N,Condictions change
1098651,724,B02/03/K17/07_00059/229312                        ,SCANSIII Block B Aerial,1,17-07-2016 00:00:00,,12:35,,49.48301315,-5.66393995,,,0.098,,95,,0,BL,2,NR,St,NR,NR,NR,NR,A,N,Return to effort
1099146,724,B02/21/K24/07_00075/241153                        ,SCANSIII Block B Aerial,1,24-07-2016 00:00:00,,06:46,,44.5733757,-2.21483493,,,0.239,,92.6,,0,BL,2,NR,M,NR,NR,NR,NR,D,N,Condictions change
1099147,724,B02/21/K24/07_00075/241154                        ,SCANSIII Block B Aerial,1,24-07-2016 00:00:00,,06:46,,44.57264709,-2.21547842,,,0.096,,92.9,,0,BL,2,NR,M,NR,NR,NR,NR,D,N,Condictions change
1099148,724,B02/21/K24/07_00075/241155                        ,SCANSIII Block B Aerial,1,24-07-2016 00:00:00,,06:46,,44.57118988,-2.21674657,,,0.191,,92.3,,0,BL,2,NR,M,NR,NR,NR,NR,D,N,Condictions change
1099485,724,B02/21/K24/07_00075/241204                        ,SCANSIII Block B Aerial,1,24-07-2016 00:00:00,,06:49,,44.49999237,-2.27004004,,,0,,91.5,,0,BL,2,NR,M,NR,NR,NR,NR,D,N,Condictions change
1099613,724,B02/21/K24/07_00075/241220                        ,SCANSIII Block B Aerial,1,24-07-2016 00:00:00,,06:50,,44.47626495,-2.28890491,,,0.188,,93.3,,0,BL,2,NR,M,NR,NR,NR,NR,D,N,Condictions change
1099615,724,B02/21/K24/07_00075/241222                        ,SCANSIII Block B Aerial,1,24-07-2016 00:00:00,,06:51,,44.47328186,-2.29121161,,,0.188,,91.4,,0,BL,2,NR,M,NR,NR,NR,NR,D,N,Condictions change
1099616,724,B02/21/K24/07_00075/241223                        ,SCANSIII Block B Aerial,1,24-07-2016 00:00:00,,06:51,,44.47182465,-2.29238343,,,0.187,,90.7,,0,BL,2,NR,M,NR,NR,NR,NR,D,N,Condictions change
1099617,724,B02/21/K24/07_00075/241224                        ,SCANSIII Block B Aerial,1,24-07-2016 00:00:00,,06:51,,44.47037125,-2.29359508,,,0.188,,91.6,,0,BL,2,NR,M,NR,NR,NR,NR,D,N,Condictions change
990092,720,H01/04/I04/07_00023/151447                        ,SCANSIII Block H Aerial,1,04-07-2016 00:00:00,,14:16,,56.4917717,-8.8828001,,,0.208,,101.5,,0,BL,2,NR,N,NR,NR,NR,NR,D,M,Condictions change
991384,720,H01/06/I04/07_00020/150383                        ,SCANSIII Block H Aerial,1,04-07-2016 00:00:00,,12:50,,56.52315903,-7.71223831,,,0.207,,100.7,,0,BL,2,NR,M,NR,NR,NR,NR,D,M,Condictions change
991412,720,H01/06/I04/07_00020/150411                        ,SCANSIII Block H Aerial,1,04-07-2016 00:00:00,,12:52,,56.47794342,-7.76000977,,,0.211,,102.3,,0,BL,2,NR,M,NR,NR,NR,NR,D,M,Condictions change
991422,720,H01/06/I04/07_00020/150421                        ,SCANSIII Block H Aerial,1,04-07-2016 00:00:00,,12:52,,56.46138382,-7.77725649,,,0.206,,100.5,,0,BL,2,NR,M,NR,NR,NR,NR,D,M,Condictions change
991480,720,H01/06/I04/07_00020/150479                        ,SCANSIII Block H Aerial,1,04-07-2016 00:00:00,,12:56,,56.36752319,-7.87584496,,,0.213,,102.8,,0,BL,2,NR,M,NR,NR,NR,NR,D,M,Condictions change
1068033,722,C05/07_00307/512581                               ,SCANSII Block N Aerial,1,05-07-2005 00:00:00,,15:44,,57.75582886,-6.2394433,,,0.042636,,111.2,,0,BL,2,NR,N,NR,NR,NR,NR,D,M,Condictions change
863403,707,3039-1                                            ,SCANSII Block Q Double platform,1,30-06-2005 00:00:00,30-06-2005 00:00:00,15:04,15:33,59.4176,-5.6823,59.4208,-5.8215,,,,,4,FW   ,3,M,N,NR,NR,D,M,NR,NR,
863628,707,3196-1                                            ,SCANSII Block Q Double platform,1,07-07-2005 00:00:00,07-07-2005 00:00:00,13:52,14:03,55.3071,-9.678,55.274,-9.691,,,,,4,FW   ,3,M,N,NR,NR,C,M,NR,NR,
862183,707,3207-1                                            ,SCANSII Block Q Double platform,1,07-07-2005 00:00:00,07-07-2005 00:00:00,15:25,15:37,55.0418,-9.7875,55.0084,-9.8026,,,,,4,FW   ,3,M,N,NR,NR,D,M,NR,NR,
862247,707,7064-1                                            ,SCANSII Block P Double platform,1,03-07-2005 00:00:00,03-07-2005 00:00:00,04:57,05:13,47.3327,-6.3966,47.371,-6.371,,,,,4,FW   ,2,M,N,NR,NR,D,M,NR,NR,
862333,707,3319-1                                            ,SCANSII Block Q Double platform,1,09-07-2005 00:00:00,09-07-2005 00:00:00,14:31,15:03,53.0301,-11.4508,52.9623,-11.3521,,,,,4,FW   ,2,M,N,NR,NR,D,G,NR,NR,
863500,707,3116-1                                            ,SCANSII Block Q Double platform,1,05-07-2005 00:00:00,05-07-2005 00:00:00,14:06,14:30,57.3594,-8.1197,57.3189,-8.0168,,,,,4,FW   ,0,M,N,NR,NR,D,G,NR,NR,
863019,707,3746-1                                            ,SCANSII Block Q Double platform,1,23-07-2005 00:00:00,23-07-2005 00:00:00,14:50,15:03,59.0337,-4.0743,59.0705,-4.0816,,,,,4,FW   ,1,M,N,NR,NR,D,G,NR,NR,
862191,707,3227-1                                            ,SCANSII Block Q Double platform,1,08-07-2005 00:00:00,08-07-2005 00:00:00,07:19,07:38,54.4696,-10.1202,54.448,-10.2068,,,,,4,FW   ,3,M,N,NR,NR,D,M,NR,NR,
862846,707,3671-1                                            ,SCANSII Block Q Double platform,1,22-07-2005 00:00:00,22-07-2005 00:00:00,13:03,13:26,58.651,-7.4471,58.7153,-7.4511,,,,,4,FW   ,3,M,N,NR,NR,D,M,NR,NR,
863148,707,3661-1                                            ,SCANSII Block Q Double platform,1,22-07-2005 00:00:00,22-07-2005 00:00:00,11:17,11:31,58.3539,-7.4274,58.3933,-7.4282,,,,,4,FW   ,3,M,N,NR,NR,D,M,NR,NR,
863150,707,3663-1                                            ,SCANSII Block Q Double platform,1,22-07-2005 00:00:00,22-07-2005 00:00:00,11:41,12:08,58.4205,-7.4301,58.4961,-7.4382,,,,,4,FW   ,3,M,N,NR,NR,D,M,NR,NR,
862892,707,3703-1                                            ,SCANSII Block Q Double platform,1,23-07-2005 00:00:00,23-07-2005 00:00:00,06:13,06:24,59.0203,-6.6143,59.0184,-6.5556,,,,,4,FW   ,3,M,N,NR,NR,D,G,NR,NR,
862418,707,3405-1                                            ,SCANSII Block Q Double platform,1,12-07-2005 00:00:00,12-07-2005 00:00:00,15:00,15:18,51.9943,-11.0212,52.0296,-11.082,,,,,4,FW   ,4,M,M,NR,NR,D,P,NR,NR,
865768,707,2513-1                                            ,SCANSII Block W Double platform,1,15-07-2005 00:00:00,15-07-2005 00:00:00,16:31,17:00,43.8683,-7.9358,43.8295,-7.8516,,,,,4,FW   ,2,N,N,NR,NR,D,P,NR,NR,
865687,707,2767-1                                            ,SCANSII Block W Double platform,1,24-07-2005 00:00:00,24-07-2005 00:00:00,06:51,07:08,43.9196,-2.0427,43.8794,-2.0146,,,,,4,FW   ,4,N,St,NR,NR,D,P,NR,NR,
865739,707,2478-1                                            ,SCANSII Block W Double platform,1,15-07-2005 00:00:00,15-07-2005 00:00:00,06:00,06:30,43.469,-9.0325,43.5477,-9.0197,,,,,4,FW   ,1,N,M,NR,NR,D,G,NR,NR,
862863,707,7523-1                                            ,SCANSII Block P Double platform,1,22-07-2005 00:00:00,22-07-2005 00:00:00,09:05,09:33,51.2988,-7.3889,51.2502,-7.2911,,,,,4,FW   ,3,N,N,NR,NR,D,M,NR,NR,
865743,707,2482-1                                            ,SCANSII Block W Double platform,1,15-07-2005 00:00:00,15-07-2005 00:00:00,07:32,08:01,43.7138,-8.9988,43.7902,-8.9879,,,,,4,FW   ,2,N,St,NR,NR,D,M,NR,NR,
862999,707,7416-1                                            ,SCANSII Block P Double platform,1,17-07-2005 00:00:00,17-07-2005 00:00:00,13:49,14:17,50.2104,-6.7823,50.1437,-6.7207,,,,,4,FW   ,0,N,N,NR,NR,D,E,NR,NR,
1146297,730,9_1127_1                                          ,SCANSIII Block 9 Double platform,1,04-08-2016 00:00:00,04-08-2016 00:00:00,07:06,07:12,47.34814,-9.554658,47.35746,-9.541148,,,,,4,FW   ,0,N,NR,NR,NR,NR,NR,NR,NR,
1146298,730,9_1147_1                                          ,SCANSIII Block 9 Double platform,1,04-08-2016 00:00:00,04-08-2016 00:00:00,12:01,12:28,47.83607,-8.842555,47.88123,-8.772161,,,,,4,FW   ,0,N,NR,NR,NR,NR,NR,NR,NR,
1146299,730,9_1157_1                                          ,SCANSIII Block 9 Double platform,1,04-08-2016 00:00:00,04-08-2016 00:00:00,15:00,15:30,48.08018,-8.48129,48.1316,-8.406072,,,,,4,FW   ,0,N,NR,NR,NR,NR,NR,NR,NR,
1146327,730,9_1041_1                                          ,SCANSIII Block 9 Double platform,1,01-08-2016 00:00:00,01-08-2016 00:00:00,10:03,10:10,46.06999,-7.652449,46.05762,-7.670888,,,,,4,FW   ,0,N,NR,NR,NR,NR,NR,NR,NR,
1146333,730,9_760_1                                           ,SCANSIII Block 9 Double platform,1,24-07-2016 00:00:00,24-07-2016 00:00:00,05:22,05:42,46.34566,-9.144156,46.30132,-9.165797,,,,,4,FW   ,0,N,NR,NR,NR,NR,NR,NR,NR,
865834,707,2780-1                                            ,SCANSII Block W Double platform,1,24-07-2005 00:00:00,24-07-2005 00:00:00,09:46,10:01,43.7281,-2.0104,43.7082,-2.0581,,,,,4,FW   ,3,N,N,NR,NR,D,M,NR,NR,
865797,707,2553-1                                            ,SCANSII Block W Double platform,1,17-07-2005 00:00:00,17-07-2005 00:00:00,08:00,08:44,43.8907,-5.2797,43.8386,-5.1918,,,,,4,FW   ,2,L,St,NR,NR,D,M,NR,NR,
863499,707,3115-1                                            ,SCANSII Block Q Double platform,1,05-07-2005 00:00:00,05-07-2005 00:00:00,13:39,14:06,57.402,-8.2284,57.3594,-8.1197,,,,,4,FW   ,0,L,N,NR,NR,D,E,NR,NR,
862663,707,7353-1                                            ,SCANSII Block P Double platform,1,14-07-2005 00:00:00,14-07-2005 00:00:00,05:31,06:04,50.6685,-11.3413,50.7583,-11.3263,,,,,4,FW   ,0,L,N,NR,NR,D,G,NR,NR,
862748,707,3334-1                                            ,SCANSII Block Q Double platform,1,10-07-2005 00:00:00,10-07-2005 00:00:00,14:33,15:07,52.0669,-11.7126,51.9832,-11.7822,,,,,4,FW   ,0,L,N,NR,NR,C,E,NR,NR,
865780,707,2526-1                                            ,SCANSII Block W Double platform,1,16-07-2005 00:00:00,16-07-2005 00:00:00,08:00,08:34,43.7713,-6.7694,43.8157,-6.659,,,,,4,FW   ,0,L,M,NR,NR,D,E,NR,NR,
865783,707,2529-1                                            ,SCANSII Block W Double platform,1,16-07-2005 00:00:00,16-07-2005 00:00:00,09:33,10:01,43.8903,-6.4885,43.9283,-6.403,,,,,4,FW   ,0,L,N,NR,NR,C,E,NR,NR,
865785,707,2531-1                                            ,SCANSII Block W Double platform,1,16-07-2005 00:00:00,16-07-2005 00:00:00,10:38,11:01,43.9753,-6.2946,44.0039,-6.2301,,,,,4,FW   ,0,L,N,NR,NR,D,E,NR,NR,
862633,707,7335-1                                            ,SCANSII Block P Double platform,1,13-07-2005 00:00:00,13-07-2005 00:00:00,09:47,10:20,50.2141,-10.6789,50.1683,-10.8112,,,,,4,FW   ,1,L,N,NR,NR,D,E,NR,NR,
862639,707,7343-1                                            ,SCANSII Block P Double platform,1,13-07-2005 00:00:00,13-07-2005 00:00:00,14:46,15:26,49.9976,-11.4564,50.1145,-11.4366,,,,,4,FW   ,1,L,N,NR,NR,D,G,NR,NR,
862641,707,7345-1                                            ,SCANSII Block P Double platform,1,13-07-2005 00:00:00,13-07-2005 00:00:00,15:52,16:35,50.1929,-11.4233,50.3167,-11.4021,,,,,4,FW   ,1,L,N,NR,NR,D,G,NR,NR,
862642,707,7346-1                                            ,SCANSII Block P Double platform,1,13-07-2005 00:00:00,13-07-2005 00:00:00,16:35,17:15,50.3167,-11.4021,50.405,-11.3733,,,,,4,FW   ,1,L,N,NR,NR,D,G,NR,NR,
862948,707,7394-1                                            ,SCANSII Block P Double platform,1,16-07-2005 00:00:00,16-07-2005 00:00:00,18:52,19:27,51.3038,-7.8355,51.2203,-7.7531,,,,,4,FW   ,1,L,N,NR,NR,D,G,NR,NR,
862417,707,3403-1                                            ,SCANSII Block Q Double platform,1,12-07-2005 00:00:00,12-07-2005 00:00:00,09:36,09:53,51.496,-10.4748,51.5344,-10.4365,,,,,4,FW   ,1,L,N,NR,NR,D,G,NR,NR,
865725,707,2459-1                                            ,SCANSII Block W Double platform,1,14-07-2005 00:00:00,14-07-2005 00:00:00,12:06,12:30,42.99,-9.5086,43.0486,-9.4747,,,,,4,FW   ,1,L,N,NR,NR,C,E,NR,NR,
865784,707,2530-1                                            ,SCANSII Block W Double platform,1,16-07-2005 00:00:00,16-07-2005 00:00:00,10:01,10:38,43.9283,-6.403,43.9753,-6.2946,,,,,4,FW   ,1,L,N,NR,NR,D,E,NR,NR,
863048,707,3760-1                                            ,SCANSII Block Q Double platform,1,23-07-2005 00:00:00,23-07-2005 00:00:00,17:47,18:18,59.3859,-4.1416,59.4706,-4.1585,,,,,4,FW   ,3,H,N,NR,NR,D,P,NR,NR,
865877,707,2875-1                                            ,SCANSII Block W Double platform,1,26-07-2005 00:00:00,26-07-2005 00:00:00,12:30,13:00,44.1867,-7.7888,44.1787,-7.8944,,,,,4,FW   ,2,H,N,NR,NR,D,G,NR,NR,
862413,707,3399-1                                            ,SCANSII Block Q Double platform,1,12-07-2005 00:00:00,12-07-2005 00:00:00,08:40,09:04,51.3615,-10.6092,51.4185,-10.551,,,,,4,FW   ,3,H,M,NR,NR,D,M,NR,NR,
862849,707,3674-1                                            ,SCANSII Block Q Double platform,1,22-07-2005 00:00:00,22-07-2005 00:00:00,14:01,14:30,58.8131,-7.4582,58.8936,-7.4648,,,,,4,FW   ,3,H,N,NR,NR,D,M,NR,NR,
862887,707,3697-1                                            ,SCANSII Block Q Double platform,1,22-07-2005 00:00:00,22-07-2005 00:00:00,18:02,18:18,59.1569,-7.0255,59.1629,-6.9382,,,,,4,FW   ,3,H,N,NR,NR,D,M,NR,NR,
863079,707,3795-1                                            ,SCANSII Block Q Double platform,1,24-07-2005 00:00:00,24-07-2005 00:00:00,11:31,11:34,59.6445,-3.5832,59.6364,-3.5839,,,,,4,FW   ,3,H,N,NR,NR,D,M,NR,NR,
865798,707,2554-1                                            ,SCANSII Block W Double platform,1,17-07-2005 00:00:00,17-07-2005 00:00:00,08:44,09:07,43.8386,-5.1918,43.8019,-5.1286,,,,,4,FW   ,1,L,M,NR,NR,D,M,NR,NR,
862460,707,3350-1                                            ,SCANSII Block Q Double platform,1,11-07-2005 00:00:00,11-07-2005 00:00:00,07:31,08:03,51.7232,-11.4553,51.6701,-11.3451,,,,,4,FW   ,1,L,St,NR,NR,C,G,NR,NR,
1099543,724,B01/08/K06/07_00022/203682                        ,SCANSIII Block B Aerial,1,06-07-2016 00:00:00,,08:28,,47.01800156,-5.50136995,,,0.194,,94.2,,0,BL,2,NR,St,NR,NR,NR,NR,B,N,Effort beginning
1111285,724,B01/09/K06/07_00021/203385                        ,SCANSIII Block B Aerial,1,06-07-2016 00:00:00,,08:04,,47.01435471,-5.40543842,,,0.203,,99.3,,0,BL,2,NR,St,NR,NR,NR,NR,B,N,Return to effort
1107982,724,B01/09/K06/07_00021/202978                        ,SCANSIII Block B Aerial,1,06-07-2016 00:00:00,,07:35,,47.56283951,-4.73718643,,,0.2,,97.1,,0,BL,3,NR,St,NR,NR,NR,NR,B,N,Condictions change
1108684,724,B01/09/K06/07_00021/203056                        ,SCANSIII Block B Aerial,1,06-07-2016 00:00:00,,07:40,,47.45190811,-4.86937523,,,0.196,,94.9,,0,BL,3,NR,St,NR,NR,NR,NR,B,N,Condictions change
1119318,724,B01/07/K14/07_00043/219335                        ,SCANSIII Block B Aerial,1,14-07-2016 00:00:00,,16:25,,47.51581955,-5.80985689,,,0.184,,89.9,,0,BL,3,NR,M,NR,NR,NR,NR,B,N,Condictions change
1109864,724,B01/09/K06/07_00021/203212                        ,SCANSIII Block B Aerial,1,06-07-2016 00:00:00,,07:50,,47.2385788,-5.13292313,,,0.201,,97.7,,0,BL,3,NR,St,NR,NR,NR,NR,B,N,Condictions change
1109985,724,B01/09/K06/07_00021/203237                        ,SCANSIII Block B Aerial,1,06-07-2016 00:00:00,,07:52,,47.20528793,-5.17348003,,,0.195,,93.9,,0,BL,3,NR,St,NR,NR,NR,NR,B,N,Condictions change
1119930,724,B01/07/K14/07_00043/219435                        ,SCANSIII Block B Aerial,1,14-07-2016 00:00:00,,16:32,,47.64495468,-5.64966679,,,0.191,,92.6,,0,BL,3,NR,M,NR,NR,NR,NR,B,N,Condictions change
1120422,724,B01/07/K14/07_00043/219495                        ,SCANSIII Block B Aerial,1,14-07-2016 00:00:00,,16:36,,47.72373962,-5.55209827,,,0.193,,94,,0,BL,3,NR,M,NR,NR,NR,NR,B,N,Condictions change
1120598,724,B02/04/K17/07_00060/230765                        ,SCANSIII Block B Aerial,1,17-07-2016 00:00:00,,14:18,,48.72183228,-5.80933189,,,0.178,,86.7,,0,BL,3,NR,St,NR,NR,NR,NR,N,N,Condictions change
1120676,724,B01/07/K14/07_00043/219525                        ,SCANSIII Block B Aerial,1,14-07-2016 00:00:00,,16:38,,47.76448822,-5.50313663,,,0.192,,94.1,,0,BL,3,NR,M,NR,NR,NR,NR,B,N,Condictions change
1120684,724,B01/07/K14/07_00043/219533                        ,SCANSIII Block B Aerial,1,14-07-2016 00:00:00,,16:38,,47.77456665,-5.4889698,,,0.192,,93.3,,0,BL,3,NR,M,NR,NR,NR,NR,B,N,Condictions change
1120686,724,B01/07/K14/07_00043/219535                        ,SCANSIII Block B Aerial,1,14-07-2016 00:00:00,,16:39,,47.77723694,-5.48566151,,,0.194,,94.9,,0,BL,3,NR,M,NR,NR,NR,NR,B,N,Condictions change
1120797,724,B01/07/K14/07_00043/219550                        ,SCANSIII Block B Aerial,1,14-07-2016 00:00:00,,16:40,,47.79722595,-5.46071482,,,0.19,,93,,0,BL,3,NR,M,NR,NR,NR,NR,B,N,Condictions change
1120798,724,B01/07/K14/07_00043/219551                        ,SCANSIII Block B Aerial,1,14-07-2016 00:00:00,,16:40,,47.79857635,-5.4591465,,,0.191,,92.8,,0,BL,3,NR,M,NR,NR,NR,NR,B,N,Condictions change
1120800,724,B01/07/K14/07_00043/219553                        ,SCANSIII Block B Aerial,1,14-07-2016 00:00:00,,16:40,,47.80166245,-5.45560837,,,0.241,,93.9,,0,BL,3,NR,M,NR,NR,NR,NR,B,N,Condictions change
865794,707,2550-1                                            ,SCANSII Block W Double platform,1,17-07-2005 00:00:00,17-07-2005 00:00:00,07:00,07:31,43.9862,-5.4441,43.9369,-5.3593,,,,,4,FW   ,1,L,St,NR,NR,D,G,NR,NR,
865799,707,2555-1                                            ,SCANSII Block W Double platform,1,17-07-2005 00:00:00,17-07-2005 00:00:00,09:07,09:20,43.8019,-5.1286,43.7784,-5.0901,,,,,4,FW   ,1,L,M,NR,NR,D,G,NR,NR,
865860,707,2848-1                                            ,SCANSII Block W Double platform,1,26-07-2005 00:00:00,26-07-2005 00:00:00,05:25,05:52,43.8389,-6.4418,43.8832,-6.5193,,,,,4,FW   ,1,L,N,NR,NR,D,G,NR,NR,
862500,707,3362-1                                            ,SCANSII Block Q Double platform,1,11-07-2005 00:00:00,11-07-2005 00:00:00,09:32,10:05,51.519,-11.032,51.4629,-10.9168,,,,,4,FW   ,2,L,M,NR,NR,D,G,NR,NR,
862647,707,3484-1                                            ,SCANSII Block Q Double platform,1,16-07-2005 00:00:00,16-07-2005 00:00:00,08:33,09:00,53.8475,-11.8143,53.9074,-11.7317,,,,,4,FW   ,2,L,N,NR,NR,D,G,NR,NR,
862649,707,3486-1                                            ,SCANSII Block Q Double platform,1,16-07-2005 00:00:00,16-07-2005 00:00:00,09:02,09:31,53.9098,-11.7283,53.9709,-11.6407,,,,,4,FW   ,2,L,N,NR,NR,D,G,NR,NR,
862961,707,3718-1                                            ,SCANSII Block Q Double platform,1,23-07-2005 00:00:00,23-07-2005 00:00:00,08:39,08:51,58.9987,-5.8274,58.9964,-5.7671,,,,,4,FW   ,4,M,N,NR,NR,D,P,NR,NR,
863054,707,3766-1                                            ,SCANSII Block Q Double platform,1,23-07-2005 00:00:00,23-07-2005 00:00:00,19:21,19:47,59.6434,-4.1923,59.7129,-4.2062,,,,,4,FW   ,4,M,N,NR,NR,D,P,NR,NR,
1146306,730,9_948_1                                           ,SCANSIII Block 9 Double platform,1,30-07-2016 00:00:00,30-07-2016 00:00:00,07:15,07:28,46.42064,-5.324465,46.39955,-5.360005,,,,,4,FW   ,2,M,N,N,N,D,M,E,NR,
1146302,730,9_944_1                                           ,SCANSIII Block 9 Double platform,1,30-07-2016 00:00:00,30-07-2016 00:00:00,06:11,06:30,46.52012,-5.156355,46.49194,-5.203389,,,,,4,FW   ,3,M,N,N,N,D,M,E,NR,
1146388,730,9_696_1                                           ,SCANSIII Block 9 Double platform,1,22-07-2016 00:00:00,22-07-2016 00:00:00,11:45,12:05,47.31322,-10.10116,47.27456,-10.13568,,,,,4,FW   ,4,H,N,N,N,D,M,E,NR,
1146081,730,8_261_1                                           ,SCANSIII Block 8 Double platform,1,04-07-2016 00:00:00,04-07-2016 00:00:00,10:30,10:53,58.85132,-10.90307,58.85221,-10.99439,,,,,4,FW   ,2,L,N,N,N,D,G,E,NR,
1146467,730,9_692_1                                           ,SCANSIII Block 9 Double platform,1,22-07-2016 00:00:00,22-07-2016 00:00:00,10:37,10:46,47.43173,-9.999742,47.4132,-10.01679,,,,,4,FW   ,4,M,N,N,N,D,M,E,NR,
1146468,730,9_693_1                                           ,SCANSIII Block 9 Double platform,1,22-07-2016 00:00:00,22-07-2016 00:00:00,10:46,11:01,47.4132,-10.01679,47.38306,-10.04246,,,,,4,FW   ,4,M,N,N,N,D,M,E,NR,
1146495,730,9_711_1                                           ,SCANSIII Block 9 Double platform,1,22-07-2016 00:00:00,22-07-2016 00:00:00,15:33,15:53,46.86356,-10.4989,46.82682,-10.53528,,,,,4,FW   ,3,M,N,N,N,D,G,E,NR,
1146496,730,9_712_1                                           ,SCANSIII Block 9 Double platform,1,22-07-2016 00:00:00,22-07-2016 00:00:00,15:53,16:00,46.82682,-10.53528,46.81324,-10.54866,,,,,4,FW   ,3,M,N,N,N,D,G,E,NR,
1146473,730,9_702_1                                           ,SCANSIII Block 9 Double platform,1,22-07-2016 00:00:00,22-07-2016 00:00:00,13:19,13:31,47.12748,-10.27034,47.10579,-10.29139,,,,,4,FW   ,3,M,N,N,N,D,M,E,NR,
1146475,730,9_704_1                                           ,SCANSIII Block 9 Double platform,1,22-07-2016 00:00:00,22-07-2016 00:00:00,13:52,14:01,47.06698,-10.32959,47.05065,-10.34443,,,,,4,FW   ,3,M,N,N,N,D,M,E,NR,
1146476,730,9_705_1                                           ,SCANSIII Block 9 Double platform,1,22-07-2016 00:00:00,22-07-2016 00:00:00,14:01,14:22,47.05065,-10.34443,47.00801,-10.38,,,,,4,FW   ,3,M,N,N,N,D,M,E,NR,
1146550,730,9_985_1                                           ,SCANSIII Block 9 Double platform,1,30-07-2016 00:00:00,30-07-2016 00:00:00,16:30,16:44,45.55629,-6.774869,45.53508,-6.81038,,,,,4,FW   ,3,L,N,N,N,D,G,E,NR,
1146661,730,9_753_1                                           ,SCANSIII Block 9 Double platform,1,23-07-2016 00:00:00,23-07-2016 00:00:00,14:00,14:19,46.5902,-9.829578,46.6101,-9.766372,,,,,4,FW   ,3,L,N,N,N,D,G,E,NR,
1146530,730,9_963_1                                           ,SCANSIII Block 9 Double platform,1,30-07-2016 00:00:00,30-07-2016 00:00:00,10:50,10:58,46.08876,-5.88318,46.0753,-5.905778,,,,,4,FW   ,2,L,N,N,N,D,G,E,NR,
1146534,730,9_969_1                                           ,SCANSIII Block 9 Double platform,1,30-07-2016 00:00:00,30-07-2016 00:00:00,12:45,13:00,45.90463,-6.172251,45.88081,-6.210748,,,,,4,FW   ,2,L,N,N,N,D,G,E,NR,
1146613,730,9_868_1                                           ,SCANSIII Block 9 Double platform,1,28-07-2016 00:00:00,28-07-2016 00:00:00,12:32,12:47,45.62716,-3.732682,45.65923,-3.747897,,,,,4,FW   ,2,L,N,N,N,D,G,E,NR,
1146616,730,9_871_1                                           ,SCANSIII Block 9 Double platform,1,28-07-2016 00:00:00,28-07-2016 00:00:00,13:15,13:31,45.71801,-3.780058,45.75039,-3.79985,,,,,4,FW   ,2,L,N,N,N,D,G,E,NR,
1146617,730,9_872_1                                           ,SCANSIII Block 9 Double platform,1,28-07-2016 00:00:00,28-07-2016 00:00:00,13:31,13:46,45.75039,-3.79985,45.77958,-3.820663,,,,,4,FW   ,2,L,N,N,N,D,G,E,NR,
1146620,730,9_876_1                                           ,SCANSIII Block 9 Double platform,1,28-07-2016 00:00:00,28-07-2016 00:00:00,14:29,14:54,45.87284,-3.862662,45.92607,-3.881925,,,,,4,FW   ,2,L,N,N,N,D,G,E,NR,
1146624,730,9_777_1                                           ,SCANSIII Block 9 Double platform,1,24-07-2016 00:00:00,24-07-2016 00:00:00,09:49,10:33,45.95658,-9.026403,45.96763,-8.8679,,,,,4,FW   ,2,L,N,N,N,D,G,E,NR,
1146639,730,9_881_1                                           ,SCANSIII Block 9 Double platform,1,28-07-2016 00:00:00,28-07-2016 00:00:00,16:30,17:09,45.96178,-4.093389,45.90977,-4.206491,,,,,4,FW   ,2,L,St,N,N,D,G,E,NR,
1146640,730,9_883_1                                           ,SCANSIII Block 9 Double platform,1,28-07-2016 00:00:00,28-07-2016 00:00:00,17:29,18:02,45.8807,-4.263553,45.84252,-4.356357,,,,,4,FW   ,2,L,N,N,N,D,G,E,NR,
1146641,730,9_884_1                                           ,SCANSIII Block 9 Double platform,1,28-07-2016 00:00:00,28-07-2016 00:00:00,18:02,18:40,45.84252,-4.356357,45.7928,-4.460855,,,,,4,FW   ,2,L,N,N,N,D,G,E,NR,
1146643,730,9_887_1                                           ,SCANSIII Block 9 Double platform,1,28-07-2016 00:00:00,28-07-2016 00:00:00,19:00,19:16,45.76802,-4.516368,45.74945,-4.559355,,,,,4,FW   ,2,L,N,N,N,D,G,E,NR,
1120801,724,B01/07/K14/07_00043/219554                        ,SCANSIII Block B Aerial,1,14-07-2016 00:00:00,,16:40,,47.80166245,-5.45560837,,,0,,93.9,,0,BL,3,NR,M,NR,NR,NR,NR,B,N,Condictions change
1120864,724,B02/04/K17/07_00060/230807                        ,SCANSIII Block B Aerial,1,17-07-2016 00:00:00,,14:20,,48.7729454,-5.74365997,,,0.176,,85.9,,0,BL,3,NR,St,NR,NR,NR,NR,N,N,Condictions change
1120924,724,B01/07/K14/07_00043/219565                        ,SCANSIII Block B Aerial,1,14-07-2016 00:00:00,,16:41,,47.81551361,-5.43802357,,,0.193,,93.8,,0,BL,3,NR,M,NR,NR,NR,NR,B,N,Condictions change
1120972,724,B02/04/K17/07_00060/230819                        ,SCANSIII Block B Aerial,1,17-07-2016 00:00:00,,14:21,,48.7864151,-5.72775841,,,0.176,,85.8,,0,BL,3,NR,St,NR,NR,NR,NR,N,N,Condictions change
1121044,724,B01/07/K14/07_00043/219573                        ,SCANSIII Block B Aerial,1,14-07-2016 00:00:00,,16:41,,47.82645416,-5.42526674,,,0.191,,92.9,,0,BL,3,NR,M,NR,NR,NR,NR,B,N,Condictions change
1121049,724,B01/07/K14/07_00043/219578                        ,SCANSIII Block B Aerial,1,14-07-2016 00:00:00,,16:41,,47.83359146,-5.41690826,,,0.194,,94.7,,0,BL,3,NR,M,NR,NR,NR,NR,B,N,Condictions change
1121056,724,B01/07/K14/07_00043/219585                        ,SCANSIII Block B Aerial,1,14-07-2016 00:00:00,,16:42,,47.84241867,-5.40552187,,,0.191,,93.3,,0,BL,3,NR,M,NR,NR,NR,NR,B,N,Condictions change
1121123,724,B01/07/K14/07_00043/219588                        ,SCANSIII Block B Aerial,1,14-07-2016 00:00:00,,16:42,,47.8465004,-5.39984846,,,0.238,,92.5,,0,BL,3,NR,M,NR,NR,NR,NR,B,N,Condictions change
1121134,724,B01/07/K14/07_00043/219599                        ,SCANSIII Block B Aerial,1,14-07-2016 00:00:00,,16:43,,47.86125565,-5.3823185,,,0.191,,92.6,,0,BL,3,NR,M,NR,NR,NR,NR,B,N,Condictions change
1121178,724,B02/04/K17/07_00060/230833                        ,SCANSIII Block B Aerial,1,17-07-2016 00:00:00,,14:22,,48.80376816,-5.70572519,,,0.092,,89.2,,0,BL,3,NR,St,NR,NR,NR,NR,N,N,Condictions change
1121204,724,B01/07/K14/07_00043/219605                        ,SCANSIII Block B Aerial,1,14-07-2016 00:00:00,,16:43,,47.8691597,-5.37362146,,,0.19,,92.7,,0,BL,3,NR,M,NR,NR,NR,NR,B,N,Condictions change
1121205,724,B01/07/K14/07_00043/219606                        ,SCANSIII Block B Aerial,1,14-07-2016 00:00:00,,16:43,,47.87047577,-5.37201023,,,0.19,,92.2,,0,BL,3,NR,M,NR,NR,NR,NR,B,N,Condictions change
1121206,724,B01/07/K14/07_00043/219607                        ,SCANSIII Block B Aerial,1,14-07-2016 00:00:00,,16:43,,47.87207794,-5.36990976,,,0.238,,92.7,,0,BL,3,NR,M,NR,NR,NR,NR,B,N,Condictions change
1111921,724,B01/09/K06/07_00021/203461                        ,SCANSIII Block B Aerial,1,06-07-2016 00:00:00,,08:09,,46.90870667,-5.53451347,,,0.199,,96.5,,0,BL,2,NR,St,NR,NR,NR,NR,B,N,Return to effort
1100497,724,B01/08/K06/07_00022/203804                        ,SCANSIII Block B Aerial,1,06-07-2016 00:00:00,,08:36,,47.20557404,-5.36253166,,,0.236,,91.9,,0,BL,2,NR,St,NR,NR,NR,NR,B,N,Effort beginning
1122308,724,B01/07/K14/07_00043/219733                        ,SCANSIII Block B Aerial,1,14-07-2016 00:00:00,,16:52,,48.03552628,-5.1655283,,,0.188,,91.7,,0,BL,2,NR,M,NR,NR,NR,NR,B,M,Condictions change
1146427,730,9_1060_1                                          ,SCANSIII Block 9 Double platform,1,02-08-2016 00:00:00,02-08-2016 00:00:00,06:51,07:03,46.78567,-7.380035,46.81133,-7.360012,,,,,4,FW   ,4,L,N,N,N,D,P,E,NR,
1146428,730,9_1061_1                                          ,SCANSIII Block 9 Double platform,1,02-08-2016 00:00:00,02-08-2016 00:00:00,07:03,07:18,46.81133,-7.360012,46.84314,-7.336365,,,,,4,FW   ,4,L,N,N,N,D,P,E,NR,
1146565,730,9_632_1                                           ,SCANSIII Block 9 Double platform,1,20-07-2016 00:00:00,20-07-2016 00:00:00,14:46,14:59,49.41929,-8.162327,49.39512,-8.181091,,,,,4,FW   ,4,L,M,N,N,D,P,C,NR,
1146811,730,9_1002_1                                          ,SCANSIII Block 9 Double platform,1,31-07-2016 00:00:00,31-07-2016 00:00:00,06:51,07:11,46.19916,-6.381524,46.23845,-6.349927,,,,,4,FW   ,4,L,N,N,N,D,P,E,NR,
1146267,730,8_449_1                                           ,SCANSIII Block 8 Single platform,1,10-07-2016 00:00:00,10-07-2016 00:00:00,14:16,14:34,57.10813,-11.01381,57.10954,-11.0874,,,,,4,FW   ,0,M,N,N,N,D,E,E,NR,
1146472,730,9_701_1                                           ,SCANSIII Block 9 Double platform,1,22-07-2016 00:00:00,22-07-2016 00:00:00,12:59,13:19,47.16609,-10.23264,47.12748,-10.27034,,,,,4,FW   ,4,M,N,N,N,D,M,E,NR,
1146474,730,9_703_1                                           ,SCANSIII Block 9 Double platform,1,22-07-2016 00:00:00,22-07-2016 00:00:00,13:31,13:52,47.10579,-10.29139,47.06698,-10.32959,,,,,4,FW   ,4,M,N,N,N,D,M,E,NR,
1146797,730,9_1063_1                                          ,SCANSIII Block 9 Double platform,1,02-08-2016 00:00:00,02-08-2016 00:00:00,07:25,07:43,46.85742,-7.326326,46.8982,-7.295867,,,,,4,FW   ,4,M,N,N,N,D,P,E,NR,
1146364,730,9_1017_1                                          ,SCANSIII Block 9 Double platform,1,31-07-2016 00:00:00,31-07-2016 00:00:00,17:29,18:02,46.91994,-6.396019,46.86264,-6.482865,,,,,4,FW   ,2,N,St,N,N,D,M,A,NR,
1146314,730,9_1030_1                                          ,SCANSIII Block 9 Double platform,1,01-08-2016 00:00:00,01-08-2016 00:00:00,06:58,07:13,46.3722,-7.212327,46.34739,-7.250003,,,,,4,FW   ,2,N,N,N,N,D,G,A,NR,
1146318,730,9_1042_1                                          ,SCANSIII Block 9 Double platform,1,01-08-2016 00:00:00,01-08-2016 00:00:00,10:10,10:32,46.05762,-7.670888,46.02236,-7.723185,,,,,4,FW   ,4,N,N,N,N,D,M,D,NR,
1145983,730,8_327_1                                           ,SCANSIII Block 8 Double platform,1,05-07-2016 00:00:00,05-07-2016 00:00:00,17:59,18:31,58.26091,-11.27316,58.2288,-11.13698,,,,,4,FW   ,2,L,N,N,N,D,E,A,NR,
1146391,730,9_717_1                                           ,SCANSIII Block 9 Double platform,1,22-07-2016 00:00:00,22-07-2016 00:00:00,17:32,18:01,46.65789,-10.69066,46.59978,-10.74246,,,,,4,FW   ,3,H,St,N,N,D,G,A,NR,
1146079,730,8_256_1                                           ,SCANSIII Block 8 Double platform,1,04-07-2016 00:00:00,04-07-2016 00:00:00,10:02,10:15,58.84932,-10.78374,58.85076,-10.84074,,,,,4,FW   ,2,L,N,N,N,D,G,D,NR,
1146398,730,9_1027_1                                          ,SCANSIII Block 9 Double platform,1,01-08-2016 00:00:00,01-08-2016 00:00:00,06:00,06:15,46.46724,-7.06989,46.44318,-7.108106,,,,,4,FW   ,2,L,N,N,N,D,G,A,NR,
1146416,730,9_1029_1                                          ,SCANSIII Block 9 Double platform,1,01-08-2016 00:00:00,01-08-2016 00:00:00,06:42,06:58,46.39693,-7.175036,46.3722,-7.212327,,,,,4,FW   ,2,L,N,N,N,D,G,A,NR,
1099663,724,B02/21/K24/07_00075/241238                        ,SCANSIII Block B Aerial,1,24-07-2016 00:00:00,,06:52,,44.44975662,-2.3100667,,,0.194,,95.3,,0,BL,2,NR,M,NR,NR,NR,NR,D,N,Condictions change
1107541,724,B01/02/K16/07_00055/227038                        ,SCANSIII Block B Aerial,1,16-07-2016 00:00:00,,13:18,,49.22782135,-6.27325821,,,0.19,,92.2,,0,BL,1,NR,M,NR,NR,NR,NR,C,N,Condictions change
1110614,724,B02/11/K09/07_00033/212417                        ,SCANSIII Block B Aerial,1,09-07-2016 00:00:00,,07:39,,47.29602432,-4.06983995,,,0.188,,92.2,,0,BL,2,NR,N,NR,NR,NR,NR,E,N,Condictions change
1110615,724,B02/11/K09/07_00033/212418                        ,SCANSIII Block B Aerial,1,09-07-2016 00:00:00,,07:39,,47.29452515,-4.07099152,,,0.188,,91.6,,0,BL,2,NR,N,NR,NR,NR,NR,E,N,Condictions change
1110722,724,B02/11/K09/07_00033/212429                        ,SCANSIII Block B Aerial,1,09-07-2016 00:00:00,,07:40,,47.27739334,-4.08265018,,,0.245,,95.6,,0,BL,2,NR,N,NR,NR,NR,NR,E,N,Condictions change
1111500,724,B01/20/K29/06_00003/190901                        ,SCANSIII Block B Aerial,1,29-06-2016 00:00:00,,08:34,,44.87797165,-2.3939333,,,0.166,,80.9,,0,BL,3,NR,N,NR,NR,NR,NR,E,N,Return to effort
1111449,724,B01/02/K16/07_00055/227442                        ,SCANSIII Block B Aerial,1,16-07-2016 00:00:00,,13:43,,48.64332962,-6.67839146,,,0.194,,94.4,,0,BL,2,NR,St,NR,NR,NR,NR,C,N,Condictions change
1111450,724,B01/02/K16/07_00055/227443                        ,SCANSIII Block B Aerial,1,16-07-2016 00:00:00,,13:44,,48.64179611,-6.67965508,,,0.194,,94.5,,0,BL,2,NR,St,NR,NR,NR,NR,C,N,Condictions change
1111453,724,B01/02/K16/07_00055/227446                        ,SCANSIII Block B Aerial,1,16-07-2016 00:00:00,,13:44,,48.63718796,-6.68342352,,,0.195,,94.6,,0,BL,2,NR,St,NR,NR,NR,NR,C,N,Condictions change
1122387,724,B01/10/K06/07_00024/205549                        ,SCANSIII Block B Aerial,1,06-07-2016 00:00:00,,13:11,,46.76494217,-4.89894342,,,0.19,,92.7,,0,BL,2,NR,M,NR,NR,NR,NR,C,N,Condictions change
1122488,724,B01/10/K06/07_00024/205570                        ,SCANSIII Block B Aerial,1,06-07-2016 00:00:00,,13:12,,46.79623032,-4.8741951,,,0.19,,92.8,,0,BL,2,NR,M,NR,NR,NR,NR,C,N,Condictions change
1122493,724,B01/10/K06/07_00024/205575                        ,SCANSIII Block B Aerial,1,06-07-2016 00:00:00,,13:12,,46.80374146,-4.86804342,,,0.192,,92.8,,0,BL,2,NR,M,NR,NR,NR,NR,C,N,Condictions change
1122775,724,B01/10/K06/07_00024/205601                        ,SCANSIII Block B Aerial,1,06-07-2016 00:00:00,,13:14,,46.84300995,-4.83854675,,,0.19,,92.4,,0,BL,2,NR,M,NR,NR,NR,NR,C,N,Condictions change
990979,720,H01/05/I04/07_00021/151048                        ,SCANSIII Block H Aerial,1,04-07-2016 00:00:00,,13:39,,56.73484039,-8.40618706,,,0.206,,100.3,,0,BL,1,NR,N,NR,NR,NR,NR,C,M,Condictions change
991969,720,H01/07/I04/07_00019/150100                        ,SCANSIII Block H Aerial,1,04-07-2016 00:00:00,,12:26,,56.4822998,-7.42860651,,,0.22,,107.5,,0,BL,1,NR,N,NR,NR,NR,NR,E,M,Condictions change
1072956,722,C05/07_00305/512055                               ,SCANSII Block N Aerial,1,05-07-2005 00:00:00,,14:15,,56.83237076,-6.62577009,,,0.029106,,96.5,,0,BL,1,NR,M,NR,NR,NR,NR,C,M,Effort beginning
1110694,724,B01/10/K06/07_00024/206039                        ,SCANSIII Block B Aerial,1,06-07-2016 00:00:00,,13:45,,47.48249054,-4.36353827,,,0.195,,95.3,,0,BL,1,NR,M,NR,NR,NR,NR,B,N,Return to effort
1110824,724,B01/10/K06/07_00024/206057                        ,SCANSIII Block B Aerial,1,06-07-2016 00:00:00,,13:46,,47.51006317,-4.34032154,,,0.099,,96.1,,0,BL,1,NR,M,NR,NR,NR,NR,B,N,Return to effort
1051998,722,C06/07_00311/513395                               ,SCANSII Block N Aerial,1,06-07-2005 00:00:00,,11:33,,58.46711731,-5.37529325,,,0.0374,,97.4,,0,BL,1,NR,N,NR,NR,NR,NR,N,M,Effort beginning
1052003,722,C06/07_00311/513400                               ,SCANSII Block N Aerial,1,06-07-2005 00:00:00,,11:33,,58.47587967,-5.37865353,,,0.036839,,95.4,,0,BL,1,NR,N,NR,NR,NR,NR,N,M,Effort beginning
1112730,724,B01/11/K06/07_00023/204486                        ,SCANSIII Block B Aerial,1,06-07-2016 00:00:00,,11:57,,47.66822815,-3.60043335,,,0.19,,92.1,,0,BL,1,NR,M,NR,NR,NR,NR,N,N,Condictions change
1101373,724,B01/08/K06/07_00022/203928                        ,SCANSIII Block B Aerial,1,06-07-2016 00:00:00,,08:45,,47.39200592,-5.22350645,,,0.188,,91.4,,0,BL,2,NR,St,NR,NR,NR,NR,B,N,Effort beginning
1123624,724,B02/04/K17/07_00060/231119                        ,SCANSIII Block B Aerial,1,17-07-2016 00:00:00,,14:41,,49.1634903,-5.2459631,,,0.187,,91.2,,0,BL,2,NR,St,NR,NR,NR,NR,N,N,Condictions change
1102007,724,B01/08/K06/07_00022/203986                        ,SCANSIII Block B Aerial,1,06-07-2016 00:00:00,,08:49,,47.47919464,-5.15946817,,,0.185,,89.5,,0,BL,2,NR,St,NR,NR,NR,NR,B,N,Condictions change
1102016,724,B01/08/K06/07_00022/203995                        ,SCANSIII Block B Aerial,1,06-07-2016 00:00:00,,08:49,,47.49316025,-5.1496048,,,0.233,,90.8,,0,BL,2,NR,St,NR,NR,NR,NR,B,N,Condictions change
1102174,724,B01/08/K06/07_00022/204009                        ,SCANSIII Block B Aerial,1,06-07-2016 00:00:00,,08:50,,47.51222229,-5.13529825,,,0,,92.1,,0,BL,2,NR,St,NR,NR,NR,NR,B,N,Condictions change
1124469,724,B01/11/K06/07_00023/205021                        ,SCANSIII Block B Aerial,1,06-07-2016 00:00:00,,12:32,,46.99346924,-4.4344902,,,0,,92.1,,0,BL,2,NR,St,NR,NR,NR,NR,N,N,Condictions change
1103320,724,B01/08/K06/07_00022/204115                        ,SCANSIII Block B Aerial,1,06-07-2016 00:00:00,,08:57,,47.67367172,-5.01594019,,,0.194,,94.6,,0,BL,2,NR,St,NR,NR,NR,NR,B,N,Condictions change
1125192,724,B01/11/K06/07_00023/205136                        ,SCANSIII Block B Aerial,1,06-07-2016 00:00:00,,12:39,,46.84062958,-4.62510347,,,0.207,,101.1,,0,BL,2,NR,St,NR,NR,NR,NR,N,N,Condictions change
1125193,724,B01/11/K06/07_00023/205137                        ,SCANSIII Block B Aerial,1,06-07-2016 00:00:00,,12:39,,46.83922577,-4.62690687,,,0.208,,101.5,,0,BL,2,NR,St,NR,NR,NR,NR,N,N,Condictions change
1125194,724,B01/11/K06/07_00023/205138                        ,SCANSIII Block B Aerial,1,06-07-2016 00:00:00,,12:39,,46.83777237,-4.62864828,,,0.209,,101.6,,0,BL,2,NR,St,NR,NR,NR,NR,N,N,Condictions change
1125199,724,B01/11/K06/07_00023/205143                        ,SCANSIII Block B Aerial,1,06-07-2016 00:00:00,,12:40,,46.83065796,-4.63714838,,,0.202,,97.9,,0,BL,2,NR,St,NR,NR,NR,NR,N,N,Condictions change
1125202,724,B01/11/K06/07_00023/205146                        ,SCANSIII Block B Aerial,1,06-07-2016 00:00:00,,12:40,,46.82659912,-4.64232349,,,0.2,,97.4,,0,BL,2,NR,St,NR,NR,NR,NR,N,N,Condictions change
1125203,724,B01/11/K06/07_00023/205147                        ,SCANSIII Block B Aerial,1,06-07-2016 00:00:00,,12:40,,46.82520676,-4.64400005,,,0.201,,98.1,,0,BL,2,NR,St,NR,NR,NR,NR,N,N,Condictions change
1103465,724,B01/08/K06/07_00022/204132                        ,SCANSIII Block B Aerial,1,06-07-2016 00:00:00,,08:58,,47.70055771,-4.99761343,,,0.197,,96.4,,0,BL,2,NR,St,NR,NR,NR,NR,B,N,Condictions change
1125317,724,B01/11/K06/07_00023/205149                        ,SCANSIII Block B Aerial,1,06-07-2016 00:00:00,,12:40,,46.82270813,-4.64682817,,,0.15,,97.4,,0,BL,2,NR,St,NR,NR,NR,NR,N,N,Condictions change
1125318,724,B01/11/K06/07_00023/205150                        ,SCANSIII Block B Aerial,1,06-07-2016 00:00:00,,12:40,,46.82126999,-4.64840508,,,0.2,,96.8,,0,BL,2,NR,St,NR,NR,NR,NR,N,N,Condictions change
1125322,724,B01/11/K06/07_00023/205154                        ,SCANSIII Block B Aerial,1,06-07-2016 00:00:00,,12:41,,46.81554031,-4.65488338,,,0.203,,98.5,,0,BL,2,NR,St,NR,NR,NR,NR,N,N,Condictions change
1125328,724,B01/11/K06/07_00023/205160                        ,SCANSIII Block B Aerial,1,06-07-2016 00:00:00,,12:41,,46.80684662,-4.66504335,,,0.246,,95.6,,0,BL,2,NR,St,NR,NR,NR,NR,N,N,Condictions change
1125413,724,B01/11/K06/07_00023/205165                        ,SCANSIII Block B Aerial,1,06-07-2016 00:00:00,,12:41,,46.80041122,-4.67278004,,,0.196,,95.3,,0,BL,2,NR,St,NR,NR,NR,NR,N,N,Condictions change
1125417,724,B01/11/K06/07_00023/205169                        ,SCANSIII Block B Aerial,1,06-07-2016 00:00:00,,12:42,,46.79501724,-4.67938662,,,0.196,,95.1,,0,BL,2,NR,St,NR,NR,NR,NR,N,N,Condictions change
1125421,724,B01/11/K06/07_00023/205173                        ,SCANSIII Block B Aerial,1,06-07-2016 00:00:00,,12:42,,46.78952789,-4.68575668,,,0.195,,94.5,,0,BL,2,NR,St,NR,NR,NR,NR,N,N,Condictions change
1125422,724,B01/11/K06/07_00023/205174                        ,SCANSIII Block B Aerial,1,06-07-2016 00:00:00,,12:42,,46.78818893,-4.68738508,,,0.194,,94,,0,BL,2,NR,St,NR,NR,NR,NR,N,N,Condictions change
1125525,724,B01/11/K06/07_00023/205181                        ,SCANSIII Block B Aerial,1,06-07-2016 00:00:00,,12:42,,46.7783432,-4.69920158,,,0.196,,95.5,,0,BL,2,NR,St,NR,NR,NR,NR,N,N,Condictions change
1125535,724,B01/11/K06/07_00023/205191                        ,SCANSIII Block B Aerial,1,06-07-2016 00:00:00,,12:43,,46.76480103,-4.71538162,,,0.202,,98.3,,0,BL,2,NR,St,NR,NR,NR,NR,N,N,Condictions change
1125536,724,B01/11/K06/07_00023/205192                        ,SCANSIII Block B Aerial,1,06-07-2016 00:00:00,,12:43,,46.76341629,-4.71708345,,,0.202,,97.5,,0,BL,2,NR,St,NR,NR,NR,NR,N,N,Condictions change
1125606,724,B01/11/K06/07_00023/205198                        ,SCANSIII Block B Aerial,1,06-07-2016 00:00:00,,12:43,,46.75502014,-4.7277832,,,0.198,,95.9,,0,BL,2,NR,St,NR,NR,NR,NR,N,N,Condictions change
1125616,724,B01/11/K06/07_00023/205208                        ,SCANSIII Block B Aerial,1,06-07-2016 00:00:00,,12:44,,46.74193573,-4.74454832,,,0.199,,96.3,,0,BL,2,NR,St,NR,NR,NR,NR,N,N,Condictions change
1099746,724,B02/21/K24/07_00075/241241                        ,SCANSIII Block B Aerial,1,24-07-2016 00:00:00,,06:52,,44.44503021,-2.31341672,,,0.196,,95.1,,0,BL,2,NR,M,NR,NR,NR,NR,D,N,Condictions change
990928,720,H01/04/I08/07_00039/157260                        ,SCANSIII Block H Aerial,1,08-07-2016 00:00:00,,15:49,,56.31126785,-9.06094646,,,0.248,,96.8,,0,BL,3,NR,M,NR,NR,NR,NR,D,M,Condictions change
991316,720,H01/06/I04/07_00020/150315                        ,SCANSIII Block H Aerial,1,04-07-2016 00:00:00,,12:45,,56.63097,-7.5982933,,,0.199,,96.6,,0,BL,3,NR,M,NR,NR,NR,NR,D,M,Condictions change
991335,720,H01/06/I04/07_00020/150334                        ,SCANSIII Block H Aerial,1,04-07-2016 00:00:00,,12:46,,56.60116959,-7.62977314,,,0.152,,98.7,,0,BL,3,NR,M,NR,NR,NR,NR,D,M,Condictions change
1112386,724,B01/23/K29/06_00006/193191                        ,SCANSIII Block B Aerial,1,29-06-2016 00:00:00,,14:25,,44.01335907,-2.21298003,,,0.195,,95.4,,0,BL,2,NR,M,NR,NR,NR,NR,D,N,Effort beginning
1112389,724,B01/23/K29/06_00006/193194                        ,SCANSIII Block B Aerial,1,29-06-2016 00:00:00,,14:25,,44.01564789,-2.20922828,,,0,,96,,0,BL,2,NR,M,NR,NR,NR,NR,D,N,Effort beginning
1112393,724,B01/23/K29/06_00006/193198                        ,SCANSIII Block B Aerial,1,29-06-2016 00:00:00,,14:25,,44.02053452,-2.20118499,,,0.198,,95.8,,0,BL,2,NR,M,NR,NR,NR,NR,D,N,Effort beginning
1112395,724,B01/23/K29/06_00006/193200                        ,SCANSIII Block B Aerial,1,29-06-2016 00:00:00,,14:26,,44.02259064,-2.19794512,,,0.198,,96.7,,0,BL,2,NR,M,NR,NR,NR,NR,D,N,Effort beginning
1112396,724,B01/23/K29/06_00006/193201                        ,SCANSIII Block B Aerial,1,29-06-2016 00:00:00,,14:26,,44.02259064,-2.19794512,,,0,,96.7,,0,BL,2,NR,M,NR,NR,NR,NR,D,N,Effort beginning
1119802,724,B02/16/K22/07_00074/239385                        ,SCANSIII Block B Aerial,1,22-07-2016 00:00:00,,08:47,,45.6304245,-3.61595511,,,0.187,,90.9,,0,BL,1,NR,M,NR,NR,NR,NR,A,N,Effort beginning
1119803,724,B02/16/K22/07_00074/239386                        ,SCANSIII Block B Aerial,1,22-07-2016 00:00:00,,08:47,,45.6304245,-3.61595511,,,0,,90.9,,0,BL,1,NR,M,NR,NR,NR,NR,A,N,Effort beginning
1119806,724,B02/16/K22/07_00074/239389                        ,SCANSIII Block B Aerial,1,22-07-2016 00:00:00,,08:47,,45.63435745,-3.61146498,,,0.187,,90.6,,0,BL,1,NR,M,NR,NR,NR,NR,A,N,Effort beginning
1119863,724,B01/05/K16/07_00052/224514                        ,SCANSIII Block B Aerial,1,16-07-2016 00:00:00,,07:10,,48.69750595,-5.36196995,,,0.228,,88.8,,0,BL,1,NR,M,NR,NR,NR,NR,A,N,Effort beginning
991517,720,H01/06/I04/07_00020/150516                        ,SCANSIII Block H Aerial,1,04-07-2016 00:00:00,,12:59,,56.30643845,-7.93960333,,,0.211,,102.5,,0,BL,1,NR,M,NR,NR,NR,NR,D,M,Condictions change
991642,720,H01/06/I04/07_00020/150641                        ,SCANSIII Block H Aerial,1,04-07-2016 00:00:00,,13:07,,56.09981155,-8.15385342,,,0.207,,100.2,,0,BL,1,NR,M,NR,NR,NR,NR,D,M,Condictions change
1113434,724,B01/05/K16/07_00052/224341                        ,SCANSIII Block B Aerial,1,16-07-2016 00:00:00,,06:58,,48.92738342,-5.07800007,,,0.244,,94.9,,0,BL,1,NR,M,NR,NR,NR,NR,A,N,Effort beginning
1101102,724,B02/22/K24/07_00076/241429                        ,SCANSIII Block B Aerial,1,24-07-2016 00:00:00,,07:12,,44.28676987,-2.31852174,,,0.177,,85.9,,0,BL,2,NR,St,NR,NR,NR,NR,C,N,Effort beginning
1123062,724,B01/10/K06/07_00024/205632                        ,SCANSIII Block B Aerial,1,06-07-2016 00:00:00,,13:16,,46.88981247,-4.80157661,,,0.191,,93.1,,0,BL,2,NR,M,NR,NR,NR,NR,C,N,Condictions change
1123071,724,B01/10/K06/07_00024/205641                        ,SCANSIII Block B Aerial,1,06-07-2016 00:00:00,,13:17,,46.90347672,-4.79135847,,,0.095,,92.1,,0,BL,2,NR,M,NR,NR,NR,NR,C,N,Condictions change
1112925,724,B01/10/K06/07_00024/205397                        ,SCANSIII Block B Aerial,1,06-07-2016 00:00:00,,13:01,,46.53653717,-5.06723022,,,0.187,,90.9,,0,BL,2,NR,M,NR,NR,NR,NR,C,N,Condictions change
1112928,724,B01/10/K06/07_00024/205400                        ,SCANSIII Block B Aerial,1,06-07-2016 00:00:00,,13:01,,46.54108429,-5.06397152,,,0.19,,92,,0,BL,2,NR,M,NR,NR,NR,NR,C,N,Condictions change
1102053,724,B01/22/K29/06_00005/192847                        ,SCANSIII Block B Aerial,1,29-06-2016 00:00:00,,13:56,,44.45658112,-1.97396505,,,0.181,,88.5,,0,BL,2,NR,N,NR,NR,NR,NR,E,N,Condictions change
1102296,724,B02/14/K09/07_00038/214915                        ,SCANSIII Block B Aerial,1,09-07-2016 00:00:00,,13:29,,46.06893921,-4.05745316,,,0.216,,104.9,,0,BL,2,NR,M,NR,NR,NR,NR,C,N,Effort beginning
1124065,724,B02/09/K08/07_00032/211934                        ,SCANSIII Block B Aerial,1,08-07-2016 00:00:00,,07:59,,47.73921967,-4.54007006,,,0.195,,94.6,,0,BL,2,NR,M,NR,NR,NR,NR,C,N,Condictions change
1124165,724,B02/09/K08/07_00032/211938                        ,SCANSIII Block B Aerial,1,08-07-2016 00:00:00,,08:00,,47.74500656,-4.53546667,,,0.195,,95,,0,BL,2,NR,M,NR,NR,NR,NR,C,N,Condictions change
1124282,724,B02/09/K08/07_00032/211959                        ,SCANSIII Block B Aerial,1,08-07-2016 00:00:00,,08:01,,47.77843857,-4.50984478,,,0.243,,94.4,,0,BL,2,NR,M,NR,NR,NR,NR,C,N,Condictions change
1124488,724,B02/09/K08/07_00032/211989                        ,SCANSIII Block B Aerial,1,08-07-2016 00:00:00,,08:05,,47.81079102,-4.48745489,,,0.193,,94.1,,0,BL,2,NR,M,NR,NR,NR,NR,C,N,Condictions change
1102983,724,B02/14/K09/07_00038/214994                        ,SCANSIII Block B Aerial,1,09-07-2016 00:00:00,,13:34,,46.17345047,-3.9273417,,,0.198,,96.2,,0,BL,2,NR,N,NR,NR,NR,NR,C,N,Condictions change
1103136,724,B02/22/K24/07_00076/241719                        ,SCANSIII Block B Aerial,1,24-07-2016 00:00:00,,07:31,,44.62295151,-1.84186494,,,0.186,,91.1,,0,BL,2,NR,St,NR,NR,NR,NR,C,N,Effort beginning
1114393,724,B02/11/K09/07_00033/212868                        ,SCANSIII Block B Aerial,1,09-07-2016 00:00:00,,08:11,,46.63076019,-4.56877184,,,0.199,,95.9,,0,BL,2,NR,N,NR,NR,NR,NR,E,N,Return to effort
1114394,724,B02/11/K09/07_00033/212869                        ,SCANSIII Block B Aerial,1,09-07-2016 00:00:00,,08:11,,46.63076019,-4.56877184,,,0,,95.9,,0,BL,2,NR,N,NR,NR,NR,NR,E,N,Return to effort
1114396,724,B02/11/K09/07_00033/212871                        ,SCANSIII Block B Aerial,1,09-07-2016 00:00:00,,08:11,,46.62713242,-4.57120323,,,0.247,,96.1,,0,BL,2,NR,N,NR,NR,NR,NR,E,N,Return to effort
1125712,724,B01/11/K06/07_00023/205224                        ,SCANSIII Block B Aerial,1,06-07-2016 00:00:00,,12:45,,46.72000504,-4.77253675,,,0.206,,99.7,,0,BL,2,NR,St,NR,NR,NR,NR,N,N,Condictions change
1125715,724,B01/11/K06/07_00023/205227                        ,SCANSIII Block B Aerial,1,06-07-2016 00:00:00,,12:45,,46.71551514,-4.77814674,,,0.201,,97.8,,0,BL,2,NR,St,NR,NR,NR,NR,N,N,Condictions change
1125819,724,B01/11/K06/07_00023/205235                        ,SCANSIII Block B Aerial,1,06-07-2016 00:00:00,,12:46,,46.70475006,-4.79208517,,,0.2,,97.1,,0,BL,2,NR,St,NR,NR,NR,NR,N,N,Condictions change
1125936,724,B01/11/K06/07_00023/205256                        ,SCANSIII Block B Aerial,1,06-07-2016 00:00:00,,12:47,,46.67546844,-4.82885647,,,0.2,,97.6,,0,BL,2,NR,St,NR,NR,NR,NR,N,N,Condictions change
1125937,724,B01/11/K06/07_00023/205257                        ,SCANSIII Block B Aerial,1,06-07-2016 00:00:00,,12:47,,46.67412186,-4.83060169,,,0.201,,97.8,,0,BL,2,NR,St,NR,NR,NR,NR,N,N,Condictions change
1126038,724,B01/11/K06/07_00023/205262                        ,SCANSIII Block B Aerial,1,06-07-2016 00:00:00,,12:48,,46.66688919,-4.83935499,,,0.247,,95.9,,0,BL,2,NR,St,NR,NR,NR,NR,N,N,Condictions change
1126039,724,B01/11/K06/07_00023/205263                        ,SCANSIII Block B Aerial,1,06-07-2016 00:00:00,,12:48,,46.66688919,-4.83935499,,,0,,95.9,,0,BL,2,NR,St,NR,NR,NR,NR,N,N,Condictions change
1126044,724,B01/11/K06/07_00023/205268                        ,SCANSIII Block B Aerial,1,06-07-2016 00:00:00,,12:48,,46.66015244,-4.84688187,,,0.201,,97.5,,0,BL,2,NR,St,NR,NR,NR,NR,N,N,Condictions change
1126241,724,B01/11/K06/07_00023/205305                        ,SCANSIII Block B Aerial,1,06-07-2016 00:00:00,,12:51,,46.6093483,-4.90908813,,,0.203,,98.5,,0,BL,2,NR,St,NR,NR,NR,NR,N,N,Condictions change
1121300,724,B01/07/K14/07_00043/219621                        ,SCANSIII Block B Aerial,1,14-07-2016 00:00:00,,16:44,,47.88982391,-5.34676504,,,0.188,,91.8,,0,BL,3,NR,M,NR,NR,NR,NR,B,N,Condictions change
1121301,724,B01/07/K14/07_00043/219622                        ,SCANSIII Block B Aerial,1,14-07-2016 00:00:00,,16:44,,47.89116287,-5.34520674,,,0.189,,92.3,,0,BL,3,NR,M,NR,NR,NR,NR,B,N,Condictions change
1121302,724,B01/07/K14/07_00043/219623                        ,SCANSIII Block B Aerial,1,14-07-2016 00:00:00,,16:44,,47.8924942,-5.34361315,,,0.19,,92.3,,0,BL,3,NR,M,NR,NR,NR,NR,B,N,Condictions change
1121510,724,B01/07/K14/07_00043/219639                        ,SCANSIII Block B Aerial,1,14-07-2016 00:00:00,,16:45,,47.91357803,-5.31787014,,,0.191,,92.9,,0,BL,3,NR,M,NR,NR,NR,NR,B,N,Condictions change
1121511,724,B01/07/K14/07_00043/219640                        ,SCANSIII Block B Aerial,1,14-07-2016 00:00:00,,16:46,,47.91490173,-5.31622982,,,0.192,,93.3,,0,BL,3,NR,M,NR,NR,NR,NR,B,N,Condictions change
1102694,724,B02/03/K17/07_00059/229851                        ,SCANSIII Block B Aerial,1,17-07-2016 00:00:00,,13:11,,48.61033249,-6.27898979,,,0.255,,99.1,,0,BL,3,NR,St,NR,NR,NR,NR,N,N,Condictions change
1102810,724,B02/03/K17/07_00059/229871                        ,SCANSIII Block B Aerial,1,17-07-2016 00:00:00,,13:12,,48.57780838,-6.30294847,,,0.204,,99.3,,0,BL,3,NR,St,NR,NR,NR,NR,N,N,Condictions change
1123902,724,B02/16/K22/07_00074/239821                        ,SCANSIII Block B Aerial,1,22-07-2016 00:00:00,,09:15,,46.1822052,-2.91970325,,,0.095,,92.4,,0,BL,2,NR,M,NR,NR,NR,NR,A,N,Condictions change
1123944,724,B02/12/K09/07_00034/213150                        ,SCANSIII Block B Aerial,1,09-07-2016 00:00:00,,08:33,,46.50380707,-4.50791979,,,0.196,,94.5,,0,BL,2,NR,M,NR,NR,NR,NR,D,N,Condictions change
1123945,724,B02/12/K09/07_00034/213151                        ,SCANSIII Block B Aerial,1,09-07-2016 00:00:00,,08:33,,46.50380707,-4.50791979,,,0,,94.5,,0,BL,2,NR,M,NR,NR,NR,NR,D,N,Condictions change
1123947,724,B02/12/K09/07_00034/213153                        ,SCANSIII Block B Aerial,1,09-07-2016 00:00:00,,08:33,,46.50639343,-4.50457811,,,0.192,,93.9,,0,BL,2,NR,M,NR,NR,NR,NR,D,N,Condictions change
1123948,724,B02/12/K09/07_00034/213154                        ,SCANSIII Block B Aerial,1,09-07-2016 00:00:00,,08:33,,46.50639343,-4.50457811,,,0,,93.9,,0,BL,2,NR,M,NR,NR,NR,NR,D,N,Condictions change
1123949,724,B02/12/K09/07_00034/213155                        ,SCANSIII Block B Aerial,1,09-07-2016 00:00:00,,08:33,,46.50639343,-4.50457811,,,0,,93.9,,0,BL,2,NR,M,NR,NR,NR,NR,D,N,Condictions change
1123950,724,B02/12/K09/07_00034/213156                        ,SCANSIII Block B Aerial,1,09-07-2016 00:00:00,,08:33,,46.50639343,-4.50457811,,,0,,93.9,,0,BL,2,NR,M,NR,NR,NR,NR,D,N,Condictions change
1123951,724,B02/12/K09/07_00034/213157                        ,SCANSIII Block B Aerial,1,09-07-2016 00:00:00,,08:33,,46.50639343,-4.50457811,,,0,,93.9,,0,BL,2,NR,M,NR,NR,NR,NR,D,N,Condictions change
1124068,724,B02/12/K09/07_00034/213162                        ,SCANSIII Block B Aerial,1,09-07-2016 00:00:00,,08:33,,46.51337051,-4.49587345,,,0.245,,95.8,,0,BL,2,NR,M,NR,NR,NR,NR,D,N,Condictions change
1124185,724,B02/12/K09/07_00034/213183                        ,SCANSIII Block B Aerial,1,09-07-2016 00:00:00,,08:35,,46.54158783,-4.46179485,,,0.196,,95.5,,0,BL,2,NR,M,NR,NR,NR,NR,D,N,Condictions change
1124189,724,B02/12/K09/07_00034/213187                        ,SCANSIII Block B Aerial,1,09-07-2016 00:00:00,,08:35,,46.54737091,-4.45491171,,,0.246,,95.7,,0,BL,2,NR,M,NR,NR,NR,NR,D,N,Condictions change
1103847,724,B02/06/K21/07_00068/235911                        ,SCANSIII Block B Aerial,1,21-07-2016 00:00:00,,07:49,,47.91977692,-5.77942657,,,0.197,,95.7,,0,BL,2,NR,M,NR,NR,NR,NR,D,N,Condictions change
1103852,724,B02/06/K21/07_00068/235916                        ,SCANSIII Block B Aerial,1,21-07-2016 00:00:00,,07:51,,47.92021179,-5.77778816,,,0.196,,92.7,,0,BL,2,NR,M,NR,NR,NR,NR,D,N,Return to effort
1104185,724,B02/06/K21/07_00068/235961                        ,SCANSIII Block B Aerial,1,21-07-2016 00:00:00,,07:54,,47.98149872,-5.70255995,,,0.196,,95.1,,0,BL,2,NR,M,NR,NR,NR,NR,D,N,Return to effort
1100873,724,B02/05/K21/07_00067/235495                        ,SCANSIII Block B Aerial,1,21-07-2016 00:00:00,,07:14,,47.68722534,-6.15605831,,,0.187,,91,,0,BL,3,NR,M,NR,NR,NR,NR,D,N,Condictions change
1103115,724,B02/06/K21/07_00068/235801                        ,SCANSIII Block B Aerial,1,21-07-2016 00:00:00,,07:40,,47.78282166,-5.95069313,,,0.197,,95.9,,0,BL,3,NR,M,NR,NR,NR,NR,D,N,Condictions change
1146418,730,9_1034_1                                          ,SCANSIII Block 9 Double platform,1,01-08-2016 00:00:00,01-08-2016 00:00:00,07:41,08:16,46.3043,-7.31173,46.24904,-7.393504,,,,,4,FW   ,2,L,N,N,N,D,G,A,NR,
1146435,730,9_1153_1                                          ,SCANSIII Block 9 Double platform,1,04-08-2016 00:00:00,04-08-2016 00:00:00,13:59,14:15,47.97787,-8.630433,48.00417,-8.596477,,,,,4,FW   ,4,M,N,N,N,D,M,A,NR,
1146436,730,9_1154_1                                          ,SCANSIII Block 9 Double platform,1,04-08-2016 00:00:00,04-08-2016 00:00:00,14:15,14:34,48.00417,-8.596477,48.0367,-8.553743,,,,,4,FW   ,4,M,N,N,N,D,M,A,NR,
1146433,730,9_1151_1                                          ,SCANSIII Block 9 Double platform,1,04-08-2016 00:00:00,04-08-2016 00:00:00,13:31,13:45,47.92945,-8.694388,47.95315,-8.662573,,,,,4,FW   ,3,M,N,N,N,D,G,A,NR,
1146431,730,9_1148_1                                          ,SCANSIII Block 9 Double platform,1,04-08-2016 00:00:00,04-08-2016 00:00:00,12:28,12:46,47.88123,-8.772161,47.91,-8.723536,,,,,4,FW   ,3,M,N,N,N,D,M,D,NR,
1146420,730,9_1036_1                                          ,SCANSIII Block 9 Double platform,1,01-08-2016 00:00:00,01-08-2016 00:00:00,08:31,08:49,46.22421,-7.430631,46.19335,-7.475287,,,,,4,FW   ,3,L,N,N,N,D,G,A,NR,
1146599,730,9_707_1                                           ,SCANSIII Block 9 Double platform,1,22-07-2016 00:00:00,22-07-2016 00:00:00,14:32,14:53,46.9882,-10.39648,46.94615,-10.43019,,,,,4,FW   ,2,L,N,N,N,D,G,D,NR,
1146295,730,9_1088_1                                          ,SCANSIII Block 9 Double platform,1,03-08-2016 00:00:00,03-08-2016 00:00:00,08:59,09:16,46.69419,-8.820997,46.72905,-8.79791,,,,,4,FW   ,0,N,NR,NR,NR,NR,NR,E,NR,
863058,707,3771-1                                            ,SCANSII Block Q Double platform,1,24-07-2005 00:00:00,24-07-2005 00:00:00,06:15,06:24,59.831,-4.2301,59.8552,-4.2353,,,,,4,FW   ,4,M,N,NR,NR,D,P,NR,NR,
862256,707,7089-1                                            ,SCANSII Block P Double platform,1,03-07-2005 00:00:00,03-07-2005 00:00:00,19:25,19:40,47.5337,-4.9148,47.5488,-4.8551,,,,,4,FW   ,4,M,N,NR,NR,D,M,NR,NR,
862363,707,3376-1                                            ,SCANSII Block Q Double platform,1,11-07-2005 00:00:00,11-07-2005 00:00:00,13:36,14:04,51.1001,-10.1867,51.0536,-10.0909,,,,,4,FW   ,3,L,N,NR,NR,D,E,NR,NR,
862368,707,3383-1                                            ,SCANSII Block Q Double platform,1,11-07-2005 00:00:00,11-07-2005 00:00:00,19:02,19:18,50.8874,-11.0725,50.926,-11.0366,,,,,4,FW   ,3,L,N,NR,NR,D,M,NR,NR,
862405,707,3390-1                                            ,SCANSII Block Q Double platform,1,12-07-2005 00:00:00,12-07-2005 00:00:00,06:35,06:59,51.0655,-10.8998,51.122,-10.8459,,,,,4,FW   ,3,L,St,NR,NR,D,M,NR,NR,
649297,682,CVT_345_212_60                                    ,SCANS1994_Block-F_Corvette,1,07-12-1994 00:00:00,07-12-1994 00:00:00,12:32,12:45,56.75733333,6.007333333,56.728,5.968666667,,,,,6,FW   ,4,L,M,NR,NR,NR,NR,NR,NR,
950408,717,HOL_24_702_12                                     ,SCANS1994_Block-G_Holland,1,28-06-1994 00:00:00,28-06-1994 00:00:00,14:31,14:58,53.5135,1.8595,53.53316667,1.700666667,,,,,6,FW   ,4,L,St,NR,NR,NR,NR,NR,NR,
865786,707,2532-1                                            ,SCANSII Block W Double platform,1,16-07-2005 00:00:00,16-07-2005 00:00:00,11:01,11:32,44.0039,-6.2301,44.042,-6.1436,,,,,4,FW   ,0,L,N,NR,NR,D,E,NR,NR,
1114532,724,B02/11/K09/07_00033/212879                        ,SCANSIII Block B Aerial,1,09-07-2016 00:00:00,,08:12,,46.61525726,-4.5799017,,,0.197,,96.3,,0,BL,2,NR,N,NR,NR,NR,NR,E,N,Return to effort
1114537,724,B02/11/K09/07_00033/212884                        ,SCANSIII Block B Aerial,1,09-07-2016 00:00:00,,08:12,,46.6072998,-4.58572817,,,0.198,,96.3,,0,BL,2,NR,N,NR,NR,NR,NR,E,N,Return to effort
1114541,724,B02/11/K09/07_00033/212888                        ,SCANSIII Block B Aerial,1,09-07-2016 00:00:00,,08:12,,46.60069656,-4.59086323,,,0.195,,95.3,,0,BL,2,NR,N,NR,NR,NR,NR,E,N,Return to effort
1114542,724,B02/11/K09/07_00033/212889                        ,SCANSIII Block B Aerial,1,09-07-2016 00:00:00,,08:12,,46.60069656,-4.59086323,,,0,,95.3,,0,BL,2,NR,N,NR,NR,NR,NR,E,N,Return to effort
1114562,724,B02/11/K09/07_00033/212893                        ,SCANSIII Block B Aerial,1,09-07-2016 00:00:00,,08:12,,46.59478378,-4.59546328,,,0.199,,96.1,,0,BL,2,NR,N,NR,NR,NR,NR,E,N,Return to effort
1123592,724,B02/09/K08/07_00032/211863                        ,SCANSIII Block B Aerial,1,08-07-2016 00:00:00,,07:55,,47.63024521,-4.6237483,,,0.198,,96.3,,0,BL,3,NR,M,NR,NR,NR,NR,C,N,Condictions change
1123961,724,B02/09/K08/07_00032/211910                        ,SCANSIII Block B Aerial,1,08-07-2016 00:00:00,,07:58,,47.70466614,-4.5677352,,,0.196,,95.4,,0,BL,3,NR,M,NR,NR,NR,NR,C,N,Condictions change
1115307,724,B01/12/K05/07_00020/202317                        ,SCANSIII Block B Aerial,1,05-07-2016 00:00:00,,12:00,,47.05491638,-3.88269329,,,0.191,,92.9,,0,BL,3,NR,M,NR,NR,NR,NR,C,N,Condictions change
1127759,724,B01/03/K16/07_00056/227781                        ,SCANSIII Block B Aerial,1,16-07-2016 00:00:00,,14:11,,48.47382736,-6.70013189,,,0.19,,92.3,,0,BL,2,NR,St,NR,NR,NR,NR,C,N,Effort beginning
1127862,724,B01/03/K16/07_00056/227788                        ,SCANSIII Block B Aerial,1,16-07-2016 00:00:00,,14:11,,48.48348236,-6.68860149,,,0.189,,91.9,,0,BL,2,NR,St,NR,NR,NR,NR,C,N,Effort beginning
1109771,724,B01/13/K05/07_00019/201540                        ,SCANSIII Block B Aerial,1,05-07-2016 00:00:00,,11:03,,46.55258179,-3.9877317,,,0.2,,97.6,,0,BL,2,NR,Sl,NR,NR,NR,NR,C,N,Condictions change
1114185,724,B01/21/K29/06_00004/191298                        ,SCANSIII Block B Aerial,1,29-06-2016 00:00:00,,09:04,,44.6048584,-2.46312332,,,0.102,,98.5,,0,BL,2,NR,Sl,NR,NR,NR,NR,E,N,Effort beginning
1127883,724,B02/12/K09/07_00034/213729                        ,SCANSIII Block B Aerial,1,09-07-2016 00:00:00,,09:11,,47.27640152,-3.545995,,,0.192,,94.5,,0,BL,2,NR,N,NR,NR,NR,NR,E,N,Condictions change
1127976,724,B01/03/K16/07_00056/227806                        ,SCANSIII Block B Aerial,1,16-07-2016 00:00:00,,14:13,,48.50768661,-6.66048145,,,0.236,,92,,0,BL,2,NR,St,NR,NR,NR,NR,C,N,Effort beginning
1127981,724,B01/03/K16/07_00056/227811                        ,SCANSIII Block B Aerial,1,16-07-2016 00:00:00,,14:13,,48.51340103,-6.65195847,,,0.188,,91.3,,0,BL,2,NR,St,NR,NR,NR,NR,C,N,Effort beginning
1128271,724,B01/16/K04/07_00016/198586                        ,SCANSIII Block B Aerial,1,04-07-2016 00:00:00,,14:39,,46.74361801,-2.51885176,,,0.193,,93.4,,0,BL,2,NR,N,NR,NR,NR,NR,E,N,Condictions change
1103392,724,B02/06/K21/07_00068/235838                        ,SCANSIII Block B Aerial,1,21-07-2016 00:00:00,,07:44,,47.82113647,-5.9029398,,,0.195,,95.1,,0,BL,3,NR,M,NR,NR,NR,NR,D,N,Return to effort
1103485,724,B02/06/K21/07_00068/235851                        ,SCANSIII Block B Aerial,1,21-07-2016 00:00:00,,07:45,,47.83922195,-5.88050175,,,0.196,,95.3,,0,BL,3,NR,M,NR,NR,NR,NR,D,N,Return to effort
1113438,724,B01/05/K16/07_00052/224345                        ,SCANSIII Block B Aerial,1,16-07-2016 00:00:00,,06:58,,48.9228363,-5.08424997,,,0.195,,94.9,,0,BL,1,NR,M,NR,NR,NR,NR,A,N,Effort beginning
1127079,724,B01/05/K16/07_00052/224616                        ,SCANSIII Block B Aerial,1,16-07-2016 00:00:00,,07:18,,48.57640839,-5.51394653,,,0.19,,92.5,,0,BL,1,NR,M,NR,NR,NR,NR,A,N,Return to effort
1127211,724,B01/05/K16/07_00052/224636                        ,SCANSIII Block B Aerial,1,16-07-2016 00:00:00,,07:20,,48.55001831,-5.54821491,,,0.242,,94.9,,0,BL,1,NR,M,NR,NR,NR,NR,A,N,Return to effort
1127316,724,B01/05/K16/07_00052/224645                        ,SCANSIII Block B Aerial,1,16-07-2016 00:00:00,,07:20,,48.538311,-5.56300497,,,0.204,,99.1,,0,BL,1,NR,M,NR,NR,NR,NR,A,N,Return to effort
1127323,724,B01/05/K16/07_00052/224652                        ,SCANSIII Block B Aerial,1,16-07-2016 00:00:00,,07:21,,48.52787781,-5.57559347,,,0.204,,99.5,,0,BL,1,NR,M,NR,NR,NR,NR,A,N,Return to effort
1127324,724,B01/05/K16/07_00052/224653                        ,SCANSIII Block B Aerial,1,16-07-2016 00:00:00,,07:21,,48.52787781,-5.57559347,,,0,,99.5,,0,BL,1,NR,M,NR,NR,NR,NR,A,N,Return to effort
1127325,724,B01/05/K16/07_00052/224654                        ,SCANSIII Block B Aerial,1,16-07-2016 00:00:00,,07:21,,48.52787781,-5.57559347,,,0,,99.5,,0,BL,1,NR,M,NR,NR,NR,NR,A,N,Return to effort
1127327,724,B01/05/K16/07_00052/224656                        ,SCANSIII Block B Aerial,1,16-07-2016 00:00:00,,07:21,,48.52503204,-5.57908154,,,0.204,,99,,0,BL,1,NR,M,NR,NR,NR,NR,A,N,Return to effort
1127405,724,B01/05/K16/07_00052/224670                        ,SCANSIII Block B Aerial,1,16-07-2016 00:00:00,,07:22,,48.50551605,-5.60341978,,,0.201,,97.7,,0,BL,1,NR,M,NR,NR,NR,NR,A,N,Return to effort
1127500,724,B01/05/K16/07_00052/224685                        ,SCANSIII Block B Aerial,1,16-07-2016 00:00:00,,07:23,,48.4854126,-5.62961674,,,0.201,,97.7,,0,BL,1,NR,M,NR,NR,NR,NR,A,N,Return to effort
1105241,724,B01/02/K16/07_00055/226743                        ,SCANSIII Block B Aerial,1,16-07-2016 00:00:00,,12:58,,49.66086578,-5.97587347,,,0.177,,85.8,,0,BL,2,NR,M,NR,NR,NR,NR,D,N,Condictions change
1105362,724,B01/02/K16/07_00055/226752                        ,SCANSIII Block B Aerial,1,16-07-2016 00:00:00,,13:00,,49.6593132,-5.97591019,,,0.171,,81.9,,0,BL,2,NR,M,NR,NR,NR,NR,D,N,Return to effort
1105674,724,B01/02/K16/07_00055/226819                        ,SCANSIII Block B Aerial,1,16-07-2016 00:00:00,,13:04,,49.55941391,-6.04395676,,,0,,93.5,,0,BL,2,NR,M,NR,NR,NR,NR,D,N,Return to effort
1115412,724,B01/17/K04/07_00015/197303                        ,SCANSIII Block B Aerial,1,04-07-2016 00:00:00,,13:00,,45.84698486,-2.89250159,,,0.207,,100.3,,0,BL,2,NR,M,NR,NR,NR,NR,D,N,Condictions change
865183,707,1328-1                                            ,SCANSII Block V Double platform,1,23-07-2005 00:00:00,23-07-2005 00:00:00,11:33,12:01,56.7348,-2.3187,56.7942,-2.255,,,,,4,FW   ,0,L,N,NR,NR,D,E,NR,NR,
863083,707,3799-1                                            ,SCANSII Block Q Double platform,1,24-07-2005 00:00:00,24-07-2005 00:00:00,12:04,12:30,59.5579,-3.5792,59.4876,-3.5751,,,,,4,FW   ,3,M,M,NR,NR,D,P,NR,NR,
1147722,733,GE_135_1                                          ,CODA Block 2 Double platform,1,21-07-2007 00:00:00,21-07-2007 00:00:00,06:39,07:39,48.74659,-14.03664,48.68333,-13.81269,,,,,4,FW   ,0,NR,NR,NR,NR,NR,NR,NR,NR,
865788,707,2534-1                                            ,SCANSII Block W Double platform,1,16-07-2005 00:00:00,16-07-2005 00:00:00,12:01,12:25,44.0789,-6.0617,44.1108,-5.9903,,,,,4,FW   ,0,N,N,NR,NR,D,E,NR,NR,
1146357,730,9_709_1                                           ,SCANSIII Block 9 Double platform,1,22-07-2016 00:00:00,22-07-2016 00:00:00,15:01,15:16,46.92962,-10.44389,46.89898,-10.46896,,,,,4,FW   ,0,N,NR,NR,NR,NR,NR,NR,NR,
1146359,730,9_718_1                                           ,SCANSIII Block 9 Double platform,1,22-07-2016 00:00:00,22-07-2016 00:00:00,18:01,18:26,46.59978,-10.74246,46.54983,-10.78806,,,,,4,FW   ,0,N,NR,NR,NR,NR,NR,NR,NR,
1146360,730,9_909_1                                           ,SCANSIII Block 9 Double platform,1,29-07-2016 00:00:00,29-07-2016 00:00:00,09:28,09:28,45.33039,-5.510352,45.33039,-5.510352,,,,,4,FW   ,0,N,NR,NR,NR,NR,NR,NR,NR,
1146362,730,9_955_1                                           ,SCANSIII Block 9 Double platform,1,30-07-2016 00:00:00,30-07-2016 00:00:00,08:58,09:15,46.25992,-5.595022,46.233,-5.640304,,,,,4,FW   ,0,N,NR,NR,NR,NR,NR,NR,NR,
1146060,730,8_124_1                                           ,SCANSIII Block 8 Double platform,1,01-07-2016 00:00:00,01-07-2016 00:00:00,15:03,15:30,59.74823,-11.23878,59.74958,-11.36296,,,,,4,FW   ,2,M,N,N,N,D,G,NR,NR,
1145965,730,8_324_1                                           ,SCANSIII Block 8 Double platform,1,05-07-2016 00:00:00,05-07-2016 00:00:00,16:31,17:03,58.33712,-11.61616,58.30873,-11.47881,,,,,4,FW   ,2,L,N,N,N,D,G,NR,NR,
1146417,730,9_1033_1                                          ,SCANSIII Block 9 Double platform,1,01-08-2016 00:00:00,01-08-2016 00:00:00,07:41,07:41,46.3043,-7.31173,46.3043,-7.31173,,,,,4,FW   ,2,L,N,N,N,D,G,NR,NR,
1146610,730,9_864_1                                           ,SCANSIII Block 9 Double platform,1,28-07-2016 00:00:00,28-07-2016 00:00:00,11:29,11:59,45.49298,-3.668612,45.55721,-3.700017,,,,,4,FW   ,3,L,N,N,N,D,G,NR,NR,
1146784,730,9_1112_1                                          ,SCANSIII Block 9 Double platform,1,03-08-2016 00:00:00,03-08-2016 00:00:00,15:35,15:53,47.51208,-8.215673,47.54856,-8.188816,,,,,4,FW   ,4,M,N,N,N,D,P,NR,NR,
1147076,733,RA_50_1                                           ,CODA Block 2 Double platform,1,07-07-2007 00:00:00,07-07-2007 00:00:00,13:15,13:46,45.35997,-13.8503,45.44095,-13.80797,,,,,4,FW   ,4,M,N,N,NR,D,M,NR,NR,
1147078,733,RA_52_1                                           ,CODA Block 2 Double platform,1,07-07-2007 00:00:00,07-07-2007 00:00:00,13:56,14:04,45.46777,-13.7948,45.49084,-13.7827,,,,,4,FW   ,0,NR,NR,N,NR,NR,NR,NR,NR,
1147130,733,GE_69_1                                           ,CODA Block 2 Double platform,1,19-07-2007 00:00:00,19-07-2007 00:00:00,08:41,09:16,53.05622,-16.07945,53.08503,-15.93756,,,,,4,FW   ,3,H,St,N,NR,D,E,NR,NR,
1115540,724,B02/12/K09/07_00034/213039                        ,SCANSIII Block B Aerial,1,09-07-2016 00:00:00,,08:26,,46.35648727,-4.69197512,,,0,,107,,0,BL,2,NR,M,NR,NR,NR,NR,D,N,Effort beginning
1097065,724,B02/05/K21/07_00067/234983                        ,SCANSIII Block B Aerial,1,21-07-2016 00:00:00,,06:41,,48.45391464,-5.60304689,,,0.189,,91.8,,0,BL,1,NR,Sl,NR,NR,NR,NR,D,N,Condictions change
1098239,724,B02/05/K21/07_00067/235149                        ,SCANSIII Block B Aerial,1,21-07-2016 00:00:00,,06:52,,48.2037735,-5.78391838,,,0.189,,91.6,,0,BL,1,NR,Sl,NR,NR,NR,NR,D,N,Condictions change
1098340,724,B02/05/K21/07_00067/235154                        ,SCANSIII Block B Aerial,1,21-07-2016 00:00:00,,06:52,,48.1965332,-5.78909016,,,0.186,,90.4,,0,BL,1,NR,Sl,NR,NR,NR,NR,D,N,Condictions change
1098342,724,B02/05/K21/07_00067/235156                        ,SCANSIII Block B Aerial,1,21-07-2016 00:00:00,,06:52,,48.1932106,-5.7916584,,,0.232,,90.1,,0,BL,1,NR,Sl,NR,NR,NR,NR,D,N,Condictions change
1098640,724,B02/05/K21/07_00067/235198                        ,SCANSIII Block B Aerial,1,21-07-2016 00:00:00,,06:55,,48.13314056,-5.83567333,,,0.191,,92.6,,0,BL,2,NR,Sl,NR,NR,NR,NR,D,N,Condictions change
1098760,724,B02/05/K21/07_00067/235206                        ,SCANSIII Block B Aerial,1,21-07-2016 00:00:00,,06:55,,48.12046432,-5.84436655,,,0.187,,91.5,,0,BL,2,NR,Sl,NR,NR,NR,NR,D,N,Condictions change
1111166,724,B02/20/K10/07_00040/217411                        ,SCANSIII Block B Aerial,1,10-07-2016 00:00:00,,09:01,,45.11520004,-2.27168989,,,0.198,,96.3,,0,BL,2,NR,Sl,NR,NR,NR,NR,D,N,Condictions change
1118393,724,B02/08/K21/07_00071/237834                        ,SCANSIII Block B Aerial,1,21-07-2016 00:00:00,,11:22,,47.49928284,-5.27605677,,,0.203,,98.9,,0,BL,3,NR,Sl,NR,NR,NR,NR,D,N,Return to effort
1112048,724,B01/22/K29/06_00005/193157                        ,SCANSIII Block B Aerial,1,29-06-2016 00:00:00,,14:18,,44.03657532,-2.27482677,,,0.162,,79.4,,0,BL,2,NR,Sl,NR,NR,NR,NR,D,N,Return to effort
1083865,722,C05/07_00305/512306                               ,SCANSII Block N Aerial,1,05-07-2005 00:00:00,,14:31,,57.16896057,-7.19538498,,,0.022256,,101.3,,0,BL,1,NR,Sl,NR,NR,NR,NR,D,M,Condictions change
1124294,724,B02/12/K09/07_00034/213196                        ,SCANSIII Block B Aerial,1,09-07-2016 00:00:00,,08:36,,46.55961227,-4.44017839,,,0.195,,94.8,,0,BL,2,NR,Sl,NR,NR,NR,NR,D,N,Condictions change
1126034,724,B02/12/K09/07_00034/213464                        ,SCANSIII Block B Aerial,1,09-07-2016 00:00:00,,08:53,,46.91462708,-3.99448991,,,0.201,,97.9,,0,BL,2,NR,Sl,NR,NR,NR,NR,D,N,Condictions change
1126035,724,B02/12/K09/07_00034/213465                        ,SCANSIII Block B Aerial,1,09-07-2016 00:00:00,,08:53,,46.91598892,-3.99271655,,,0.203,,99.7,,0,BL,2,NR,Sl,NR,NR,NR,NR,D,N,Condictions change
1117822,724,B01/17/K04/07_00015/197473                        ,SCANSIII Block B Aerial,1,04-07-2016 00:00:00,,13:12,,45.60726166,-3.19132996,,,0.156,,100.5,,0,BL,3,NR,N,NR,NR,NR,NR,D,N,Condictions change
1128309,724,B01/03/K16/07_00056/227851                        ,SCANSIII Block B Aerial,1,16-07-2016 00:00:00,,14:16,,48.56319809,-6.58677816,,,0.188,,91.6,,0,BL,2,NR,St,NR,NR,NR,NR,C,N,Effort beginning
1147152,733,GE_63_1                                           ,CODA Block 2 Double platform,1,19-07-2007 00:00:00,19-07-2007 00:00:00,06:15,06:29,52.96105,-16.70756,52.9695,-16.6454,,,,,4,FW   ,3,NR,N,N,NR,NR,P,NR,NR,
1147617,733,MC_225_1                                          ,CODA Block 1 Single platform,1,15-07-2007 00:00:00,15-07-2007 00:00:00,11:00,11:39,57.56081,-13.52952,57.46426,-13.43617,,,,,4,FW   ,2,N,M,N,NR,D,E,NR,NR,
1146039,730,8_241_1                                           ,SCANSIII Block 8 Double platform,1,04-07-2016 00:00:00,04-07-2016 00:00:00,06:29,07:03,58.83636,-9.900438,58.84038,-10.04391,,,,,4,FW   ,2,L,N,N,N,D,E,NR,NR,
1147532,733,MC_34_1                                           ,CODA Block 1 Single platform,1,08-07-2007 00:00:00,08-07-2007 00:00:00,12:02,12:31,60.1348,-7.649162,60.06159,-7.60949,,,,,4,FW   ,3,L,N,N,NR,D,E,NR,NR,
1147339,733,MC_470_1                                          ,CODA Block 1 Double platform,1,26-07-2007 00:00:00,26-07-2007 00:00:00,11:28,11:58,55.6321,-11.88577,55.55486,-11.83396,,,,,4,FW   ,3,H,M,N,NR,D,M,NR,NR,
1147132,733,GE_67_1                                           ,CODA Block 2 Double platform,1,19-07-2007 00:00:00,19-07-2007 00:00:00,07:34,08:05,53.00746,-16.35438,53.00348,-16.21439,,,,,4,FW   ,3,H,St,N,NR,D,M,NR,NR,
1146955,733,MC_79_1                                           ,CODA Block 1 Double platform,1,11-07-2007 00:00:00,11-07-2007 00:00:00,13:30,14:02,59.60585,-9.533344,59.64266,-9.693539,,,,,4,FW   ,3,L,N,N,NR,D,E,NR,NR,
1147171,733,MC_323_1                                          ,CODA Block 1 Double platform,1,20-07-2007 00:00:00,20-07-2007 00:00:00,09:00,09:40,53.32727,-14.94086,53.33558,-15.12806,,,,,4,FW   ,3,L,N,N,NR,D,M,NR,NR,
1146600,730,9_708_1                                           ,SCANSIII Block 9 Double platform,1,22-07-2016 00:00:00,22-07-2016 00:00:00,14:53,15:01,46.94615,-10.43019,46.92962,-10.44389,,,,,4,FW   ,2,L,N,N,N,D,G,D,NR,
1146801,730,9_1067_1                                          ,SCANSIII Block 9 Double platform,1,02-08-2016 00:00:00,02-08-2016 00:00:00,08:29,09:00,46.99624,-7.223264,47.05925,-7.179934,,,,,4,FW   ,4,M,N,N,N,D,P,E,NR,
1146497,730,9_713_1                                           ,SCANSIII Block 9 Double platform,1,22-07-2016 00:00:00,22-07-2016 00:00:00,16:00,16:16,46.81324,-10.54866,46.78603,-10.57759,,,,,4,FW   ,3,M,N,N,N,D,E,E,NR,
1146482,730,9_1128_1                                          ,SCANSIII Block 9 Double platform,1,04-08-2016 00:00:00,04-08-2016 00:00:00,07:12,07:31,47.35746,-9.541148,47.38949,-9.495437,,,,,4,FW   ,3,H,St,N,N,D,P,C,NR,
1146485,730,9_1131_1                                          ,SCANSIII Block 9 Double platform,1,04-08-2016 00:00:00,04-08-2016 00:00:00,08:01,08:14,47.43803,-9.420825,47.46074,-9.387225,,,,,4,FW   ,3,H,M,N,N,D,M,E,NR,
1146480,730,9_1125_1                                          ,SCANSIII Block 9 Double platform,1,04-08-2016 00:00:00,04-08-2016 00:00:00,06:09,06:32,47.25109,-9.693378,47.29052,-9.637258,,,,,4,FW   ,2,H,M,N,N,D,P,E,NR,
1146484,730,9_1130_1                                          ,SCANSIII Block 9 Double platform,1,04-08-2016 00:00:00,04-08-2016 00:00:00,07:44,08:01,47.41117,-9.462405,47.43803,-9.420825,,,,,4,FW   ,2,H,St,N,N,D,M,E,NR,
1146320,730,9_1046_1                                          ,SCANSIII Block 9 Double platform,1,01-08-2016 00:00:00,01-08-2016 00:00:00,11:56,12:28,46.02205,-7.936242,46.09102,-7.885012,,,,,4,FW   ,4,N,N,N,N,D,P,E,NR,
1146532,730,9_967_1                                           ,SCANSIII Block 9 Double platform,1,30-07-2016 00:00:00,30-07-2016 00:00:00,11:59,12:34,45.98144,-6.05827,45.92366,-6.143105,,,,,4,FW   ,2,L,N,N,N,D,E,E,NR,
1146623,730,9_776_1                                           ,SCANSIII Block 9 Double platform,1,24-07-2016 00:00:00,24-07-2016 00:00:00,09:30,09:49,45.95315,-9.091578,45.95658,-9.026403,,,,,4,FW   ,2,L,N,N,N,D,E,E,NR,
1146644,730,9_888_1                                           ,SCANSIII Block 9 Double platform,1,28-07-2016 00:00:00,28-07-2016 00:00:00,19:16,19:31,45.74945,-4.559355,45.7306,-4.602662,,,,,4,FW   ,2,L,N,N,N,D,M,E,NR,
1146119,730,8_98_1                                            ,SCANSIII Block 8 Double platform,1,01-07-2016 00:00:00,01-07-2016 00:00:00,07:35,08:02,59.87091,-10.07965,59.83427,-9.979555,,,,,4,FW   ,2,L,St,N,N,D,E,C,NR,
1146572,730,9_639_1                                           ,SCANSIII Block 9 Double platform,1,20-07-2016 00:00:00,20-07-2016 00:00:00,16:27,17:00,49.22729,-8.297298,49.16217,-8.344497,,,,,4,FW   ,3,L,M,N,N,D,M,E,NR,
1146603,730,9_766_1                                           ,SCANSIII Block 9 Double platform,1,24-07-2016 00:00:00,24-07-2016 00:00:00,06:53,07:16,46.14635,-9.232005,46.09324,-9.253542,,,,,4,FW   ,1,L,N,N,N,D,G,E,NR,
1146528,730,9_961_1                                           ,SCANSIII Block 9 Double platform,1,30-07-2016 00:00:00,30-07-2016 00:00:00,10:22,10:31,46.1324,-5.810771,46.1181,-5.834483,,,,,4,FW   ,1,L,N,N,N,D,E,E,NR,
1146529,730,9_962_1                                           ,SCANSIII Block 9 Double platform,1,30-07-2016 00:00:00,30-07-2016 00:00:00,10:31,10:50,46.1181,-5.834483,46.08876,-5.88318,,,,,4,FW   ,1,L,N,N,N,D,E,E,NR,
1146606,730,9_775_1                                           ,SCANSIII Block 9 Double platform,1,24-07-2016 00:00:00,24-07-2016 00:00:00,08:52,09:30,45.9446,-9.223496,45.95315,-9.091578,,,,,4,FW   ,1,L,N,N,N,D,E,E,NR,
1146363,730,9_987_1                                           ,SCANSIII Block 9 Double platform,1,30-07-2016 00:00:00,30-07-2016 00:00:00,16:50,16:57,45.52429,-6.82429,45.52931,-6.826172,,,,,4,FW   ,0,N,NR,NR,NR,NR,NR,NR,NR,
1146366,730,9_1008_1                                          ,SCANSIII Block 9 Double platform,1,31-07-2016 00:00:00,31-07-2016 00:00:00,14:51,15:05,47.16798,-6.029412,47.14577,-6.06332,,,,,4,FW   ,0,N,NR,NR,NR,NR,NR,NR,NR,
1146400,730,9_1014_1                                          ,SCANSIII Block 9 Double platform,1,31-07-2016 00:00:00,31-07-2016 00:00:00,16:44,16:48,46.99147,-6.295596,46.98618,-6.302984,,,,,4,FW   ,0,N,NR,NR,NR,NR,NR,NR,NR,
865098,707,1233-1                                            ,SCANSII Block V Double platform,1,15-07-2005 00:00:00,15-07-2005 00:00:00,14:30,15:01,56.1541,-2.0777,56.0768,-2.0236,,,,,4,FW   ,0,N,N,NR,NR,D,E,NR,NR,
865167,707,1311-1                                            ,SCANSII Block V Double platform,1,23-07-2005 00:00:00,23-07-2005 00:00:00,05:30,05:44,56.1598,-2.7497,56.1941,-2.7065,,,,,4,FW   ,0,N,N,NR,NR,D,E,NR,NR,
1146258,730,8_562_1                                           ,SCANSIII Block 8 Single platform,1,14-07-2016 00:00:00,14-07-2016 00:00:00,05:32,05:41,55.67721,-12.66594,55.66868,-12.63413,,,,,4,FW   ,0,N,NR,NR,NR,NR,NR,NR,NR,
865047,707,1178-1                                            ,SCANSII Block V Double platform,1,13-07-2005 00:00:00,13-07-2005 00:00:00,03:31,03:51,56.9727,3.61,57.024,3.5831,,,,,4,FW   ,1,N,N,NR,NR,D,G,NR,NR,
1128314,724,B01/03/K16/07_00056/227856                        ,SCANSIII Block B Aerial,1,16-07-2016 00:00:00,,14:16,,48.57012939,-6.57845497,,,0.235,,91.2,,0,BL,2,NR,St,NR,NR,NR,NR,C,N,Effort beginning
1128562,724,B02/12/K09/07_00034/213832                        ,SCANSIII Block B Aerial,1,09-07-2016 00:00:00,,09:18,,47.41277313,-3.37410665,,,0,,97.4,,0,BL,2,NR,N,NR,NR,NR,NR,E,N,Condictions change
1116680,724,B01/02/K16/07_00055/227577                        ,SCANSIII Block B Aerial,1,16-07-2016 00:00:00,,13:52,,48.43893814,-6.82259655,,,0,,82,,0,BL,2,NR,St,NR,NR,NR,NR,C,N,Condictions change
1116688,724,B01/02/K16/07_00055/227585                        ,SCANSIII Block B Aerial,1,16-07-2016 00:00:00,,13:53,,48.42791748,-6.82966185,,,0.088,,85.8,,0,BL,2,NR,St,NR,NR,NR,NR,C,N,Condictions change
1116689,724,B01/02/K16/07_00055/227586                        ,SCANSIII Block B Aerial,1,16-07-2016 00:00:00,,13:53,,48.42791748,-6.82966185,,,0,,85.8,,0,BL,2,NR,St,NR,NR,NR,NR,C,N,Condictions change
1116900,724,B01/02/K16/07_00055/227605                        ,SCANSIII Block B Aerial,1,16-07-2016 00:00:00,,13:54,,48.39891052,-6.84852839,,,0.184,,89.7,,0,BL,2,NR,St,NR,NR,NR,NR,C,N,Condictions change
1116913,724,B01/02/K16/07_00055/227618                        ,SCANSIII Block B Aerial,1,16-07-2016 00:00:00,,13:55,,48.37906265,-6.86121655,,,0.184,,89.6,,0,BL,2,NR,St,NR,NR,NR,NR,C,N,Condictions change
1117027,724,B01/02/K16/07_00055/227620                        ,SCANSIII Block B Aerial,1,16-07-2016 00:00:00,,13:55,,48.37641144,-6.86297178,,,0.138,,89.6,,0,BL,2,NR,St,NR,NR,NR,NR,C,N,Condictions change
1115440,724,B01/12/K05/07_00020/202338                        ,SCANSIII Block B Aerial,1,05-07-2016 00:00:00,,12:02,,47.08730316,-3.85714841,,,0.193,,94.3,,0,BL,3,NR,M,NR,NR,NR,NR,C,N,Condictions change
1115682,724,B01/12/K05/07_00020/202356                        ,SCANSIII Block B Aerial,1,05-07-2016 00:00:00,,12:03,,47.11444473,-3.83619666,,,0.193,,93.4,,0,BL,3,NR,M,NR,NR,NR,NR,C,N,Condictions change
1115683,724,B01/12/K05/07_00020/202357                        ,SCANSIII Block B Aerial,1,05-07-2016 00:00:00,,12:03,,47.11444473,-3.83619666,,,0,,93.4,,0,BL,3,NR,M,NR,NR,NR,NR,C,N,Condictions change
1128150,724,B01/18/K04/07_00013/195589                        ,SCANSIII Block B Aerial,1,04-07-2016 00:00:00,,08:12,,44.92303467,-3.14056659,,,0.174,,84.4,,0,BL,3,NR,N,NR,NR,NR,NR,E,N,Effort beginning
1128153,724,B01/18/K04/07_00013/195592                        ,SCANSIII Block B Aerial,1,04-07-2016 00:00:00,,08:12,,44.92708969,-3.13731837,,,0.173,,83.9,,0,BL,3,NR,N,NR,NR,NR,NR,E,N,Effort beginning
1117105,724,B02/08/K21/07_00071/237650                        ,SCANSIII Block B Aerial,1,21-07-2016 00:00:00,,11:08,,47.2469902,-5.58738852,,,0,,101.3,,0,BL,3,NR,N,NR,NR,NR,NR,E,N,Condictions change
1117170,724,B01/12/K05/07_00020/202580                        ,SCANSIII Block B Aerial,1,05-07-2016 00:00:00,,12:18,,47.45849991,-3.57435656,,,0.195,,95.1,,0,BL,3,NR,N,NR,NR,NR,NR,E,N,Condictions change
1117179,724,B01/12/K05/07_00020/202589                        ,SCANSIII Block B Aerial,1,05-07-2016 00:00:00,,12:20,,47.45905685,-3.57213998,,,0.191,,93.3,,0,BL,3,NR,N,NR,NR,NR,NR,E,N,Return to effort
1117704,724,B01/12/K05/07_00020/202666                        ,SCANSIII Block B Aerial,1,05-07-2016 00:00:00,,12:26,,47.58076096,-3.4821167,,,0.196,,95,,0,BL,3,NR,N,NR,NR,NR,NR,E,N,Condictions change
1130003,724,B02/09/K08/07_00032/211360                        ,SCANSIII Block B Aerial,1,08-07-2016 00:00:00,,07:21,,46.82510376,-5.21624851,,,0.207,,101.2,,0,BL,3,NR,M,NR,NR,NR,NR,C,N,Condictions change
1130100,724,B02/09/K08/07_00032/211361                        ,SCANSIII Block B Aerial,1,08-07-2016 00:00:00,,07:21,,46.82713318,-5.21457481,,,0.259,,100.7,,0,BL,3,NR,M,NR,NR,NR,NR,C,N,Condictions change
1130177,724,B02/09/K08/07_00032/211390                        ,SCANSIII Block B Aerial,1,08-07-2016 00:00:00,,07:23,,46.87439346,-5.18048811,,,0.25,,97.9,,0,BL,3,NR,M,NR,NR,NR,NR,C,N,Condictions change
1130350,724,B02/09/K08/07_00032/211419                        ,SCANSIII Block B Aerial,1,08-07-2016 00:00:00,,07:25,,46.92149734,-5.14491653,,,0.205,,99.6,,0,BL,3,NR,M,NR,NR,NR,NR,C,N,Condictions change
1130355,724,B02/09/K08/07_00032/211424                        ,SCANSIII Block B Aerial,1,08-07-2016 00:00:00,,07:25,,46.92961502,-5.13849688,,,0.206,,100.4,,0,BL,3,NR,M,NR,NR,NR,NR,C,N,Condictions change
1130463,724,B02/09/K08/07_00032/211436                        ,SCANSIII Block B Aerial,1,08-07-2016 00:00:00,,07:26,,46.94895935,-5.12417984,,,0.204,,99.5,,0,BL,3,NR,M,NR,NR,NR,NR,C,N,Condictions change
1129801,724,B02/14/K09/07_00038/215353                        ,SCANSIII Block B Aerial,1,09-07-2016 00:00:00,,14:02,,46.64999008,-3.32827163,,,0.207,,100.6,,0,BL,2,NR,M,NR,NR,NR,NR,C,N,Condictions change
1130125,724,B01/12/K05/07_00020/202268                        ,SCANSIII Block B Aerial,1,05-07-2016 00:00:00,,11:57,,46.97967911,-3.93737006,,,0.194,,94.3,,0,BL,2,NR,N,NR,NR,NR,NR,E,N,Return to effort
1130141,724,B02/14/K09/07_00038/215405                        ,SCANSIII Block B Aerial,1,09-07-2016 00:00:00,,14:05,,46.72110748,-3.23826003,,,0.254,,98.4,,0,BL,2,NR,M,NR,NR,NR,NR,C,N,Condictions change
1130145,724,B02/14/K09/07_00038/215409                        ,SCANSIII Block B Aerial,1,09-07-2016 00:00:00,,14:05,,46.7244873,-3.23385,,,0.201,,97.8,,0,BL,2,NR,M,NR,NR,NR,NR,C,N,Condictions change
1130244,724,B02/14/K09/07_00038/215412                        ,SCANSIII Block B Aerial,1,09-07-2016 00:00:00,,14:05,,46.72851181,-3.22847176,,,0.202,,98.4,,0,BL,2,NR,M,NR,NR,NR,NR,C,N,Condictions change
1130246,724,B02/14/K09/07_00038/215414                        ,SCANSIII Block B Aerial,1,09-07-2016 00:00:00,,14:05,,46.7312088,-3.22492337,,,0.202,,98.2,,0,BL,2,NR,M,NR,NR,NR,NR,C,N,Condictions change
1130251,724,B02/14/K09/07_00038/215419                        ,SCANSIII Block B Aerial,1,09-07-2016 00:00:00,,14:06,,46.73862839,-3.21623993,,,0.202,,98.3,,0,BL,2,NR,M,NR,NR,NR,NR,C,N,Condictions change
1130254,724,B02/14/K09/07_00038/215422                        ,SCANSIII Block B Aerial,1,09-07-2016 00:00:00,,14:06,,46.74261856,-3.21184492,,,0.203,,98.5,,0,BL,2,NR,M,NR,NR,NR,NR,C,N,Condictions change
1130389,724,B02/14/K09/07_00038/215429                        ,SCANSIII Block B Aerial,1,09-07-2016 00:00:00,,14:06,,46.75217438,-3.19992661,,,0.1,,97.3,,0,BL,2,NR,M,NR,NR,NR,NR,C,N,Condictions change
865164,707,1306-1                                            ,SCANSII Block V Double platform,1,17-07-2005 00:00:00,17-07-2005 00:00:00,18:33,18:58,57.9208,-0.0509,57.9825,-0.0879,,,,,4,FW   ,2,L,N,NR,NR,D,M,NR,NR,
865186,707,1331-1                                            ,SCANSII Block V Double platform,1,23-07-2005 00:00:00,23-07-2005 00:00:00,12:49,13:07,56.8946,-2.1598,56.9306,-2.136,,,,,4,FW   ,2,L,N,NR,NR,D,M,NR,NR,
865092,707,1226-1                                            ,SCANSII Block V Double platform,1,15-07-2005 00:00:00,15-07-2005 00:00:00,06:32,07:00,57.1517,-1.1062,57.0711,-1.1505,,,,,4,FW   ,3,L,N,NR,NR,D,M,NR,NR,
865093,707,1227-1                                            ,SCANSII Block V Double platform,1,15-07-2005 00:00:00,15-07-2005 00:00:00,07:00,07:32,57.0711,-1.1505,56.9808,-1.2024,,,,,4,FW   ,3,L,N,NR,NR,D,M,NR,NR,
865145,707,1284-1                                            ,SCANSII Block V Double platform,1,17-07-2005 00:00:00,17-07-2005 00:00:00,08:31,09:02,56.448,0.5706,56.5285,0.6235,,,,,4,FW   ,3,L,N,NR,NR,D,M,NR,NR,
865163,707,1305-1                                            ,SCANSII Block V Double platform,1,17-07-2005 00:00:00,17-07-2005 00:00:00,18:02,18:33,57.8402,-0.0036,57.9208,-0.0509,,,,,4,FW   ,3,L,M,NR,NR,D,M,NR,NR,
864924,707,5261-1                                            ,SCANSII Block U Double platform,1,14-07-2005 00:00:00,14-07-2005 00:00:00,08:01,08:24,54.7898,4.2406,54.8499,4.2629,,,,,4,FW   ,3,L,N,NR,NR,D,M,NR,NR,
864941,707,5278-1                                            ,SCANSII Block U Double platform,1,14-07-2005 00:00:00,14-07-2005 00:00:00,12:32,12:49,55.3467,4.4493,55.3907,4.4645,,,,,4,FW   ,3,L,N,NR,NR,D,M,NR,NR,
865255,707,1442-1                                            ,SCANSII Block V Double platform,1,27-07-2005 00:00:00,27-07-2005 00:00:00,16:31,17:02,58.1564,1.7224,58.0659,1.6598,,,,,4,FW   ,1,L,N,NR,NR,D,E,NR,NR,
1147189,733,RA_82_1                                           ,CODA Block 2 Double platform,1,09-07-2007 00:00:00,09-07-2007 00:00:00,09:39,10:10,49.22932,-13.26264,49.3082,-13.26626,,,,,4,FW   ,3,L,N,N,NR,D,G,NR,NR,
1147694,733,GE_125_1                                          ,CODA Block 2 Double platform,1,20-07-2007 00:00:00,20-07-2007 00:00:00,18:08,19:03,51.17116,-15.45291,51.02734,-15.50648,,,,,4,FW   ,3,L,St,N,NR,D,G,NR,NR,
1147710,733,GE_128_1                                          ,CODA Block 2 Double platform,1,20-07-2007 00:00:00,20-07-2007 00:00:00,19:57,20:27,50.88204,-15.56215,50.80325,-15.59023,,,,,4,FW   ,3,L,N,N,NR,D,G,NR,NR,
1146625,730,9_778_1                                           ,SCANSIII Block 9 Double platform,1,24-07-2016 00:00:00,24-07-2016 00:00:00,10:33,11:09,45.96763,-8.8679,45.97577,-8.742265,,,,,4,FW   ,1,L,N,N,N,D,E,NR,NR,
1147024,733,MC_203_1                                          ,CODA Block 1 Double platform,1,14-07-2007 00:00:00,14-07-2007 00:00:00,15:30,15:55,58.52003,-14.18526,58.54315,-14.30686,,,,,4,FW   ,1,L,N,N,NR,D,E,NR,NR,
1146884,733,MC_108_1                                          ,CODA Block 1 Double platform,1,12-07-2007 00:00:00,12-07-2007 00:00:00,10:00,10:33,59.98305,-11.92867,59.89898,-11.84978,,,,,4,FW   ,2,L,N,N,NR,D,E,NR,NR,
1146975,733,MC_88_1                                           ,CODA Block 1 Double platform,1,11-07-2007 00:00:00,11-07-2007 00:00:00,15:30,16:02,59.73761,-10.15001,59.77089,-10.313,,,,,4,FW   ,2,L,N,N,NR,D,E,NR,NR,
1147732,733,GE_138_1                                          ,CODA Block 2 Double platform,1,21-07-2007 00:00:00,21-07-2007 00:00:00,07:54,08:20,48.66842,-13.75503,48.64142,-13.65601,,,,,4,FW   ,2,L,N,N,NR,D,G,NR,NR,
1147225,733,GE_93_1                                           ,CODA Block 2 Double platform,1,20-07-2007 00:00:00,20-07-2007 00:00:00,05:28,05:54,53.20726,-14.67327,53.14162,-14.70081,,,,,4,FW   ,2,L,N,N,NR,C,M,NR,NR,
1147214,733,RA_83_1                                           ,CODA Block 2 Double platform,1,09-07-2007 00:00:00,09-07-2007 00:00:00,10:10,10:42,49.3082,-13.26626,49.3888,-13.27354,,,,,4,FW   ,3,L,N,N,NR,D,M,NR,NR,
1147701,733,GE_120_1                                          ,CODA Block 2 Double platform,1,20-07-2007 00:00:00,20-07-2007 00:00:00,16:21,16:40,51.46458,-15.33889,51.41167,-15.36003,,,,,4,FW   ,3,L,St,N,NR,D,M,NR,NR,
1147758,733,GE_166_1                                          ,CODA Block 2 Double platform,1,21-07-2007 00:00:00,21-07-2007 00:00:00,18:43,18:49,47.65823,-12.65269,47.64311,-12.66105,,,,,4,FW   ,3,L,St,N,NR,D,M,NR,NR,
1147764,733,GE_167_1                                          ,CODA Block 2 Double platform,1,21-07-2007 00:00:00,21-07-2007 00:00:00,18:49,19:19,47.64311,-12.66105,47.56894,-12.70115,,,,,4,FW   ,3,L,M,N,NR,D,M,NR,NR,
1147770,733,GE_168_1                                          ,CODA Block 2 Double platform,1,21-07-2007 00:00:00,21-07-2007 00:00:00,19:19,19:54,47.56894,-12.70115,47.48706,-12.74642,,,,,4,FW   ,3,L,N,N,NR,D,M,NR,NR,
1148236,733,I_264_1                                           ,CODA Block 4 Double platform,1,12-07-2007 00:00:00,12-07-2007 00:00:00,16:30,17:00,44.65639496,-6.135612011,44.73061371,-6.167024612,,,,,4,FW   ,3,L,M,N,NR,D,M,NR,NR,
1148245,733,I_269_1                                           ,CODA Block 4 Double platform,1,12-07-2007 00:00:00,12-07-2007 00:00:00,19:01,19:32,45.00593185,-6.282466412,45.07884979,-6.311108589,,,,,4,FW   ,3,L,St,N,NR,D,M,NR,NR,
1147321,733,CS_618_1                                          ,CODA Block 3 Double platform,1,29-07-2007 00:00:00,29-07-2007 00:00:00,13:00,13:34,45.09492111,-10.66010761,45.00055313,-10.58723354,,,,,4,FW   ,0,L,N,N,NR,D,E,NR,NR,
1147745,733,GE_149_1                                          ,CODA Block 2 Double platform,1,21-07-2007 00:00:00,21-07-2007 00:00:00,11:18,11:47,48.48821,-13.04435,48.44168,-12.95404,,,,,4,FW   ,2,L,M,N,NR,D,M,NR,NR,
1148241,733,I_273_1                                           ,CODA Block 4 Double platform,1,13-07-2007 00:00:00,13-07-2007 00:00:00,06:00,06:30,45.11172867,-6.327911377,45.18416214,-6.356033325,,,,,4,FW   ,2,L,N,N,NR,D,M,NR,NR,
1147813,733,GE_23_1                                           ,CODA Block 2 Double platform,1,18-07-2007 00:00:00,18-07-2007 00:00:00,05:17,05:21,51.25584,-11.72368,51.2587,-11.7407,,,,,4,FW   ,3,L,N,N,NR,D,M,NR,NR,
1147822,733,GE_24_1                                           ,CODA Block 2 Double platform,1,18-07-2007 00:00:00,18-07-2007 00:00:00,05:21,05:54,51.2587,-11.7407,51.28173,-11.88759,,,,,4,FW   ,3,L,N,N,NR,D,M,NR,NR,
1146926,733,MC_135_1                                          ,CODA Block 1 Double platform,1,13-07-2007 00:00:00,13-07-2007 00:00:00,06:31,07:02,58.81364,-10.87742,58.73117,-10.80057,,,,,4,FW   ,3,L,N,N,NR,D,G,NR,NR,
1147756,733,GE_162_1                                          ,CODA Block 2 Double platform,1,21-07-2007 00:00:00,21-07-2007 00:00:00,17:03,17:12,47.90276,-12.52909,47.88105,-12.53829,,,,,4,FW   ,2,L,M,N,NR,D,G,NR,NR,
1147838,733,RA_36_1                                           ,CODA Block 2 Double platform,1,07-07-2007 00:00:00,07-07-2007 00:00:00,07:45,08:27,45.36895,-12.74918,45.35115,-12.92602,,,,,4,FW   ,2,L,N,N,NR,D,G,NR,NR,
1147123,733,RA_57_1                                           ,CODA Block 2 Double platform,1,07-07-2007 00:00:00,07-07-2007 00:00:00,16:18,16:40,45.86553,-13.59254,45.92873,-13.55857,,,,,4,FW   ,3,M,N,N,NR,D,M,NR,NR,
1147120,733,RA_54_1                                           ,CODA Block 2 Double platform,1,07-07-2007 00:00:00,07-07-2007 00:00:00,14:37,15:15,45.58334,-13.73486,45.68907,-13.68073,,,,,4,FW   ,3,M,N,N,NR,NR,NR,NR,NR,
1147082,733,RA_53_1                                           ,CODA Block 2 Double platform,1,07-07-2007 00:00:00,07-07-2007 00:00:00,14:04,14:37,45.49084,-13.7827,45.58334,-13.73486,,,,,4,FW   ,3,M,N,N,NR,D,G,NR,NR,
1147085,733,RA_55_1                                           ,CODA Block 2 Double platform,1,07-07-2007 00:00:00,07-07-2007 00:00:00,15:15,15:45,45.68907,-13.68073,45.77471,-13.63711,,,,,4,FW   ,3,M,N,N,NR,D,G,NR,NR,
1147743,733,GE_150_1                                          ,CODA Block 2 Double platform,1,21-07-2007 00:00:00,21-07-2007 00:00:00,11:47,12:17,48.44168,-12.95404,48.41054,-12.84801,,,,,4,FW   ,3,M,M,N,NR,D,M,NR,NR,
1147513,733,I_57_1                                            ,CODA Block 4 Double platform,1,06-07-2007 00:00:00,06-07-2007 00:00:00,06:30,07:00,47.08670425,-6.083988667,47.01743317,-6.055233955,,,,,4,FW   ,3,M,N,N,NR,D,M,NR,NR,
1148060,733,I_310_1                                           ,CODA Block 4 Double platform,1,14-07-2007 00:00:00,14-07-2007 00:00:00,08:30,09:02,47.3103447,-7.618841648,47.24013519,-7.660524368,,,,,4,FW   ,3,M,N,N,NR,D,M,NR,NR,
1148062,733,I_309_1                                           ,CODA Block 4 Double platform,1,14-07-2007 00:00:00,14-07-2007 00:00:00,08:07,08:30,47.35892105,-7.590954781,47.3103447,-7.618841648,,,,,4,FW   ,3,M,N,N,NR,D,M,NR,NR,
1148193,733,I_227_1                                           ,CODA Block 4 Double platform,1,11-07-2007 00:00:00,11-07-2007 00:00:00,15:00,15:22,46.04610825,-4.083883286,45.99963379,-4.127511501,,,,,4,FW   ,3,M,M,N,NR,D,M,NR,NR,
1147114,733,MC_292_1                                          ,CODA Block 1 Double platform,1,19-07-2007 00:00:00,19-07-2007 00:00:00,10:09,10:47,54.47721,-14.56085,54.37374,-14.51957,,,,,4,FW   ,2,L,N,N,NR,D,G,NR,NR,
1147757,733,GE_161_1                                          ,CODA Block 2 Double platform,1,21-07-2007 00:00:00,21-07-2007 00:00:00,16:29,17:03,47.98629,-12.48413,47.90276,-12.52909,,,,,4,FW   ,1,L,M,N,NR,D,E,NR,NR,
1148203,733,I_243_1                                           ,CODA Block 4 Double platform,1,12-07-2007 00:00:00,12-07-2007 00:00:00,07:03,07:31,44.74224472,-5.311954975,44.68540192,-5.360068798,,,,,4,FW   ,1,L,N,N,NR,D,E,NR,NR,
1147754,733,GE_160_1                                          ,CODA Block 2 Double platform,1,21-07-2007 00:00:00,21-07-2007 00:00:00,15:58,16:29,48.06272,-12.44221,47.98629,-12.48413,,,,,4,FW   ,1,L,M,N,NR,D,G,NR,NR,
1147325,733,CS_622_1                                          ,CODA Block 3 Double platform,1,29-07-2007 00:00:00,29-07-2007 00:00:00,15:02,15:30,44.77088165,-10.40955639,44.69728851,-10.35274029,,,,,4,FW   ,1,L,N,N,NR,D,G,NR,NR,
1147850,733,RA_42_1                                           ,CODA Block 2 Double platform,1,07-07-2007 00:00:00,07-07-2007 00:00:00,09:59,10:23,45.309,-13.31478,45.30079,-13.41209,,,,,4,FW   ,3,M,N,N,NR,D,E,NR,NR,
1147736,733,GE_146_1                                          ,CODA Block 2 Double platform,1,21-07-2007 00:00:00,21-07-2007 00:00:00,10:40,11:11,48.50799,-13.18762,48.49386,-13.06894,,,,,4,FW   ,3,M,M,N,NR,D,G,NR,NR,
1147744,733,GE_151_1                                          ,CODA Block 2 Double platform,1,21-07-2007 00:00:00,21-07-2007 00:00:00,12:17,13:05,48.41054,-12.84801,48.36155,-12.67519,,,,,4,FW   ,3,M,M,N,NR,D,G,NR,NR,
1147761,733,GE_165_1                                          ,CODA Block 2 Double platform,1,21-07-2007 00:00:00,21-07-2007 00:00:00,18:07,18:43,47.74232,-12.59836,47.65823,-12.65269,,,,,4,FW   ,3,M,St,N,NR,D,G,NR,NR,
1147843,733,RA_37_1                                           ,CODA Block 2 Double platform,1,07-07-2007 00:00:00,07-07-2007 00:00:00,08:27,09:02,45.35115,-12.92602,45.33597,-13.07012,,,,,4,FW   ,3,M,N,N,NR,D,G,NR,NR,
1147852,733,RA_43_1                                           ,CODA Block 2 Double platform,1,07-07-2007 00:00:00,07-07-2007 00:00:00,10:23,11:10,45.30079,-13.41209,45.2829,-13.61412,,,,,4,FW   ,3,M,N,N,NR,D,G,NR,NR,
1146913,733,MC_518_1                                          ,CODA Block 1 Double platform,1,28-07-2007 00:00:00,28-07-2007 00:00:00,12:29,13:02,56.08012,-10.13719,56.06297,-9.978708,,,,,4,FW   ,3,M,M,N,NR,D,G,NR,NR,
1147835,733,RA_34_1                                           ,CODA Block 2 Double platform,1,07-07-2007 00:00:00,07-07-2007 00:00:00,06:26,07:06,45.3993,-12.42464,45.38329,-12.58897,,,,,4,FW   ,2,M,N,N,NR,D,G,NR,NR,
1147837,733,RA_35_1                                           ,CODA Block 2 Double platform,1,07-07-2007 00:00:00,07-07-2007 00:00:00,07:06,07:45,45.38329,-12.58897,45.36895,-12.74918,,,,,4,FW   ,2,M,N,N,NR,D,G,NR,NR,
1147491,733,MC_389_1                                          ,CODA Block 1 Single platform,1,22-07-2007 00:00:00,22-07-2007 00:00:00,17:30,18:01,54.91024,-16.08086,54.90284,-15.93831,,,,,4,FW   ,4,M,N,N,NR,D,M,NR,NR,
1146675,730,9_896_1                                           ,SCANSIII Block 9 Double platform,1,29-07-2016 00:00:00,29-07-2016 00:00:00,06:47,07:02,45.48486,-5.12971,45.4654,-5.169609,,,,,4,FW   ,2,L,N,N,N,D,G,E,NR,
1146676,730,9_897_1                                           ,SCANSIII Block 9 Double platform,1,29-07-2016 00:00:00,29-07-2016 00:00:00,07:02,07:18,45.4654,-5.169609,45.44404,-5.21224,,,,,4,FW   ,2,L,N,N,N,D,G,E,NR,
1146677,730,9_900_1                                           ,SCANSIII Block 9 Double platform,1,29-07-2016 00:00:00,29-07-2016 00:00:00,07:43,08:08,45.41179,-5.277408,45.38007,-5.34639,,,,,4,FW   ,2,L,N,N,N,D,G,E,NR,
1146685,730,9_918_1                                           ,SCANSIII Block 9 Double platform,1,29-07-2016 00:00:00,29-07-2016 00:00:00,11:31,12:02,45.5941,-5.35792,45.66291,-5.320426,,,,,4,FW   ,2,L,N,N,N,D,G,E,NR,
1146736,730,9_921_1                                           ,SCANSIII Block 9 Double platform,1,29-07-2016 00:00:00,29-07-2016 00:00:00,12:43,13:00,45.74959,-5.271651,45.78521,-5.251832,,,,,4,FW   ,2,L,N,N,N,D,G,E,NR,
1146740,730,9_925_1                                           ,SCANSIII Block 9 Double platform,1,29-07-2016 00:00:00,29-07-2016 00:00:00,13:45,14:03,45.87711,-5.205592,45.91508,-5.18619,,,,,4,FW   ,2,L,N,N,N,D,G,E,NR,
1146747,730,9_932_1                                           ,SCANSIII Block 9 Double platform,1,29-07-2016 00:00:00,29-07-2016 00:00:00,15:36,15:45,46.10922,-5.07932,46.12989,-5.067848,,,,,4,FW   ,2,L,N,N,N,D,G,C,NR,
1147781,733,GE_186_1                                          ,CODA Block 2 Double platform,1,24-07-2007 00:00:00,24-07-2007 00:00:00,05:12,05:42,47.97977,-8.243613,47.90131,-8.29117,,,,,4,FW   ,3,H,N,N,NR,D,M,C,NR,
1148225,733,I_257_1                                           ,CODA Block 4 Double platform,1,12-07-2007 00:00:00,12-07-2007 00:00:00,13:08,13:34,44.18019104,-5.935991287,44.23994827,-5.960541725,,,,,4,FW   ,3,L,N,N,NR,D,M,C,NR,
1130395,724,B02/14/K09/07_00038/215435                        ,SCANSIII Block B Aerial,1,09-07-2016 00:00:00,,14:07,,46.76057816,-3.18996,,,0.2,,97.2,,0,BL,2,NR,M,NR,NR,NR,NR,C,N,Condictions change
1130396,724,B02/14/K09/07_00038/215436                        ,SCANSIII Block B Aerial,1,09-07-2016 00:00:00,,14:07,,46.76197815,-3.18833327,,,0.199,,97,,0,BL,2,NR,M,NR,NR,NR,NR,C,N,Condictions change
1072299,722,A16/07_00377/485329                               ,SCANSII Block R Aerial,1,16-07-2005 00:00:00,,09:47,,53.21907043,-9.24841976,,,0.032634,,107.1,,0,BL,0,NR,M,NR,NR,NR,NR,C,M,Condictions change
1107937,724,B01/02/K16/07_00055/227082                        ,SCANSIII Block B Aerial,1,16-07-2016 00:00:00,,13:21,,49.16061401,-6.32035017,,,0.192,,92.8,,0,BL,0,NR,M,NR,NR,NR,NR,C,N,Condictions change
1109193,724,B01/02/K16/07_00055/227202                        ,SCANSIII Block B Aerial,1,16-07-2016 00:00:00,,13:29,,48.9817276,-6.44477177,,,0.142,,91.4,,0,BL,0,NR,M,NR,NR,NR,NR,C,N,Condictions change
1109195,724,B01/02/K16/07_00055/227204                        ,SCANSIII Block B Aerial,1,16-07-2016 00:00:00,,13:29,,48.97869492,-6.44713497,,,0.19,,92,,0,BL,0,NR,M,NR,NR,NR,NR,C,N,Condictions change
1110450,724,B01/02/K16/07_00055/227323                        ,SCANSIII Block B Aerial,1,16-07-2016 00:00:00,,13:36,,48.80599594,-6.5677948,,,0.196,,94.5,,0,BL,0,NR,M,NR,NR,NR,NR,C,N,Condictions change
1128717,724,B01/03/K16/07_00056/227923                        ,SCANSIII Block B Aerial,1,16-07-2016 00:00:00,,14:20,,48.64844894,-6.47752333,,,0.184,,89.1,,0,BL,0,NR,St,NR,NR,NR,NR,C,N,Condictions change
1130601,724,B01/03/K16/07_00056/228175                        ,SCANSIII Block B Aerial,1,16-07-2016 00:00:00,,14:35,,48.94173813,-6.09624147,,,0.234,,91.2,,0,BL,0,NR,M,NR,NR,NR,NR,C,N,Condictions change
1131059,724,B01/03/K16/07_00056/228281                        ,SCANSIII Block B Aerial,1,16-07-2016 00:00:00,,14:42,,49.07576752,-5.92497349,,,0.187,,90.8,,0,BL,0,NR,M,NR,NR,NR,NR,C,N,Condictions change
1131120,724,B01/03/K16/07_00056/228294                        ,SCANSIII Block B Aerial,1,16-07-2016 00:00:00,,14:43,,49.09088516,-5.90471649,,,0.191,,92.2,,0,BL,0,NR,M,NR,NR,NR,NR,C,N,Condictions change
1131122,724,B01/03/K16/07_00056/228296                        ,SCANSIII Block B Aerial,1,16-07-2016 00:00:00,,14:43,,49.09339523,-5.9012785,,,0.187,,90.3,,0,BL,0,NR,M,NR,NR,NR,NR,C,N,Condictions change
1135532,724,B02/11/K09/07_00033/212357                        ,SCANSIII Block B Aerial,1,09-07-2016 00:00:00,,07:36,,47.38143921,-4.00109816,,,0.196,,95.1,,0,BL,2,NR,N,NR,NR,NR,NR,E,N,Condictions change
1135535,724,B02/11/K09/07_00033/212360                        ,SCANSIII Block B Aerial,1,09-07-2016 00:00:00,,07:36,,47.37841797,-4.00373983,,,0.195,,94.4,,0,BL,2,NR,N,NR,NR,NR,NR,E,N,Condictions change
1135541,724,B02/11/K09/07_00033/212366                        ,SCANSIII Block B Aerial,1,09-07-2016 00:00:00,,07:36,,47.36909485,-4.01070356,,,0.192,,93.5,,0,BL,2,NR,N,NR,NR,NR,NR,E,N,Condictions change
1129704,724,B02/09/K08/07_00032/211317                        ,SCANSIII Block B Aerial,1,08-07-2016 00:00:00,,07:18,,46.75702286,-5.26768494,,,0.204,,99.2,,0,BL,2,NR,N,NR,NR,NR,NR,D,N,Effort beginning
1148233,733,I_261_1                                           ,CODA Block 4 Double platform,1,12-07-2007 00:00:00,12-07-2007 00:00:00,15:01,15:34,44.44867325,-6.047295094,44.5238533,-6.08067131,,,,,4,FW   ,3,L,M,N,NR,D,M,E,NR,
1145066,730,11_606_1                                          ,SCANSIII Block 11 Double platform,1,27-07-2016 00:00:00,27-07-2016 00:00:00,12:01,12:30,44.36656189,-6.74161768,44.43583298,-6.798541069,,,,,4,FW   ,0,L,N,N,N,D,E,E,NR,
1145079,730,11_399_1                                          ,SCANSIII Block 11 Double platform,1,20-07-2016 00:00:00,20-07-2016 00:00:00,17:00,17:28,44.25928497,-7.811494827,44.18912888,-7.751357079,,,,,4,FW   ,2,L,N,N,N,D,M,C,NR,
1145088,730,11_436_1                                          ,SCANSIII Block 11 Double platform,1,22-07-2016 00:00:00,22-07-2016 00:00:00,08:29,09:00,44.17564392,-5.512018681,44.10054398,-5.450174809,,,,,4,FW   ,2,L,N,N,N,D,M,E,NR,
1147749,733,GE_157_1                                          ,CODA Block 2 Double platform,1,21-07-2007 00:00:00,21-07-2007 00:00:00,14:57,15:38,48.21655,-12.35798,48.11215,-12.41668,,,,,4,FW   ,3,L,M,N,NR,D,G,C,NR,
1145091,730,11_439_1                                          ,SCANSIII Block 11 Double platform,1,22-07-2016 00:00:00,22-07-2016 00:00:00,09:55,10:00,43.97022247,-5.329249859,43.9587822,-5.322786331,,,,,4,FW   ,2,L,N,N,N,D,G,E,NR,
1145288,730,12_28_1                                           ,SCANSIII Block 12 Double platform,1,05-07-2016 00:00:00,05-07-2016 00:00:00,15:00,16:00,45.77332306,-10.3659153,45.92710114,-10.44277382,,,,,4,FW   ,2,M,N,N,N,D,G,E,NR,
865260,707,1447-1                                            ,SCANSII Block V Double platform,1,27-07-2005 00:00:00,27-07-2005 00:00:00,19:00,19:34,57.7306,1.4299,57.6328,1.362,,,,,4,FW   ,1,L,N,NR,NR,D,E,NR,NR,
862216,707,1054-1                                            ,SCANSII Block V Double platform,1,03-07-2005 00:00:00,03-07-2005 00:00:00,17:00,17:33,56.9122,4.0628,56.8318,3.998,,,,,4,FW   ,1,L,M,NR,NR,D,G,NR,NR,
862272,707,1080-1                                            ,SCANSII Block V Double platform,1,06-07-2005 00:00:00,06-07-2005 00:00:00,19:36,20:00,57.546,6.0222,57.6023,5.9795,,,,,4,FW   ,1,L,St,NR,NR,D,G,NR,NR,
865073,707,1205-1                                            ,SCANSII Block V Double platform,1,13-07-2005 00:00:00,13-07-2005 00:00:00,13:00,13:36,58.2141,2.7739,58.1221,2.7089,,,,,4,FW   ,1,L,N,NR,NR,D,G,NR,NR,
865177,707,1321-1                                            ,SCANSII Block V Double platform,1,23-07-2005 00:00:00,23-07-2005 00:00:00,08:00,08:30,56.5538,-2.4955,56.6385,-2.4236,,,,,4,FW   ,2,L,N,NR,NR,D,G,NR,NR,
863786,707,3502-1                                            ,SCANSII Block Q Single platform,1,16-07-2005 00:00:00,16-07-2005 00:00:00,14:37,14:58,54.145,-10.6504,54.1721,-10.5601,,,,,4,FW   ,3,L,N,NR,NR,C,M,NR,NR,
864843,707,5178-1                                            ,SCANSII Block U Double platform,1,10-07-2005 00:00:00,10-07-2005 00:00:00,08:37,09:05,55.3726,2.0235,55.3016,2.0667,,,,,4,FW   ,0,L,N,NR,NR,D,E,NR,NR,
1147031,733,MC_214_1                                          ,CODA Block 1 Double platform,1,15-07-2007 00:00:00,15-07-2007 00:00:00,06:00,06:31,58.14903,-14.03822,58.07402,-13.97338,,,,,4,FW   ,0,L,N,NR,NR,D,E,NR,NR,
863776,707,6294-1                                            ,SCANSII Block T Double platform,1,10-07-2005 00:00:00,10-07-2005 00:00:00,11:19,11:30,61.896,1.0671,61.8837,1.1301,,,,,4,FW   ,0,L,N,NR,NR,D,E,NR,NR,
1102813,724,B02/03/K17/07_00059/229874                        ,SCANSIII Block B Aerial,1,17-07-2016 00:00:00,,13:13,,48.57326508,-6.30629158,,,0.153,,99.6,,0,BL,3,NR,St,NR,NR,NR,NR,N,N,Condictions change
1113526,724,B01/11/K06/07_00023/204610                        ,SCANSIII Block B Aerial,1,06-07-2016 00:00:00,,12:05,,47.51017761,-3.79457331,,,0.181,,88.2,,0,BL,1,NR,M,NR,NR,NR,NR,N,N,Condictions change
1113536,724,B01/11/K06/07_00023/204620                        ,SCANSIII Block B Aerial,1,06-07-2016 00:00:00,,12:06,,47.50542831,-3.80028343,,,0,,88.6,,0,BL,1,NR,M,NR,NR,NR,NR,N,N,Condictions change
1113537,724,B01/11/K06/07_00023/204621                        ,SCANSIII Block B Aerial,1,06-07-2016 00:00:00,,12:06,,47.50417328,-3.80183172,,,0.182,,88.6,,0,BL,1,NR,M,NR,NR,NR,NR,N,N,Condictions change
1113700,724,B01/11/K06/07_00023/204624                        ,SCANSIII Block B Aerial,1,06-07-2016 00:00:00,,12:06,,47.50040054,-3.80648494,,,0.183,,88.9,,0,BL,1,NR,M,NR,NR,NR,NR,N,N,Condictions change
1114756,724,B01/11/K06/07_00023/204768                        ,SCANSIII Block B Aerial,1,06-07-2016 00:00:00,,12:16,,47.31359482,-4.03825331,,,0.197,,95.8,,0,BL,1,NR,St,NR,NR,NR,NR,N,N,Condictions change
1126680,724,B01/11/K06/07_00023/205360                        ,SCANSIII Block B Aerial,1,06-07-2016 00:00:00,,12:54,,46.53388596,-5.00325823,,,0.204,,99.4,,0,BL,2,NR,St,NR,NR,NR,NR,N,N,Condictions change
1126689,724,B01/11/K06/07_00023/205369                        ,SCANSIII Block B Aerial,1,06-07-2016 00:00:00,,12:55,,46.5206604,-5.01852846,,,0.252,,97.3,,0,BL,2,NR,St,NR,NR,NR,NR,N,N,Condictions change
1127786,724,B01/12/K05/07_00020/201929                        ,SCANSIII Block B Aerial,1,05-07-2016 00:00:00,,11:33,,46.46881104,-4.32675171,,,0.148,,95.3,,0,BL,2,NR,M,NR,NR,NR,NR,B,N,Condictions change
1125783,724,B02/10/K08/07_00031/210426                        ,SCANSIII Block B Aerial,1,08-07-2016 00:00:00,,06:15,,47.66846085,-4.05986023,,,0.193,,93.7,,0,BL,2,NR,Sl,NR,NR,NR,NR,B,N,Effort beginning
1007626,721,A02/08/M08/07_00030/260673                        ,SCANSIII Block A Aerial,1,08-07-2016 00:00:00,,14:36,,43.9890213,-6.90881157,,,0.223,,107.5,,0,BL,0,NR,M,NR,NR,NR,NR,B,M,Condictions change
1007698,721,A02/08/M08/07_00030/260697                        ,SCANSIII Block A Aerial,1,08-07-2016 00:00:00,,14:38,,44.03511047,-6.89758682,,,0.215,,104.5,,0,BL,0,NR,M,NR,NR,NR,NR,B,M,Condictions change
1037903,722,B02/07_00296/531236                               ,SCANSII Block M Aerial,1,02-07-2005 00:00:00,,13:28,,59.13301086,4.57433319,,,0.040766,,106.1,,0,BL,0,NR,St,NR,NR,NR,NR,N,M,Effort beginning
1134659,724,B02/15/K22/07_00073/238781                        ,SCANSIII Block B Aerial,1,22-07-2016 00:00:00,,07:55,,46.50028229,-3.07635331,,,0.188,,91.8,,0,BL,2,NR,M,NR,NR,NR,NR,B,N,Condictions change
1136210,724,B02/15/K22/07_00073/239113                        ,SCANSIII Block B Aerial,1,22-07-2016 00:00:00,,08:19,,46.02716446,-3.44108677,,,0.19,,91.7,,0,BL,2,NR,M,NR,NR,NR,NR,B,N,Return to effort
1136912,724,B02/15/K22/07_00073/239255                        ,SCANSIII Block B Aerial,1,22-07-2016 00:00:00,,08:28,,45.81529999,-3.60421658,,,0.186,,91.2,,0,BL,1,NR,M,NR,NR,NR,NR,B,N,Condictions change
863804,707,6307-1                                            ,SCANSII Block T Double platform,1,10-07-2005 00:00:00,10-07-2005 00:00:00,16:03,16:33,61.6343,2.4362,61.5998,2.6158,,,,,4,FW   ,0,L,N,NR,NR,D,E,NR,NR,
863805,707,6308-1                                            ,SCANSII Block T Double platform,1,10-07-2005 00:00:00,10-07-2005 00:00:00,16:33,17:00,61.5998,2.6158,61.5713,2.7651,,,,,4,FW   ,0,L,N,NR,NR,D,E,NR,NR,
863392,707,6048-1                                            ,SCANSII Block T Double platform,1,01-07-2005 00:00:00,01-07-2005 00:00:00,18:33,18:50,58.6926,-1.4636,58.7042,-1.3768,,,,,4,FW   ,2,L,N,NR,NR,D,M,NR,NR,
863581,707,6155-1                                            ,SCANSII Block T Double platform,1,06-07-2005 00:00:00,06-07-2005 00:00:00,13:30,14:00,59.8594,2.0351,59.8862,1.8666,,,,,4,FW   ,2,L,M,NR,NR,D,M,NR,NR,
863867,707,6334-1                                            ,SCANSII Block T Double platform,1,11-07-2005 00:00:00,11-07-2005 00:00:00,09:45,10:00,61.1722,4.1081,61.159,4.0229,,,,,4,FW   ,2,L,N,NR,NR,D,M,NR,NR,
865241,707,1396-1                                            ,SCANSII Block V Double platform,1,26-07-2005 00:00:00,26-07-2005 00:00:00,17:30,18:00,56.9874,0.9233,56.906,0.872,,,,,4,FW   ,3,M,St,NR,NR,D,M,NR,NR,
864416,707,5385-1                                            ,SCANSII Block U Double platform,1,21-07-2005 00:00:00,21-07-2005 00:00:00,12:46,13:01,54.0446,-0.0544,54.008,-0.029,,,,,4,FW   ,3,M,N,NR,NR,D,M,NR,NR,
1146655,730,9_745_1                                           ,SCANSIII Block 9 Double platform,1,23-07-2016 00:00:00,23-07-2016 00:00:00,12:03,12:17,46.48028,-10.20975,46.49466,-10.16202,,,,,4,FW   ,4,L,N,N,N,D,M,D,NR,
1146471,730,9_700_1                                           ,SCANSIII Block 9 Double platform,1,22-07-2016 00:00:00,22-07-2016 00:00:00,12:44,12:59,47.19513,-10.20376,47.16609,-10.23264,,,,,4,FW   ,4,M,N,N,N,D,M,D,NR,
1146783,730,9_1111_1                                          ,SCANSIII Block 9 Double platform,1,03-08-2016 00:00:00,03-08-2016 00:00:00,15:17,15:35,47.47379,-8.244956,47.51208,-8.215673,,,,,4,FW   ,4,M,N,N,N,D,P,D,NR,
1146146,730,8_208_1                                           ,SCANSIII Block 8 Double platform,1,03-07-2016 00:00:00,03-07-2016 00:00:00,08:15,08:30,59.12262,-11.01896,59.10809,-10.95982,,,,,4,FW   ,4,M,St,N,N,D,M,A,NR,
1146782,730,9_1110_1                                          ,SCANSIII Block 9 Double platform,1,03-08-2016 00:00:00,03-08-2016 00:00:00,14:59,15:17,47.43883,-8.272922,47.47379,-8.244956,,,,,4,FW   ,5,M,N,N,N,D,P,D,NR,
1146155,730,8_228_1                                           ,SCANSIII Block 8 Double platform,1,03-07-2016 00:00:00,03-07-2016 00:00:00,15:01,15:16,59.03267,-9.666865,59.06776,-9.64057,,,,,4,FW   ,2,M,N,N,N,D,E,A,NR,
1146461,730,9_1095_1                                          ,SCANSIII Block 9 Double platform,1,03-08-2016 00:00:00,03-08-2016 00:00:00,10:45,11:04,46.90749,-8.660743,46.94869,-8.628324,,,,,4,FW   ,3,H,N,N,N,D,M,D,NR,
1146201,730,8_229_1                                           ,SCANSIII Block 8 Double platform,1,03-07-2016 00:00:00,03-07-2016 00:00:00,15:16,15:29,59.06776,-9.64057,59.09522,-9.618186,,,,,4,FW   ,2,H,N,N,N,D,E,A,NR,
1146317,730,9_1040_1                                          ,SCANSIII Block 9 Double platform,1,01-08-2016 00:00:00,01-08-2016 00:00:00,09:26,10:03,46.13008,-7.567162,46.06999,-7.652449,,,,,4,FW   ,4,N,N,N,N,D,G,A,NR,
1146365,730,9_1018_1                                          ,SCANSIII Block 9 Double platform,1,31-07-2016 00:00:00,31-07-2016 00:00:00,18:02,18:38,46.86264,-6.482865,46.80395,-6.573493,,,,,4,FW   ,2,N,St,N,N,D,M,A,NR,
1145998,730,8_231_1                                           ,SCANSIII Block 8 Double platform,1,03-07-2016 00:00:00,03-07-2016 00:00:00,15:45,16:00,59.12952,-9.589808,59.16383,-9.561391,,,,,4,FW   ,2,L,N,N,N,D,E,A,NR,
1146033,730,8_234_1                                           ,SCANSIII Block 8 Double platform,1,03-07-2016 00:00:00,03-07-2016 00:00:00,16:33,17:03,59.23716,-9.499162,59.30604,-9.443337,,,,,4,FW   ,3,L,N,N,N,D,E,A,NR,
1146274,730,8_568_1                                           ,SCANSIII Block 8 Double platform,1,14-07-2016 00:00:00,14-07-2016 00:00:00,07:02,07:30,55.58006,-12.3216,55.55404,-12.21384,,,,,4,FW   ,3,L,St,N,N,D,M,D,NR,
1146669,730,9_1037_1                                          ,SCANSIII Block 9 Double platform,1,01-08-2016 00:00:00,01-08-2016 00:00:00,08:49,09:04,46.19335,-7.475287,46.16777,-7.511555,,,,,4,FW   ,3,H,N,N,N,D,G,A,NR,
1146670,730,9_1038_1                                          ,SCANSIII Block 9 Double platform,1,01-08-2016 00:00:00,01-08-2016 00:00:00,09:04,09:15,46.16777,-7.511555,46.14916,-7.538826,,,,,4,FW   ,3,H,N,N,N,D,G,A,NR,
1146498,730,9_714_1                                           ,SCANSIII Block 9 Double platform,1,22-07-2016 00:00:00,22-07-2016 00:00:00,16:16,16:35,46.78603,-10.57759,46.74973,-10.61092,,,,,4,FW   ,3,M,M,N,N,D,M,D,NR,
1146501,730,9_720_1                                           ,SCANSIII Block 9 Double platform,1,22-07-2016 00:00:00,22-07-2016 00:00:00,18:30,19:25,46.54277,-10.79459,46.44088,-10.88084,,,,,4,FW   ,3,M,St,N,N,D,M,A,NR,
1146130,730,8_193_1                                           ,SCANSIII Block 8 Double platform,1,02-07-2016 00:00:00,02-07-2016 00:00:00,18:31,18:59,59.32547,-11.91868,59.30143,-11.7994,,,,,4,FW   ,3,M,N,N,N,D,M,D,NR,
1146139,730,8_201_1                                           ,SCANSIII Block 8 Double platform,1,03-07-2016 00:00:00,03-07-2016 00:00:00,06:30,06:48,59.22435,-11.43754,59.20472,-11.3645,,,,,4,FW   ,3,M,St,N,N,D,M,D,NR,
1145084,730,11_432_1                                          ,SCANSIII Block 11 Double platform,1,22-07-2016 00:00:00,22-07-2016 00:00:00,07:00,07:31,44.39241409,-5.695488453,44.31832504,-5.6297822,,,,,4,FW   ,2,L,N,N,N,D,G,D,NR,
1145064,730,11_603_1                                          ,SCANSIII Block 11 Double platform,1,27-07-2016 00:00:00,27-07-2016 00:00:00,10:14,10:33,44.10672379,-6.521199703,44.15296173,-6.561646461,,,,,4,FW   ,1,L,N,N,N,D,G,D,NR,
1145481,730,13_233_1                                          ,SCANSIII Block 13 Double platform,1,12-07-2016 00:00:00,12-07-2016 00:00:00,10:03,10:28,42.52325821,-11.93178463,42.45513535,-11.90877724,,,,,4,FW   ,2,M,St,N,N,D,M,A,NR,
1146664,730,9_757_1                                           ,SCANSIII Block 9 Double platform,1,23-07-2016 00:00:00,23-07-2016 00:00:00,15:29,15:53,46.67462,-9.532788,46.69653,-9.457412,,,,,4,FW   ,4,L,N,N,N,D,G,A,NR,
1145155,730,11_408_1                                          ,SCANSIII Block 11 Double platform,1,21-07-2016 00:00:00,21-07-2016 00:00:00,08:01,08:38,45.06953049,-6.931861401,45.16049957,-6.858560085,,,,,4,FW   ,1,L,M,N,N,D,G,D,NR,
1145192,730,11_498_1                                          ,SCANSIII Block 11 Double platform,1,24-07-2016 00:00:00,24-07-2016 00:00:00,06:24,06:47,44.2639389,-2.982269764,44.3181076,-2.936531544,,,,,4,FW   ,1,L,St,N,N,D,G,D,NR,
1145198,730,11_505_1                                          ,SCANSIII Block 11 Double platform,1,24-07-2016 00:00:00,24-07-2016 00:00:00,08:18,08:59,44.5237236,-2.744466543,44.42333984,-2.651409864,,,,,4,FW   ,1,L,St,N,N,D,G,A,NR,
1145231,730,11_506_1                                          ,SCANSIII Block 11 Double platform,1,24-07-2016 00:00:00,24-07-2016 00:00:00,08:59,09:33,44.42333984,-2.651409864,44.33837128,-2.580849886,,,,,4,FW   ,1,L,St,N,N,D,G,A,NR,
1145234,730,11_509_1                                          ,SCANSIII Block 11 Double platform,1,24-07-2016 00:00:00,24-07-2016 00:00:00,10:29,10:55,44.1970787,-2.460566759,44.13129807,-2.407393456,,,,,4,FW   ,1,L,N,N,N,D,G,A,NR,
1145240,730,11_544_1                                          ,SCANSIII Block 11 Double platform,1,25-07-2016 00:00:00,25-07-2016 00:00:00,10:32,10:44,44.56578827,-3.116589785,44.59619141,-3.143098354,,,,,4,FW   ,1,L,N,N,N,D,G,A,NR,
1145243,730,11_553_1                                          ,SCANSIII Block 11 Double platform,1,25-07-2016 00:00:00,25-07-2016 00:00:00,13:59,14:34,44.70754242,-3.586221933,44.61944962,-3.657148123,,,,,4,FW   ,1,L,N,N,N,D,G,D,NR,
1145217,730,11_523_1                                          ,SCANSIII Block 11 Double platform,1,24-07-2016 00:00:00,24-07-2016 00:00:00,16:01,16:30,43.89012146,-2.386578321,43.8175621,-2.448194981,,,,,4,FW   ,1,N,M,N,N,D,G,A,NR,
864010,707,3043-1                                            ,SCANSII Block Q Single platform,1,30-06-2005 00:00:00,30-06-2005 00:00:00,16:39,17:09,59.425,-6.1225,59.4305,-6.2717,,,,,4,FW   ,2,M,N,NR,NR,D,M,NR,NR,
864353,707,5355-1                                            ,SCANSII Block U Double platform,1,17-07-2005 00:00:00,17-07-2005 00:00:00,07:01,07:31,53.243,1.4395,53.3223,1.3892,,,,,4,FW   ,2,L,St,NR,NR,D,G,NR,NR,
863414,707,6054-1                                            ,SCANSII Block T Double platform,1,01-07-2005 00:00:00,01-07-2005 00:00:00,20:02,20:31,58.753,-1.0141,58.7748,-0.8642,,,,,4,FW   ,1,L,N,NR,NR,D,M,NR,NR,
863425,707,6066-1                                            ,SCANSII Block T Double platform,1,02-07-2005 00:00:00,02-07-2005 00:00:00,08:14,08:36,58.865,-0.1963,58.8797,-0.0863,,,,,4,FW   ,1,L,M,NR,NR,D,M,NR,NR,
863613,707,6175-1                                            ,SCANSII Block T Double platform,1,06-07-2005 00:00:00,06-07-2005 00:00:00,19:33,20:00,60.1445,0.2766,60.151,0.1312,,,,,4,FW   ,1,L,St,NR,NR,D,M,NR,NR,
863929,707,6405-1                                            ,SCANSII Block T Double platform,1,15-07-2005 00:00:00,15-07-2005 00:00:00,04:00,04:23,61.0826,1.5354,61.0624,1.4029,,,,,4,FW   ,2,M,N,NR,NR,C,M,NR,NR,
864024,707,6424-1                                            ,SCANSII Block T Double platform,1,15-07-2005 00:00:00,15-07-2005 00:00:00,08:31,09:09,60.8732,0.2005,60.8403,-0.0009,,,,,4,FW   ,3,M,N,NR,NR,D,M,NR,NR,
865114,707,1251-1                                            ,SCANSII Block V Double platform,1,16-07-2005 00:00:00,16-07-2005 00:00:00,05:30,06:01,56.4849,-1.5059,56.5616,-1.4595,,,,,4,FW   ,1,N,N,NR,NR,D,G,NR,NR,
865135,707,1272-1                                            ,SCANSII Block V Double platform,1,16-07-2005 00:00:00,16-07-2005 00:00:00,17:30,18:02,55.9661,0.155,55.8828,0.2053,,,,,4,FW   ,1,N,N,NR,NR,D,G,NR,NR,
865075,707,1207-1                                            ,SCANSII Block V Double platform,1,13-07-2005 00:00:00,13-07-2005 00:00:00,13:59,14:38,58.0624,2.6633,57.9603,2.5929,,,,,4,FW   ,2,N,N,NR,NR,D,G,NR,NR,
865118,707,1255-1                                            ,SCANSII Block V Double platform,1,16-07-2005 00:00:00,16-07-2005 00:00:00,07:03,07:33,56.717,-1.366,56.7898,-1.3224,,,,,4,FW   ,0,N,M,NR,NR,D,G,NR,NR,
865170,707,1314-1                                            ,SCANSII Block V Double platform,1,23-07-2005 00:00:00,23-07-2005 00:00:00,06:13,06:20,56.2481,-2.5796,56.2614,-2.5499,,,,,4,FW   ,0,N,N,NR,NR,D,G,NR,NR,
864157,707,4097-1                                            ,SCANSII Block S Double platform,1,02-07-2005 00:00:00,02-07-2005 00:00:00,18:03,18:46,56.2423,11.6588,56.1406,11.5569,,,,,4,FW   ,0,N,M,NR,NR,D,E,NR,NR,
863738,707,6250-1                                            ,SCANSII Block T Double platform,1,08-07-2005 00:00:00,08-07-2005 00:00:00,14:44,15:01,61.8287,2.9487,61.8448,2.8485,,,,,4,FW   ,0,N,N,NR,NR,D,E,NR,NR,
1146921,733,MC_527_1                                          ,CODA Block 1 Double platform,1,29-07-2007 00:00:00,29-07-2007 00:00:00,06:01,06:30,55.95233,-9.041092,56.02696,-9.071915,,,,,4,FW   ,4,M,St,N,NR,D,M,NR,NR,
1147233,733,MC_362_1                                          ,CODA Block 1 Double platform,1,21-07-2007 00:00:00,21-07-2007 00:00:00,11:59,12:33,54.31156,-17.46993,54.40045,-17.51504,,,,,4,FW   ,4,L,N,N,NR,D,M,NR,NR,
1145997,730,8_223_1                                           ,SCANSIII Block 8 Double platform,1,03-07-2016 00:00:00,03-07-2016 00:00:00,13:00,13:30,58.87157,-9.859005,58.83783,-9.728213,,,,,4,FW   ,2,L,M,N,N,D,G,B,NR,
1146443,730,9_1168_1                                          ,SCANSIII Block 9 Double platform,1,04-08-2016 00:00:00,04-08-2016 00:00:00,18:30,18:47,48.46527,-7.904622,48.49465,-7.861062,,,,,4,FW   ,4,M,N,N,N,D,M,B,NR,
1146446,730,9_1012_1                                          ,SCANSIII Block 9 Double platform,1,31-07-2016 00:00:00,31-07-2016 00:00:00,16:00,16:32,47.06163,-6.19239,47.01174,-6.267622,,,,,4,FW   ,3,L,NR,N,N,NR,NR,B,NR,
1146573,730,9_641_1                                           ,SCANSIII Block 9 Double platform,1,20-07-2016 00:00:00,20-07-2016 00:00:00,17:31,17:46,49.11247,-8.378175,49.08189,-8.400617,,,,,4,FW   ,3,L,St,N,N,D,G,B,NR,
1146566,730,9_633_1                                           ,SCANSIII Block 9 Double platform,1,20-07-2016 00:00:00,20-07-2016 00:00:00,14:59,15:17,49.39512,-8.181091,49.36207,-8.206119,,,,,4,FW   ,4,L,M,N,N,D,P,B,NR,
1146805,730,9_1072_1                                          ,SCANSIII Block 9 Double platform,1,02-08-2016 00:00:00,02-08-2016 00:00:00,10:16,10:28,47.22284,-7.055227,47.24951,-7.037996,,,,,4,FW   ,5,M,N,N,N,D,P,B,NR,
1146030,730,8_107_1                                           ,SCANSIII Block 8 Double platform,1,01-07-2016 00:00:00,01-07-2016 00:00:00,10:31,10:48,59.74266,-10.02437,59.74377,-10.10039,,,,,4,FW   ,2,M,N,N,N,D,E,B,NR,
1146481,730,9_1126_1                                          ,SCANSIII Block 9 Double platform,1,04-08-2016 00:00:00,04-08-2016 00:00:00,06:32,07:06,47.29052,-9.637258,47.34814,-9.554658,,,,,4,FW   ,2,H,St,N,N,D,P,B,NR,
1146699,730,9_781_1                                           ,SCANSIII Block 9 Double platform,1,25-07-2016 00:00:00,25-07-2016 00:00:00,11:59,12:29,48.20256,-9.380888,48.25144,-9.311566,,,,,4,FW   ,2,L,N,N,N,D,G,B,NR,
1146746,730,9_931_1                                           ,SCANSIII Block 9 Double platform,1,29-07-2016 00:00:00,29-07-2016 00:00:00,15:19,15:36,46.07281,-5.099142,46.10922,-5.07932,,,,,4,FW   ,2,L,N,N,N,D,G,B,NR,
1129881,724,B02/09/K08/07_00032/211334                        ,SCANSIII Block B Aerial,1,08-07-2016 00:00:00,,07:19,,46.78298187,-5.24759817,,,0,,100.4,,0,BL,2,NR,N,NR,NR,NR,NR,D,N,Effort beginning
1129888,724,B02/09/K08/07_00032/211341                        ,SCANSIII Block B Aerial,1,08-07-2016 00:00:00,,07:20,,46.79405975,-5.23828316,,,0.256,,99.7,,0,BL,2,NR,N,NR,NR,NR,NR,D,N,Effort beginning
1005330,721,A01/37/M06/07_00008/256372                        ,SCANSIII Block A Aerial,1,06-07-2016 00:00:00,,10:42,,36.66773224,-6.96711349,,,0.271,,104.8,,0,BL,0,NR,M,NR,NR,NR,NR,D,N,Condictions change
1135033,724,B01/04/K16/07_00053/225551                        ,SCANSIII Block B Aerial,1,16-07-2016 00:00:00,,08:24,,48.34530258,-6.10683489,,,0,,93,,0,BL,2,NR,St,NR,NR,NR,NR,A,N,Condictions change
1135042,724,B01/04/K16/07_00053/225560                        ,SCANSIII Block B Aerial,1,16-07-2016 00:00:00,,08:24,,48.35713577,-6.09776497,,,0.191,,93.3,,0,BL,2,NR,St,NR,NR,NR,NR,A,N,Condictions change
1135162,724,B01/04/K16/07_00053/225584                        ,SCANSIII Block B Aerial,1,16-07-2016 00:00:00,,08:26,,48.39559555,-6.07275152,,,0.241,,93.4,,0,BL,2,NR,St,NR,NR,NR,NR,A,N,Condictions change
1135346,724,B01/04/K16/07_00053/225640                        ,SCANSIII Block B Aerial,1,16-07-2016 00:00:00,,08:30,,48.48173523,-6.0093751,,,0.199,,96.5,,0,BL,2,NR,St,NR,NR,NR,NR,A,N,Condictions change
1135451,724,B01/04/K16/07_00053/225665                        ,SCANSIII Block B Aerial,1,16-07-2016 00:00:00,,08:31,,48.52261353,-5.98187828,,,0.198,,96.3,,0,BL,2,NR,St,NR,NR,NR,NR,A,N,Condictions change
1136341,724,B01/06/K14/07_00042/218357                        ,SCANSIII Block B Aerial,1,14-07-2016 00:00:00,,15:15,,48.56620407,-5.15801001,,,0.195,,94.9,,0,BL,2,NR,M,NR,NR,NR,NR,A,N,Return to effort
1136393,724,B01/06/K14/07_00042/218361                        ,SCANSIII Block B Aerial,1,14-07-2016 00:00:00,,15:15,,48.56156158,-5.16172647,,,0,,95,,0,BL,2,NR,M,NR,NR,NR,NR,A,N,Return to effort
1127501,724,B01/05/K16/07_00052/224686                        ,SCANSIII Block B Aerial,1,16-07-2016 00:00:00,,07:23,,48.4854126,-5.62961674,,,0,,97.7,,0,BL,1,NR,M,NR,NR,NR,NR,A,N,Return to effort
1127626,724,B01/05/K16/07_00052/224699                        ,SCANSIII Block B Aerial,1,16-07-2016 00:00:00,,07:23,,48.46889496,-5.65062332,,,0.201,,97.5,,0,BL,1,NR,M,NR,NR,NR,NR,A,N,Return to effort
1127736,724,B01/05/K16/07_00052/224713                        ,SCANSIII Block B Aerial,1,16-07-2016 00:00:00,,07:24,,48.45090103,-5.67326689,,,0.202,,98,,0,BL,1,NR,M,NR,NR,NR,NR,A,N,Return to effort
1132939,724,B01/03/K16/07_00056/228625                        ,SCANSIII Block B Aerial,1,16-07-2016 00:00:00,,15:08,,49.48099899,-5.39920187,,,0.189,,91.6,,0,BL,1,NR,M,NR,NR,NR,NR,A,N,Condictions change
1133079,724,B01/03/K16/07_00056/228653                        ,SCANSIII Block B Aerial,1,16-07-2016 00:00:00,,15:10,,49.51757431,-5.35262823,,,0.189,,91.7,,0,BL,1,NR,M,NR,NR,NR,NR,A,N,Condictions change
1135653,724,B01/04/K16/07_00053/225723                        ,SCANSIII Block B Aerial,1,16-07-2016 00:00:00,,08:35,,48.61357498,-5.91716146,,,0,,95.6,,0,BL,1,NR,St,NR,NR,NR,NR,A,N,Condictions change
1145078,730,11_398_1                                          ,SCANSIII Block 11 Double platform,1,20-07-2016 00:00:00,20-07-2016 00:00:00,16:29,17:00,44.33391953,-7.873616695,44.25928497,-7.811494827,,,,,4,FW   ,2,L,N,N,N,D,M,B,NR,
1145059,730,11_597_1                                          ,SCANSIII Block 11 Double platform,1,27-07-2016 00:00:00,27-07-2016 00:00:00,08:30,09:04,44.21708298,-6.298352242,44.13535309,-6.373496532,,,,,4,FW   ,2,L,N,N,N,D,G,B,NR,
1145060,730,11_598_1                                          ,SCANSIII Block 11 Double platform,1,27-07-2016 00:00:00,27-07-2016 00:00:00,09:04,09:30,44.13535309,-6.373496532,44.07398987,-6.436612129,,,,,4,FW   ,1,L,N,N,N,D,G,B,NR,
1145293,730,12_37_1                                           ,SCANSIII Block 12 Double platform,1,06-07-2016 00:00:00,06-07-2016 00:00:00,06:21,07:00,45.91456604,-10.6023922,45.81474686,-10.63973999,,,,,4,FW   ,1,M,N,N,N,D,G,B,NR,
1145152,730,11_405_1                                          ,SCANSIII Block 11 Double platform,1,21-07-2016 00:00:00,21-07-2016 00:00:00,06:32,07:01,44.85318375,-7.112181664,44.92261505,-7.053774834,,,,,4,FW   ,1,L,St,N,N,D,G,B,NR,
1147793,733,GE_196_1                                          ,CODA Block 2 Double platform,1,24-07-2007 00:00:00,24-07-2007 00:00:00,10:10,10:44,47.20667,-8.692828,47.11747,-8.745548,,,,,4,FW   ,4,H,St,N,NR,D,M,B,NR,
1146688,730,9_768_1                                           ,SCANSIII Block 9 Double platform,1,24-07-2016 00:00:00,24-07-2016 00:00:00,07:29,07:51,46.06422,-9.265218,46.01346,-9.286985,,,,,4,FW   ,1,L,N,N,N,C,E,E,NR,
1145104,730,11_612_1                                          ,SCANSIII Block 11 Double platform,1,27-07-2016 00:00:00,27-07-2016 00:00:00,14:00,14:30,44.65388107,-6.98089695,44.72460175,-7.043168068,,,,,4,FW   ,1,L,N,N,N,D,G,E,NR,
1147665,733,GE_102_1                                          ,CODA Block 2 Double platform,1,20-07-2007 00:00:00,20-07-2007 00:00:00,08:38,09:11,52.70011,-14.87876,52.61278,-14.90404,,,,,4,FW   ,4,L,St,N,NR,D,M,NR,NR,
1147687,733,GE_112_1                                          ,CODA Block 2 Double platform,1,20-07-2007 00:00:00,20-07-2007 00:00:00,12:52,13:21,51.98511,-15.1401,51.90494,-15.17401,,,,,4,FW   ,4,L,M,N,NR,D,M,NR,NR,
1146854,730,9_846_1                                           ,SCANSIII Block 9 Single platform,1,28-07-2016 00:00:00,28-07-2016 00:00:00,07:12,07:19,44.93064,-3.401654,44.94702,-3.409065,,,,,4,FW   ,0,N,NR,R,M,NR,NR,NR,NR,
1147942,733,CS_389_1                                          ,CODA Block 3 Double platform,1,20-07-2007 00:00:00,20-07-2007 00:00:00,08:01,08:31,43.21056366,-10.19948101,43.12972641,-10.24433804,,,,,4,FW   ,3,N,N,N,NR,D,M,NR,NR,
1147943,733,CS_388_1                                          ,CODA Block 3 Double platform,1,20-07-2007 00:00:00,20-07-2007 00:00:00,07:30,08:01,43.29461288,-10.15276241,43.21056366,-10.19948101,,,,,4,FW   ,3,N,N,N,NR,D,M,NR,NR,
1147945,733,CS_387_1                                          ,CODA Block 3 Double platform,1,20-07-2007 00:00:00,20-07-2007 00:00:00,07:02,07:30,43.37062836,-10.1094799,43.29461288,-10.15276241,,,,,4,FW   ,3,N,N,N,NR,D,M,NR,NR,
1148027,733,CS_442_1                                          ,CODA Block 3 Double platform,1,21-07-2007 00:00:00,21-07-2007 00:00:00,18:36,19:00,43.95538712,-12.10496044,44.02027893,-12.14422607,,,,,4,FW   ,3,N,St,N,NR,D,M,NR,NR,
1147967,733,CS_426_1                                          ,CODA Block 3 Double platform,1,21-07-2007 00:00:00,21-07-2007 00:00:00,12:01,12:31,42.89079666,-11.46705341,42.97219086,-11.51504707,,,,,4,FW   ,1,N,N,N,NR,D,E,NR,NR,
1146896,733,MC_5_1                                            ,CODA Block 1 Double platform,1,06-07-2007 00:00:00,06-07-2007 00:00:00,15:45,16:16,58.51597,-6.217763,58.58944,-6.299541,,,,,4,FW   ,2,H,N,N,NR,D,G,NR,NR,
1147488,733,MC_386_1                                          ,CODA Block 1 Single platform,1,22-07-2007 00:00:00,22-07-2007 00:00:00,16:00,16:32,54.92731,-16.49082,54.92142,-16.34598,,,,,4,FW   ,4,H,N,N,NR,D,M,NR,NR,
1147908,733,CS_364_1                                          ,CODA Block 3 Double platform,1,19-07-2007 00:00:00,19-07-2007 00:00:00,08:37,09:08,45.00667953,-9.178195953,44.92149353,-9.227201462,,,,,4,FW   ,3,H,N,N,NR,D,G,NR,NR,
1146922,733,MC_528_1                                          ,CODA Block 1 Double platform,1,29-07-2007 00:00:00,29-07-2007 00:00:00,06:30,06:45,56.02696,-9.071915,56.06715,-9.088367,,,,,4,FW   ,4,M,St,N,NR,D,M,NR,NR,
1147791,733,GE_199_1                                          ,CODA Block 2 Double platform,1,24-07-2007 00:00:00,24-07-2007 00:00:00,11:54,12:25,46.92971,-8.852814,46.8526,-8.897405,,,,,4,FW   ,4,M,M,N,NR,D,M,NR,NR,
1147796,733,GE_193_1                                          ,CODA Block 2 Double platform,1,24-07-2007 00:00:00,24-07-2007 00:00:00,08:41,09:08,47.4394,-8.558764,47.36767,-8.599508,,,,,4,FW   ,4,M,N,N,NR,D,M,NR,NR,
1147760,733,GE_158_1                                          ,CODA Block 2 Double platform,1,21-07-2007 00:00:00,21-07-2007 00:00:00,15:38,15:54,48.11215,-12.41668,48.07223,-12.43731,,,,,4,FW   ,0,NR,NR,NR,NR,NR,NR,NR,NR,
1147767,733,GE_174_1                                          ,CODA Block 2 Double platform,1,23-07-2007 00:00:00,23-07-2007 00:00:00,06:05,06:15,47.73275,-10.1101,47.73967,-10.06892,,,,,4,FW   ,0,NR,NR,NR,NR,NR,NR,NR,NR,
1146662,730,9_754_1                                           ,SCANSIII Block 9 Double platform,1,23-07-2016 00:00:00,23-07-2016 00:00:00,14:19,14:29,46.6101,-9.766372,46.62035,-9.73413,,,,,4,FW   ,4,L,N,N,N,D,G,C,NR,
1145153,730,11_406_1                                          ,SCANSIII Block 11 Double platform,1,21-07-2016 00:00:00,21-07-2016 00:00:00,07:01,07:32,44.92261505,-7.053774834,44.99898911,-6.988823414,,,,,4,FW   ,1,L,St,N,N,D,G,C,NR,
1145223,730,11_548_1                                          ,SCANSIII Block 11 Double platform,1,25-07-2016 00:00:00,25-07-2016 00:00:00,12:16,12:35,44.82612228,-3.338023424,44.87482071,-3.380333424,,,,,4,FW   ,1,N,N,N,N,D,G,E,NR,
1147155,733,RA_64_1                                           ,CODA Block 2 Double platform,1,07-07-2007 00:00:00,07-07-2007 00:00:00,19:39,20:09,46.25755,-13.38814,46.33796,-13.34329,,,,,4,FW   ,4,M,St,N,NR,D,M,C,NR,
1147790,733,GE_198_1                                          ,CODA Block 2 Double platform,1,24-07-2007 00:00:00,24-07-2007 00:00:00,11:24,11:54,47.0068,-8.808967,46.92971,-8.852814,,,,,4,FW   ,4,M,M,N,NR,D,M,C,NR,
1147794,733,GE_197_1                                          ,CODA Block 2 Double platform,1,24-07-2007 00:00:00,24-07-2007 00:00:00,10:44,11:24,47.11747,-8.745548,47.0068,-8.808967,,,,,4,FW   ,4,M,M,N,NR,D,M,C,NR,
1145170,730,11_539_1                                          ,SCANSIII Block 11 Double platform,1,25-07-2016 00:00:00,25-07-2016 00:00:00,08:30,08:59,44.26062012,-2.863940001,44.3331871,-2.927420139,,,,,4,FW   ,1,M,N,N,N,D,G,E,NR,
1146769,730,9_1097_1                                          ,SCANSIII Block 9 Double platform,1,03-08-2016 00:00:00,03-08-2016 00:00:00,11:28,12:00,47.0023,-8.593427,47.06974,-8.546909,,,,,4,FW   ,3,M,N,N,N,D,M,C,NR,
1146853,730,9_1141_1                                          ,SCANSIII Block 9 Single platform,1,04-08-2016 00:00:00,04-08-2016 00:00:00,10:01,10:30,47.63411,-9.111883,47.68329,-9.044757,,,,,4,FW   ,2,M,N,R,M,C,M,E,NR,
1135719,724,B02/11/K09/07_00033/212400                        ,SCANSIII Block B Aerial,1,09-07-2016 00:00:00,,07:38,,47.32139587,-4.05031157,,,0.186,,88.8,,0,BL,2,NR,N,NR,NR,NR,NR,E,N,Condictions change
1116506,724,B02/17/K25/07_00080/244478                        ,SCANSIII Block B Aerial,1,25-07-2016 00:00:00,,10:33,,45.34270096,-3.17793489,,,0.194,,94.6,,0,BL,1,NR,M,NR,NR,NR,NR,E,N,Condictions change
1130464,724,B02/09/K08/07_00032/211437                        ,SCANSIII Block B Aerial,1,08-07-2016 00:00:00,,07:26,,46.94895935,-5.12417984,,,0,,99.5,,0,BL,3,NR,M,NR,NR,NR,NR,C,N,Condictions change
1130465,724,B02/09/K08/07_00032/211438                        ,SCANSIII Block B Aerial,1,08-07-2016 00:00:00,,07:26,,46.950634,-5.12306356,,,0.205,,99.5,,0,BL,3,NR,M,NR,NR,NR,NR,C,N,Condictions change
1114186,724,B01/21/K29/06_00004/191299                        ,SCANSIII Block B Aerial,1,29-06-2016 00:00:00,,09:04,,44.6048584,-2.46312332,,,0,,98.5,,0,BL,2,NR,Sl,NR,NR,NR,NR,E,N,Effort beginning
1114262,724,B01/21/K29/06_00004/191311                        ,SCANSIII Block B Aerial,1,29-06-2016 00:00:00,,09:07,,44.60504913,-2.45872164,,,0.19,,92.5,,0,BL,2,NR,Sl,NR,NR,NR,NR,E,N,Return to effort
1114263,724,B01/21/K29/06_00004/191312                        ,SCANSIII Block B Aerial,1,29-06-2016 00:00:00,,09:07,,44.60504913,-2.45872164,,,0,,92.5,,0,BL,2,NR,Sl,NR,NR,NR,NR,E,N,Return to effort
1114663,724,B01/21/K29/06_00004/191360                        ,SCANSIII Block B Aerial,1,29-06-2016 00:00:00,,09:10,,44.66936493,-2.3801434,,,0.199,,97,,0,BL,2,NR,Sl,NR,NR,NR,NR,E,N,Condictions change
1114664,724,B01/21/K29/06_00004/191361                        ,SCANSIII Block B Aerial,1,29-06-2016 00:00:00,,09:11,,44.67096329,-2.37792492,,,0.25,,96.9,,0,BL,2,NR,Sl,NR,NR,NR,NR,E,N,Condictions change
1117249,724,B01/21/K29/06_00004/191369                        ,SCANSIII Block B Aerial,1,29-06-2016 00:00:00,,09:13,,44.6688385,-2.38129163,,,0.19,,92.6,,0,BL,2,NR,Sl,NR,NR,NR,NR,E,N,Return to effort
1117314,724,B01/21/K29/06_00004/191370                        ,SCANSIII Block B Aerial,1,29-06-2016 00:00:00,,09:13,,44.66962051,-2.37987328,,,0.142,,92.2,,0,BL,2,NR,Sl,NR,NR,NR,NR,E,N,Return to effort
1115925,724,B02/17/K25/07_00080/244393                        ,SCANSIII Block B Aerial,1,25-07-2016 00:00:00,,10:27,,45.21479797,-3.27616501,,,0.192,,93.3,,0,BL,1,NR,Sl,NR,NR,NR,NR,E,N,Condictions change
1115929,724,B02/17/K25/07_00080/244397                        ,SCANSIII Block B Aerial,1,25-07-2016 00:00:00,,10:28,,45.22057724,-3.2720716,,,0.096,,93.1,,0,BL,1,NR,Sl,NR,NR,NR,NR,E,N,Condictions change
1115935,724,B02/17/K25/07_00080/244403                        ,SCANSIII Block B Aerial,1,25-07-2016 00:00:00,,10:28,,45.22852325,-3.26605177,,,0.239,,92.7,,0,BL,1,NR,Sl,NR,NR,NR,NR,E,N,Condictions change
1115937,724,B02/17/K25/07_00080/244405                        ,SCANSIII Block B Aerial,1,25-07-2016 00:00:00,,10:28,,45.23181915,-3.26322508,,,0.238,,92.7,,0,BL,1,NR,Sl,NR,NR,NR,NR,E,N,Condictions change
1132860,724,B02/23/K24/07_00077/242908                        ,SCANSIII Block B Aerial,1,24-07-2016 00:00:00,,08:52,,43.7728653,-2.05008674,,,0.199,,96.6,,0,BL,1,NR,Sl,NR,NR,NR,NR,E,N,Condictions change
1137294,724,B02/15/K22/07_00073/239333                        ,SCANSIII Block B Aerial,1,22-07-2016 00:00:00,,08:33,,45.70192719,-3.69169664,,,0.188,,91,,0,BL,1,NR,M,NR,NR,NR,NR,B,N,Condictions change
1133129,724,B02/10/K08/07_00031/211024                        ,SCANSIII Block B Aerial,1,08-07-2016 00:00:00,,06:55,,46.90737915,-4.9993968,,,0.188,,91.7,,0,BL,3,NR,M,NR,NR,NR,NR,B,N,Condictions change
1133130,724,B02/10/K08/07_00031/211025                        ,SCANSIII Block B Aerial,1,08-07-2016 00:00:00,,06:55,,46.90572739,-5.00133991,,,0.236,,91.7,,0,BL,3,NR,M,NR,NR,NR,NR,B,N,Condictions change
1137517,724,B01/06/K14/07_00042/218655                        ,SCANSIII Block B Aerial,1,14-07-2016 00:00:00,,15:35,,48.10097885,-5.49612665,,,0.248,,96.9,,0,BL,2,NR,M,NR,NR,NR,NR,B,N,Condictions change
1137522,724,B01/06/K14/07_00042/218660                        ,SCANSIII Block B Aerial,1,14-07-2016 00:00:00,,15:35,,48.09337234,-5.50152683,,,0.198,,97.1,,0,BL,2,NR,M,NR,NR,NR,NR,B,N,Condictions change
1137612,724,B01/06/K14/07_00042/218686                        ,SCANSIII Block B Aerial,1,14-07-2016 00:00:00,,15:37,,48.05079651,-5.5323534,,,0.251,,97.9,,0,BL,2,NR,M,NR,NR,NR,NR,B,N,Condictions change
1137613,724,B01/06/K14/07_00042/218687                        ,SCANSIII Block B Aerial,1,14-07-2016 00:00:00,,15:37,,48.05079651,-5.5323534,,,0,,97.9,,0,BL,2,NR,M,NR,NR,NR,NR,B,N,Condictions change
1137616,724,B01/06/K14/07_00042/218690                        ,SCANSIII Block B Aerial,1,14-07-2016 00:00:00,,15:37,,48.04618835,-5.5352335,,,0.252,,98.2,,0,BL,2,NR,M,NR,NR,NR,NR,B,N,Condictions change
1137627,724,B01/06/K14/07_00042/218701                        ,SCANSIII Block B Aerial,1,14-07-2016 00:00:00,,15:38,,48.02872086,-5.54708147,,,0.199,,97.1,,0,BL,2,NR,M,NR,NR,NR,NR,B,N,Condictions change
1137634,724,B01/06/K14/07_00042/218708                        ,SCANSIII Block B Aerial,1,14-07-2016 00:00:00,,15:38,,48.01722336,-5.55446339,,,0.198,,96.4,,0,BL,2,NR,M,NR,NR,NR,NR,B,N,Condictions change
1137636,724,B01/06/K14/07_00042/218710                        ,SCANSIII Block B Aerial,1,14-07-2016 00:00:00,,15:39,,48.01348495,-5.55670643,,,0.249,,96.6,,0,BL,2,NR,M,NR,NR,NR,NR,B,N,Condictions change
1137669,724,B01/06/K14/07_00042/218711                        ,SCANSIII Block B Aerial,1,14-07-2016 00:00:00,,15:39,,48.01185226,-5.55774498,,,0.198,,95.9,,0,BL,2,NR,M,NR,NR,NR,NR,B,N,Condictions change
1137673,724,B01/06/K14/07_00042/218715                        ,SCANSIII Block B Aerial,1,14-07-2016 00:00:00,,15:39,,48.0053215,-5.56186152,,,0.198,,96.5,,0,BL,2,NR,M,NR,NR,NR,NR,B,N,Condictions change
1137677,724,B01/06/K14/07_00042/218719                        ,SCANSIII Block B Aerial,1,14-07-2016 00:00:00,,15:39,,47.99871063,-5.56578827,,,0.198,,96.4,,0,BL,2,NR,M,NR,NR,NR,NR,B,N,Condictions change
1137725,724,B01/06/K14/07_00042/218735                        ,SCANSIII Block B Aerial,1,14-07-2016 00:00:00,,15:40,,47.97355652,-5.58474684,,,0.149,,97,,0,BL,2,NR,M,NR,NR,NR,NR,B,N,Condictions change
1017722,722,C07/07_00317/516755                               ,SCANSII Block J Aerial,1,07-07-2005 00:00:00,,11:27,,58.61572647,-2.22832823,,,0.03927,,103,,0,BL,0,NR,Sl,NR,NR,NR,NR,B,M,Effort beginning
1146777,730,9_1105_1                                          ,SCANSIII Block 9 Double platform,1,03-08-2016 00:00:00,03-08-2016 00:00:00,13:46,14:00,47.29058,-8.380445,47.32175,-8.358811,,,,,4,FW   ,4,M,N,N,N,D,M,E,NR,
1146786,730,9_1114_1                                          ,SCANSIII Block 9 Double platform,1,03-08-2016 00:00:00,03-08-2016 00:00:00,16:02,16:17,47.56547,-8.176291,47.59591,-8.152498,,,,,4,FW   ,4,M,N,N,N,D,M,E,NR,
1145089,730,11_437_1                                          ,SCANSIII Block 11 Double platform,1,22-07-2016 00:00:00,22-07-2016 00:00:00,09:00,09:30,44.10054398,-5.450174809,44.03242874,-5.383758545,,,,,4,FW   ,2,L,N,N,N,D,M,E,NR,
1145185,730,11_423_1                                          ,SCANSIII Block 11 Double platform,1,21-07-2016 00:00:00,21-07-2016 00:00:00,15:29,15:59,44.98223495,-6.178551197,44.9057045,-6.12119627,,,,,4,FW   ,2,L,N,N,N,D,G,E,NR,
1145186,730,11_424_1                                          ,SCANSIII Block 11 Double platform,1,21-07-2016 00:00:00,21-07-2016 00:00:00,15:59,16:30,44.9057045,-6.12119627,44.82854843,-6.05761528,,,,,4,FW   ,2,L,N,N,N,D,G,E,NR,
1147774,733,GE_177_1                                          ,CODA Block 2 Double platform,1,23-07-2007 00:00:00,23-07-2007 00:00:00,06:29,07:00,47.74945,-10.01224,47.77213,-9.89128,,,,,4,FW   ,0,NR,NR,NR,NR,NR,NR,NR,NR,
862604,707,7319-1                                            ,SCANSII Block P Double platform,1,12-07-2005 00:00:00,12-07-2005 00:00:00,16:36,17:16,50.6158,-9.4267,50.5834,-9.5294,,,,,4,FW   ,0,L,Sl,NR,NR,D,E,NR,NR,
864500,707,4342-1                                            ,SCANSII Block S Double platform,1,14-07-2005 00:00:00,14-07-2005 00:00:00,15:02,15:31,56.83,10.6155,56.914,10.6355,,,,,4,FW   ,1,L,N,NR,NR,D,G,NR,NR,
863427,707,6068-1                                            ,SCANSII Block T Double platform,1,02-07-2005 00:00:00,02-07-2005 00:00:00,08:53,08:56,58.8913,0.0048,58.8931,0.0188,,,,,4,FW   ,1,L,M,NR,NR,D,G,NR,NR,
863898,707,6358-1                                            ,SCANSII Block T Double platform,1,11-07-2005 00:00:00,11-07-2005 00:00:00,14:18,14:32,61.0036,2.9816,60.9913,2.8995,,,,,4,FW   ,2,L,N,NR,NR,D,G,NR,NR,
863821,707,3492-1                                            ,SCANSII Block Q Single platform,1,16-07-2005 00:00:00,16-07-2005 00:00:00,10:40,11:02,54.1173,-11.4283,54.1629,-11.3636,,,,,4,FW   ,2,L,N,NR,NR,D,G,NR,NR,
864377,707,5363-1                                            ,SCANSII Block U Double platform,1,17-07-2005 00:00:00,17-07-2005 00:00:00,09:29,09:59,53.6366,1.1897,53.7152,1.1523,,,,,4,FW   ,0,L,N,NR,NR,D,G,NR,NR,
863420,707,6061-1                                            ,SCANSII Block T Double platform,1,02-07-2005 00:00:00,02-07-2005 00:00:00,07:21,07:32,58.8267,-0.4743,58.8344,-0.4153,,,,,4,FW   ,0,L,St,NR,NR,D,G,NR,NR,
863422,707,6063-1                                            ,SCANSII Block T Double platform,1,02-07-2005 00:00:00,02-07-2005 00:00:00,07:41,07:52,58.8412,-0.3662,58.8493,-0.3101,,,,,4,FW   ,0,L,St,NR,NR,D,G,NR,NR,
863801,707,6304-1                                            ,SCANSII Block T Double platform,1,10-07-2005 00:00:00,10-07-2005 00:00:00,15:18,15:29,61.6829,2.1878,61.6701,2.2475,,,,,4,FW   ,1,L,N,NR,NR,D,G,NR,NR,
1147798,733,GE_205_1                                          ,CODA Block 2 Double platform,1,24-07-2007 00:00:00,24-07-2007 00:00:00,14:02,14:33,46.63592,-9.063935,46.55699,-9.104577,,,,,4,FW   ,4,M,M,N,NR,D,M,NR,NR,
1147859,733,RA_46_1                                           ,CODA Block 2 Double platform,1,07-07-2007 00:00:00,07-07-2007 00:00:00,11:55,12:20,45.26942,-13.80006,45.26071,-13.89966,,,,,4,FW   ,4,M,N,N,NR,D,M,NR,NR,
1147783,733,GE_190_1                                          ,CODA Block 2 Double platform,1,24-07-2007 00:00:00,24-07-2007 00:00:00,07:31,08:19,47.61879,-8.453425,47.49426,-8.525808,,,,,4,FW   ,4,H,N,N,NR,D,P,NR,NR,
1147370,733,MC_486_1                                          ,CODA Block 1 Double platform,1,27-07-2007 00:00:00,27-07-2007 00:00:00,10:02,10:31,54.63322,-11.25492,54.70141,-11.30601,,,,,4,FW   ,4,H,N,N,NR,D,P,NR,NR,
1146930,733,MC_138_1                                          ,CODA Block 1 Double platform,1,13-07-2007 00:00:00,13-07-2007 00:00:00,07:34,08:01,58.64745,-10.72713,58.57381,-10.6597,,,,,4,FW   ,3,L,N,N,NR,D,G,NR,NR,
1147115,733,MC_295_1                                          ,CODA Block 1 Double platform,1,19-07-2007 00:00:00,19-07-2007 00:00:00,11:30,12:07,54.2603,-14.4783,54.1605,-14.44118,,,,,4,FW   ,3,L,N,N,NR,D,G,NR,NR,
1147919,733,CS_350_1                                          ,CODA Block 3 Double platform,1,18-07-2007 00:00:00,18-07-2007 00:00:00,14:30,15:05,44.5941391,-8.535048485,44.6848793,-8.597757339,,,,,4,FW   ,3,L,N,N,NR,D,G,NR,NR,
1148101,733,I_119_1                                           ,CODA Block 4 Double platform,1,07-07-2007 00:00:00,07-07-2007 00:00:00,16:00,16:34,44.20713043,-4.444188595,44.26445389,-4.359881401,,,,,4,FW   ,2,L,NR,N,NR,D,G,NR,NR,
1147802,733,GE_216_1                                          ,CODA Block 2 Double platform,1,25-07-2007 00:00:00,25-07-2007 00:00:00,06:29,07:00,45.33773,-9.527164,45.35933,-9.40962,,,,,4,FW   ,4,L,N,N,NR,D,M,NR,NR,
1147804,733,GE_215_1                                          ,CODA Block 2 Double platform,1,25-07-2007 00:00:00,25-07-2007 00:00:00,05:54,06:29,45.31466,-9.65785,45.33773,-9.527164,,,,,4,FW   ,4,L,N,N,NR,D,M,NR,NR,
1147451,733,CS_507_1                                          ,CODA Block 3 Double platform,1,25-07-2007 00:00:00,25-07-2007 00:00:00,17:31,18:01,42.7907486,-14.14197826,42.70306778,-14.18343735,,,,,4,FW   ,4,L,St,N,NR,D,P,NR,NR,
1146810,730,9_1001_1                                          ,SCANSIII Block 9 Double platform,1,31-07-2016 00:00:00,31-07-2016 00:00:00,06:33,06:51,46.16647,-6.405334,46.19916,-6.381524,,,,,4,FW   ,3,L,N,N,N,D,M,NR,NR,
1146941,733,MC_152_1                                          ,CODA Block 1 Double platform,1,13-07-2007 00:00:00,13-07-2007 00:00:00,12:25,12:36,57.90056,-10.06416,57.87236,-10.04057,,,,,4,FW   ,2,L,NR,N,NR,NR,NR,NR,NR,
1147821,733,GE_231_1                                          ,CODA Block 2 Double platform,1,25-07-2007 00:00:00,25-07-2007 00:00:00,13:04,13:11,45.55882,-7.949727,45.56627,-7.924219,,,,,4,FW   ,5,L,N,N,NR,D,P,NR,NR,
1147711,733,GE_129_1                                          ,CODA Block 2 Double platform,1,20-07-2007 00:00:00,20-07-2007 00:00:00,20:27,20:58,50.80325,-15.59023,50.72047,-15.61936,,,,,4,FW   ,3,L,N,N,NR,D,P,NR,NR,
1147506,733,CS_583_1                                          ,CODA Block 3 Single platform,1,28-07-2007 00:00:00,28-07-2007 00:00:00,13:31,14:00,43.64458084,-11.7103796,43.72409821,-11.66823769,,,,,4,FW   ,1,L,N,N,NR,C,G,NR,NR,
863863,707,6330-1                                            ,SCANSII Block T Double platform,1,11-07-2005 00:00:00,11-07-2005 00:00:00,08:48,09:20,61.2201,4.4285,61.1947,4.2528,,,,,4,FW   ,1,L,N,NR,NR,D,G,NR,NR,
863864,707,6331-1                                            ,SCANSII Block T Double platform,1,11-07-2005 00:00:00,11-07-2005 00:00:00,09:20,09:31,61.1947,4.2528,61.1868,4.1885,,,,,4,FW   ,1,L,N,NR,NR,D,G,NR,NR,
1146883,733,MC_106_1                                          ,CODA Block 1 Double platform,1,12-07-2007 00:00:00,12-07-2007 00:00:00,09:12,09:36,60.10777,-12.04155,60.04662,-11.98632,,,,,4,FW   ,0,NR,NR,NR,NR,NR,NR,NR,NR,
865779,707,2525-1                                            ,SCANSII Block W Double platform,1,16-07-2005 00:00:00,16-07-2005 00:00:00,07:30,08:00,43.7258,-6.8615,43.7713,-6.7694,,,,,4,FW   ,0,L,Sl,NR,NR,C,E,NR,NR,
864830,707,5165-1                                            ,SCANSII Block U Double platform,1,10-07-2005 00:00:00,10-07-2005 00:00:00,05:31,05:52,55.8546,1.7209,55.8004,1.755,,,,,4,FW   ,1,L,Sl,NR,NR,D,E,NR,NR,
865080,707,1213-1                                            ,SCANSII Block V Double platform,1,13-07-2005 00:00:00,13-07-2005 00:00:00,17:01,17:30,57.7017,2.4052,57.6236,2.3509,,,,,4,FW   ,1,L,Sl,NR,NR,D,G,NR,NR,
864832,707,5167-1                                            ,SCANSII Block U Double platform,1,10-07-2005 00:00:00,10-07-2005 00:00:00,06:02,06:34,55.7736,1.7722,55.6894,1.8252,,,,,4,FW   ,0,L,Sl,NR,NR,C,E,NR,NR,
949176,717,DAN_422_305_4                                     ,SCANS1994_Block-A_Dana,1,21-07-1994 00:00:00,21-07-1994 00:00:00,12:30,13:00,48.71033333,-11.05316667,48.67783333,-10.936,,,,,6,FW   ,3,M,Sl,NR,NR,NR,NR,NR,NR,
949178,717,DAN_424_305_6                                     ,SCANS1994_Block-A_Dana,1,21-07-1994 00:00:00,21-07-1994 00:00:00,13:31,14:00,48.641,-10.815,48.6095,-10.69966667,,,,,6,FW   ,3,M,Sl,NR,NR,NR,NR,NR,NR,
949180,717,DAN_426_305_8                                     ,SCANS1994_Block-A_Dana,1,21-07-1994 00:00:00,21-07-1994 00:00:00,14:30,14:58,48.58016667,-10.5735,48.55083333,-10.459,,,,,6,FW   ,3,M,Sl,NR,NR,NR,NR,NR,NR,
865394,707,2180-1                                            ,SCANSII Block W Double platform,1,05-07-2005 00:00:00,05-07-2005 00:00:00,09:10,09:29,36.3184,-6.5815,36.3698,-6.5952,,,,,4,FW   ,3,M,Sl,NR,NR,D,P,NR,NR,
863468,707,3099-1                                            ,SCANSII Block Q Double platform,1,05-07-2005 00:00:00,05-07-2005 00:00:00,09:03,09:32,57.8243,-9.3284,57.7772,-9.2053,,,,,4,FW   ,2,M,Sl,NR,NR,D,G,NR,NR,
865212,707,1362-1                                            ,SCANSII Block V Double platform,1,24-07-2005 00:00:00,24-07-2005 00:00:00,10:47,11:05,58.2234,-1.2238,58.177,-1.1943,,,,,4,FW   ,3,M,Sl,NR,NR,D,P,NR,NR,
865214,707,1364-1                                            ,SCANSII Block V Double platform,1,24-07-2005 00:00:00,24-07-2005 00:00:00,11:30,12:07,58.1113,-1.1513,58.0081,-1.0885,,,,,4,FW   ,3,M,Sl,NR,NR,D,P,NR,NR,
863086,707,3802-1                                            ,SCANSII Block Q Double platform,1,24-07-2005 00:00:00,24-07-2005 00:00:00,13:03,13:22,59.4014,-3.5728,59.3518,-3.5682,,,,,4,FW   ,4,M,N,NR,NR,D,P,NR,NR,
863149,707,3662-1                                            ,SCANSII Block Q Double platform,1,22-07-2005 00:00:00,22-07-2005 00:00:00,11:31,11:41,58.3933,-7.4282,58.4205,-7.4301,,,,,4,FW   ,3,M,N,NR,NR,D,P,NR,NR,
1148198,733,I_240_1                                           ,CODA Block 4 Double platform,1,12-07-2007 00:00:00,12-07-2007 00:00:00,05:32,06:01,44.93243027,-5.134096622,44.8704834,-5.191679955,,,,,4,FW   ,1,L,N,N,NR,D,G,NR,NR,
1147776,733,GE_180_1                                          ,CODA Block 2 Double platform,1,23-07-2007 00:00:00,23-07-2007 00:00:00,07:33,08:02,47.79895,-9.76159,47.8265,-9.649157,,,,,4,FW   ,4,M,M,N,NR,D,P,NR,NR,
1132865,724,B02/23/K24/07_00077/242913                        ,SCANSIII Block B Aerial,1,24-07-2016 00:00:00,,08:55,,43.77135849,-2.0500834,,,0,,94,,0,BL,1,NR,Sl,NR,NR,NR,NR,E,N,Return to effort
1138336,724,B01/06/K14/07_00042/218978                        ,SCANSIII Block B Aerial,1,14-07-2016 00:00:00,,15:56,,47.5835228,-5.86767483,,,0.203,,98.6,,0,BL,2,NR,M,NR,NR,NR,NR,C,N,Condictions change
1138359,724,B01/06/K14/07_00042/218985                        ,SCANSIII Block B Aerial,1,14-07-2016 00:00:00,,15:59,,47.58226395,-5.86833811,,,0.193,,93.6,,0,BL,2,NR,M,NR,NR,NR,NR,C,N,Return to effort
1138424,724,B01/06/K14/07_00042/219018                        ,SCANSIII Block B Aerial,1,14-07-2016 00:00:00,,16:01,,47.53223801,-5.90756989,,,0.245,,95.8,,0,BL,2,NR,M,NR,NR,NR,NR,C,N,Return to effort
1138569,724,B01/06/K14/07_00042/219083                        ,SCANSIII Block B Aerial,1,14-07-2016 00:00:00,,16:05,,47.42734909,-5.98286343,,,0.193,,94,,0,BL,2,NR,M,NR,NR,NR,NR,C,N,Condictions change
1138577,724,B01/06/K14/07_00042/219091                        ,SCANSIII Block B Aerial,1,14-07-2016 00:00:00,,16:06,,47.41442108,-5.99296188,,,0.201,,98.2,,0,BL,2,NR,M,NR,NR,NR,NR,C,N,Condictions change
1138680,724,B01/06/K14/07_00042/219130                        ,SCANSIII Block B Aerial,1,14-07-2016 00:00:00,,16:08,,47.35128021,-6.03796673,,,0.2,,97.2,,0,BL,2,NR,M,NR,NR,NR,NR,C,N,Condictions change
1138682,724,B01/06/K14/07_00042/219132                        ,SCANSIII Block B Aerial,1,14-07-2016 00:00:00,,16:08,,47.34843445,-6.0399332,,,0.1,,97.3,,0,BL,2,NR,M,NR,NR,NR,NR,C,N,Condictions change
251302,586,D02/04/I21/07_00082/177148                        ,SCANSIII Block D Aerial,1,21-07-2016 00:00:00,,07:47,,51.07195663,-5.28018856,,,0.181,,88.5,,0,BL,4,NR,N,NR,NR,NR,NR,E,N,Condictions change
251494,586,D02/04/I21/07_00082/177340                        ,SCANSIII Block D Aerial,1,21-07-2016 00:00:00,,08:00,,51.37740707,-5.44173336,,,0.191,,93.2,,0,BL,4,NR,N,NR,NR,NR,NR,E,N,Condictions change
1132676,724,B02/10/K08/07_00031/210923                        ,SCANSIII Block B Aerial,1,08-07-2016 00:00:00,,06:48,,47.03738785,-4.83857822,,,0.179,,87.2,,0,BL,4,NR,M,NR,NR,NR,NR,C,N,Condictions change
1135203,724,B02/11/K09/07_00033/212284                        ,SCANSIII Block B Aerial,1,09-07-2016 00:00:00,,07:31,,47.48065948,-3.92483997,,,0.176,,85.3,,0,BL,3,NR,N,NR,NR,NR,NR,E,N,Condictions change
1135913,724,B01/19/K04/07_00012/195423                        ,SCANSIII Block B Aerial,1,04-07-2016 00:00:00,,07:57,,45.03030014,-2.92495322,,,0.208,,100.9,,0,BL,3,NR,N,NR,NR,NR,NR,E,N,Condictions change
1138808,724,B01/07/K14/07_00043/219194                        ,SCANSIII Block B Aerial,1,14-07-2016 00:00:00,,16:16,,47.33830261,-6.02820492,,,0,,90.6,,0,BL,3,NR,M,NR,NR,NR,NR,C,N,Effort beginning
1138684,724,B01/06/K14/07_00042/219134                        ,SCANSIII Block B Aerial,1,14-07-2016 00:00:00,,16:08,,47.34483719,-6.04260492,,,0.248,,96,,0,BL,2,NR,M,NR,NR,NR,NR,C,N,Condictions change
1138688,724,B01/06/K14/07_00042/219138                        ,SCANSIII Block B Aerial,1,14-07-2016 00:00:00,,16:09,,47.33909225,-6.04749346,,,0.197,,95.4,,0,BL,2,NR,M,NR,NR,NR,NR,C,N,Condictions change
1135690,724,B01/04/K16/07_00053/225728                        ,SCANSIII Block B Aerial,1,16-07-2016 00:00:00,,08:36,,48.62215424,-5.91037178,,,0.245,,95.4,,0,BL,1,NR,St,NR,NR,NR,NR,A,N,Condictions change
1136734,724,B01/06/K14/07_00042/218446                        ,SCANSIII Block B Aerial,1,14-07-2016 00:00:00,,15:21,,48.42683792,-5.25760174,,,0.241,,93.7,,0,BL,2,NR,M,NR,NR,NR,NR,A,N,Return to effort
1136946,724,B01/06/K14/07_00042/218498                        ,SCANSIII Block B Aerial,1,14-07-2016 00:00:00,,15:25,,48.34377289,-5.31692839,,,0.197,,95.4,,0,BL,2,NR,M,NR,NR,NR,NR,A,N,Return to effort
1136947,724,B01/06/K14/07_00042/218499                        ,SCANSIII Block B Aerial,1,14-07-2016 00:00:00,,15:25,,48.34218979,-5.31808186,,,0.196,,95.2,,0,BL,2,NR,M,NR,NR,NR,NR,A,N,Return to effort
1136989,724,B01/06/K14/07_00042/218509                        ,SCANSIII Block B Aerial,1,14-07-2016 00:00:00,,15:25,,48.32639313,-5.3297081,,,0.196,,95.4,,0,BL,2,NR,M,NR,NR,NR,NR,A,N,Return to effort
1129393,724,B02/14/K09/07_00038/215281                        ,SCANSIII Block B Aerial,1,09-07-2016 00:00:00,,13:55,,46.56328201,-3.43716335,,,0.265,,103.3,,0,BL,2,NR,Sl,NR,NR,NR,NR,D,N,Condictions change
1101995,724,B01/15/K05/07_00017/199837                        ,SCANSIII Block B Aerial,1,05-07-2016 00:00:00,,06:19,,45.88323975,-3.8347683,,,0.195,,94.8,,0,BL,3,NR,Sl,NR,NR,NR,NR,D,N,Condictions change
1103612,724,B01/22/K29/06_00005/193046                        ,SCANSIII Block B Aerial,1,29-06-2016 00:00:00,,14:09,,44.17098618,-2.17887831,,,0.176,,85.4,,0,BL,1,NR,Sl,NR,NR,NR,NR,D,N,Condictions change
1114567,724,B02/11/K09/07_00033/212898                        ,SCANSIII Block B Aerial,1,09-07-2016 00:00:00,,08:13,,46.58699417,-4.60129833,,,0.196,,96.4,,0,BL,2,NR,Sl,NR,NR,NR,NR,D,N,Condictions change
1114568,724,B02/11/K09/07_00033/212899                        ,SCANSIII Block B Aerial,1,09-07-2016 00:00:00,,08:13,,46.58699417,-4.60129833,,,0,,96.4,,0,BL,2,NR,Sl,NR,NR,NR,NR,D,N,Condictions change
1114569,724,B02/11/K09/07_00033/212900                        ,SCANSIII Block B Aerial,1,09-07-2016 00:00:00,,08:13,,46.58540726,-4.60247326,,,0.198,,96.8,,0,BL,2,NR,Sl,NR,NR,NR,NR,D,N,Condictions change
1114572,724,B02/11/K09/07_00033/212903                        ,SCANSIII Block B Aerial,1,09-07-2016 00:00:00,,08:13,,46.58062363,-4.6060915,,,0.201,,97.4,,0,BL,2,NR,Sl,NR,NR,NR,NR,D,N,Condictions change
1129482,724,B02/14/K09/07_00038/215306                        ,SCANSIII Block B Aerial,1,09-07-2016 00:00:00,,13:58,,46.58340836,-3.41201997,,,0.208,,101.7,,0,BL,2,NR,Sl,NR,NR,NR,NR,D,N,Return to effort
1132471,724,B01/16/K04/07_00016/197911                        ,SCANSIII Block B Aerial,1,04-07-2016 00:00:00,,13:49,,45.79911423,-3.2534833,,,0.191,,93.2,,0,BL,2,NR,Sl,NR,NR,NR,NR,D,N,Condictions change
1132477,724,B01/16/K04/07_00016/197917                        ,SCANSIII Block B Aerial,1,04-07-2016 00:00:00,,13:52,,45.78456879,-3.26623678,,,0.142,,92.2,,0,BL,2,NR,Sl,NR,NR,NR,NR,D,N,Return to effort
1132547,724,B01/16/K04/07_00016/197939                        ,SCANSIII Block B Aerial,1,04-07-2016 00:00:00,,13:53,,45.81636429,-3.23909163,,,0.142,,92.1,,0,BL,2,NR,Sl,NR,NR,NR,NR,D,N,Return to effort
1017821,722,C07/07_00317/516758                               ,SCANSII Block J Aerial,1,07-07-2005 00:00:00,,11:27,,58.61994171,-2.23572159,,,0.03927,,102.1,,0,BL,0,NR,Sl,NR,NR,NR,NR,B,M,Effort beginning
1137778,724,B01/06/K14/07_00042/218756                        ,SCANSIII Block B Aerial,1,14-07-2016 00:00:00,,15:42,,47.94124603,-5.6107235,,,0.194,,94.4,,0,BL,2,NR,M,NR,NR,NR,NR,B,N,Condictions change
1137816,724,B01/06/K14/07_00042/218762                        ,SCANSIII Block B Aerial,1,14-07-2016 00:00:00,,15:42,,47.93174362,-5.61829519,,,0.194,,94.2,,0,BL,2,NR,M,NR,NR,NR,NR,B,N,Condictions change
1137872,724,B01/06/K14/07_00042/218786                        ,SCANSIII Block B Aerial,1,14-07-2016 00:00:00,,15:44,,47.894207,-5.6463933,,,0.202,,98.2,,0,BL,2,NR,M,NR,NR,NR,NR,B,N,Condictions change
1137928,724,B01/06/K14/07_00042/218794                        ,SCANSIII Block B Aerial,1,14-07-2016 00:00:00,,15:44,,47.88122177,-5.65526485,,,0.246,,96.2,,0,BL,2,NR,M,NR,NR,NR,NR,B,N,Condictions change
276377,589,E02/10/I27/07_00110/189297                        ,SCANSIII Block E Aerial,1,27-07-2016 00:00:00,,09:14,,54.39358139,-5.07661819,,,0.184,,89.5,,0,BL,4,NR,St,NR,NR,NR,NR,B,M,Condictions change
448099,609,S01/05/E02/07_00010/72991                         ,SCANSIII Block S Aerial,1,02-07-2016 00:00:00,,16:25,,58.78107834,-2.57704663,,,0.247,,97.2,,0,BL,4,NR,M,NR,NR,NR,NR,B,N,Condictions change
1126429,724,B02/10/K08/07_00031/210528                        ,SCANSIII Block B Aerial,1,08-07-2016 00:00:00,,06:22,,47.5375061,-4.22374821,,,0.188,,91.5,,0,BL,4,NR,M,NR,NR,NR,NR,B,N,Condictions change
1126434,724,B02/10/K08/07_00031/210533                        ,SCANSIII Block B Aerial,1,08-07-2016 00:00:00,,06:22,,47.53110123,-4.23094177,,,0.188,,91.6,,0,BL,4,NR,M,NR,NR,NR,NR,B,N,Condictions change
1131536,724,B02/10/K08/07_00031/210647                        ,SCANSIII Block B Aerial,1,08-07-2016 00:00:00,,06:29,,47.38539505,-4.40636826,,,0.184,,88.6,,0,BL,4,NR,M,NR,NR,NR,NR,B,N,Condictions change
1045355,722,C26/07_00372/503982                               ,SCANSII Block O Aerial,1,26-07-2005 00:00:00,,14:32,,53.25255966,-5.18911648,,,0.027342,,90.8,,0,BL,4,NR,M,NR,NR,NR,NR,B,M,Condictions change
1133134,724,B02/10/K08/07_00031/211029                        ,SCANSIII Block B Aerial,1,08-07-2016 00:00:00,,06:55,,46.90071869,-5.00708008,,,0.141,,91.5,,0,BL,3,NR,M,NR,NR,NR,NR,B,N,Condictions change
1133135,724,B02/10/K08/07_00031/211030                        ,SCANSIII Block B Aerial,1,08-07-2016 00:00:00,,06:55,,46.89939499,-5.00860834,,,0.188,,91.5,,0,BL,3,NR,M,NR,NR,NR,NR,B,N,Condictions change
1133213,724,B02/10/K08/07_00031/211044                        ,SCANSIII Block B Aerial,1,08-07-2016 00:00:00,,06:56,,46.88116455,-5.03061008,,,0.189,,92.1,,0,BL,3,NR,M,NR,NR,NR,NR,B,N,Condictions change
1133293,724,B02/10/K08/07_00031/211060                        ,SCANSIII Block B Aerial,1,08-07-2016 00:00:00,,06:57,,46.85995102,-5.05639839,,,0.237,,92.1,,0,BL,3,NR,M,NR,NR,NR,NR,B,N,Condictions change
1133654,724,B02/10/K08/07_00031/211133                        ,SCANSIII Block B Aerial,1,08-07-2016 00:00:00,,07:02,,46.76332855,-5.17274666,,,0.192,,93.3,,0,BL,3,NR,M,NR,NR,NR,NR,B,N,Condictions change
1132612,724,B01/16/K04/07_00016/197940                        ,SCANSIII Block B Aerial,1,04-07-2016 00:00:00,,13:53,,45.81786346,-3.23793006,,,0.19,,92.1,,0,BL,2,NR,Sl,NR,NR,NR,NR,D,N,Return to effort
1132617,724,B01/16/K04/07_00016/197945                        ,SCANSIII Block B Aerial,1,04-07-2016 00:00:00,,13:54,,45.82587433,-3.23227835,,,0.19,,92.1,,0,BL,2,NR,Sl,NR,NR,NR,NR,D,N,Return to effort
1130646,724,B01/05/K16/07_00052/225159                        ,SCANSIII Block B Aerial,1,16-07-2016 00:00:00,,07:54,,47.84069061,-6.44364643,,,0.2,,97.6,,0,BL,4,NR,St,NR,NR,NR,NR,A,N,Condictions change
1133239,724,B01/04/K16/07_00053/225216                        ,SCANSIII Block B Aerial,1,16-07-2016 00:00:00,,08:02,,47.83851242,-6.46786022,,,0.196,,95,,0,BL,4,NR,St,NR,NR,NR,NR,A,N,Effort beginning
1133591,724,B01/04/K16/07_00053/225280                        ,SCANSIII Block B Aerial,1,16-07-2016 00:00:00,,08:06,,47.93716431,-6.39761686,,,0.187,,91.1,,0,BL,4,NR,St,NR,NR,NR,NR,A,N,Effort beginning
1083557,722,C23/07_00362/561160                               ,SCANSII Block O Aerial,1,23-07-2005 00:00:00,,14:55,,53.93584824,-4.95678663,,,0.01819,,82.8,,0,BL,1,NR,M,NR,NR,NR,NR,D,M,Condictions change
1084031,722,C23/07_00362/561234                               ,SCANSII Block O Aerial,1,23-07-2005 00:00:00,,15:02,,53.90914917,-4.82017851,,,0.017976,,82.1,,0,BL,1,NR,M,NR,NR,NR,NR,D,M,Return to effort
1082454,722,A16/07_00382/486026                               ,SCANSII Block R Aerial,1,16-07-2005 00:00:00,,14:26,,52.64078522,-10.25348186,,,0.028959,,95.1,,0,BL,1,NR,St,NR,NR,NR,NR,A,M,Condictions change
1082777,722,A16/07_00382/486077                               ,SCANSII Block R Aerial,1,16-07-2005 00:00:00,,14:29,,52.72547913,-10.29376125,,,0.029106,,96.2,,0,BL,1,NR,St,NR,NR,NR,NR,A,M,Condictions change
596014,611,T02/07/E02/07_00004/69815                         ,SCANSIII Block T Aerial,1,02-07-2016 00:00:00,,10:48,,59.12011719,0.76001334,,,0.2,,97.9,,0,BL,4,NR,Sl,NR,NR,NR,NR,D,N,Effort beginning
1099590,724,B01/15/K05/07_00017/199544                        ,SCANSIII Block B Aerial,1,05-07-2016 00:00:00,,05:55,,46.24214172,-3.38486004,,,0.196,,94.6,,0,BL,4,NR,Sl,NR,NR,NR,NR,D,N,Condictions change
1133657,724,B02/10/K08/07_00031/211136                        ,SCANSIII Block B Aerial,1,08-07-2016 00:00:00,,07:02,,46.75904846,-5.17807484,,,0.241,,93.8,,0,BL,3,NR,M,NR,NR,NR,NR,B,N,Condictions change
1133658,724,B02/10/K08/07_00031/211137                        ,SCANSIII Block B Aerial,1,08-07-2016 00:00:00,,07:02,,46.7583847,-5.17888021,,,0.096,,93.7,,0,BL,3,NR,M,NR,NR,NR,NR,B,N,Condictions change
1134743,724,B01/04/K16/07_00053/225504                        ,SCANSIII Block B Aerial,1,16-07-2016 00:00:00,,08:21,,48.27349091,-6.15799189,,,0.193,,93.6,,0,BL,3,NR,St,NR,NR,NR,NR,B,N,Condictions change
1134824,724,B01/04/K16/07_00053/225521                        ,SCANSIII Block B Aerial,1,16-07-2016 00:00:00,,08:22,,48.30040359,-6.13865328,,,0.24,,93.4,,0,BL,3,NR,St,NR,NR,NR,NR,B,N,Condictions change
1084468,722,C23/07_00362/561303                               ,SCANSII Block O Aerial,1,23-07-2005 00:00:00,,15:06,,53.87550354,-4.64779997,,,0.025431,,84.4,,0,BL,1,NR,M,NR,NR,NR,NR,B,M,Condictions change
1147780,733,GE_189_1                                          ,CODA Block 2 Double platform,1,24-07-2007 00:00:00,24-07-2007 00:00:00,07:00,07:31,47.70144,-8.412503,47.61879,-8.453425,,,,,4,FW   ,4,M,N,N,NR,D,P,NR,NR,
1147792,733,GE_195_1                                          ,CODA Block 2 Double platform,1,24-07-2007 00:00:00,24-07-2007 00:00:00,09:32,10:10,47.30485,-8.636442,47.20667,-8.692828,,,,,4,FW   ,4,M,St,N,NR,D,P,NR,NR,
1147602,733,I_95_1                                            ,CODA Block 4 Double platform,1,07-07-2007 00:00:00,07-07-2007 00:00:00,08:03,08:31,44.92782211,-5.10038662,44.86266327,-5.066250324,,,,,4,FW   ,0,M,N,N,NR,D,G,NR,NR,
1148076,733,I_296_1                                           ,CODA Block 4 Double platform,1,13-07-2007 00:00:00,13-07-2007 00:00:00,14:30,15:01,46.28157425,-6.821988106,46.35170746,-6.845621586,,,,,4,FW   ,5,M,N,N,NR,C,P,NR,NR,
1145218,730,11_524_1                                          ,SCANSIII Block 11 Double platform,1,24-07-2016 00:00:00,24-07-2016 00:00:00,16:30,16:39,43.8175621,-2.448194981,43.79579926,-2.466543436,,,,,4,FW   ,1,N,M,N,N,D,G,A,NR,
1145172,730,11_541_1                                          ,SCANSIII Block 11 Double platform,1,25-07-2016 00:00:00,25-07-2016 00:00:00,09:05,09:33,44.3459549,-2.938336611,44.41808319,-2.996154785,,,,,4,FW   ,2,M,N,N,N,D,G,D,NR,
1146708,730,9_791_1                                           ,SCANSIII Block 9 Double platform,1,25-07-2016 00:00:00,25-07-2016 00:00:00,15:00,15:28,48.46134,-8.982175,48.50893,-8.920674,,,,,4,FW   ,3,L,N,N,N,D,M,D,NR,
1146817,730,9_1015_1                                          ,SCANSIII Block 9 Double platform,1,31-07-2016 00:00:00,31-07-2016 00:00:00,16:48,17:07,46.98618,-6.302984,46.95295,-6.350657,,,,,4,FW   ,2,L,St,N,N,D,M,A,NR,
1145236,730,11_529_1                                          ,SCANSIII Block 11 Double platform,1,24-07-2016 00:00:00,24-07-2016 00:00:00,17:54,18:03,43.94710159,-2.591045141,43.96671677,-2.603078127,,,,,4,FW   ,2,L,St,N,N,D,G,A,NR,
1145173,730,11_542_1                                          ,SCANSIII Block 11 Double platform,1,25-07-2016 00:00:00,25-07-2016 00:00:00,09:33,10:04,44.41808319,-2.996154785,44.49738693,-3.057991505,,,,,4,FW   ,2,M,N,N,N,D,G,B,NR,
1145121,730,11_456_1                                          ,SCANSIII Block 11 Double platform,1,22-07-2016 00:00:00,22-07-2016 00:00:00,16:31,16:44,44.72251892,-4.6842103,44.75370407,-4.658645153,,,,,4,FW   ,2,L,N,N,N,D,M,B,NR,
1145555,730,13_290_1                                          ,SCANSIII Block 13 Double platform,1,15-07-2016 00:00:00,15-07-2016 00:00:00,12:05,12:31,42.05383301,-9.975276947,41.98205566,-9.998856544,,,,,4,FW   ,2,L,N,N,N,D,G,N,NR,
1146816,730,9_1011_1                                          ,SCANSIII Block 9 Double platform,1,31-07-2016 00:00:00,31-07-2016 00:00:00,15:30,16:00,47.1067,-6.121043,47.06163,-6.19239,,,,,4,FW   ,4,L,M,N,N,D,M,B,NR,
1145272,730,11_578_1                                          ,SCANSIII Block 11 Double platform,1,26-07-2016 00:00:00,26-07-2016 00:00:00,12:32,13:04,44.7908287,-5.018516541,44.86861038,-5.084986687,,,,,4,FW   ,2,L,N,N,N,D,M,B,NR,
1145308,730,12_349_1                                          ,SCANSIII Block 12 Double platform,1,19-07-2016 00:00:00,19-07-2016 00:00:00,09:01,09:31,45.15911484,-8.913656235,45.24039078,-8.882468224,,,,,4,FW   ,3,L,St,N,N,D,P,B,NR,
1145120,730,11_455_1                                          ,SCANSIII Block 11 Double platform,1,22-07-2016 00:00:00,22-07-2016 00:00:00,16:01,16:31,44.64951324,-4.746801853,44.72251892,-4.6842103,,,,,4,FW   ,3,L,N,N,N,D,P,B,NR,
1147460,733,CS_517_1                                          ,CODA Block 3 Double platform,1,26-07-2007 00:00:00,26-07-2007 00:00:00,11:17,11:31,43.89155197,-13.84043598,43.85795975,-13.81881905,,,,,4,FW   ,4,H,NR,N,NR,D,P,N,NR,
1145203,730,11_321_1                                          ,SCANSIII Block 11 Double platform,1,17-07-2016 00:00:00,17-07-2016 00:00:00,15:30,16:00,44.42763519,-7.470284939,44.50352478,-7.407683372,,,,,4,FW   ,4,M,N,N,N,D,P,N,NR,
1145313,730,12_44_1                                           ,SCANSIII Block 12 Double platform,1,06-07-2016 00:00:00,06-07-2016 00:00:00,09:17,09:34,45.45354843,-10.77731323,45.40797424,-10.79698277,,,,,4,FW   ,2,M,M,N,N,D,G,B,NR,
1147516,733,I_64_1                                            ,CODA Block 4 Double platform,1,06-07-2007 00:00:00,06-07-2007 00:00:00,10:00,10:30,46.59502792,-5.858664989,46.52299118,-5.822096825,,,,,4,FW   ,3,M,M,N,NR,D,G,NR,NR,
1147534,733,I_62_1                                            ,CODA Block 4 Double platform,1,06-07-2007 00:00:00,06-07-2007 00:00:00,09:01,09:30,46.73316956,-5.922563553,46.66492462,-5.895148754,,,,,4,FW   ,3,M,M,N,NR,D,G,NR,NR,
1147773,733,GE_179_1                                          ,CODA Block 2 Double platform,1,23-07-2007 00:00:00,23-07-2007 00:00:00,07:08,07:33,47.779,-9.857263,47.79895,-9.76159,,,,,4,FW   ,3,M,M,N,NR,D,P,NR,NR,
1148072,733,I_299_1                                           ,CODA Block 4 Double platform,1,13-07-2007 00:00:00,13-07-2007 00:00:00,15:30,16:00,46.41376877,-6.873066425,46.4794426,-6.901983738,,,,,4,FW   ,5,H,N,N,NR,C,P,NR,NR,
1147154,733,GE_62_1                                           ,CODA Block 2 Double platform,1,19-07-2007 00:00:00,19-07-2007 00:00:00,05:56,06:15,52.949,-16.79481,52.96105,-16.70756,,,,,4,FW   ,3,H,St,N,NR,C,P,NR,NR,
1148016,733,CS_452_1                                          ,CODA Block 3 Double platform,1,24-07-2007 00:00:00,24-07-2007 00:00:00,06:31,07:04,44.28800583,-12.30677509,44.3688736,-12.35558224,,,,,4,FW   ,3,H,N,N,NR,D,P,NR,NR,
1147807,733,GE_210_1                                          ,CODA Block 2 Double platform,1,24-07-2007 00:00:00,24-07-2007 00:00:00,19:32,20:09,46.47152,-9.117319,46.37358,-9.170342,,,,,4,FW   ,4,M,N,N,NR,D,P,NR,NR,
1147254,733,RA_74_1                                           ,CODA Block 2 Single platform,1,08-07-2007 00:00:00,08-07-2007 00:00:00,09:43,10:11,46.7998,-13.10449,46.86248,-13.07344,,,,,4,FW   ,4,M,St,N,NR,D,M,NR,NR,
1147884,733,RA_16_1                                           ,CODA Block 2 Single platform,1,06-07-2007 00:00:00,06-07-2007 00:00:00,11:20,11:57,45.51142,-11.22878,45.49933,-11.35682,,,,,4,FW   ,4,M,N,N,NR,C,M,NR,NR,
1148199,733,I_244_1                                           ,CODA Block 4 Double platform,1,12-07-2007 00:00:00,12-07-2007 00:00:00,07:31,08:03,44.68540192,-5.360068798,44.62522888,-5.419958591,,,,,4,FW   ,1,L,N,N,NR,D,G,NR,NR,
1147550,733,MC_327_1                                          ,CODA Block 1 Single platform,1,20-07-2007 00:00:00,20-07-2007 00:00:00,10:30,10:59,53.34786,-15.35039,53.3525,-15.48553,,,,,4,FW   ,3,L,N,N,NR,D,G,NR,NR,
1147809,733,GE_225_1                                          ,CODA Block 2 Double platform,1,25-07-2007 00:00:00,25-07-2007 00:00:00,10:09,10:19,45.4657,-8.667314,45.46989,-8.627295,,,,,4,FW   ,4,L,N,N,NR,D,P,NR,NR,
1147811,733,GE_226_1                                          ,CODA Block 2 Double platform,1,25-07-2007 00:00:00,25-07-2007 00:00:00,10:19,10:44,45.46989,-8.627295,45.48113,-8.523673,,,,,4,FW   ,4,L,N,N,NR,D,P,NR,NR,
1147814,733,GE_227_1                                          ,CODA Block 2 Double platform,1,25-07-2007 00:00:00,25-07-2007 00:00:00,10:44,11:15,45.48113,-8.523673,45.49755,-8.394131,,,,,4,FW   ,4,L,N,N,NR,D,P,NR,NR,
1147827,733,GE_230_1                                          ,CODA Block 2 Double platform,1,25-07-2007 00:00:00,25-07-2007 00:00:00,12:26,13:04,45.51789,-8.099616,45.55882,-7.949727,,,,,4,FW   ,4,L,N,N,NR,D,P,NR,NR,
1147909,733,CS_366_1                                          ,CODA Block 3 Double platform,1,19-07-2007 00:00:00,19-07-2007 00:00:00,09:30,10:02,44.864048,-9.260372162,44.77915192,-9.309124947,,,,,4,FW   ,3,H,Sl,N,NR,D,G,NR,NR,
1145067,730,11_607_1                                          ,SCANSIII Block 11 Double platform,1,27-07-2016 00:00:00,27-07-2016 00:00:00,12:30,12:59,44.43583298,-6.798541069,44.50798416,-6.856543064,,,,,4,FW   ,0,L,N,N,N,D,G,E,NR,
1146809,730,9_1000_1                                          ,SCANSIII Block 9 Double platform,1,31-07-2016 00:00:00,31-07-2016 00:00:00,06:15,06:33,46.13275,-6.425587,46.16647,-6.405334,,,,,4,FW   ,3,L,N,N,N,D,M,E,NR,
1145124,730,11_459_1                                          ,SCANSIII Block 11 Double platform,1,22-07-2016 00:00:00,22-07-2016 00:00:00,17:30,17:56,44.8625412,-4.564865112,44.92861176,-4.509861946,,,,,4,FW   ,2,L,N,N,N,D,P,E,NR,
1145340,730,12_374_1                                          ,SCANSIII Block 12 Double platform,1,20-07-2016 00:00:00,20-07-2016 00:00:00,07:16,07:30,44.96789551,-8.369854927,44.93166351,-8.359322548,,,,,4,FW   ,2,L,N,N,N,D,M,E,NR,
1145119,730,11_454_1                                          ,SCANSIII Block 11 Double platform,1,22-07-2016 00:00:00,22-07-2016 00:00:00,15:31,16:01,44.57438278,-4.807199955,44.64951324,-4.746801853,,,,,4,FW   ,3,L,N,N,N,D,P,C,NR,
1145410,730,12_11_1                                           ,SCANSIII Block 12 Single platform,1,05-07-2016 00:00:00,05-07-2016 00:00:00,07:32,08:02,44.58393478,-9.974378586,44.66033554,-9.998324394,,,,,4,FW   ,4,M,N,R,M,D,P,E,NR,
1145168,730,11_536_1                                          ,SCANSIII Block 11 Double platform,1,25-07-2016 00:00:00,25-07-2016 00:00:00,07:16,07:37,44.08147049,-2.707653284,44.13172913,-2.752335072,,,,,4,FW   ,0,M,N,N,N,D,E,E,NR,
1146773,730,9_1101_1                                          ,SCANSIII Block 9 Double platform,1,03-08-2016 00:00:00,03-08-2016 00:00:00,12:45,13:00,47.16156,-8.47475,47.19264,-8.452833,,,,,4,FW   ,3,M,N,N,N,D,M,E,NR,
1145382,730,12_131_1                                          ,SCANSIII Block 12 Double platform,1,09-07-2016 00:00:00,09-07-2016 00:00:00,08:30,08:59,43.75844574,-13.24975395,43.83636856,-13.27408409,,,,,4,FW   ,2,M,N,N,N,D,M,E,NR,
1146772,730,9_1100_1                                          ,SCANSIII Block 9 Double platform,1,03-08-2016 00:00:00,03-08-2016 00:00:00,12:28,12:45,47.12716,-8.500175,47.16156,-8.47475,,,,,4,FW   ,3,M,N,N,N,D,G,E,NR,
1145430,730,12_133_1                                          ,SCANSIII Block 12 Double platform,1,09-07-2016 00:00:00,09-07-2016 00:00:00,09:30,09:55,43.91691971,-13.30384922,43.98566818,-13.32905102,,,,,4,FW   ,3,H,N,N,N,D,P,E,NR,
1146791,730,9_1120_1                                          ,SCANSIII Block 9 Double platform,1,03-08-2016 00:00:00,03-08-2016 00:00:00,18:00,18:15,47.80678,-7.999792,47.83832,-7.976034,,,,,4,FW   ,3,M,N,N,N,D,G,E,NR,
1145832,730,8_12_1                                            ,SCANSIII Block 8 Double platform,1,29-06-2016 00:00:00,29-06-2016 00:00:00,08:00,08:32,59.90104,-7.026814,59.97691,-7.054454,,,,,4,FW   ,3,M,N,N,N,D,G,E,NR,
1145262,730,12_14_1                                           ,SCANSIII Block 12 Double platform,1,05-07-2016 00:00:00,05-07-2016 00:00:00,08:36,09:04,44.74780273,-10.02502632,44.8238945,-10.04588604,,,,,4,FW   ,4,M,N,N,N,D,P,E,NR,
1145239,730,11_543_1                                          ,SCANSIII Block 11 Double platform,1,25-07-2016 00:00:00,25-07-2016 00:00:00,10:04,10:32,44.49738693,-3.057991505,44.56578827,-3.116589785,,,,,4,FW   ,2,L,N,N,N,D,G,A,NR,
1145128,730,11_465_1                                          ,SCANSIII Block 11 Double platform,1,22-07-2016 00:00:00,22-07-2016 00:00:00,18:30,18:58,45.01136017,-4.439460278,45.07606506,-4.38051796,,,,,4,FW   ,3,L,N,N,N,D,M,D,NR,
1145466,730,12_104_1                                          ,SCANSIII Block 12 Double platform,1,08-07-2016 00:00:00,08-07-2016 00:00:00,08:00,08:33,45.39449692,-12.41681099,45.30668259,-12.45530796,,,,,4,FW   ,3,L,N,N,N,D,M,A,NR,
1145468,730,12_106_1                                          ,SCANSIII Block 12 Double platform,1,08-07-2016 00:00:00,08-07-2016 00:00:00,09:06,09:29,45.21681976,-12.49011421,45.15380096,-12.51177979,,,,,4,FW   ,3,L,N,N,N,D,M,D,NR,
1146788,730,9_1116_1                                          ,SCANSIII Block 9 Double platform,1,03-08-2016 00:00:00,03-08-2016 00:00:00,16:31,17:01,47.62402,-8.132245,47.68523,-8.090268,,,,,4,FW   ,3,M,N,N,N,D,M,D,NR,
1145376,730,12_95_1                                           ,SCANSIII Block 12 Double platform,1,07-07-2016 00:00:00,07-07-2016 00:00:00,16:59,17:28,45.13594437,-12.12123013,45.21777344,-12.15429115,,,,,4,FW   ,2,M,N,N,N,D,M,D,NR,
1145356,730,12_82_1                                           ,SCANSIII Block 12 Double platform,1,07-07-2016 00:00:00,07-07-2016 00:00:00,10:30,10:55,44.09186935,-11.76960278,44.16109848,-11.77937412,,,,,4,FW   ,1,M,N,N,N,D,G,A,NR,
1146150,730,8_212_1                                           ,SCANSIII Block 8 Double platform,1,03-07-2016 00:00:00,03-07-2016 00:00:00,09:29,10:05,59.05277,-10.71384,59.0225,-10.55978,,,,,4,FW   ,3,M,St,N,N,D,G,D,NR,
1145839,730,8_20_1                                            ,SCANSIII Block 8 Double platform,1,29-06-2016 00:00:00,29-06-2016 00:00:00,10:05,10:28,59.87987,-7.184027,59.83496,-7.221228,,,,,4,FW   ,3,M,M,N,N,D,M,D,NR,
1145347,730,12_73_1                                           ,SCANSIII Block 12 Double platform,1,07-07-2016 00:00:00,07-07-2016 00:00:00,07:32,08:04,43.62328339,-11.57834053,43.70637131,-11.60999775,,,,,4,FW   ,3,M,St,N,N,D,P,D,NR,
1145471,730,13_220_1                                          ,SCANSIII Block 13 Double platform,1,11-07-2016 00:00:00,11-07-2016 00:00:00,17:56,18:32,43.27085114,-12.25833321,43.17282867,-12.21403408,,,,,4,FW   ,3,M,N,N,N,D,P,D,NR,
1145244,730,11_556_1                                          ,SCANSIII Block 11 Double platform,1,25-07-2016 00:00:00,25-07-2016 00:00:00,15:30,16:00,44.48260117,-3.7787714,44.41083145,-3.841828346,,,,,4,FW   ,1,L,M,N,N,D,G,D,NR,
1145437,730,12_34_1                                           ,SCANSIII Block 12 Double platform,1,05-07-2016 00:00:00,05-07-2016 00:00:00,18:02,18:32,46.05157089,-10.55692768,45.9680748,-10.58508492,,,,,4,FW   ,1,L,M,N,N,D,G,A,NR,
1145438,730,12_35_1                                           ,SCANSIII Block 12 Double platform,1,05-07-2016 00:00:00,05-07-2016 00:00:00,18:32,18:55,45.9680748,-10.58508492,45.90879822,-10.60428715,,,,,4,FW   ,1,L,St,N,N,D,G,D,NR,
1145455,730,12_84_1                                           ,SCANSIII Block 12 Double platform,1,07-07-2016 00:00:00,07-07-2016 00:00:00,12:02,12:36,44.3404541,-11.83762836,44.43229294,-11.86628056,,,,,4,FW   ,1,L,N,N,N,D,G,A,NR,
1146272,730,8_565_1                                           ,SCANSIII Block 8 Double platform,1,14-07-2016 00:00:00,14-07-2016 00:00:00,06:26,06:34,55.62249,-12.46273,55.61345,-12.43158,,,,,4,FW   ,3,L,St,N,N,D,G,A,NR,
1145245,730,11_557_1                                          ,SCANSIII Block 11 Double platform,1,25-07-2016 00:00:00,25-07-2016 00:00:00,16:00,16:10,44.41083145,-3.841828346,44.38721466,-3.863443613,,,,,4,FW   ,1,L,St,N,N,D,G,C,NR,
1145496,730,12_119_1                                          ,SCANSIII Block 12 Double platform,1,08-07-2016 00:00:00,08-07-2016 00:00:00,16:00,16:30,44.11159515,-12.91157627,44.02470779,-12.94202232,,,,,4,FW   ,3,L,N,N,N,D,M,E,NR,
1145134,730,11_477_1                                          ,SCANSIII Block 11 Double platform,1,23-07-2016 00:00:00,23-07-2016 00:00:00,10:20,10:43,44.50323105,-3.897603273,44.44485855,-3.852828503,,,,,4,FW   ,4,L,St,N,N,D,VP,E,NR,
1145459,730,12_88_1                                           ,SCANSIII Block 12 Double platform,1,07-07-2016 00:00:00,07-07-2016 00:00:00,13:30,13:58,44.57802582,-11.90941811,44.65365219,-11.93064976,,,,,4,FW   ,1,L,N,N,N,D,G,C,NR,
1145492,730,12_115_1                                          ,SCANSIII Block 12 Double platform,1,08-07-2016 00:00:00,08-07-2016 00:00:00,13:29,14:05,44.51893616,-12.73212719,44.42332458,-12.77427197,,,,,4,FW   ,3,L,N,N,N,D,P,E,NR,
1146390,730,9_698_1                                           ,SCANSIII Block 9 Double platform,1,22-07-2016 00:00:00,22-07-2016 00:00:00,12:17,12:29,47.25037,-10.1567,47.22641,-10.17715,,,,,4,FW   ,4,H,Sl,N,N,D,M,C,NR,
1145583,730,13_258_1                                          ,SCANSIII Block 13 Double platform,1,13-07-2016 00:00:00,13-07-2016 00:00:00,10:25,10:55,42.76741409,-11.07130337,42.68930817,-11.1072998,,,,,4,FW   ,4,L,St,N,N,D,VP,A,NR,
1145586,730,13_262_1                                          ,SCANSIII Block 13 Double platform,1,13-07-2016 00:00:00,13-07-2016 00:00:00,12:59,13:32,42.54623032,-11.17162704,42.45660782,-11.20597172,,,,,4,FW   ,4,L,M,N,N,D,VP,A,NR,
1145158,730,11_411_1                                          ,SCANSIII Block 11 Double platform,1,21-07-2016 00:00:00,21-07-2016 00:00:00,09:06,09:30,45.22953415,-6.801375389,45.28564453,-6.754321098,,,,,4,FW   ,2,L,Sl,N,N,D,M,D,NR,
1145232,730,11_507_1                                          ,SCANSIII Block 11 Double platform,1,24-07-2016 00:00:00,24-07-2016 00:00:00,09:33,10:00,44.33837128,-2.580849886,44.27042007,-2.521420002,,,,,4,FW   ,0,L,Sl,N,N,D,G,A,NR,
1146763,730,9_936_1                                           ,SCANSIII Block 9 Double platform,1,29-07-2016 00:00:00,29-07-2016 00:00:00,16:28,16:44,46.22796,-5.016268,46.26313,-4.995245,,,,,4,FW   ,2,L,N,N,N,D,G,D,NR,
1146819,730,9_1020_1                                          ,SCANSIII Block 9 Double platform,1,31-07-2016 00:00:00,31-07-2016 00:00:00,18:45,19:01,46.79295,-6.59051,46.76819,-6.63008,,,,,4,FW   ,2,L,St,N,N,D,G,A,NR,
1145624,730,13_207_1                                          ,SCANSIII Block 13 Double platform,1,11-07-2016 00:00:00,11-07-2016 00:00:00,13:02,13:30,42.8160553,-12.5802393,42.88810349,-12.54783916,,,,,4,FW   ,3,H,N,N,N,D,P,A,NR,
1145402,730,12_41_1                                           ,SCANSIII Block 12 Double platform,1,06-07-2016 00:00:00,06-07-2016 00:00:00,08:01,08:30,45.6540184,-10.70536709,45.57882309,-10.73176098,,,,,4,FW   ,2,H,N,N,N,D,G,D,NR,
1145207,730,11_511_1                                          ,SCANSIII Block 11 Double platform,1,24-07-2016 00:00:00,24-07-2016 00:00:00,12:03,12:29,44.1386795,-2.414876461,44.0752182,-2.362191677,,,,,4,FW   ,0,N,N,N,N,D,E,A,NR,
1145208,730,11_512_1                                          ,SCANSIII Block 11 Double platform,1,24-07-2016 00:00:00,24-07-2016 00:00:00,12:29,12:46,44.0752182,-2.362191677,44.03299332,-2.326659918,,,,,4,FW   ,0,N,N,N,N,D,E,A,NR,
1147122,733,RA_59_1                                           ,CODA Block 2 Double platform,1,07-07-2007 00:00:00,07-07-2007 00:00:00,17:14,17:46,46.01993,-13.51193,46.10647,-13.46815,,,,,4,FW   ,2,M,Sl,N,NR,D,G,NR,NR,
1147546,733,I_77_1                                            ,CODA Block 4 Double platform,1,06-07-2007 00:00:00,06-07-2007 00:00:00,16:00,16:30,45.74388885,-5.472273827,45.67094803,-5.437802315,,,,,4,FW   ,2,M,Sl,N,NR,D,G,NR,NR,
1147538,733,I_67_1                                            ,CODA Block 4 Double platform,1,06-07-2007 00:00:00,06-07-2007 00:00:00,11:31,12:01,46.37407303,-5.759288311,46.30233383,-5.725838184,,,,,4,FW   ,3,M,Sl,N,NR,D,G,NR,NR,
1147797,733,GE_208_1                                          ,CODA Block 2 Double platform,1,24-07-2007 00:00:00,24-07-2007 00:00:00,14:44,15:00,46.52887,-9.117988,46.48983,-9.136727,,,,,4,FW   ,3,M,Sl,N,NR,D,P,NR,NR,
1147864,733,RA_32_1                                           ,CODA Block 2 Single platform,1,06-07-2007 00:00:00,06-07-2007 00:00:00,18:34,19:01,45.40934,-12.31179,45.39962,-12.41401,,,,,4,FW   ,3,M,Sl,N,NR,C,M,NR,NR,
1147653,733,MC_110_1                                          ,CODA Block 1 Single platform,1,12-07-2007 00:00:00,12-07-2007 00:00:00,11:00,11:32,59.82988,-11.79074,59.74994,-11.72335,,,,,4,FW   ,2,L,N,N,NR,D,G,NR,NR,
1147486,733,MC_385_1                                          ,CODA Block 1 Single platform,1,22-07-2007 00:00:00,22-07-2007 00:00:00,15:33,16:00,54.93148,-16.60504,54.92731,-16.49082,,,,,4,FW   ,4,H,N,N,NR,D,P,NR,NR,
1147632,733,MC_178_1                                          ,CODA Block 1 Single platform,1,14-07-2007 00:00:00,14-07-2007 00:00:00,08:31,09:02,58.12214,-12.10554,58.15191,-12.26588,,,,,4,FW   ,0,NR,NR,N,NR,C,E,NR,NR,
1148081,733,I_102_1                                           ,CODA Block 4 Double platform,1,07-07-2007 00:00:00,07-07-2007 00:00:00,09:41,10:06,44.69750214,-4.992413521,44.63853455,-4.964208603,,,,,4,FW   ,0,NR,NR,N,NR,NR,NR,NR,NR,
1147066,733,MC_234_1                                          ,CODA Block 1 Double platform,1,15-07-2007 00:00:00,15-07-2007 00:00:00,14:30,15:04,57.01847,-13.06049,56.932,-12.98727,,,,,4,FW   ,3,N,N,N,NR,D,G,NR,NR,
865854,707,2841-1                                            ,SCANSII Block W Double platform,1,25-07-2005 00:00:00,25-07-2005 00:00:00,14:48,15:01,43.6403,-6.0677,43.6613,-6.1063,,,,,4,FW   ,3,M,Sl,NR,NR,D,P,NR,NR,
950442,717,HOL_55_709_7                                      ,SCANS1994_Block-G_Holland,1,30-06-1994 00:00:00,30-06-1994 00:00:00,12:37,13:01,54.93683333,5.751666667,54.86483333,5.690666667,,,,,6,FW   ,2,M,Sl,NR,NR,NR,NR,NR,NR,
865862,707,2850-1                                            ,SCANSII Block W Double platform,1,26-07-2005 00:00:00,26-07-2005 00:00:00,06:00,06:30,43.8946,-6.5405,43.9394,-6.6237,,,,,4,FW   ,1,M,Sl,NR,NR,D,M,NR,NR,
949277,717,DAN_468_309_52                                    ,SCANS1994_Block-A_Dana,1,23-07-1994 00:00:00,23-07-1994 00:00:00,09:31,10:19,50.46683333,-7.742333333,50.39566667,-7.575666667,,,,,6,FW   ,1,L,Sl,NR,NR,NR,NR,NR,NR,
1147023,733,MC_202_1                                          ,CODA Block 1 Double platform,1,14-07-2007 00:00:00,14-07-2007 00:00:00,15:13,15:30,58.50374,-14.1016,58.52003,-14.18526,,,,,4,FW   ,0,NR,NR,NR,NR,NR,NR,NR,NR,
1147826,733,GE_232_1                                          ,CODA Block 2 Double platform,1,25-07-2007 00:00:00,25-07-2007 00:00:00,13:11,13:26,45.56627,-7.924219,45.58297,-7.87111,,,,,4,FW   ,0,NR,NR,NR,NR,NR,NR,NR,NR,
863746,707,6258-1                                            ,SCANSII Block T Double platform,1,08-07-2005 00:00:00,08-07-2005 00:00:00,17:02,17:17,61.9622,2.1573,61.9832,2.0707,,,,,4,FW   ,1,N,M,NR,NR,D,G,NR,NR,
864165,707,6481-1                                            ,SCANSII Block T Double platform,1,17-07-2005 00:00:00,17-07-2005 00:00:00,06:33,06:51,58.6501,4.7733,58.6005,4.7756,,,,,4,FW   ,0,N,N,NR,NR,C,G,NR,NR,
865715,707,2449-1                                            ,SCANSII Block W Double platform,1,14-07-2005 00:00:00,14-07-2005 00:00:00,09:29,10:01,42.6303,-9.4259,42.7004,-9.4887,,,,,4,FW   ,0,N,N,NR,NR,B,E,NR,NR,
865713,707,2447-1                                            ,SCANSII Block W Double platform,1,14-07-2005 00:00:00,14-07-2005 00:00:00,08:30,09:00,42.4975,-9.3173,42.5639,-9.3694,,,,,4,FW   ,0,N,N,NR,NR,B,G,NR,NR,
865714,707,2448-1                                            ,SCANSII Block W Double platform,1,14-07-2005 00:00:00,14-07-2005 00:00:00,09:00,09:29,42.5639,-9.3694,42.6303,-9.4259,,,,,4,FW   ,0,N,N,NR,NR,B,G,NR,NR,
1145760,730,8_133_1                                           ,SCANSIII Block 8 Double platform,1,01-07-2016 00:00:00,01-07-2016 00:00:00,17:59,18:31,59.7497,-12.02603,59.75508,-12.16559,,,,,4,FW   ,0,N,NR,NR,NR,NR,NR,NR,NR,
1145792,730,8_62_1                                            ,SCANSIII Block 8 Double platform,1,30-06-2016 00:00:00,30-06-2016 00:00:00,12:02,12:32,59.71427,-8.756631,59.78273,-8.784456,,,,,4,FW   ,0,N,NR,NR,NR,NR,NR,NR,NR,
1147300,733,MC_438_1                                          ,CODA Block 1 Double platform,1,25-07-2007 00:00:00,25-07-2007 00:00:00,12:12,12:26,56.71449,-15.10576,56.70412,-15.03893,,,,,4,FW   ,0,NR,NR,RF,NR,NR,NR,NR,NR,
1147873,733,RA_22_1                                           ,CODA Block 2 Single platform,1,06-07-2007 00:00:00,06-07-2007 00:00:00,13:48,14:02,45.46495,-11.73937,45.45867,-11.78537,,,,,4,FW   ,3,M,NR,F,NR,B,M,NR,NR,
1147874,733,RA_21_1                                           ,CODA Block 2 Single platform,1,06-07-2007 00:00:00,06-07-2007 00:00:00,13:19,13:48,45.47284,-11.64054,45.46495,-11.73937,,,,,4,FW   ,4,M,N,F,NR,B,M,NR,NR,
863919,707,3249-1                                            ,SCANSII Block Q Single platform,1,08-07-2005 00:00:00,08-07-2005 00:00:00,11:33,11:42,54.2152,-11.0598,54.2002,-11.0818,,,,,4,FW   ,3,M,N,NR,NR,B,M,NR,NR,
863697,707,3704-1                                            ,SCANSII Block Q Single platform,1,23-07-2005 00:00:00,23-07-2005 00:00:00,06:24,06:36,59.0184,-6.5556,59.0166,-6.4936,,,,,4,FW   ,3,M,N,NR,NR,B,G,NR,NR,
862952,707,3709-1                                            ,SCANSII Block Q Double platform,1,23-07-2005 00:00:00,23-07-2005 00:00:00,07:03,07:12,59.0127,-6.345,59.0116,-6.2951,,,,,4,FW   ,3,M,N,NR,NR,B,P,NR,NR,
950744,717,TRI_99_802_53                                     ,SCANS1994_Block-G_Tridens,1,07-07-1994 00:00:00,07-07-1994 00:00:00,10:47,11:00,55.428,-0.120166667,55.3975,-0.058333333,,,,,6,FW   ,1,L,N,NR,NR,NR,NR,NR,NR,
949490,717,DAN_94_301_94                                     ,SCANS1994_Block-A_Dana,1,07-01-1994 00:00:00,07-01-1994 00:00:00,13:53,14:19,50.29616667,-10.65316667,50.3335,-10.7525,,,,,6,FW   ,4,M,Sl,NR,NR,NR,NR,NR,NR,
949374,717,DAN_66_301_66                                     ,SCANS1994_Block-A_Dana,1,30-06-1994 00:00:00,30-06-1994 00:00:00,14:00,14:30,49.58833333,-8.682666667,49.63,-8.796,,,,,6,FW   ,1,M,Sl,NR,NR,NR,NR,NR,NR,
1145357,730,12_92_1                                           ,SCANSIII Block 12 Double platform,1,07-07-2016 00:00:00,07-07-2016 00:00:00,15:35,16:04,44.91304398,-12.03519726,44.99119568,-12.0657568,,,,,4,FW   ,2,M,N,N,N,D,G,B,NR,
1150181,753,2023-2024_APEM_POSEIDON_NorthernIsles_S2_T4a      ,2023-2024_APEM_POSEIDON_NorthernIsles,,11-01-2024 00:00:00,11-01-2024 00:00:00,10:59,11:27,60.541979,0.999263,60.555413,-0.921314,738.5148,0.09,,,0,FW   ,2,L,N,NR,NR,D,E,E,M,
1150078,751,2023_2024_APEM_POSEIDON_North_S3_T1               ,2023_2024_APEM_POSEIDON_NorthSea,,21-06-2024 00:00:00,21-06-2024 00:00:00,06:48,07:51,56.383173,-0.99995,56.36868,2.99826,1492.775,0.09,,,0,FW   ,2,NR,N,NR,NR,D,E,E,N,
1150018,750,2023_APEM_POSEIDON_Celtic_S4_T4                   ,2023_APEM_POSEIDON_CelticSea,,02-09-2023 00:00:00,02-09-2023 00:00:00,14:49,15:25,49.5013310008577,-8.93905100062897,48.3067689984206,-8.89576499943915,18011,614.1751,,,0,FW   ,2,NR,Sl,NR,NR,D,E,C,N,
1150019,750,2023_APEM_POSEIDON_Celtic_S4_T5                   ,2023_APEM_POSEIDON_CelticSea,,02-09-2023 00:00:00,02-09-2023 00:00:00,15:33,16:07,48.2308380025578,-9.16181799985368,49.3596159963689,-9.20837600052923,18011,614.1751,,,0,FW   ,2,NR,Sl,NR,NR,D,E,C,N,
1150027,750,2023_APEM_POSEIDON_Celtic_S4_T1                   ,2023_APEM_POSEIDON_CelticSea,,02-09-2023 00:00:00,02-09-2023 00:00:00,08:59,09:30,48.534582996524,-8.09223399966067,49.5002080040188,-8.11150599933298,18011,614.1751,,,0,FW   ,2,NR,Sl,NR,NR,D,E,C,N,
1150085,751,2023_2024_APEM_POSEIDON_North_S2_T8               ,2023_2024_APEM_POSEIDON_NorthSea,,18-02-2024 00:00:00,18-02-2024 00:00:00,14:52,15:43,55.2377759991744,2.99978999983286,55.2596169964646,-8.000780636E-06,1492.775,0.09,,,0,FW   ,1,NR,N,NR,NR,D,E,E,Sl,
1150037,750,2023_APEM_POSEIDON_Celtic_S2_T9                   ,2023_APEM_POSEIDON_CelticSea,,06-03-2023 00:00:00,06-03-2023 00:00:00,11:36,11:51,47.6600610021708,-10.2028500006897,48.1865929987122,-10.2339329993506,18011,614.1751,,,0,FW   ,1,NR,N,NR,NR,D,E,E,Sl,
1150095,751,2023_2024_APEM_POSEIDON_North_S2_T6               ,2023_2024_APEM_POSEIDON_NorthSea,,18-02-2024 00:00:00,18-02-2024 00:00:00,12:26,13:34,55.5607299975444,2.9994020000223,55.5740620010585,-0.99997799998513,1492.775,0.09,,,0,FW   ,1,NR,N,NR,NR,D,E,C,Sl,
1150010,750,2023_APEM_POSEIDON_Celtic_S1_T1                   ,2023_APEM_POSEIDON_CelticSea,,26-01-2023 00:00:00,26-01-2023 00:00:00,13:39,14:12,48.534581,-8.092318,49.5014754,-8.1116961,18011,614.1751,,,0,FW   ,2,NR,N,NR,NR,D,E,E,Sl,
1150011,750,2023_APEM_POSEIDON_Celtic_S1_T2                   ,2023_APEM_POSEIDON_CelticSea,,26-01-2023 00:00:00,26-01-2023 00:00:00,13:02,13:30,49.5011524,-8.3878421,48.449847,-8.3610006,18011,614.1751,,,0,FW   ,2,NR,N,NR,NR,D,E,E,Sl,
1149968,749,2023_APEM_POSEIDON_NorthSea_S4_T7                 ,2023_APEM_POSEIDON_NorthSea,,22-08-2023 00:00:00,22-08-2023 00:00:00,14:11,16:09,55.4220049978413,0.002214000107434,55.4224980028445,0.444868999474951,42050,1408.675,,,0,FW   ,2,L,Sl,NR,NR,D,E,E,N,
1149989,749,2023_APEM_POSEIDON_NorthSea_S3_T4                 ,2023_APEM_POSEIDON_NorthSea,,26-05-2023 00:00:00,26-05-2023 00:00:00,15:33,16:37,55.883938,2.998373999,55.898315,-0.947392,42050,1408.675,,,0,FW   ,2,L,Sl,NR,NR,C,E,C,M,
1149994,749,2023_APEM_POSEIDON_NorthSea_S2_T9                 ,2023_APEM_POSEIDON_NorthSea,,27-02-2023 00:00:00,27-02-2023 00:00:00,12:51,13:40,55.0760889971675,2.99886700013479,55.0982560008805,6.999365551E-06,42050,1408.675,,,0,FW   ,3,L,Sl,NR,NR,C,E,E,St,
1150042,750,2023_APEM_POSEIDON_Celtic_S2_T2                   ,2023_APEM_POSEIDON_CelticSea,,06-03-2023 00:00:00,06-03-2023 00:00:00,11:06,11:36,48.4498101004721,-8.36093529987181,49.502490104273,-8.38766540008975,18011,614.1751,,,0,FW   ,1,NR,N,NR,NR,D,E,D,Sl,
1150013,750,2023_APEM_POSEIDON_Celtic_S1_T4                   ,2023_APEM_POSEIDON_CelticSea,,26-01-2023 00:00:00,26-01-2023 00:00:00,11:37,12:08,49.5013348,-8.9392077,48.3067917,-8.8958736,18011,614.1751,,,0,FW   ,2,NR,N,NR,NR,D,E,D,Sl,
1149970,749,2023_APEM_POSEIDON_NorthSea_S4_T9                 ,2023_APEM_POSEIDON_NorthSea,,22-08-2023 00:00:00,22-08-2023 00:00:00,10:23,11:15,55.0760470008656,2.99886799979918,55.0985879964867,7.999598687E-06,42050,1408.675,,,0,FW   ,2,L,Sl,NR,NR,D,E,A,N,
1032362,722,C07/07_00316/516533                               ,SCANSII Block J Aerial,1,07-07-2005 00:00:00,,11:09,,58.58504105,-2.99655175,,,0.029988,,98.8,,0,BL,1,NR,M,NR,NR,NR,NR,B,M,Condictions change
1138718,724,B01/06/K14/07_00042/219152                        ,SCANSIII Block B Aerial,1,14-07-2016 00:00:00,,16:10,,47.31684875,-6.06473494,,,0.201,,98,,0,BL,2,NR,M,NR,NR,NR,NR,C,N,Condictions change
1061649,722,A22/07_00385/558532                               ,SCANSII Block O Aerial,1,22-07-2005 00:00:00,,11:45,,52.12824249,-5.64202166,,,0.039644,,103.6,,0,BL,1,NR,N,NR,NR,NR,NR,E,M,Condictions change
1027058,722,C15/07_00343/479741                               ,SCANSII Block J Aerial,1,15-07-2005 00:00:00,,13:17,,60.45015335,-1.53166997,,,0.0110745,,101.2,,0,BL,4,NR,Sl,NR,NR,NR,NR,E,M,Condictions change
1138905,724,B01/07/K14/07_00043/219243                        ,SCANSIII Block B Aerial,1,14-07-2016 00:00:00,,16:19,,47.39988708,-5.95417023,,,0.188,,91.3,,0,BL,2,NR,Sl,NR,NR,NR,NR,C,N,Condictions change
1138906,724,B01/07/K14/07_00043/219244                        ,SCANSIII Block B Aerial,1,14-07-2016 00:00:00,,16:19,,47.39988708,-5.95417023,,,0,,91.3,,0,BL,2,NR,Sl,NR,NR,NR,NR,C,N,Condictions change
960934,718,L02/04/H04/07_00026/105480                        ,SCANSIII Block L Aerial,1,04-07-2016 00:00:00,,13:30,,51.51431274,1.19564664,,,0.203,,99.3,,0,BL,1,NR,M,NR,NR,NR,NR,C,St,Condictions change
1138841,724,B01/07/K14/07_00043/219211                        ,SCANSIII Block B Aerial,1,14-07-2016 00:00:00,,16:17,,47.36011124,-6.00253487,,,0,,92.2,,0,BL,3,NR,M,NR,NR,NR,NR,C,N,Effort beginning
1138852,724,B01/07/K14/07_00043/219222                        ,SCANSIII Block B Aerial,1,14-07-2016 00:00:00,,16:18,,47.37393951,-5.98524189,,,0.186,,90.2,,0,BL,3,NR,M,NR,NR,NR,NR,C,N,Effort beginning
1139271,724,B02/19/K10/07_00039/216432                        ,SCANSIII Block B Aerial,1,10-07-2016 00:00:00,,07:53,,45.52248764,-2.2563417,,,0.192,,93.2,,0,BL,2,NR,M,NR,NR,NR,NR,C,N,Condictions change
1033517,722,B23/07_00400/522544                               ,SCANSII Block O Aerial,1,23-07-2005 00:00:00,,14:10,,52.70318222,-4.62086678,,,0.029547,,97.5,,0,BL,1,NR,Sl,NR,NR,NR,NR,E,M,Condictions change
1063845,722,C22/07_00356/495074                               ,SCANSII Block O Aerial,1,22-07-2005 00:00:00,,12:56,,54.4649086,-5.12678671,,,0.035343,,91.9,,0,BL,3,NR,Sl,NR,NR,NR,NR,E,M,Condictions change
1063617,722,A22/07_00385/558788                               ,SCANSII Block O Aerial,1,22-07-2005 00:00:00,,12:02,,52.32625198,-6.36138821,,,0.021721,,98.5,,0,BL,2,NR,M,NR,NR,NR,NR,E,St,Condictions change
1100210,724,B01/15/K05/07_00017/199604                        ,SCANSIII Block B Aerial,1,05-07-2016 00:00:00,,06:01,,46.17316437,-3.46907663,,,0.205,,100.3,,0,BL,4,NR,Sl,NR,NR,NR,NR,D,N,Return to effort
1083016,722,A16/07_00382/486108                               ,SCANSII Block R Aerial,1,16-07-2005 00:00:00,,14:31,,52.77779388,-10.31752014,,,0.028812,,95.1,,0,BL,1,NR,St,NR,NR,NR,NR,A,M,Condictions change
1089321,722,C04/07_00300/458763                               ,SCANSII Block R Aerial,1,04-07-2005 00:00:00,,11:47,,55.52209473,-6.73930645,,,0.037213,,96.5,,0,BL,1,NR,M,NR,NR,NR,NR,A,M,Return to effort
1149997,749,2023_APEM_POSEIDON_NorthSea_S2_T12                ,2023_APEM_POSEIDON_NorthSea,,27-02-2023 00:00:00,27-02-2023 00:00:00,14:29,14:46,54.6132059962856,-8.000847477E-06,54.6142809984582,0.997975999161261,42050,1408.675,,,0,FW   ,3,L,Sl,NR,NR,C,E,D,M,
1150086,751,2023_2024_APEM_POSEIDON_North_S2_T9               ,2023_2024_APEM_POSEIDON_NorthSea,,19-02-2024 00:00:00,19-02-2024 00:00:00,10:16,11:05,55.0983389967526,6.2999426001E-05,55.0763279992023,2.99894499997534,1492.775,0.09,,,0,FW   ,1,NR,Sl,NR,NR,D,E,A,Sl,
1150094,751,2023_2024_APEM_POSEIDON_North_S2_T5               ,2023_2024_APEM_POSEIDON_NorthSea,,18-02-2024 00:00:00,18-02-2024 00:00:00,11:07,12:20,55.7363429959736,-0.999991000606481,55.7228920011274,2.9977770005684,1492.775,0.09,,,0,FW   ,1,NR,Sl,NR,NR,D,E,D,Sl,
1150141,752,2023-2024_APEM_POSEIDON_SWCelticSea_S1_T8         ,2023-2024_APEM_POSEIDON_SWCelticSea,,21-11-2023 00:00:00,21-11-2023 00:00:00,14:03,14:24,47.488103,-9.928118,48.176327,-9.964405,621.3795,0.09867,,,0,FW   ,3,L,N,NR,NR,D,E,D,M,
1150142,752,2023-2024_APEM_POSEIDON_SWCelticSea_S1_T9         ,2023-2024_APEM_POSEIDON_SWCelticSea,,21-11-2023 00:00:00,21-11-2023 00:00:00,13:35,13:50,48.186546,-10.234149,47.660037,-10.203373,621.3795,0.09867,,,0,FW   ,3,L,N,NR,NR,D,E,D,M,
1150119,752,2023-2024_APEM_POSEIDON_SWCelticSea_S4_T1         ,2023-2024_APEM_POSEIDON_SWCelticSea,,21-08-2024 00:00:00,21-08-2024 00:00:00,09:50,10:23,49.501481,-8.111715,48.534594,-8.092724,621.3795,0.09867,,,0,FW   ,2,L,Sl,NR,NR,C,G,D,N,
1150057,751,2023_2024_APEM_POSEIDON_North_S1_T4               ,2023_2024_APEM_POSEIDON_NorthSea,,15-12-2023 00:00:00,15-12-2023 00:00:00,11:26,12:41,55.8838079962439,2.99838099952721,55.8982809960956,-0.999999000972005,1492.775,0.09,,,0,FW   ,2,NR,Sl,NR,NR,D,E,A,Sl,
1150059,751,2023_2024_APEM_POSEIDON_North_S1_T6               ,2023_2024_APEM_POSEIDON_NorthSea,,15-12-2023 00:00:00,15-12-2023 00:00:00,12:24,13:59,55.5606439983406,2.99937300011716,55.5743919996323,-0.997716000443849,1492.775,0.09,,,0,FW   ,2,NR,Sl,NR,NR,D,E,A,Sl,
1150109,752,2023-2024_APEM_POSEIDON_SWCelticSea_S4_T11        ,2023-2024_APEM_POSEIDON_SWCelticSea,,21-08-2024 00:00:00,21-08-2024 00:00:00,08:58,09:01,48.176494,-10.769783,48.088199,-10.763795,621.3795,0.09867,,,0,FW   ,2,L,N,NR,NR,C,G,D,Sl,
1150058,751,2023_2024_APEM_POSEIDON_North_S1_T5               ,2023_2024_APEM_POSEIDON_NorthSea,,15-12-2023 00:00:00,15-12-2023 00:00:00,11:09,12:17,55.7362759991989,-1.0000100000377,55.7225220038013,2.99777900126899,1492.775,0.09,,,0,FW   ,3,NR,Sl,NR,NR,D,E,A,Sl,
1150048,750,2023_APEM_POSEIDON_Celtic_S1_T7                   ,2023_APEM_POSEIDON_CelticSea,,26-01-2023 00:00:00,26-01-2023 00:00:00,13:12,13:31,47.9112485,-9.683472,48.5009274,-9.7128348,18011,614.1751,,,0,FW   ,3,NR,Sl,NR,NR,D,E,D,Sl,
1150116,752,2023-2024_APEM_POSEIDON_SWCelticSea_S3_T9         ,2023-2024_APEM_POSEIDON_SWCelticSea,,05-06-2024 00:00:00,05-06-2024 00:00:00,09:51,10:06,48.18655,-10.233895,47.660049,-10.202789,621.3795,0.09867,,,0,FW   ,3,L,Sl,NR,NR,D,E,D,Sl,
1150125,752,2023-2024_APEM_POSEIDON_SWCelticSea_S3_T6         ,2023-2024_APEM_POSEIDON_SWCelticSea,,05-06-2024 00:00:00,05-06-2024 00:00:00,10:45,10:56,48.535482,-9.444367,48.153338,-9.427455,621.3795,0.09867,,,0,FW   ,3,L,Sl,NR,NR,D,E,D,Sl,
1150096,751,2023_2024_APEM_POSEIDON_North_S1_T7               ,2023_2024_APEM_POSEIDON_NorthSea,,19-12-2023 00:00:00,19-12-2023 00:00:00,11:32,12:21,55.4216430026859,0.002222999526248,55.3994729969005,2.99854299932973,1492.775,0.09,,,0,FW   ,3,NR,Sl,NR,NR,D,E,A,Sl,
1149842,746,2009_HiDef_UKWide_MM_Z1_P6_C2                     ,2009_HiDef_UKWide_MM,,09-06-2009 00:00:00,10-06-2009 00:00:00,21:41,,58.15891603,-2.501475867,58.0174534,-3.282886556,49.5,49.5,609.6,185,0,FW   ,0,NR,M,NR,NR,NR,G,NR,NR,
1149845,746,2009_HiDef_UKWide_MM_Z1_P7_C2                     ,2009_HiDef_UKWide_MM,,05-08-2009 00:00:00,05-08-2009 00:00:00,22:06,23:40,58.180308,-2.502197,58.250473,-2.842457,49.5,49.5,609.6,185,0,FW   ,0,NR,M,NR,NR,NR,G,NR,NR,
1149852,746,2009_HiDef_UKWide_MM_Z8_P6_C2_E1                  ,2009_HiDef_UKWide_MM,,14-06-2009 00:00:00,14-06-2009 00:00:00,20:23,23:01,51.32500712,-5.029558402,51.47093491,-4.516733082,49.5,49.5,609.6,185,0,FW   ,0,NR,M,NR,NR,NR,G,NR,NR,
1149853,746,2009_HiDef_UKWide_MM_Z8_P6_C1                     ,2009_HiDef_UKWide_MM,,14-06-2009 00:00:00,14-06-2009 00:00:00,20:25,23:01,51.418302,-5.035369884,51.47221219,-4.518188468,49.5,49.5,609.6,185,0,FW   ,0,NR,M,NR,NR,NR,G,NR,NR,
1149854,746,2009_HiDef_UKWide_MM_Z8_P6_C3                     ,2009_HiDef_UKWide_MM,,14-06-2009 00:00:00,14-06-2009 00:00:00,20:24,23:01,51.38029305,-5.031262277,51.47755749,-4.514986045,49.5,49.5,609.6,185,0,FW   ,0,NR,M,NR,NR,NR,G,NR,NR,
1149855,746,2009_HiDef_UKWide_MM_Z8_P6_C4_E1                  ,2009_HiDef_UKWide_MM,,14-06-2009 00:00:00,14-06-2009 00:00:00,20:24,23:01,51.39100755,-5.030118632,51.47519943,-4.513589407,49.5,49.5,609.6,185,0,FW   ,0,NR,M,NR,NR,NR,G,NR,NR,
1150034,750,2023_APEM_POSEIDON_Celtic_S3_T7                   ,2023_APEM_POSEIDON_CelticSea,,21-06-2023 00:00:00,21-06-2023 00:00:00,11:24,11:41,47.9113339978013,-9.68368900032116,48.5009429973102,-9.71274199992019,18011,614.1751,,,0,FW   ,1,NR,N,NR,NR,D,E,B,N,
1149992,749,2023_APEM_POSEIDON_NorthSea_S2_T7                 ,2023_APEM_POSEIDON_NorthSea,,26-02-2023 00:00:00,26-02-2023 00:00:00,10:47,11:37,55.4216418995356,5.4400484082E-05,55.3994361997468,2.99860830006163,42050,1408.675,,,0,FW   ,2,L,Sl,NR,NR,D,E,B,M,
1149998,749,2023_APEM_POSEIDON_NorthSea_S2_T1                 ,2023_APEM_POSEIDON_NorthSea,,26-02-2023 00:00:00,26-02-2023 00:00:00,09:01,10:06,56.3831850029665,-1.0000080005468,56.3687269982885,2.99821800033748,42050,1408.675,,,0,FW   ,3,L,Sl,NR,NR,D,E,B,M,
1150087,751,2023_2024_APEM_POSEIDON_North_S2_T10              ,2023_2024_APEM_POSEIDON_NorthSea,,19-02-2024 00:00:00,19-02-2024 00:00:00,12:59,13:13,54.9373850036166,0.999265000288153,54.9371849964282,0.307835999974647,1492.775,0.09,,,0,FW   ,1,NR,Sl,NR,NR,D,E,N,Sl,
1150088,751,2023_2024_APEM_POSEIDON_North_S2_T11              ,2023_2024_APEM_POSEIDON_NorthSea,,19-02-2024 00:00:00,19-02-2024 00:00:00,12:34,12:50,54.7750890006375,-3.00059321E-06,54.7758380002961,0.999806999634006,1492.775,0.09,,,0,FW   ,1,NR,Sl,NR,NR,D,E,N,Sl,
1150089,751,2023_2024_APEM_POSEIDON_North_S2_T12              ,2023_2024_APEM_POSEIDON_NorthSea,,19-02-2024 00:00:00,19-02-2024 00:00:00,12:07,12:27,54.6141710007979,0.997958000092917,54.6130489980818,-2.7000022322E-05,1492.775,0.09,,,0,FW   ,1,NR,Sl,NR,NR,D,E,N,Sl,
1150030,750,2023_APEM_POSEIDON_Celtic_S3_T3                   ,2023_APEM_POSEIDON_CelticSea,,21-06-2023 00:00:00,21-06-2023 00:00:00,11:17,11:50,48.3743070014394,-8.62864300010054,49.5024300042151,-8.66326300048549,18011,614.1751,,,0,FW   ,1,NR,Sl,NR,NR,D,E,B,Sl,
1150035,750,2023_APEM_POSEIDON_Celtic_S3_T8                   ,2023_APEM_POSEIDON_CelticSea,,21-06-2023 00:00:00,21-06-2023 00:00:00,10:51,11:10,48.1775680023167,-9.96496000041109,47.4880939992033,-9.92828799957092,18011,614.1751,,,0,FW   ,1,NR,Sl,NR,NR,D,E,B,Sl,
1150123,752,2023-2024_APEM_POSEIDON_SWCelticSea_S3_T4         ,2023-2024_APEM_POSEIDON_SWCelticSea,,02-06-2024 00:00:00,02-06-2024 00:00:00,14:35,15:16,48.306781,-8.895681,49.501308,-8.939029,621.3795,0.09867,,,0,FW   ,2,L,N,NR,NR,D,E,N,M,
1150025,750,2023_APEM_POSEIDON_Celtic_S3_T10                  ,2023_APEM_POSEIDON_CelticSea,,21-06-2023 00:00:00,21-06-2023 00:00:00,10:12,10:21,48.1825979976961,-10.5021500002756,47.8560529992233,-10.4810599996558,18011,614.1751,,,0,FW   ,2,NR,Sl,NR,NR,D,E,B,Sl,
1149993,749,2023_APEM_POSEIDON_NorthSea_S2_T8                 ,2023_APEM_POSEIDON_NorthSea,,26-02-2023 00:00:00,26-02-2023 00:00:00,11:44,12:33,55.2377073990669,2.99976359910818,55.2599906037242,6.7499553824E-05,42050,1408.675,,,0,FW   ,1,L,Sl,NR,NR,D,E,B,Sl,
1150132,752,2023-2024_APEM_POSEIDON_SWCelticSea_S3_T1         ,2023-2024_APEM_POSEIDON_SWCelticSea,,05-06-2024 00:00:00,05-06-2024 00:00:00,14:12,14:41,49.500196,-8.112009,48.534592,-8.092484,621.3795,0.09867,,,0,FW   ,2,L,Sl,NR,NR,C,G,B,N,
1145358,730,12_93_1                                           ,SCANSIII Block 12 Double platform,1,07-07-2016 00:00:00,07-07-2016 00:00:00,16:04,16:40,44.99119568,-12.0657568,45.08525467,-12.10224247,,,,,4,FW   ,2,M,N,N,N,D,G,B,NR,
1145264,730,11_560_1                                          ,SCANSIII Block 11 Double platform,1,25-07-2016 00:00:00,25-07-2016 00:00:00,16:59,17:30,44.27286148,-3.962903261,44.19571304,-4.027963161,,,,,4,FW   ,1,L,St,N,N,D,G,B,NR,
1145265,730,11_561_1                                          ,SCANSIII Block 11 Double platform,1,25-07-2016 00:00:00,25-07-2016 00:00:00,17:30,17:55,44.19571304,-4.027963161,44.13315582,-4.078066349,,,,,4,FW   ,1,L,St,N,N,D,G,B,NR,
1146114,730,8_91_1                                            ,SCANSIII Block 8 Double platform,1,01-07-2016 00:00:00,01-07-2016 00:00:00,05:46,06:03,60.00758,-10.4717,59.98665,-10.40972,,,,,4,FW   ,1,L,Sl,N,N,D,G,B,NR,
1145561,730,13_299_1                                          ,SCANSIII Block 13 Double platform,1,15-07-2016 00:00:00,15-07-2016 00:00:00,15:40,16:00,41.95633316,-10.17051506,42.01061249,-10.19462776,,,,,4,FW   ,2,L,Sl,N,N,D,G,N,NR,
1145562,730,13_300_1                                          ,SCANSIII Block 13 Double platform,1,15-07-2016 00:00:00,15-07-2016 00:00:00,16:00,16:30,42.01061249,-10.19462776,42.09097672,-10.22870731,,,,,4,FW   ,2,L,Sl,N,N,D,G,N,NR,
1145556,730,13_291_1                                          ,SCANSIII Block 13 Double platform,1,15-07-2016 00:00:00,15-07-2016 00:00:00,12:31,12:59,41.98205566,-9.998856544,41.9081955,-10.02042103,,,,,4,FW   ,2,L,N,N,N,D,M,N,NR,
1146687,730,9_1039_1                                          ,SCANSIII Block 9 Double platform,1,01-08-2016 00:00:00,01-08-2016 00:00:00,09:15,09:26,46.14916,-7.538826,46.13008,-7.567162,,,,,4,FW   ,3,H,N,F,Sl,D,G,A,NR,
1145210,730,11_514_1                                          ,SCANSIII Block 11 Double platform,1,24-07-2016 00:00:00,24-07-2016 00:00:00,13:00,13:32,43.99992752,-2.297813416,43.9262619,-2.232845068,,,,,4,FW   ,0,N,N,N,N,D,E,A,NR,
1145211,730,11_515_1                                          ,SCANSIII Block 11 Double platform,1,24-07-2016 00:00:00,24-07-2016 00:00:00,13:32,13:53,43.9262619,-2.232845068,43.87641525,-2.189896584,,,,,4,FW   ,0,N,N,N,N,D,E,A,NR,
1145215,730,11_521_1                                          ,SCANSIII Block 11 Double platform,1,24-07-2016 00:00:00,24-07-2016 00:00:00,15:09,15:31,44.01429749,-2.278700113,43.96139145,-2.323931694,,,,,4,FW   ,0,N,N,N,N,D,E,A,NR,
1145216,730,11_522_1                                          ,SCANSIII Block 11 Double platform,1,24-07-2016 00:00:00,24-07-2016 00:00:00,15:31,16:01,43.96139145,-2.323931694,43.89012146,-2.386578321,,,,,4,FW   ,0,N,N,N,N,D,E,A,NR,
1145805,730,8_81_1                                            ,SCANSIII Block 8 Double platform,1,30-06-2016 00:00:00,30-06-2016 00:00:00,17:46,18:00,59.61144,-9.205514,59.58459,-9.226608,,,,,4,FW   ,2,M,M,N,N,D,G,D,NR,
1145368,730,12_387_1                                          ,SCANSIII Block 12 Double platform,1,20-07-2016 00:00:00,20-07-2016 00:00:00,12:30,12:59,44.29760742,-8.12767601,44.21268082,-8.097942352,,,,,4,FW   ,3,L,Sl,N,N,D,M,A,NR,
1145615,730,13_179_1                                          ,SCANSIII Block 13 Double platform,1,10-07-2016 00:00:00,10-07-2016 00:00:00,13:59,14:29,41.90948868,-13.3463316,41.83789825,-13.3093605,,,,,4,FW   ,3,H,Sl,N,N,D,P,A,NR,
1145322,730,12_54_1                                           ,SCANSIII Block 12 Double platform,1,06-07-2016 00:00:00,06-07-2016 00:00:00,13:20,13:45,44.81159592,-11.00804806,44.74132538,-11.02954102,,,,,4,FW   ,3,M,Sl,N,N,D,P,A,NR,
1150032,750,2023_APEM_POSEIDON_Celtic_S3_T5                   ,2023_APEM_POSEIDON_CelticSea,,21-06-2023 00:00:00,21-06-2023 00:00:00,14:59,15:34,49.3596029993735,-9.20858500045201,48.2308500024488,-9.16201100026296,18011,614.1751,,,0,FW   ,1,NR,Sl,NR,NR,D,E,C,Sl,
1150120,752,2023-2024_APEM_POSEIDON_SWCelticSea_S4_T2         ,2023-2024_APEM_POSEIDON_SWCelticSea,,21-08-2024 00:00:00,21-08-2024 00:00:00,09:12,09:43,48.449846,-8.360522,49.501248,-8.387441,621.3795,0.09867,,,0,FW   ,2,L,Sl,NR,NR,C,G,E,N,
1150121,752,2023-2024_APEM_POSEIDON_SWCelticSea_S4_T3         ,2023-2024_APEM_POSEIDON_SWCelticSea,,21-08-2024 00:00:00,21-08-2024 00:00:00,08:14,09:05,49.502435,-8.663517,48.374302,-8.628991,621.3795,0.09867,,,0,FW   ,2,L,Sl,NR,NR,C,G,E,N,
1150127,752,2023-2024_APEM_POSEIDON_SWCelticSea_S3_T8         ,2023-2024_APEM_POSEIDON_SWCelticSea,,02-06-2024 00:00:00,02-06-2024 00:00:00,14:43,15:03,47.48802,-9.928376,48.1775,-9.965128,621.3795,0.09867,,,0,FW   ,2,L,Sl,NR,NR,C,G,C,N,
1149978,749,2023_APEM_POSEIDON_NorthSea_S4_T5                 ,2023_APEM_POSEIDON_NorthSea,,22-08-2023 00:00:00,22-08-2023 00:00:00,09:00,10:03,55.7361120027632,-1.00001800009148,55.7224519996593,2.99782699920149,42050,1408.675,,,0,FW   ,1,L,Sl,NR,NR,D,E,C,Sl,
1150031,750,2023_APEM_POSEIDON_Celtic_S3_T4                   ,2023_APEM_POSEIDON_CelticSea,,21-06-2023 00:00:00,21-06-2023 00:00:00,10:35,11:10,49.501304002096,-8.93904100041504,48.3067880041297,-8.8959489999093,18011,614.1751,,,0,FW   ,2,NR,M,NR,NR,D,E,C,Sl,
1150047,750,2023_APEM_POSEIDON_Celtic_S2_T7                   ,2023_APEM_POSEIDON_CelticSea,,06-03-2023 00:00:00,06-03-2023 00:00:00,12:33,12:50,47.9112660025066,-9.6836440003389,48.5009479983883,-9.71287000055959,18011,614.1751,,,0,FW   ,2,NR,N,NR,NR,D,E,E,Sl,
1150128,752,2023-2024_APEM_POSEIDON_SWCelticSea_S2_T8         ,2023-2024_APEM_POSEIDON_SWCelticSea,,21-03-2024 00:00:00,14-04-2024 00:00:00,13:20,14:10,47.488119,-9.92787,48.006534,-9.955695,621.3795,0.09867,,,0,FW   ,1,L,N,NR,NR,D,E,E,Sl,
1150178,753,2023-2024_APEM_POSEIDON_NorthernIsles_S2_T2       ,2023-2024_APEM_POSEIDON_NorthernIsles,,11-01-2024 00:00:00,11-01-2024 00:00:00,11:53,12:35,60.748356,-2.000021,60.739662,0.997376,738.5148,0.09,,,0,FW   ,2,L,N,NR,NR,D,E,E,Sl,
1150103,752,2023-2024_APEM_POSEIDON_SWCelticSea_S1_T2         ,2023-2024_APEM_POSEIDON_SWCelticSea,,21-11-2023 00:00:00,21-11-2023 00:00:00,14:18,14:57,48.449836,-8.360704,49.501227,-8.387676,621.3795,0.09867,,,0,FW   ,2,L,N,NR,NR,D,E,C,Sl,
1150090,751,2023_2024_APEM_POSEIDON_North_S2_T1               ,2023_2024_APEM_POSEIDON_NorthSea,,18-02-2024 00:00:00,18-02-2024 00:00:00,11:18,12:23,56.3829690005744,-0.999989999237539,56.3687740005188,2.99821699959133,1492.775,0.09,,,0,FW   ,2,NR,Sl,NR,NR,D,E,C,Sl,
1150091,751,2023_2024_APEM_POSEIDON_North_S2_T2               ,2023_2024_APEM_POSEIDON_NorthSea,,18-02-2024 00:00:00,18-02-2024 00:00:00,12:29,13:37,56.2070060031222,2.99973400099554,56.2216459984569,-1.00002199986225,1492.775,0.09,,,0,FW   ,2,NR,Sl,NR,NR,D,E,C,Sl,
1150014,750,2023_APEM_POSEIDON_Celtic_S1_T5                   ,2023_APEM_POSEIDON_CelticSea,,26-01-2023 00:00:00,26-01-2023 00:00:00,13:56,14:34,48.2308463,-9.1617474,49.3596187,-9.2083084,18011,614.1751,,,0,FW   ,3,NR,Sl,NR,NR,D,E,C,Sl,
1150050,750,2023_APEM_POSEIDON_Celtic_S1_T9                   ,2023_APEM_POSEIDON_CelticSea,,26-01-2023 00:00:00,26-01-2023 00:00:00,12:15,12:31,48.1865852,-10.2340678,47.6600653,-10.2030171,18011,614.1751,,,0,FW   ,3,NR,Sl,NR,NR,D,E,C,Sl,
1150006,749,2023_APEM_POSEIDON_NorthSea_S1_T9                 ,2023_APEM_POSEIDON_NorthSea,,20-01-2023 00:00:00,20-01-2023 00:00:00,13:33,14:25,55.098242,0.002226,55.076547,2.998892,42050,1408.675,,,0,FW   ,2,L,Sl,NR,NR,D,E,C,Sl,
1150113,752,2023-2024_APEM_POSEIDON_SWCelticSea_S4_T7         ,2023-2024_APEM_POSEIDON_SWCelticSea,,21-08-2024 00:00:00,21-08-2024 00:00:00,10:32,10:49,47.911256,-9.683469,48.500976,-9.712794,621.3795,0.09867,,,0,FW   ,2,L,Sl,NR,NR,C,G,C,Sl,
978031,718,L01/06/K28/07_00083/246649                        ,SCANSIII Block L Aerial,1,28-07-2016 00:00:00,,07:16,,51.25396347,1.55722499,,,0.2,,97.1,,0,BL,2,NR,Sl,NR,NR,NR,NR,D,M,Condictions change
278544,589,F01/06/I06/07_00032/154468                        ,SCANSIII Block F Aerial,1,06-07-2016 00:00:00,,10:30,,53.62303543,-3.77263165,,,0.235,,114.4,,0,BL,2,NR,N,NR,NR,NR,NR,D,St,Condictions change
539679,610,Q01/04/C04/07_00019/36983                         ,SCANSIII Block Q Aerial,1,04-07-2016 00:00:00,,07:22,,57.30415344,1.39521503,,,0.197,,96.5,,0,BL,2,NR,N,NR,NR,NR,NR,D,M,Condictions change
1032486,722,C07/07_00316/516545                               ,SCANSII Block J Aerial,1,07-07-2005 00:00:00,,11:10,,58.58299637,-2.95654011,,,0.027783,,91.9,,0,BL,1,NR,M,NR,NR,NR,NR,B,M,Condictions change
1045122,722,C26/07_00372/503923                               ,SCANSII Block O Aerial,1,26-07-2005 00:00:00,,14:28,,53.2816658,-5.34402323,,,0.034034,,88.5,,0,BL,3,NR,M,NR,NR,NR,NR,B,M,Condictions change
1048868,722,C26/07_00373/504440                               ,SCANSII Block O Aerial,1,26-07-2005 00:00:00,,15:38,,52.87965393,-5.80037355,,,0.033099,,86,,0,BL,3,NR,M,NR,NR,NR,NR,N,M,Condictions change
1051894,722,C26/07_00373/504666                               ,SCANSII Block O Aerial,1,26-07-2005 00:00:00,,15:59,,52.96853256,-5.34819984,,,0.032538,,84.6,,0,BL,3,NR,M,NR,NR,NR,NR,N,M,Return to effort
962782,718,L02/06/H04/07_00028/106552                        ,SCANSIII Block L Aerial,1,04-07-2016 00:00:00,,14:53,,52.09208298,3.72923827,,,0.203,,99.1,,0,BL,1,NR,Sl,NR,NR,NR,NR,N,N,Effort beginning
963431,718,L02/06/H04/07_00028/106625                        ,SCANSIII Block L Aerial,1,04-07-2016 00:00:00,,14:57,,52.01096725,3.55427837,,,0.205,,99.6,,0,BL,1,NR,Sl,NR,NR,NR,NR,N,N,Effort beginning
1089676,722,C04/07_00301/458846                               ,SCANSII Block R Aerial,1,04-07-2005 00:00:00,,11:55,,55.55911636,-6.92359161,,,0.0182325,,94.7,,0,BL,2,NR,St,NR,NR,NR,NR,N,M,Effort beginning
1032913,722,C07/07_00316/516604                               ,SCANSII Block J Aerial,1,07-07-2005 00:00:00,,11:14,,58.5743866,-2.76407838,,,0.028224,,93.8,,0,BL,2,NR,M,NR,NR,NR,NR,B,M,Condictions change
962183,718,L01/04/K28/07_00085/247679                        ,SCANSIII Block L Aerial,1,28-07-2016 00:00:00,,12:57,,52.22793961,3.10802507,,,0.271,,105.5,,0,BL,2,NR,M,NR,NR,NR,NR,D,N,Condictions change
1136173,724,B01/04/K16/07_00053/225843                        ,SCANSIII Block B Aerial,1,16-07-2016 00:00:00,,08:43,,48.8032341,-5.78124523,,,0,,96.7,,0,BL,0,NR,St,NR,NR,NR,NR,A,N,Condictions change
960122,718,L01/04/K28/07_00085/247266                        ,SCANSIII Block L Aerial,1,28-07-2016 00:00:00,,12:29,,51.9190979,1.94420338,,,0,,113.2,,0,BL,2,NR,M,NR,NR,NR,NR,C,N,Condictions change
978785,718,L01/07/K28/07_00081/245608                        ,SCANSIII Block L Aerial,1,28-07-2016 00:00:00,,06:02,,51.61868668,3.5963583,,,0.116,,112.7,,0,BL,2,NR,N,NR,NR,NR,NR,E,St,Condictions change
1139272,724,B02/19/K10/07_00039/216433                        ,SCANSIII Block B Aerial,1,10-07-2016 00:00:00,,07:53,,45.52248764,-2.2563417,,,0,,93.2,,0,BL,2,NR,M,NR,NR,NR,NR,C,N,Condictions change
1145483,730,13_236_1                                          ,SCANSIII Block 13 Double platform,1,12-07-2016 00:00:00,12-07-2016 00:00:00,12:04,12:30,42.19088364,-11.79452324,42.11904144,-11.76488876,,,,,4,FW   ,3,M,Sl,N,N,D,P,A,NR,
1145484,730,13_237_1                                          ,SCANSIII Block 13 Double platform,1,12-07-2016 00:00:00,12-07-2016 00:00:00,12:30,12:59,42.11904144,-11.76488876,42.04449081,-11.73454762,,,,,4,FW   ,3,M,Sl,N,N,D,P,A,NR,
863744,707,6256-1                                            ,SCANSII Block T Double platform,1,08-07-2005 00:00:00,08-07-2005 00:00:00,16:20,16:33,61.922,2.3944,61.9333,2.3235,,,,,4,FW   ,0,N,Sl,NR,NR,D,G,NR,NR,
864014,707,3020-1                                            ,SCANSII Block Q Single platform,1,29-06-2005 00:00:00,29-06-2005 00:00:00,14:03,14:21,60.3944,-3.6327,60.3475,-3.6216,,,,,4,FW   ,4,L,N,NR,NR,B,P,NR,NR,
863814,707,3338-1                                            ,SCANSII Block Q Single platform,1,10-07-2005 00:00:00,10-07-2005 00:00:00,15:14,15:18,51.9637,-11.7989,51.9549,-11.8058,,,,,4,FW   ,0,L,N,NR,NR,B,E,NR,NR,
863128,707,7355-1                                            ,SCANSII Block P Single platform,1,14-07-2005 00:00:00,14-07-2005 00:00:00,06:13,06:32,50.7845,-11.3206,50.8386,-11.3113,,,,,4,FW   ,0,L,N,NR,NR,A2,G,NR,NR,
865692,707,2438-1                                            ,SCANSII Block W Double platform,1,14-07-2005 00:00:00,14-07-2005 00:00:00,06:16,06:31,42.2036,-9.0445,42.239,-9.0755,,,,,4,FW   ,0,N,N,NR,NR,A2,E,NR,NR,
865928,707,2442-1                                            ,SCANSII Block W Single platform,1,14-07-2005 00:00:00,14-07-2005 00:00:00,07:01,07:31,42.3089,-9.1342,42.3699,-9.1964,,,,,4,FW   ,0,N,N,NR,NR,A2,E,NR,NR,
1147278,733,RA_66_1                                           ,CODA Block 2 Single platform,1,08-07-2007 00:00:00,08-07-2007 00:00:00,06:27,06:56,46.35523,-13.33872,46.42739,-13.30156,,,,,4,FW   ,5,M,M,N,NR,C,M,NR,NR,
1147261,733,RA_67_1                                           ,CODA Block 2 Single platform,1,08-07-2007 00:00:00,08-07-2007 00:00:00,06:56,07:28,46.42739,-13.30156,46.50128,-13.26178,,,,,4,FW   ,5,M,M,N,NR,D,P,NR,NR,
1147258,733,RA_68_1                                           ,CODA Block 2 Single platform,1,08-07-2007 00:00:00,08-07-2007 00:00:00,07:28,07:59,46.50128,-13.26178,46.57236,-13.22531,,,,,4,FW   ,5,M,St,N,NR,NR,M,NR,NR,
1147279,733,RA_69_1                                           ,CODA Block 2 Single platform,1,08-07-2007 00:00:00,08-07-2007 00:00:00,07:59,08:25,46.57236,-13.22531,46.63001,-13.1969,,,,,4,FW   ,4,M,St,N,NR,D,P,NR,NR,
1147815,733,GE_228_1                                          ,CODA Block 2 Double platform,1,25-07-2007 00:00:00,25-07-2007 00:00:00,11:15,11:55,45.49755,-8.394131,45.51894,-8.229537,,,,,4,FW   ,4,L,Sl,N,NR,D,P,NR,NR,
1148204,733,I_230_1                                           ,CODA Block 4 Double platform,1,11-07-2007 00:00:00,11-07-2007 00:00:00,16:05,16:52,45.91442871,-4.207783699,45.82088852,-4.292381763,,,,,4,FW   ,2,L,Sl,N,NR,D,G,NR,NR,
1147256,733,RA_70_1                                           ,CODA Block 2 Single platform,1,08-07-2007 00:00:00,08-07-2007 00:00:00,08:25,08:32,46.63001,-13.1969,46.64571,-13.1882,,,,,4,FW   ,0,NR,NR,N,NR,NR,NR,NR,NR,
1147878,733,RA_20_1                                           ,CODA Block 2 Single platform,1,06-07-2007 00:00:00,06-07-2007 00:00:00,12:40,13:19,45.48563,-11.50485,45.47284,-11.64054,,,,,4,FW   ,0,NR,NR,N,NR,NR,NR,NR,NR,
1145744,730,8_333_1                                           ,SCANSIII Block 8 Double platform,1,06-07-2016 00:00:00,06-07-2016 00:00:00,05:41,06:00,58.16948,-10.85997,58.15033,-10.78731,,,,,4,FW   ,3,N,NR,N,N,D,NR,B,NR,
1145539,730,13_284_1                                          ,SCANSIII Block 13 Double platform,1,15-07-2016 00:00:00,15-07-2016 00:00:00,09:00,09:29,42.54051971,-9.747036934,42.46225739,-9.782589912,,,,,4,FW   ,2,M,M,N,N,D,M,N,NR,
86163,572,Effort701                                         ,11092012CWTScillyCrossingDS1265,1,11-09-2012 00:00:00,11-09-2012 00:00:00,17:24,17:39,49.9798333333333,-6.03741666666667,49.9815166666667,-5.94383333333333,,,13.85,14,1,FW   ,3,L,NR,N,NR,C,NR,E,NR,
87241,572,Effort194                                         ,09082013CWTScillyCrossingDS25,1,09-08-2013 00:00:00,09-08-2013 00:00:00,16:35,16:54,49.9371166666667,-6.28783333333333,49.9448666666667,-6.16986666666667,,,13.85,14,1,FW   ,1,L,NR,N,NR,C,NR,E,NR,
86974,572,Effort1592                                        ,27082009CWTScillyCrossingDS870,1,27-08-2009 00:00:00,27-08-2009 00:00:00,18:02,18:29,49.97545,-5.84073333333333,50.01285,-5.68173333333333,,,13.85,14,1,FW   ,4,L,NR,N,NR,C,NR,D,NR,
1149950,748,2010-2012_NP_Rampion_Z6_May2010_T17               ,2010-2012_NP_Rampion_Z6,,13-05-2010 00:00:00,13-05-2010 00:00:00,13:36,14:22,50.599007,0.031523,50.739502,0.024048,,,,,1,FW   ,2,NR,NR,N,N,C,G,D,NR,
1150368,756,2010_2012_NaREC_Blyth_Site_TD19                   ,April2011_July2012_NaREC_Blyth_Site,1,21-08-2011 00:00:00,21-08-2011 00:00:00,08:29,09:10,55.081,-1.285,55.081,-1.123,,,5,10,2,FW   ,2,L,NR,NR,NR,D,E,NR,NR,
1150247,756,2010_2012_NaREC_Blyth_Site_TA3                    ,July2010_March2011_NaREC_Blyth_Site,1,10-08-2010 00:00:00,10-08-2010 00:00:00,07:50,08:50,55.08514,-1.30083,55.16206,-1.26731,,,5,10,1,FW   ,1,L,NR,NR,NR,D,E,NR,NR,
1150268,756,2010_2012_NaREC_Blyth_Site_TE8                    ,July2010_March2011_NaREC_Blyth_Site,1,07-10-2010 00:00:00,07-10-2010 00:00:00,08:00,08:20,55.07,-1.22215,55.1042,-1.20792,,,5,10,1,FW   ,3,M,NR,NR,NR,D,E,NR,NR,
1150349,756,2010_2012_NaREC_Blyth_Site_TF17                   ,April2011_July2012_NaREC_Blyth_Site,1,03-06-2011 00:00:00,03-06-2011 00:00:00,09:48,10:25,55.102,-1.294,55.102,-1.1296,,,5,10,2,FW   ,2,L,NR,NR,NR,C,G,NR,NR,
1150283,756,2010_2012_NaREC_Blyth_Site_TB10                   ,July2010_March2011_NaREC_Blyth_Site,1,18-12-2010 00:00:00,18-12-2010 00:00:00,14:11,14:44,55.0583,-1.2853,55.0595,-1.1531,,,5,10,1,FW   ,4,L,NR,NR,NR,D,E,NR,NR,
1150218,755,2022_Morlais_SEPT20_T6                            ,2022_2024_BangorUni_Morlais_BoatB,1,20-09-2022 00:00:00,20-09-2022 00:00:00,08:40,10:14,53.35625338,-4.702532,53.23479978,-4.7500817,,,,,4,FW   ,0,L,M,N,NR,NR,NR,NR,NR,
1145597,730,13_238_1                                          ,SCANSIII Block 13 Double platform,1,12-07-2016 00:00:00,12-07-2016 00:00:00,12:59,13:28,42.04449081,-11.73454762,41.96556091,-11.70058346,,,,,4,FW   ,2,L,N,N,N,D,M,B,NR,
1145072,730,11_314_1                                          ,SCANSIII Block 11 Double platform,1,17-07-2016 00:00:00,17-07-2016 00:00:00,12:29,13:00,44.33070374,-7.875933647,44.25637054,-7.811544895,,,,,4,FW   ,5,L,Sl,N,N,D,VP,N,NR,
1145277,730,11_583_1                                          ,SCANSIII Block 11 Double platform,1,26-07-2016 00:00:00,26-07-2016 00:00:00,15:00,15:43,45.15293121,-5.321764946,45.25557327,-5.418236256,,,,,4,FW   ,2,L,Sl,N,N,D,M,B,NR,
1145310,730,12_351_1                                          ,SCANSIII Block 12 Double platform,1,19-07-2016 00:00:00,19-07-2016 00:00:00,09:54,10:28,45.3038559,-8.860732079,45.39448166,-8.828493118,,,,,4,FW   ,4,L,Sl,N,N,D,P,B,NR,
1145541,730,13_297_1                                          ,SCANSIII Block 13 Double platform,1,15-07-2016 00:00:00,15-07-2016 00:00:00,15:00,15:30,41.85103989,-10.12633896,41.93268967,-10.15944576,,,,,4,FW   ,3,M,Sl,N,N,D,P,N,NR,
1145560,730,13_298_1                                          ,SCANSIII Block 13 Double platform,1,15-07-2016 00:00:00,15-07-2016 00:00:00,15:30,15:40,41.93268967,-10.15944576,41.95633316,-10.17051506,,,,,4,FW   ,2,L,Sl,N,N,D,M,N,NR,
1145460,730,12_89_1                                           ,SCANSIII Block 12 Double platform,1,07-07-2016 00:00:00,07-07-2016 00:00:00,13:58,14:27,44.65365219,-11.93064976,44.73271561,-11.96324253,,,,,4,FW   ,1,L,N,N,N,D,G,B,NR,
1145462,730,12_91_1                                           ,SCANSIII Block 12 Double platform,1,07-07-2016 00:00:00,07-07-2016 00:00:00,15:00,15:35,44.81928635,-11.99904156,44.91304398,-12.03519726,,,,,4,FW   ,1,L,N,N,N,D,G,B,NR,
1146549,730,9_984_1                                           ,SCANSIII Block 9 Double platform,1,30-07-2016 00:00:00,30-07-2016 00:00:00,16:15,16:30,45.57952,-6.73625,45.55629,-6.774869,,,,,4,FW   ,2,L,Sl,N,N,D,G,E,NR,
1146241,730,8_528_1                                           ,SCANSIII Block 8 Double platform,1,12-07-2016 00:00:00,12-07-2016 00:00:00,13:14,13:33,56.28135,-10.84437,56.26583,-10.7694,,,,,4,FW   ,4,L,Sl,N,N,D,M,C,NR,
1146059,730,8_123_1                                           ,SCANSIII Block 8 Double platform,1,01-07-2016 00:00:00,01-07-2016 00:00:00,14:47,15:03,59.74663,-11.16282,59.74823,-11.23878,,,,,4,FW   ,2,M,Sl,N,N,D,G,C,NR,
1145159,730,11_412_1                                          ,SCANSIII Block 11 Double platform,1,21-07-2016 00:00:00,21-07-2016 00:00:00,09:30,09:55,45.28564453,-6.754321098,45.34561539,-6.702766895,,,,,4,FW   ,2,L,Sl,N,N,D,G,C,NR,
1145595,730,13_223_1                                          ,SCANSIII Block 13 Double platform,1,12-07-2016 00:00:00,12-07-2016 00:00:00,06:24,07:04,43.10512543,-12.1864357,43.00111389,-12.14186001,,,,,4,FW   ,3,L,St,N,N,D,P,E,NR,
1145469,730,12_107_1                                          ,SCANSIII Block 12 Double platform,1,08-07-2016 00:00:00,08-07-2016 00:00:00,09:29,09:55,45.15380096,-12.51177979,45.08343124,-12.53524208,,,,,4,FW   ,2,L,N,N,N,D,M,E,NR,
1145470,730,12_108_1                                          ,SCANSIII Block 12 Double platform,1,08-07-2016 00:00:00,08-07-2016 00:00:00,09:55,10:25,45.08343124,-12.53524208,45.00651169,-12.55914307,,,,,4,FW   ,2,L,M,N,N,D,M,E,NR,
1145487,730,12_109_1                                          ,SCANSIII Block 12 Double platform,1,08-07-2016 00:00:00,08-07-2016 00:00:00,10:25,10:47,45.00651169,-12.55914307,44.9474678,-12.57713032,,,,,4,FW   ,2,L,N,N,N,D,M,E,NR,
1145500,730,12_123_1                                          ,SCANSIII Block 12 Double platform,1,08-07-2016 00:00:00,08-07-2016 00:00:00,17:58,18:28,43.76704788,-13.02229404,43.68478012,-13.04677963,,,,,4,FW   ,2,L,N,N,N,D,M,E,NR,
1145746,730,8_335_1                                           ,SCANSIII Block 8 Double platform,1,06-07-2016 00:00:00,06-07-2016 00:00:00,06:15,06:31,58.13605,-10.72841,58.12265,-10.67124,,,,,4,FW   ,3,N,N,N,N,D,M,E,NR,
1146824,730,9_1077_1                                          ,SCANSIII Block 9 Single platform,1,03-08-2016 00:00:00,03-08-2016 00:00:00,06:09,06:35,46.34337,-9.078451,46.39921,-9.038074,,,,,4,FW   ,4,M,N,F,St,A2,P,E,NR,
1145825,730,8_85_1                                            ,SCANSIII Block 8 Double platform,1,30-06-2016 00:00:00,30-06-2016 00:00:00,18:31,18:47,59.52803,-9.269758,59.49838,-9.294828,,,,,4,FW   ,2,M,M,N,N,D,G,C,NR,
1150115,752,2023-2024_APEM_POSEIDON_SWCelticSea_S4_T9         ,2023-2024_APEM_POSEIDON_SWCelticSea,,21-08-2024 00:00:00,21-08-2024 00:00:00,09:34,09:49,47.660116,-10.202664,48.186596,-10.233642,621.3795,0.09867,,,0,FW   ,2,L,Sl,NR,NR,C,G,C,Sl,
1150134,752,2023-2024_APEM_POSEIDON_SWCelticSea_S2_T2         ,2023-2024_APEM_POSEIDON_SWCelticSea,,21-03-2024 00:00:00,21-03-2024 00:00:00,14:10,14:51,49.501226,-8.38777,48.456255,-8.361169,621.3795,0.09867,,,0,FW   ,1,L,Sl,NR,NR,C,G,C,N,
1131305,724,B01/03/K16/07_00056/228319                        ,SCANSIII Block B Aerial,1,16-07-2016 00:00:00,,14:45,,49.12024689,-5.86547995,,,0,,92.8,,0,BL,0,NR,M,NR,NR,NR,NR,C,N,Condictions change
1131307,724,B01/03/K16/07_00056/228321                        ,SCANSIII Block B Aerial,1,16-07-2016 00:00:00,,14:45,,49.12285995,-5.86210346,,,0.19,,91.6,,0,BL,0,NR,M,NR,NR,NR,NR,C,N,Condictions change
1131925,724,B01/03/K16/07_00056/228427                        ,SCANSIII Block B Aerial,1,16-07-2016 00:00:00,,14:53,,49.24039841,-5.7072835,,,0.188,,92.4,,0,BL,0,NR,M,NR,NR,NR,NR,C,N,Return to effort
1146021,730,8_76_1                                            ,SCANSIII Block 8 Double platform,1,30-06-2016 00:00:00,30-06-2016 00:00:00,16:20,16:29,59.77155,-9.077256,59.75444,-9.090536,,,,,4,FW   ,3,L,N,R,Sl,D,G,E,NR,
1145803,730,8_72_1                                            ,SCANSIII Block 8 Double platform,1,30-06-2016 00:00:00,30-06-2016 00:00:00,15:19,15:28,59.89086,-8.984017,59.87462,-8.995611,,,,,4,FW   ,2,M,Sl,N,N,D,G,E,NR,
1145851,730,8_34_1                                            ,SCANSIII Block 8 Double platform,1,29-06-2016 00:00:00,29-06-2016 00:00:00,14:59,15:15,59.39817,-7.58142,59.3677,-7.60464,,,,,4,FW   ,2,M,Sl,N,N,D,G,C,NR,
1145227,730,11_555_1                                          ,SCANSIII Block 11 Double platform,1,25-07-2016 00:00:00,25-07-2016 00:00:00,15:00,15:30,44.5556488,-3.712669849,44.48260117,-3.7787714,,,,,4,FW   ,1,N,Sl,N,N,D,G,E,NR,
1145745,730,8_334_1                                           ,SCANSIII Block 8 Double platform,1,06-07-2016 00:00:00,06-07-2016 00:00:00,06:00,06:15,58.15033,-10.78731,58.13605,-10.72841,,,,,4,FW   ,3,N,Sl,N,N,D,M,E,NR,
1145241,730,11_545_1                                          ,SCANSIII Block 11 Double platform,1,25-07-2016 00:00:00,25-07-2016 00:00:00,10:44,10:56,44.59619141,-3.143098354,44.62683105,-3.168250084,,,,,4,FW   ,0,L,N,N,N,D,E,C,NR,
