ID,DateTime,Latitude,Longitude,HaulLat,HaulLon,Stage,Species,Survey,Num. counted,Length,Volume Filter Internal,Volume Filter External,Haul Num.,Sample Num.,Country,Ship,tblCodeID_Stage,tblCodeID_Survey,tblCodeID_Species,Aperture,E/W,FlowMeter Int. Calibration,FlowMeter Revs Int.,FlowMeter Ext. Calibration,FlowMeter Revs Ext.,Water Depth,Max Sampling Depth,Haul Depth,Haul Duration,NoMeas,MeasYolk,TotMeas,Caught,CaugYolk,TotCaug,TotPerm2,AbSmall,AbMedium,AbLarge,AbYolk,Area-code,Period,Sampling Period,Temp max sampler depth,ICES Rec. Code,Agency/Person,Ship/Person,Cruise Number,Original SampleID,Station Number,Series Number,Wire Out,Meta,Primary Reference,Secondary Reference,Num. of Myomeres,Gear Submited,Gear,Net Opening,Wind Dir,Temperature at surface,Temperature at 20m,Temperature at 50m,Temperature at 100m,Sub factor,Salinity,Salinity at 20m,Bottom salinity,DayNight,Statrec,haulval,bycspecreccode,stdspecreccode,speedwater,winddir,windspeed,thermocline,thclinedepth,Gear count,Gear Type,CTD model,Mesh size,Flow meter type,Sub sample instruments,Haul distance,Gear efficiency,Identification,Preservation,Diameter oil globule,Oil globules present,Number oil globules,Notes,DateLastModified,AphiaID,TimeFlag,Institute,Campaign,MeshType,CodendMeshSize,HaulID,ELHaulFLAG,SampleID,netopeningArea,Clogging,FlowEfficiency,HaulDurationMinutes,HaulDurationSeconds,AngleOfWire,LengthOfWire,Flowmetertype,Flowmeterbrand,ELVolFLAG,SdepthMin,BottomTemperature,indiv_seq_no,EggOrLarvae,StageScaleReference,SubsamplingFactor,GearDeployment,tblSampleID
8966031,20-01-2026 00:25:00,57.41009000,11.61492000,,,LV,Clupea harengus,I4537,1,,,,1609787,1817963,SWEDEN,77SE,4458,12366,12105,,,3.33,8034,,,,,,,,,,,,,,,,,,,,,,,,,,,50,,,,,,,MRN2,,,,,,,,,,,,,,,,,,,,,,,,,1600,,,2408,,,,,,,,,126417,,,,,,,,2026SE109,,,,,,,,,,,,,,,,,,1817963
8966032,20-01-2026 00:25:00,57.41009000,11.61492000,,,LV,Clupea harengus,I4537,1,,,,1609787,1817952,SWEDEN,77SE,4458,12366,12105,,,3.33,8034,,,,,,,,,,,,,,,,,,,,,,,,,,,50,,,,,,,MRN2,,,,,,,,,,,,,,,,,,,,,,,,,1600,,,2408,,,,,,,,,126417,,,,,,,,2026SE109,,,,,,,,,,,,,,,,,,1817952
8966033,20-01-2026 00:25:00,57.41009000,11.61492000,,,LV,Clupea harengus,I4537,1,,,,1609787,1817953,SWEDEN,77SE,4458,12366,12105,,,3.33,8034,,,,,,,,,,,,,,,,,,,,,,,,,,,50,,,,,,,MRN2,,,,,,,,,,,,,,,,,,,,,,,,,1600,,,2408,,,,,,,,,126417,,,,,,,,2026SE109,,,,,,,,,,,,,,,,,,1817953
8966034,20-01-2026 00:25:00,57.41009000,11.61492000,,,LV,Clupea harengus,I4537,1,,,,1609787,1817954,SWEDEN,77SE,4458,12366,12105,,,3.33,8034,,,,,,,,,,,,,,,,,,,,,,,,,,,50,,,,,,,MRN2,,,,,,,,,,,,,,,,,,,,,,,,,1600,,,2408,,,,,,,,,126417,,,,,,,,2026SE109,,,,,,,,,,,,,,,,,,1817954
8966035,20-01-2026 00:25:00,57.41009000,11.61492000,,,LV,Clupea harengus,I4537,2,,,,1609787,1817955,SWEDEN,77SE,4458,12366,12105,,,3.33,8034,,,,,,,,,,,,,,,,,,,,,,,,,,,50,,,,,,,MRN2,,,,,,,,,,,,,,,,,,,,,,,,,1600,,,2408,,,,,,,,,126417,,,,,,,,2026SE109,,,,,,,,,,,,,,,,,,1817955
8966036,20-01-2026 00:25:00,57.41009000,11.61492000,,,LV,Clupea harengus,I4537,1,,,,1609787,1817956,SWEDEN,77SE,4458,12366,12105,,,3.33,8034,,,,,,,,,,,,,,,,,,,,,,,,,,,50,,,,,,,MRN2,,,,,,,,,,,,,,,,,,,,,,,,,1600,,,2408,,,,,,,,,126417,,,,,,,,2026SE109,,,,,,,,,,,,,,,,,,1817956
8966038,20-01-2026 02:28:00,57.34095000,11.28049000,,,LV,Clupea harengus,I4537,2,,,,1609788,1817957,SWEDEN,77SE,4458,12366,12105,,,3.33,6231,,,,,,,,,,,,,,,,,,,,,,,,,,,51,,,,,,,MRN2,,,,,,,,,,,,,,,,,,,,,,,,,1600,,,2111,,,,,,,,,126417,,,,,,,,2026SE110,,,,,,,,,,,,,,,,,,1817957
8966039,20-01-2026 02:28:00,57.34095000,11.28049000,,,LV,Clupea harengus,I4537,1,,,,1609788,1817946,SWEDEN,77SE,4458,12366,12105,,,3.33,6231,,,,,,,,,,,,,,,,,,,,,,,,,,,51,,,,,,,MRN2,,,,,,,,,,,,,,,,,,,,,,,,,1600,,,2111,,,,,,,,,126417,,,,,,,,2026SE110,,,,,,,,,,,,,,,,,,1817946
8966040,20-01-2026 02:28:00,57.34095000,11.28049000,,,LV,Clupea harengus,I4537,3,,,,1609788,1817947,SWEDEN,77SE,4458,12366,12105,,,3.33,6231,,,,,,,,,,,,,,,,,,,,,,,,,,,51,,,,,,,MRN2,,,,,,,,,,,,,,,,,,,,,,,,,1600,,,2111,,,,,,,,,126417,,,,,,,,2026SE110,,,,,,,,,,,,,,,,,,1817947
8966041,20-01-2026 02:28:00,57.34095000,11.28049000,,,LV,Clupea harengus,I4537,1,,,,1609788,1817948,SWEDEN,77SE,4458,12366,12105,,,3.33,6231,,,,,,,,,,,,,,,,,,,,,,,,,,,51,,,,,,,MRN2,,,,,,,,,,,,,,,,,,,,,,,,,1600,,,2111,,,,,,,,,126417,,,,,,,,2026SE110,,,,,,,,,,,,,,,,,,1817948
8966042,20-01-2026 02:28:00,57.34095000,11.28049000,,,LV,Clupea harengus,I4537,2,,,,1609788,1817949,SWEDEN,77SE,4458,12366,12105,,,3.33,6231,,,,,,,,,,,,,,,,,,,,,,,,,,,51,,,,,,,MRN2,,,,,,,,,,,,,,,,,,,,,,,,,1600,,,2111,,,,,,,,,126417,,,,,,,,2026SE110,,,,,,,,,,,,,,,,,,1817949
8966043,20-01-2026 02:28:00,57.34095000,11.28049000,,,LV,Clupea harengus,I4537,1,,,,1609788,1817950,SWEDEN,77SE,4458,12366,12105,,,3.33,6231,,,,,,,,,,,,,,,,,,,,,,,,,,,51,,,,,,,MRN2,,,,,,,,,,,,,,,,,,,,,,,,,1600,,,2111,,,,,,,,,126417,,,,,,,,2026SE110,,,,,,,,,,,,,,,,,,1817950
8966044,20-01-2026 02:28:00,57.34095000,11.28049000,,,LV,Clupea harengus,I4537,1,,,,1609788,1817951,SWEDEN,77SE,4458,12366,12105,,,3.33,6231,,,,,,,,,,,,,,,,,,,,,,,,,,,51,,,,,,,MRN2,,,,,,,,,,,,,,,,,,,,,,,,,1600,,,2111,,,,,,,,,126417,,,,,,,,2026SE110,,,,,,,,,,,,,,,,,,1817951
8966046,20-01-2026 17:09:00,56.84550000,11.73407000,,,LV,Clupea harengus,I4537,2,,,,1609789,1817940,SWEDEN,77SE,4458,12366,12105,,,3.33,6356,,,,,,,,,,,,,,,,,,,,,,,,,,,56,,,,,,,MRN2,,,,,,,,,,,,,,,,,,,,,,,,,1600,,,1833,,,,,,,,,126417,,,,,,,,2026SE111,,,,,,,,,,,,,,,,,,1817940
8966047,20-01-2026 17:09:00,56.84550000,11.73407000,,,LV,Clupea harengus,I4537,2,,,,1609789,1817941,SWEDEN,77SE,4458,12366,12105,,,3.33,6356,,,,,,,,,,,,,,,,,,,,,,,,,,,56,,,,,,,MRN2,,,,,,,,,,,,,,,,,,,,,,,,,1600,,,1833,,,,,,,,,126417,,,,,,,,2026SE111,,,,,,,,,,,,,,,,,,1817941
8966048,20-01-2026 17:09:00,56.84550000,11.73407000,,,LV,Clupea harengus,I4537,2,,,,1609789,1817942,SWEDEN,77SE,4458,12366,12105,,,3.33,6356,,,,,,,,,,,,,,,,,,,,,,,,,,,56,,,,,,,MRN2,,,,,,,,,,,,,,,,,,,,,,,,,1600,,,1833,,,,,,,,,126417,,,,,,,,2026SE111,,,,,,,,,,,,,,,,,,1817942
8966049,20-01-2026 17:09:00,56.84550000,11.73407000,,,LV,Clupea harengus,I4537,1,,,,1609789,1817943,SWEDEN,77SE,4458,12366,12105,,,3.33,6356,,,,,,,,,,,,,,,,,,,,,,,,,,,56,,,,,,,MRN2,,,,,,,,,,,,,,,,,,,,,,,,,1600,,,1833,,,,,,,,,126417,,,,,,,,2026SE111,,,,,,,,,,,,,,,,,,1817943
8966050,20-01-2026 17:09:00,56.84550000,11.73407000,,,LV,Clupea harengus,I4537,1,,,,1609789,1817944,SWEDEN,77SE,4458,12366,12105,,,3.33,6356,,,,,,,,,,,,,,,,,,,,,,,,,,,56,,,,,,,MRN2,,,,,,,,,,,,,,,,,,,,,,,,,1600,,,1833,,,,,,,,,126417,,,,,,,,2026SE111,,,,,,,,,,,,,,,,,,1817944
8966052,20-01-2026 19:56:00,56.58224000,11.58166000,,,LV,Clupea harengus,I4537,1,,,,1609790,1817945,SWEDEN,77SE,4458,12366,12105,,,3.33,5499,,,,,,,,,,,,,,,,,,,,,,,,,,,57,,,,,,,MRN2,,,,,,,,,,,,,,,,,,,,,,,,,1600,,,1556,,,,,,,,,126417,,,,,,,,2026SE112,,,,,,,,,,,,,,,,,,1817945
8966053,20-01-2026 19:56:00,56.58224000,11.58166000,,,LV,Clupea harengus,I4537,2,,,,1609790,1817934,SWEDEN,77SE,4458,12366,12105,,,3.33,5499,,,,,,,,,,,,,,,,,,,,,,,,,,,57,,,,,,,MRN2,,,,,,,,,,,,,,,,,,,,,,,,,1600,,,1556,,,,,,,,,126417,,,,,,,,2026SE112,,,,,,,,,,,,,,,,,,1817934
8966054,20-01-2026 19:56:00,56.58224000,11.58166000,,,LV,Clupea harengus,I4537,1,,,,1609790,1817935,SWEDEN,77SE,4458,12366,12105,,,3.33,5499,,,,,,,,,,,,,,,,,,,,,,,,,,,57,,,,,,,MRN2,,,,,,,,,,,,,,,,,,,,,,,,,1600,,,1556,,,,,,,,,126417,,,,,,,,2026SE112,,,,,,,,,,,,,,,,,,1817935
8966055,20-01-2026 19:56:00,56.58224000,11.58166000,,,LV,Clupea harengus,I4537,2,,,,1609790,1817936,SWEDEN,77SE,4458,12366,12105,,,3.33,5499,,,,,,,,,,,,,,,,,,,,,,,,,,,57,,,,,,,MRN2,,,,,,,,,,,,,,,,,,,,,,,,,1600,,,1556,,,,,,,,,126417,,,,,,,,2026SE112,,,,,,,,,,,,,,,,,,1817936
8966056,20-01-2026 19:56:00,56.58224000,11.58166000,,,LV,Clupea harengus,I4537,1,,,,1609790,1817937,SWEDEN,77SE,4458,12366,12105,,,3.33,5499,,,,,,,,,,,,,,,,,,,,,,,,,,,57,,,,,,,MRN2,,,,,,,,,,,,,,,,,,,,,,,,,1600,,,1556,,,,,,,,,126417,,,,,,,,2026SE112,,,,,,,,,,,,,,,,,,1817937
8966057,20-01-2026 19:56:00,56.58224000,11.58166000,,,LV,Clupea harengus,I4537,2,,,,1609790,1817938,SWEDEN,77SE,4458,12366,12105,,,3.33,5499,,,,,,,,,,,,,,,,,,,,,,,,,,,57,,,,,,,MRN2,,,,,,,,,,,,,,,,,,,,,,,,,1600,,,1556,,,,,,,,,126417,,,,,,,,2026SE112,,,,,,,,,,,,,,,,,,1817938
8966058,20-01-2026 21:35:00,56.41845000,11.67970000,,,LV,Clupea harengus,I4537,1,,,,1609791,1817939,SWEDEN,77SE,4458,12366,12105,,,3.33,4514,,,,,,,,,,,,,,,,,,,,,,,,,,,58,,,,,,,MRN2,,,,,,,,,,,,,,,,,,,,,,,,,1600,,,1333,,,,,,,,,126417,,,,,,,,2026SE113,,,,,,,,,,,,,,,,,,1817939
8966059,21-01-2026 00:12:00,56.27520000,11.16096000,,,LV,Clupea harengus,I4537,1,,,,1609793,1817928,SWEDEN,77SE,4458,12366,12105,,,3.33,3486,,,,,,,,,,,,,,,,,,,,,,,,,,,60,,,,,,,MRN2,,,,,,,,,,,,,,,,,,,,,,,,,1600,,,982,,,,,,,,,126417,,,,,,,,2026SE115,,,,,,,,,,,,,,,,,,1817928
8966060,21-01-2026 00:12:00,56.27520000,11.16096000,,,LV,Clupea harengus,I4537,1,,,,1609793,1817929,SWEDEN,77SE,4458,12366,12105,,,3.33,3486,,,,,,,,,,,,,,,,,,,,,,,,,,,60,,,,,,,MRN2,,,,,,,,,,,,,,,,,,,,,,,,,1600,,,982,,,,,,,,,126417,,,,,,,,2026SE115,,,,,,,,,,,,,,,,,,1817929
8966061,21-01-2026 00:12:00,56.27520000,11.16096000,,,LV,Clupea harengus,I4537,1,,,,1609793,1817930,SWEDEN,77SE,4458,12366,12105,,,3.33,3486,,,,,,,,,,,,,,,,,,,,,,,,,,,60,,,,,,,MRN2,,,,,,,,,,,,,,,,,,,,,,,,,1600,,,982,,,,,,,,,126417,,,,,,,,2026SE115,,,,,,,,,,,,,,,,,,1817930
8966062,21-01-2026 01:39:00,56.15716000,10.93765000,,,LV,Clupea harengus,I4537,1,,,,1609794,1817931,SWEDEN,77SE,4458,12366,12105,,,3.33,3481,,,,,,,,,,,,,,,,,,,,,,,,,,,61,,,,,,,MRN2,,,,,,,,,,,,,,,,,,,,,,,,,1600,,,1222,,,,,,,,,126417,,,,,,,,2026SE116,,,,,,,,,,,,,,,,,,1817931
8966063,21-01-2026 01:39:00,56.15716000,10.93765000,,,LV,Clupea harengus,I4537,1,,,,1609794,1817932,SWEDEN,77SE,4458,12366,12105,,,3.33,3481,,,,,,,,,,,,,,,,,,,,,,,,,,,61,,,,,,,MRN2,,,,,,,,,,,,,,,,,,,,,,,,,1600,,,1222,,,,,,,,,126417,,,,,,,,2026SE116,,,,,,,,,,,,,,,,,,1817932
8966064,21-01-2026 01:39:00,56.15716000,10.93765000,,,LV,Clupea harengus,I4537,1,,,,1609794,1817933,SWEDEN,77SE,4458,12366,12105,,,3.33,3481,,,,,,,,,,,,,,,,,,,,,,,,,,,61,,,,,,,MRN2,,,,,,,,,,,,,,,,,,,,,,,,,1600,,,1222,,,,,,,,,126417,,,,,,,,2026SE116,,,,,,,,,,,,,,,,,,1817933
8966065,21-01-2026 01:39:00,56.15716000,10.93765000,,,LV,Clupea harengus,I4537,1,,,,1609794,1817922,SWEDEN,77SE,4458,12366,12105,,,3.33,3481,,,,,,,,,,,,,,,,,,,,,,,,,,,61,,,,,,,MRN2,,,,,,,,,,,,,,,,,,,,,,,,,1600,,,1222,,,,,,,,,126417,,,,,,,,2026SE116,,,,,,,,,,,,,,,,,,1817922
8966066,21-01-2026 01:39:00,56.15716000,10.93765000,,,LV,Clupea harengus,I4537,1,,,,1609794,1817923,SWEDEN,77SE,4458,12366,12105,,,3.33,3481,,,,,,,,,,,,,,,,,,,,,,,,,,,61,,,,,,,MRN2,,,,,,,,,,,,,,,,,,,,,,,,,1600,,,1222,,,,,,,,,126417,,,,,,,,2026SE116,,,,,,,,,,,,,,,,,,1817923
8966068,21-01-2026 17:08:00,56.31200000,12.42215000,,,LV,Clupea harengus,I4537,1,,,,1609795,1817924,SWEDEN,77SE,4458,12366,12105,,,3.33,5325,,,,,,,,,,,,,,,,,,,,,,,,,,,65,,,,,,,MRN2,,,,,,,,,,,,,,,,,,,,,,,,,1600,,,1500,,,,,,,,,126417,,,,,,,,2026SE117,,,,,,,,,,,,,,,,,,1817924
8966069,21-01-2026 17:08:00,56.31200000,12.42215000,,,LV,Clupea harengus,I4537,1,,,,1609795,1817925,SWEDEN,77SE,4458,12366,12105,,,3.33,5325,,,,,,,,,,,,,,,,,,,,,,,,,,,65,,,,,,,MRN2,,,,,,,,,,,,,,,,,,,,,,,,,1600,,,1500,,,,,,,,,126417,,,,,,,,2026SE117,,,,,,,,,,,,,,,,,,1817925
8966070,21-01-2026 17:08:00,56.31200000,12.42215000,,,LV,Clupea harengus,I4537,1,,,,1609795,1817926,SWEDEN,77SE,4458,12366,12105,,,3.33,5325,,,,,,,,,,,,,,,,,,,,,,,,,,,65,,,,,,,MRN2,,,,,,,,,,,,,,,,,,,,,,,,,1600,,,1500,,,,,,,,,126417,,,,,,,,2026SE117,,,,,,,,,,,,,,,,,,1817926
8966072,21-01-2026 18:34:00,56.43694000,12.38220000,,,LV,Clupea harengus,I4537,1,,,,1609796,1817927,SWEDEN,77SE,4458,12366,12105,,,3.33,3506,,,,,,,,,,,,,,,,,,,,,,,,,,,66,,,,,,,MRN2,,,,,,,,,,,,,,,,,,,,,,,,,1600,,,815,,,,,,,,,126417,,,,,,,,2026SE118,,,,,,,,,,,,,,,,,,1817927
8966073,21-01-2026 18:34:00,56.43694000,12.38220000,,,LV,Clupea harengus,I4537,1,,,,1609796,1817916,SWEDEN,77SE,4458,12366,12105,,,3.33,3506,,,,,,,,,,,,,,,,,,,,,,,,,,,66,,,,,,,MRN2,,,,,,,,,,,,,,,,,,,,,,,,,1600,,,815,,,,,,,,,126417,,,,,,,,2026SE118,,,,,,,,,,,,,,,,,,1817916
8966074,21-01-2026 18:34:00,56.43694000,12.38220000,,,LV,Clupea harengus,I4537,1,,,,1609796,1817917,SWEDEN,77SE,4458,12366,12105,,,3.33,3506,,,,,,,,,,,,,,,,,,,,,,,,,,,66,,,,,,,MRN2,,,,,,,,,,,,,,,,,,,,,,,,,1600,,,815,,,,,,,,,126417,,,,,,,,2026SE118,,,,,,,,,,,,,,,,,,1817917
8966075,21-01-2026 20:01:00,56.58502000,12.42913000,,,LV,Clupea harengus,I4537,2,,,,1609797,1817918,SWEDEN,77SE,4458,12366,12105,,,3.33,4166,,,,,,,,,,,,,,,,,,,,,,,,,,,67,,,,,,,MRN2,,,,,,,,,,,,,,,,,,,,,,,,,1600,,,1019,,,,,,,,,126417,,,,,,,,2026SE119,,,,,,,,,,,,,,,,,,1817918
8966076,21-01-2026 20:01:00,56.58502000,12.42913000,,,LV,Clupea harengus,I4537,1,,,,1609797,1817919,SWEDEN,77SE,4458,12366,12105,,,3.33,4166,,,,,,,,,,,,,,,,,,,,,,,,,,,67,,,,,,,MRN2,,,,,,,,,,,,,,,,,,,,,,,,,1600,,,1019,,,,,,,,,126417,,,,,,,,2026SE119,,,,,,,,,,,,,,,,,,1817919
8966077,21-01-2026 20:01:00,56.58502000,12.42913000,,,LV,Clupea harengus,I4537,1,,,,1609797,1817920,SWEDEN,77SE,4458,12366,12105,,,3.33,4166,,,,,,,,,,,,,,,,,,,,,,,,,,,67,,,,,,,MRN2,,,,,,,,,,,,,,,,,,,,,,,,,1600,,,1019,,,,,,,,,126417,,,,,,,,2026SE119,,,,,,,,,,,,,,,,,,1817920
8966078,21-01-2026 21:29:00,56.71458000,12.27782000,,,LV,Clupea harengus,I4537,1,,,,1609798,1817921,SWEDEN,77SE,4458,12366,12105,,,3.33,3757,,,,,,,,,,,,,,,,,,,,,,,,,,,68,,,,,,,MRN2,,,,,,,,,,,,,,,,,,,,,,,,,1600,,,982,,,,,,,,,126417,,,,,,,,2026SE120,,,,,,,,,,,,,,,,,,1817921
8966079,21-01-2026 23:43:00,56.60772000,11.84307000,,,LV,Clupea harengus,I4537,2,,,,1609799,1817910,SWEDEN,77SE,4458,12366,12105,,,3.33,4720,,,,,,,,,,,,,,,,,,,,,,,,,,,69,,,,,,,MRN2,,,,,,,,,,,,,,,,,,,,,,,,,1600,,,1333,,,,,,,,,126417,,,,,,,,2026SE121,,,,,,,,,,,,,,,,,,1817910
8966080,21-01-2026 23:43:00,56.60772000,11.84307000,,,LV,Clupea harengus,I4537,1,,,,1609799,1817911,SWEDEN,77SE,4458,12366,12105,,,3.33,4720,,,,,,,,,,,,,,,,,,,,,,,,,,,69,,,,,,,MRN2,,,,,,,,,,,,,,,,,,,,,,,,,1600,,,1333,,,,,,,,,126417,,,,,,,,2026SE121,,,,,,,,,,,,,,,,,,1817911
8966081,21-01-2026 23:43:00,56.60772000,11.84307000,,,LV,Clupea harengus,I4537,2,,,,1609799,1817912,SWEDEN,77SE,4458,12366,12105,,,3.33,4720,,,,,,,,,,,,,,,,,,,,,,,,,,,69,,,,,,,MRN2,,,,,,,,,,,,,,,,,,,,,,,,,1600,,,1333,,,,,,,,,126417,,,,,,,,2026SE121,,,,,,,,,,,,,,,,,,1817912
8966082,21-01-2026 23:43:00,56.60772000,11.84307000,,,LV,Clupea harengus,I4537,1,,,,1609799,1817913,SWEDEN,77SE,4458,12366,12105,,,3.33,4720,,,,,,,,,,,,,,,,,,,,,,,,,,,69,,,,,,,MRN2,,,,,,,,,,,,,,,,,,,,,,,,,1600,,,1333,,,,,,,,,126417,,,,,,,,2026SE121,,,,,,,,,,,,,,,,,,1817913
8966083,21-01-2026 23:43:00,56.60772000,11.84307000,,,LV,Clupea harengus,I4537,3,,,,1609799,1817914,SWEDEN,77SE,4458,12366,12105,,,3.33,4720,,,,,,,,,,,,,,,,,,,,,,,,,,,69,,,,,,,MRN2,,,,,,,,,,,,,,,,,,,,,,,,,1600,,,1333,,,,,,,,,126417,,,,,,,,2026SE121,,,,,,,,,,,,,,,,,,1817914
8966084,21-01-2026 23:43:00,56.60772000,11.84307000,,,LV,Clupea harengus,I4537,1,,,,1609799,1817915,SWEDEN,77SE,4458,12366,12105,,,3.33,4720,,,,,,,,,,,,,,,,,,,,,,,,,,,69,,,,,,,MRN2,,,,,,,,,,,,,,,,,,,,,,,,,1600,,,1333,,,,,,,,,126417,,,,,,,,2026SE121,,,,,,,,,,,,,,,,,,1817915
8966085,21-01-2026 23:43:00,56.60772000,11.84307000,,,LV,Clupea harengus,I4537,2,,,,1609799,1817904,SWEDEN,77SE,4458,12366,12105,,,3.33,4720,,,,,,,,,,,,,,,,,,,,,,,,,,,69,,,,,,,MRN2,,,,,,,,,,,,,,,,,,,,,,,,,1600,,,1333,,,,,,,,,126417,,,,,,,,2026SE121,,,,,,,,,,,,,,,,,,1817904
8966086,21-01-2026 23:43:00,56.60772000,11.84307000,,,LV,Clupea harengus,I4537,2,,,,1609799,1817905,SWEDEN,77SE,4458,12366,12105,,,3.33,4720,,,,,,,,,,,,,,,,,,,,,,,,,,,69,,,,,,,MRN2,,,,,,,,,,,,,,,,,,,,,,,,,1600,,,1333,,,,,,,,,126417,,,,,,,,2026SE121,,,,,,,,,,,,,,,,,,1817905
8966087,21-01-2026 23:43:00,56.60772000,11.84307000,,,LV,Clupea harengus,I4537,3,,,,1609799,1817906,SWEDEN,77SE,4458,12366,12105,,,3.33,4720,,,,,,,,,,,,,,,,,,,,,,,,,,,69,,,,,,,MRN2,,,,,,,,,,,,,,,,,,,,,,,,,1600,,,1333,,,,,,,,,126417,,,,,,,,2026SE121,,,,,,,,,,,,,,,,,,1817906
8966088,21-01-2026 23:43:00,56.60772000,11.84307000,,,LV,Clupea harengus,I4537,1,,,,1609799,1817907,SWEDEN,77SE,4458,12366,12105,,,3.33,4720,,,,,,,,,,,,,,,,,,,,,,,,,,,69,,,,,,,MRN2,,,,,,,,,,,,,,,,,,,,,,,,,1600,,,1333,,,,,,,,,126417,,,,,,,,2026SE121,,,,,,,,,,,,,,,,,,1817907
8966090,22-01-2026 01:39:00,56.40981000,11.83285000,,,LV,Clupea harengus,I4537,1,,,,1609800,1817908,SWEDEN,77SE,4458,12366,12105,,,3.33,4069,,,,,,,,,,,,,,,,,,,,,,,,,,,70,,,,,,,MRN2,,,,,,,,,,,,,,,,,,,,,,,,,1600,,,1111,,,,,,,,,126417,,,,,,,,2026SE122,,,,,,,,,,,,,,,,,,1817908
8966091,22-01-2026 01:39:00,56.40981000,11.83285000,,,LV,Clupea harengus,I4537,2,,,,1609800,1817909,SWEDEN,77SE,4458,12366,12105,,,3.33,4069,,,,,,,,,,,,,,,,,,,,,,,,,,,70,,,,,,,MRN2,,,,,,,,,,,,,,,,,,,,,,,,,1600,,,1111,,,,,,,,,126417,,,,,,,,2026SE122,,,,,,,,,,,,,,,,,,1817909
8966092,22-01-2026 01:39:00,56.40981000,11.83285000,,,LV,Clupea harengus,I4537,2,,,,1609800,1817898,SWEDEN,77SE,4458,12366,12105,,,3.33,4069,,,,,,,,,,,,,,,,,,,,,,,,,,,70,,,,,,,MRN2,,,,,,,,,,,,,,,,,,,,,,,,,1600,,,1111,,,,,,,,,126417,,,,,,,,2026SE122,,,,,,,,,,,,,,,,,,1817898
8966093,22-01-2026 01:39:00,56.40981000,11.83285000,,,LV,Clupea harengus,I4537,2,,,,1609800,1817899,SWEDEN,77SE,4458,12366,12105,,,3.33,4069,,,,,,,,,,,,,,,,,,,,,,,,,,,70,,,,,,,MRN2,,,,,,,,,,,,,,,,,,,,,,,,,1600,,,1111,,,,,,,,,126417,,,,,,,,2026SE122,,,,,,,,,,,,,,,,,,1817899
8966094,22-01-2026 01:39:00,56.40981000,11.83285000,,,LV,Clupea harengus,I4537,2,,,,1609800,1817900,SWEDEN,77SE,4458,12366,12105,,,3.33,4069,,,,,,,,,,,,,,,,,,,,,,,,,,,70,,,,,,,MRN2,,,,,,,,,,,,,,,,,,,,,,,,,1600,,,1111,,,,,,,,,126417,,,,,,,,2026SE122,,,,,,,,,,,,,,,,,,1817900
8966095,22-01-2026 01:39:00,56.40981000,11.83285000,,,LV,Clupea harengus,I4537,3,,,,1609800,1817901,SWEDEN,77SE,4458,12366,12105,,,3.33,4069,,,,,,,,,,,,,,,,,,,,,,,,,,,70,,,,,,,MRN2,,,,,,,,,,,,,,,,,,,,,,,,,1600,,,1111,,,,,,,,,126417,,,,,,,,2026SE122,,,,,,,,,,,,,,,,,,1817901
8966096,22-01-2026 01:39:00,56.40981000,11.83285000,,,LV,Clupea harengus,I4537,2,,,,1609800,1817902,SWEDEN,77SE,4458,12366,12105,,,3.33,4069,,,,,,,,,,,,,,,,,,,,,,,,,,,70,,,,,,,MRN2,,,,,,,,,,,,,,,,,,,,,,,,,1600,,,1111,,,,,,,,,126417,,,,,,,,2026SE122,,,,,,,,,,,,,,,,,,1817902
8966097,22-01-2026 19:48:00,56.89505000,11.90948000,,,LV,Clupea harengus,I4537,1,,,,1609801,1817903,SWEDEN,77SE,4458,12366,12105,,,3.33,4443,,,,,,,,,,,,,,,,,,,,,,,,,,,77,,,,,,,MRN2,,,,,,,,,,,,,,,,,,,,,,,,,1600,,,982,,,,,,,,,126417,,,,,,,,2026SE123,,,,,,,,,,,,,,,,,,1817903
8966098,22-01-2026 19:48:00,56.89505000,11.90948000,,,LV,Clupea harengus,I4537,1,,,,1609801,1817892,SWEDEN,77SE,4458,12366,12105,,,3.33,4443,,,,,,,,,,,,,,,,,,,,,,,,,,,77,,,,,,,MRN2,,,,,,,,,,,,,,,,,,,,,,,,,1600,,,982,,,,,,,,,126417,,,,,,,,2026SE123,,,,,,,,,,,,,,,,,,1817892
8966099,22-01-2026 19:48:00,56.89505000,11.90948000,,,LV,Clupea harengus,I4537,1,,,,1609801,1817893,SWEDEN,77SE,4458,12366,12105,,,3.33,4443,,,,,,,,,,,,,,,,,,,,,,,,,,,77,,,,,,,MRN2,,,,,,,,,,,,,,,,,,,,,,,,,1600,,,982,,,,,,,,,126417,,,,,,,,2026SE123,,,,,,,,,,,,,,,,,,1817893
8966100,22-01-2026 19:48:00,56.89505000,11.90948000,,,LV,Clupea harengus,I4537,2,,,,1609801,1817894,SWEDEN,77SE,4458,12366,12105,,,3.33,4443,,,,,,,,,,,,,,,,,,,,,,,,,,,77,,,,,,,MRN2,,,,,,,,,,,,,,,,,,,,,,,,,1600,,,982,,,,,,,,,126417,,,,,,,,2026SE123,,,,,,,,,,,,,,,,,,1817894
8966101,22-01-2026 19:48:00,56.89505000,11.90948000,,,LV,Clupea harengus,I4537,1,,,,1609801,1817895,SWEDEN,77SE,4458,12366,12105,,,3.33,4443,,,,,,,,,,,,,,,,,,,,,,,,,,,77,,,,,,,MRN2,,,,,,,,,,,,,,,,,,,,,,,,,1600,,,982,,,,,,,,,126417,,,,,,,,2026SE123,,,,,,,,,,,,,,,,,,1817895
8966102,22-01-2026 19:48:00,56.89505000,11.90948000,,,LV,Clupea harengus,I4537,1,,,,1609801,1817896,SWEDEN,77SE,4458,12366,12105,,,3.33,4443,,,,,,,,,,,,,,,,,,,,,,,,,,,77,,,,,,,MRN2,,,,,,,,,,,,,,,,,,,,,,,,,1600,,,982,,,,,,,,,126417,,,,,,,,2026SE123,,,,,,,,,,,,,,,,,,1817896
8966104,22-01-2026 21:39:00,57.09115000,11.82783000,,,LV,Clupea harengus,I4537,3,,,,1609802,1817897,SWEDEN,77SE,4458,12366,12105,,,3.33,7015,,,,,,,,,,,,,,,,,,,,,,,,,,,78,,,,,,,MRN2,,,,,,,,,,,,,,,,,,,,,,,,,1600,,,2019,,,,,,,,,126417,,,,,,,,2026SE124,,,,,,,,,,,,,,,,,,1817897
8966105,22-01-2026 21:39:00,57.09115000,11.82783000,,,LV,Clupea harengus,I4537,1,,,,1609802,1817886,SWEDEN,77SE,4458,12366,12105,,,3.33,7015,,,,,,,,,,,,,,,,,,,,,,,,,,,78,,,,,,,MRN2,,,,,,,,,,,,,,,,,,,,,,,,,1600,,,2019,,,,,,,,,126417,,,,,,,,2026SE124,,,,,,,,,,,,,,,,,,1817886
8966106,22-01-2026 21:39:00,57.09115000,11.82783000,,,LV,Clupea harengus,I4537,1,,,,1609802,1817887,SWEDEN,77SE,4458,12366,12105,,,3.33,7015,,,,,,,,,,,,,,,,,,,,,,,,,,,78,,,,,,,MRN2,,,,,,,,,,,,,,,,,,,,,,,,,1600,,,2019,,,,,,,,,126417,,,,,,,,2026SE124,,,,,,,,,,,,,,,,,,1817887
8966108,22-01-2026 22:59:00,57.07771000,12.08199000,,,LV,Clupea harengus,I4537,1,,,,1609803,1817888,SWEDEN,77SE,4458,12366,12105,,,3.33,5094,,,,,,,,,,,,,,,,,,,,,,,,,,,79,,,,,,,MRN2,,,,,,,,,,,,,,,,,,,,,,,,,1600,,,1482,,,,,,,,,126417,,,,,,,,2026SE125,,,,,,,,,,,,,,,,,,1817888
8966109,23-01-2026 01:00:00,56.84440000,12.21914000,,,LV,Clupea harengus,I4537,1,,,,1609804,1817889,SWEDEN,77SE,4458,12366,12105,,,3.33,4754,,,,,,,,,,,,,,,,,,,,,,,,,,,80,,,,,,,MRN2,,,,,,,,,,,,,,,,,,,,,,,,,1600,,,1370,,,,,,,,,126417,,,,,,,,2026SE126,,,,,,,,,,,,,,,,,,1817889
8966110,23-01-2026 01:00:00,56.84440000,12.21914000,,,LV,Clupea harengus,I4537,2,,,,1609804,1817890,SWEDEN,77SE,4458,12366,12105,,,3.33,4754,,,,,,,,,,,,,,,,,,,,,,,,,,,80,,,,,,,MRN2,,,,,,,,,,,,,,,,,,,,,,,,,1600,,,1370,,,,,,,,,126417,,,,,,,,2026SE126,,,,,,,,,,,,,,,,,,1817890
8966111,23-01-2026 02:54:00,56.63360000,12.28583000,,,LV,Clupea harengus,I4537,1,,,,1609805,1817891,SWEDEN,77SE,4458,12366,12105,,,3.33,5030,,,,,,,,,,,,,,,,,,,,,,,,,,,81,,,,,,,MRN2,,,,,,,,,,,,,,,,,,,,,,,,,1600,,,1204,,,,,,,,,126417,,,,,,,,2026SE127,,,,,,,,,,,,,,,,,,1817891
8966112,23-01-2026 02:54:00,56.63360000,12.28583000,,,LV,Clupea harengus,I4537,2,,,,1609805,1817880,SWEDEN,77SE,4458,12366,12105,,,3.33,5030,,,,,,,,,,,,,,,,,,,,,,,,,,,81,,,,,,,MRN2,,,,,,,,,,,,,,,,,,,,,,,,,1600,,,1204,,,,,,,,,126417,,,,,,,,2026SE127,,,,,,,,,,,,,,,,,,1817880
8966113,23-01-2026 17:22:00,57.21826000,12.02242000,,,LV,Clupea harengus,I4537,1,,,,1609806,1817881,SWEDEN,77SE,4458,12366,12105,,,3.33,5495,,,,,,,,,,,,,,,,,,,,,,,,,,,86,,,,,,,MRN2,,,,,,,,,,,,,,,,,,,,,,,,,1600,,,1537,,,,,,,,,126417,,,,,,,,2026SE128,,,,,,,,,,,,,,,,,,1817881
8966114,23-01-2026 17:22:00,57.21826000,12.02242000,,,LV,Clupea harengus,I4537,1,,,,1609806,1817882,SWEDEN,77SE,4458,12366,12105,,,3.33,5495,,,,,,,,,,,,,,,,,,,,,,,,,,,86,,,,,,,MRN2,,,,,,,,,,,,,,,,,,,,,,,,,1600,,,1537,,,,,,,,,126417,,,,,,,,2026SE128,,,,,,,,,,,,,,,,,,1817882
8966115,23-01-2026 17:22:00,57.21826000,12.02242000,,,LV,Clupea harengus,I4537,1,,,,1609806,1817883,SWEDEN,77SE,4458,12366,12105,,,3.33,5495,,,,,,,,,,,,,,,,,,,,,,,,,,,86,,,,,,,MRN2,,,,,,,,,,,,,,,,,,,,,,,,,1600,,,1537,,,,,,,,,126417,,,,,,,,2026SE128,,,,,,,,,,,,,,,,,,1817883
8966116,23-01-2026 19:23:00,57.36760000,11.70280000,,,LV,Clupea harengus,I4537,2,,,,1609807,1817884,SWEDEN,77SE,4458,12366,12105,,,3.33,7546,,,,,,,,,,,,,,,,,,,,,,,,,,,87,,,,,,,MRN2,,,,,,,,,,,,,,,,,,,,,,,,,1600,,,1982,,,,,,,,,126417,,,,,,,,2026SE129,,,,,,,,,,,,,,,,,,1817884
8966117,23-01-2026 19:23:00,57.36760000,11.70280000,,,LV,Clupea harengus,I4537,1,,,,1609807,1817885,SWEDEN,77SE,4458,12366,12105,,,3.33,7546,,,,,,,,,,,,,,,,,,,,,,,,,,,87,,,,,,,MRN2,,,,,,,,,,,,,,,,,,,,,,,,,1600,,,1982,,,,,,,,,126417,,,,,,,,2026SE129,,,,,,,,,,,,,,,,,,1817885
8966118,23-01-2026 19:23:00,57.36760000,11.70280000,,,LV,Clupea harengus,I4537,1,,,,1609807,1817874,SWEDEN,77SE,4458,12366,12105,,,3.33,7546,,,,,,,,,,,,,,,,,,,,,,,,,,,87,,,,,,,MRN2,,,,,,,,,,,,,,,,,,,,,,,,,1600,,,1982,,,,,,,,,126417,,,,,,,,2026SE129,,,,,,,,,,,,,,,,,,1817874
8966119,23-01-2026 19:23:00,57.36760000,11.70280000,,,LV,Clupea harengus,I4537,1,,,,1609807,1817875,SWEDEN,77SE,4458,12366,12105,,,3.33,7546,,,,,,,,,,,,,,,,,,,,,,,,,,,87,,,,,,,MRN2,,,,,,,,,,,,,,,,,,,,,,,,,1600,,,1982,,,,,,,,,126417,,,,,,,,2026SE129,,,,,,,,,,,,,,,,,,1817875
8966120,23-01-2026 23:09:00,57.54648000,10.87060000,,,LV,Clupea harengus,I4537,1,,,,1609808,1817876,SWEDEN,77SE,4458,12366,12105,,,3.33,4391,,,,,,,,,,,,,,,,,,,,,,,,,,,89,,,,,,,MRN2,,,,,,,,,,,,,,,,,,,,,,,,,1600,,,1093,,,,,,,,,126417,,,,,,,,2026SE130,,,,,,,,,,,,,,,,,,1817876
8966121,23-01-2026 23:09:00,57.54648000,10.87060000,,,LV,Clupea harengus,I4537,3,,,,1609808,1817877,SWEDEN,77SE,4458,12366,12105,,,3.33,4391,,,,,,,,,,,,,,,,,,,,,,,,,,,89,,,,,,,MRN2,,,,,,,,,,,,,,,,,,,,,,,,,1600,,,1093,,,,,,,,,126417,,,,,,,,2026SE130,,,,,,,,,,,,,,,,,,1817877
8966122,23-01-2026 23:09:00,57.54648000,10.87060000,,,LV,Clupea harengus,I4537,2,,,,1609808,1817878,SWEDEN,77SE,4458,12366,12105,,,3.33,4391,,,,,,,,,,,,,,,,,,,,,,,,,,,89,,,,,,,MRN2,,,,,,,,,,,,,,,,,,,,,,,,,1600,,,1093,,,,,,,,,126417,,,,,,,,2026SE130,,,,,,,,,,,,,,,,,,1817878
8966123,23-01-2026 23:09:00,57.54648000,10.87060000,,,LV,Clupea harengus,I4537,1,,,,1609808,1817879,SWEDEN,77SE,4458,12366,12105,,,3.33,4391,,,,,,,,,,,,,,,,,,,,,,,,,,,89,,,,,,,MRN2,,,,,,,,,,,,,,,,,,,,,,,,,1600,,,1093,,,,,,,,,126417,,,,,,,,2026SE130,,,,,,,,,,,,,,,,,,1817879
8966124,23-01-2026 23:09:00,57.54648000,10.87060000,,,LV,Clupea harengus,I4537,1,,,,1609808,1817868,SWEDEN,77SE,4458,12366,12105,,,3.33,4391,,,,,,,,,,,,,,,,,,,,,,,,,,,89,,,,,,,MRN2,,,,,,,,,,,,,,,,,,,,,,,,,1600,,,1093,,,,,,,,,126417,,,,,,,,2026SE130,,,,,,,,,,,,,,,,,,1817868
8966125,23-01-2026 23:09:00,57.54648000,10.87060000,,,LV,Clupea harengus,I4537,2,,,,1609808,1817869,SWEDEN,77SE,4458,12366,12105,,,3.33,4391,,,,,,,,,,,,,,,,,,,,,,,,,,,89,,,,,,,MRN2,,,,,,,,,,,,,,,,,,,,,,,,,1600,,,1093,,,,,,,,,126417,,,,,,,,2026SE130,,,,,,,,,,,,,,,,,,1817869
8966126,24-01-2026 01:04:00,57.67362000,11.24693000,,,LV,Clupea harengus,I4537,1,,,,1609809,1817870,SWEDEN,77SE,4458,12366,12105,,,3.33,6639,,,,,,,,,,,,,,,,,,,,,,,,,,,90,,,,,,,MRN2,,,,,,,,,,,,,,,,,,,,,,,,,1600,,,1945,,,,,,,,,126417,,,,,,,,2026SE131,,,,,,,,,,,,,,,,,,1817870
8966127,24-01-2026 01:04:00,57.67362000,11.24693000,,,LV,Clupea harengus,I4537,1,,,,1609809,1817871,SWEDEN,77SE,4458,12366,12105,,,3.33,6639,,,,,,,,,,,,,,,,,,,,,,,,,,,90,,,,,,,MRN2,,,,,,,,,,,,,,,,,,,,,,,,,1600,,,1945,,,,,,,,,126417,,,,,,,,2026SE131,,,,,,,,,,,,,,,,,,1817871
8966128,25-01-2026 17:10:00,56.90892000,6.50382000,,,LV,Clupea harengus,I4537,1,,,,1609810,1817872,SWEDEN,77SE,4458,12366,12105,,,3.33,5275,,,,,,,,,,,,,,,,,,,,,,,,,,,99,,,,,,,MRN2,,,,,,,,,,,,,,,,,,,,,,,,,1600,,,1167,,,,,,,,,126417,,,,,,,,2026SE132,,,,,,,,,,,,,,,,,,1817872
8966129,25-01-2026 17:10:00,56.90892000,6.50382000,,,LV,Clupea harengus,I4537,1,,,,1609810,1817873,SWEDEN,77SE,4458,12366,12105,,,3.33,5275,,,,,,,,,,,,,,,,,,,,,,,,,,,99,,,,,,,MRN2,,,,,,,,,,,,,,,,,,,,,,,,,1600,,,1167,,,,,,,,,126417,,,,,,,,2026SE132,,,,,,,,,,,,,,,,,,1817873
8966130,25-01-2026 17:10:00,56.90892000,6.50382000,,,LV,Clupea harengus,I4537,1,,,,1609810,1817862,SWEDEN,77SE,4458,12366,12105,,,3.33,5275,,,,,,,,,,,,,,,,,,,,,,,,,,,99,,,,,,,MRN2,,,,,,,,,,,,,,,,,,,,,,,,,1600,,,1167,,,,,,,,,126417,,,,,,,,2026SE132,,,,,,,,,,,,,,,,,,1817862
8966131,25-01-2026 17:10:00,56.90892000,6.50382000,,,LV,Sardina pilchardus,I4537,1,,,,1609810,1817992,SWEDEN,77SE,4458,12366,12129,,,3.33,5275,,,,,,,,,,,,,,,,,,,,,,,,,,,99,,,,,,,MRN2,,,,,,,,,,,,,,,,,,,,,,,,,1600,,,1167,,,,,,,,,126421,,,,,,,,2026SE132,,,,,,,,,,,,,,,,,,1817992
8966132,25-01-2026 17:10:00,56.90892000,6.50382000,,,LV,Sardina pilchardus,I4537,1,,,,1609810,1817993,SWEDEN,77SE,4458,12366,12129,,,3.33,5275,,,,,,,,,,,,,,,,,,,,,,,,,,,99,,,,,,,MRN2,,,,,,,,,,,,,,,,,,,,,,,,,1600,,,1167,,,,,,,,,126421,,,,,,,,2026SE132,,,,,,,,,,,,,,,,,,1817993
8966133,25-01-2026 17:10:00,56.90892000,6.50382000,,,LV,Sardina pilchardus,I4537,1,,,,1609810,1817994,SWEDEN,77SE,4458,12366,12129,,,3.33,5275,,,,,,,,,,,,,,,,,,,,,,,,,,,99,,,,,,,MRN2,,,,,,,,,,,,,,,,,,,,,,,,,1600,,,1167,,,,,,,,,126421,,,,,,,,2026SE132,,,,,,,,,,,,,,,,,,1817994
8966134,25-01-2026 17:10:00,56.90892000,6.50382000,,,LV,Sardina pilchardus,I4537,1,,,,1609810,1818004,SWEDEN,77SE,4458,12366,12129,,,3.33,5275,,,,,,,,,,,,,,,,,,,,,,,,,,,99,,,,,,,MRN2,,,,,,,,,,,,,,,,,,,,,,,,,1600,,,1167,,,,,,,,,126421,,,,,,,,2026SE132,,,,,,,,,,,,,,,,,,1818004
8966135,25-01-2026 17:10:00,56.90892000,6.50382000,,,LV,Sardina pilchardus,I4537,1,,,,1609810,1818005,SWEDEN,77SE,4458,12366,12129,,,3.33,5275,,,,,,,,,,,,,,,,,,,,,,,,,,,99,,,,,,,MRN2,,,,,,,,,,,,,,,,,,,,,,,,,1600,,,1167,,,,,,,,,126421,,,,,,,,2026SE132,,,,,,,,,,,,,,,,,,1818005
8966136,25-01-2026 17:10:00,56.90892000,6.50382000,,,LV,Sardina pilchardus,I4537,1,,,,1609810,1818006,SWEDEN,77SE,4458,12366,12129,,,3.33,5275,,,,,,,,,,,,,,,,,,,,,,,,,,,99,,,,,,,MRN2,,,,,,,,,,,,,,,,,,,,,,,,,1600,,,1167,,,,,,,,,126421,,,,,,,,2026SE132,,,,,,,,,,,,,,,,,,1818006
8966137,25-01-2026 17:10:00,56.90892000,6.50382000,,,LV,Sardina pilchardus,I4537,1,,,,1609810,1818007,SWEDEN,77SE,4458,12366,12129,,,3.33,5275,,,,,,,,,,,,,,,,,,,,,,,,,,,99,,,,,,,MRN2,,,,,,,,,,,,,,,,,,,,,,,,,1600,,,1167,,,,,,,,,126421,,,,,,,,2026SE132,,,,,,,,,,,,,,,,,,1818007
8966138,25-01-2026 17:10:00,56.90892000,6.50382000,,,LV,Sardina pilchardus,I4537,1,,,,1609810,1818008,SWEDEN,77SE,4458,12366,12129,,,3.33,5275,,,,,,,,,,,,,,,,,,,,,,,,,,,99,,,,,,,MRN2,,,,,,,,,,,,,,,,,,,,,,,,,1600,,,1167,,,,,,,,,126421,,,,,,,,2026SE132,,,,,,,,,,,,,,,,,,1818008
8966139,25-01-2026 17:10:00,56.90892000,6.50382000,,,LV,Sardina pilchardus,I4537,1,,,,1609810,1818009,SWEDEN,77SE,4458,12366,12129,,,3.33,5275,,,,,,,,,,,,,,,,,,,,,,,,,,,99,,,,,,,MRN2,,,,,,,,,,,,,,,,,,,,,,,,,1600,,,1167,,,,,,,,,126421,,,,,,,,2026SE132,,,,,,,,,,,,,,,,,,1818009
8966140,26-01-2026 00:55:00,56.91813000,5.83045000,,,LV,Clupea harengus,I4537,1,,,,1609814,1817863,SWEDEN,77SE,4458,12366,12105,,,3.33,8119,,,,,,,,,,,,,,,,,,,,,,,,,,,103,,,,,,,MRN2,,,,,,,,,,,,,,,,,,,,,,,,,1600,,,1889,,,,,,,,,126417,,,,,,,,2026SE136,,,,,,,,,,,,,,,,,,1817863
8966141,26-01-2026 00:55:00,56.91813000,5.83045000,,,LV,Clupea harengus,I4537,2,,,,1609814,1817864,SWEDEN,77SE,4458,12366,12105,,,3.33,8119,,,,,,,,,,,,,,,,,,,,,,,,,,,103,,,,,,,MRN2,,,,,,,,,,,,,,,,,,,,,,,,,1600,,,1889,,,,,,,,,126417,,,,,,,,2026SE136,,,,,,,,,,,,,,,,,,1817864
8966142,26-01-2026 00:55:00,56.91813000,5.83045000,,,LV,Clupea harengus,I4537,1,,,,1609814,1817865,SWEDEN,77SE,4458,12366,12105,,,3.33,8119,,,,,,,,,,,,,,,,,,,,,,,,,,,103,,,,,,,MRN2,,,,,,,,,,,,,,,,,,,,,,,,,1600,,,1889,,,,,,,,,126417,,,,,,,,2026SE136,,,,,,,,,,,,,,,,,,1817865
8966143,26-01-2026 00:55:00,56.91813000,5.83045000,,,LV,Sardina pilchardus,I4537,2,,,,1609814,1817998,SWEDEN,77SE,4458,12366,12129,,,3.33,8119,,,,,,,,,,,,,,,,,,,,,,,,,,,103,,,,,,,MRN2,,,,,,,,,,,,,,,,,,,,,,,,,1600,,,1889,,,,,,,,,126421,,,,,,,,2026SE136,,,,,,,,,,,,,,,,,,1817998
8966144,26-01-2026 00:55:00,56.91813000,5.83045000,,,LV,Sardina pilchardus,I4537,2,,,,1609814,1817999,SWEDEN,77SE,4458,12366,12129,,,3.33,8119,,,,,,,,,,,,,,,,,,,,,,,,,,,103,,,,,,,MRN2,,,,,,,,,,,,,,,,,,,,,,,,,1600,,,1889,,,,,,,,,126421,,,,,,,,2026SE136,,,,,,,,,,,,,,,,,,1817999
8966145,26-01-2026 00:55:00,56.91813000,5.83045000,,,LV,Sardina pilchardus,I4537,1,,,,1609814,1818000,SWEDEN,77SE,4458,12366,12129,,,3.33,8119,,,,,,,,,,,,,,,,,,,,,,,,,,,103,,,,,,,MRN2,,,,,,,,,,,,,,,,,,,,,,,,,1600,,,1889,,,,,,,,,126421,,,,,,,,2026SE136,,,,,,,,,,,,,,,,,,1818000
8966146,26-01-2026 00:55:00,56.91813000,5.83045000,,,LV,Sardina pilchardus,I4537,1,,,,1609814,1818001,SWEDEN,77SE,4458,12366,12129,,,3.33,8119,,,,,,,,,,,,,,,,,,,,,,,,,,,103,,,,,,,MRN2,,,,,,,,,,,,,,,,,,,,,,,,,1600,,,1889,,,,,,,,,126421,,,,,,,,2026SE136,,,,,,,,,,,,,,,,,,1818001
8966147,26-01-2026 00:55:00,56.91813000,5.83045000,,,LV,Sardina pilchardus,I4537,1,,,,1609814,1818002,SWEDEN,77SE,4458,12366,12129,,,3.33,8119,,,,,,,,,,,,,,,,,,,,,,,,,,,103,,,,,,,MRN2,,,,,,,,,,,,,,,,,,,,,,,,,1600,,,1889,,,,,,,,,126421,,,,,,,,2026SE136,,,,,,,,,,,,,,,,,,1818002
8966148,26-01-2026 00:55:00,56.91813000,5.83045000,,,LV,Sardina pilchardus,I4537,2,,,,1609814,1818003,SWEDEN,77SE,4458,12366,12129,,,3.33,8119,,,,,,,,,,,,,,,,,,,,,,,,,,,103,,,,,,,MRN2,,,,,,,,,,,,,,,,,,,,,,,,,1600,,,1889,,,,,,,,,126421,,,,,,,,2026SE136,,,,,,,,,,,,,,,,,,1818003
8966149,26-01-2026 20:27:00,56.91447000,7.66388000,,,LV,Clupea harengus,I4537,1,,,,1609815,1817866,SWEDEN,77SE,4458,12366,12105,,,3.33,5274,,,,,,,,,,,,,,,,,,,,,,,,,,,106,,,,,,,MRN2,,,,,,,,,,,,,,,,,,,,,,,,,1600,,,1222,,,,,,,,,126417,,,,,,,,2026SE137,,,,,,,,,,,,,,,,,,1817866
8966150,26-01-2026 20:27:00,56.91447000,7.66388000,,,LV,Clupea harengus,I4537,1,,,,1609815,1817867,SWEDEN,77SE,4458,12366,12105,,,3.33,5274,,,,,,,,,,,,,,,,,,,,,,,,,,,106,,,,,,,MRN2,,,,,,,,,,,,,,,,,,,,,,,,,1600,,,1222,,,,,,,,,126417,,,,,,,,2026SE137,,,,,,,,,,,,,,,,,,1817867
8966151,26-01-2026 20:27:00,56.91447000,7.66388000,,,LV,Clupea harengus,I4537,1,,,,1609815,1817856,SWEDEN,77SE,4458,12366,12105,,,3.33,5274,,,,,,,,,,,,,,,,,,,,,,,,,,,106,,,,,,,MRN2,,,,,,,,,,,,,,,,,,,,,,,,,1600,,,1222,,,,,,,,,126417,,,,,,,,2026SE137,,,,,,,,,,,,,,,,,,1817856
8966152,26-01-2026 20:27:00,56.91447000,7.66388000,,,LV,Clupea harengus,I4537,1,,,,1609815,1817857,SWEDEN,77SE,4458,12366,12105,,,3.33,5274,,,,,,,,,,,,,,,,,,,,,,,,,,,106,,,,,,,MRN2,,,,,,,,,,,,,,,,,,,,,,,,,1600,,,1222,,,,,,,,,126417,,,,,,,,2026SE137,,,,,,,,,,,,,,,,,,1817857
8966153,26-01-2026 20:27:00,56.91447000,7.66388000,,,LV,Clupea harengus,I4537,1,,,,1609815,1817858,SWEDEN,77SE,4458,12366,12105,,,3.33,5274,,,,,,,,,,,,,,,,,,,,,,,,,,,106,,,,,,,MRN2,,,,,,,,,,,,,,,,,,,,,,,,,1600,,,1222,,,,,,,,,126417,,,,,,,,2026SE137,,,,,,,,,,,,,,,,,,1817858
8966154,26-01-2026 20:27:00,56.91447000,7.66388000,,,LV,Sardina pilchardus,I4537,1,,,,1609815,1817995,SWEDEN,77SE,4458,12366,12129,,,3.33,5274,,,,,,,,,,,,,,,,,,,,,,,,,,,106,,,,,,,MRN2,,,,,,,,,,,,,,,,,,,,,,,,,1600,,,1222,,,,,,,,,126421,,,,,,,,2026SE137,,,,,,,,,,,,,,,,,,1817995
8966155,27-01-2026 17:42:00,57.43160000,8.89775000,,,LV,Clupea harengus,I4537,1,,,,1609817,1817859,SWEDEN,77SE,4458,12366,12105,,,3.33,3654,,,,,,,,,,,,,,,,,,,,,,,,,,,112,,,,,,,MRN2,,,,,,,,,,,,,,,,,,,,,,,,,1600,,,759,,,,,,,,,126417,,,,,,,,2026SE139,,,,,,,,,,,,,,,,,,1817859
8966158,27-01-2026 19:24:00,57.58165000,8.83717000,,,LV,Clupea harengus,I4537,1,,,,1609818,1817860,SWEDEN,77SE,4458,12366,12105,,,3.33,7383,,,,,,,,,,,,,,,,,,,,,,,,,,,113,,,,,,,MRN2,,,,,,,,,,,,,,,,,,,,,,,,,1600,,,1519,,,,,,,,,126417,,,,,,,,2026SE140,,,,,,,,,,,,,,,,,,1817860
8966159,27-01-2026 21:25:00,57.74975000,8.84608000,,,LV,Sardina pilchardus,I4537,1,,,,1609819,1817996,SWEDEN,77SE,4458,12366,12129,,,3.33,17103,,,,,,,,,,,,,,,,,,,,,,,,,,,114,,,,,,,MRN2,,,,,,,,,,,,,,,,,,,,,,,,,1600,,,4778,,,,,,,,,126421,,,,,,,,2026SE141,,,,,,,,,,,,,,,,,,1817996
8966160,28-01-2026 17:10:00,57.76426000,9.79042000,,,LV,Clupea harengus,I4537,1,,,,1609821,1817861,SWEDEN,77SE,4458,12366,12105,,,3.33,3808,,,,,,,,,,,,,,,,,,,,,,,,,,,120,,,,,,,MRN2,,,,,,,,,,,,,,,,,,,,,,,,,1600,,,444,,,,,,,,,126417,,,,,,,,2026SE143,,,,,,,,,,,,,,,,,,1817861
8966162,29-01-2026 18:47:00,58.09107000,11.21828000,,,LV,Clupea harengus,I4537,1,,,,1609823,1817850,SWEDEN,77SE,4458,12366,12105,,,3.33,5588,,,,,,,,,,,,,,,,,,,,,,,,,,,125,,,,,,,MRN2,,,,,,,,,,,,,,,,,,,,,,,,,1600,,,1445,,,,,,,,,126417,,,,,,,,2026SE145,,,,,,,,,,,,,,,,,,1817850
8966163,29-01-2026 18:47:00,58.09107000,11.21828000,,,LV,Clupea harengus,I4537,1,,,,1609823,1817851,SWEDEN,77SE,4458,12366,12105,,,3.33,5588,,,,,,,,,,,,,,,,,,,,,,,,,,,125,,,,,,,MRN2,,,,,,,,,,,,,,,,,,,,,,,,,1600,,,1445,,,,,,,,,126417,,,,,,,,2026SE145,,,,,,,,,,,,,,,,,,1817851
8966164,29-01-2026 21:04:00,58.22179000,10.83786000,,,LV,Clupea harengus,I4537,1,,,,1609824,1817852,SWEDEN,77SE,4458,12366,12105,,,3.33,14573,,,,,,,,,,,,,,,,,,,,,,,,,,,126,,,,,,,MRN2,,,,,,,,,,,,,,,,,,,,,,,,,1600,,,4649,,,,,,,,,126417,,,,,,,,2026SE146,,,,,,,,,,,,,,,,,,1817852
8966165,29-01-2026 21:04:00,58.22179000,10.83786000,,,LV,Clupea harengus,I4537,1,,,,1609824,1817853,SWEDEN,77SE,4458,12366,12105,,,3.33,14573,,,,,,,,,,,,,,,,,,,,,,,,,,,126,,,,,,,MRN2,,,,,,,,,,,,,,,,,,,,,,,,,1600,,,4649,,,,,,,,,126417,,,,,,,,2026SE146,,,,,,,,,,,,,,,,,,1817853
8966166,30-01-2026 00:01:00,58.24960000,10.40548000,,,LV,Clupea harengus,I4537,1,,,,1609825,1817854,SWEDEN,77SE,4458,12366,12105,,,3.33,17152,,,,,,,,,,,,,,,,,,,,,,,,,,,127,,,,,,,MRN2,,,,,,,,,,,,,,,,,,,,,,,,,1600,,,5223,,,,,,,,,126417,,,,,,,,2026SE147,,,,,,,,,,,,,,,,,,1817854
8966167,30-01-2026 00:01:00,58.24960000,10.40548000,,,LV,Clupea harengus,I4537,2,,,,1609825,1817855,SWEDEN,77SE,4458,12366,12105,,,3.33,17152,,,,,,,,,,,,,,,,,,,,,,,,,,,127,,,,,,,MRN2,,,,,,,,,,,,,,,,,,,,,,,,,1600,,,5223,,,,,,,,,126417,,,,,,,,2026SE147,,,,,,,,,,,,,,,,,,1817855
8966168,30-01-2026 00:01:00,58.24960000,10.40548000,,,LV,Clupea harengus,I4537,1,,,,1609825,1817844,SWEDEN,77SE,4458,12366,12105,,,3.33,17152,,,,,,,,,,,,,,,,,,,,,,,,,,,127,,,,,,,MRN2,,,,,,,,,,,,,,,,,,,,,,,,,1600,,,5223,,,,,,,,,126417,,,,,,,,2026SE147,,,,,,,,,,,,,,,,,,1817844
8966169,30-01-2026 00:01:00,58.24960000,10.40548000,,,LV,Clupea harengus,I4537,1,,,,1609825,1817845,SWEDEN,77SE,4458,12366,12105,,,3.33,17152,,,,,,,,,,,,,,,,,,,,,,,,,,,127,,,,,,,MRN2,,,,,,,,,,,,,,,,,,,,,,,,,1600,,,5223,,,,,,,,,126417,,,,,,,,2026SE147,,,,,,,,,,,,,,,,,,1817845
8966171,30-01-2026 19:05:00,58.58327000,10.84939000,,,LV,Clupea harengus,I4537,2,,,,1609827,1817846,SWEDEN,77SE,4458,12366,12105,,,3.33,9838,,,,,,,,,,,,,,,,,,,,,,,,,,,134,,,,,,,MRN2,,,,,,,,,,,,,,,,,,,,,,,,,1600,,,3056,,,,,,,,,126417,,,,,,,,2026SE149,,,,,,,,,,,,,,,,,,1817846
8966172,30-01-2026 19:05:00,58.58327000,10.84939000,,,LV,Clupea harengus,I4537,1,,,,1609827,1817847,SWEDEN,77SE,4458,12366,12105,,,3.33,9838,,,,,,,,,,,,,,,,,,,,,,,,,,,134,,,,,,,MRN2,,,,,,,,,,,,,,,,,,,,,,,,,1600,,,3056,,,,,,,,,126417,,,,,,,,2026SE149,,,,,,,,,,,,,,,,,,1817847
8966173,30-01-2026 21:20:00,58.58435000,10.50343000,,,LV,Clupea harengus,I4537,1,,,,1609828,1817848,SWEDEN,77SE,4458,12366,12105,,,3.33,17506,,,,,,,,,,,,,,,,,,,,,,,,,,,135,,,,,,,MRN2,,,,,,,,,,,,,,,,,,,,,,,,,1600,,,5667,,,,,,,,,126417,,,,,,,,2026SE150,,,,,,,,,,,,,,,,,,1817848
8966174,30-01-2026 23:35:00,58.74889000,10.50422000,,,LV,Clupea harengus,I4537,1,,,,1609829,1817849,SWEDEN,77SE,4458,12366,12105,,,3.33,11457,,,,,,,,,,,,,,,,,,,,,,,,,,,136,,,,,,,MRN2,,,,,,,,,,,,,,,,,,,,,,,,,1600,,,3741,,,,,,,,,126417,,,,,,,,2026SE151,,,,,,,,,,,,,,,,,,1817849
8966175,31-01-2026 01:50:00,58.62140000,10.85712000,,,LV,Clupea harengus,I4537,1,,,,1609830,1817840,SWEDEN,77SE,4458,12366,12105,,,3.33,10816,,,,,,,,,,,,,,,,,,,,,,,,,,,137,,,,,,,MRN2,,,,,,,,,,,,,,,,,,,,,,,,,1600,,,3111,,,,,,,,,126417,,,,,,,,2026SE152,,,,,,,,,,,,,,,,,,1817840
8966176,31-01-2026 01:50:00,58.62140000,10.85712000,,,LV,Sardina pilchardus,I4537,1,,,,1609830,1817997,SWEDEN,77SE,4458,12366,12129,,,3.33,10816,,,,,,,,,,,,,,,,,,,,,,,,,,,137,,,,,,,MRN2,,,,,,,,,,,,,,,,,,,,,,,,,1600,,,3111,,,,,,,,,126421,,,,,,,,2026SE152,,,,,,,,,,,,,,,,,,1817997
8966177,31-01-2026 17:04:00,58.55310000,10.25911000,,,LV,Clupea harengus,I4537,1,,,,1609831,1817841,SWEDEN,77SE,4458,12366,12105,,,3.33,19020,,,,,,,,,,,,,,,,,,,,,,,,,,,142,,,,,,,MRN2,,,,,,,,,,,,,,,,,,,,,,,,,1600,,,5260,,,,,,,,,126417,,,,,,,,2026SE153,,,,,,,,,,,,,,,,,,1817841
8966178,01-02-2026 01:22:00,58.08596000,9.82635000,,,LV,Clupea harengus,I4537,1,,,,1609834,1817842,SWEDEN,77SE,4458,12366,12105,,,3.33,14114,,,,,,,,,,,,,,,,,,,,,,,,,,,145,,,,,,,MRN2,,,,,,,,,,,,,,,,,,,,,,,,,1600,,,4167,,,,,,,,,126417,,,,,,,,2026SE156,,,,,,,,,,,,,,,,,,1817842
8966179,01-02-2026 01:22:00,58.08596000,9.82635000,,,LV,Clupea harengus,I4537,1,,,,1609834,1817843,SWEDEN,77SE,4458,12366,12105,,,3.33,14114,,,,,,,,,,,,,,,,,,,,,,,,,,,145,,,,,,,MRN2,,,,,,,,,,,,,,,,,,,,,,,,,1600,,,4167,,,,,,,,,126417,,,,,,,,2026SE156,,,,,,,,,,,,,,,,,,1817843
8966180,01-02-2026 01:22:00,58.08596000,9.82635000,,,LV,Maurolicus muelleri,I4537,1,,,,1609834,1817988,SWEDEN,77SE,4458,12366,12116,,,3.33,14114,,,,,,,,,,,,,,,,,,,,,,,,,,,145,,,,,,,MRN2,,,,,,,,,,,,,,,,,,,,,,,,,1600,,,4167,,,,,,,,,127312,,,,,,,,2026SE156,,,,,,,,,,,,,,,,,,1817988
8966181,18-01-2026 19:03:00,58.19488000,11.20437000,,,LV,Clupea harengus,I4537,3,,,,1609779,1817834,SWEDEN,77SE,4458,12366,12105,,,3.33,3029,,,,,,,,,,,,,,,,,,,,,,,,,,,39,,,,,,,MRN2,,,,,,,,,,,,,,,,,,,,,,,,,1600,,,426,,,,,,,,,126417,,,,,,,,2026SE101,,,,,,,,,,,,,,,,,,1817834
8966182,18-01-2026 19:03:00,58.19488000,11.20437000,,,LV,Clupea harengus,I4537,1,,,,1609779,1817835,SWEDEN,77SE,4458,12366,12105,,,3.33,3029,,,,,,,,,,,,,,,,,,,,,,,,,,,39,,,,,,,MRN2,,,,,,,,,,,,,,,,,,,,,,,,,1600,,,426,,,,,,,,,126417,,,,,,,,2026SE101,,,,,,,,,,,,,,,,,,1817835
8966183,18-01-2026 19:03:00,58.19488000,11.20437000,,,LV,Clupea harengus,I4537,1,,,,1609779,1817836,SWEDEN,77SE,4458,12366,12105,,,3.33,3029,,,,,,,,,,,,,,,,,,,,,,,,,,,39,,,,,,,MRN2,,,,,,,,,,,,,,,,,,,,,,,,,1600,,,426,,,,,,,,,126417,,,,,,,,2026SE101,,,,,,,,,,,,,,,,,,1817836
8966184,18-01-2026 19:03:00,58.19488000,11.20437000,,,LV,Clupea harengus,I4537,1,,,,1609779,1817837,SWEDEN,77SE,4458,12366,12105,,,3.33,3029,,,,,,,,,,,,,,,,,,,,,,,,,,,39,,,,,,,MRN2,,,,,,,,,,,,,,,,,,,,,,,,,1600,,,426,,,,,,,,,126417,,,,,,,,2026SE101,,,,,,,,,,,,,,,,,,1817837
8966185,18-01-2026 20:59:00,58.09208000,10.83077000,,,LV,Clupea harengus,I4537,1,,,,1609780,1817838,SWEDEN,77SE,4458,12366,12105,,,3.33,14375,,,,,,,,,,,,,,,,,,,,,,,,,,,40,,,,,,,MRN2,,,,,,,,,,,,,,,,,,,,,,,,,1600,,,4556,,,,,,,,,126417,,,,,,,,2026SE102,,,,,,,,,,,,,,,,,,1817838
8966187,18-01-2026 22:58:00,57.91551000,10.83835000,,,LV,Sardina pilchardus,I4537,1,,,,1609781,1817989,SWEDEN,77SE,4458,12366,12129,,,3.33,14986,,,,,,,,,,,,,,,,,,,,,,,,,,,41,,,,,,,MRN2,,,,,,,,,,,,,,,,,,,,,,,,,1600,,,4463,,,,,,,,,126421,,,,,,,,2026SE103,,,,,,,,,,,,,,,,,,1817989
8966189,19-01-2026 00:57:00,57.86703000,11.19805000,,,LV,Clupea harengus,I4537,3,,,,1609782,1817839,SWEDEN,77SE,4458,12366,12105,,,3.33,11633,,,,,,,,,,,,,,,,,,,,,,,,,,,42,,,,,,,MRN2,,,,,,,,,,,,,,,,,,,,,,,,,1600,,,3278,,,,,,,,,126417,,,,,,,,2026SE104,,,,,,,,,,,,,,,,,,1817839
8966190,19-01-2026 00:57:00,57.86703000,11.19805000,,,LV,Clupea harengus,I4537,2,,,,1609782,1817982,SWEDEN,77SE,4458,12366,12105,,,3.33,11633,,,,,,,,,,,,,,,,,,,,,,,,,,,42,,,,,,,MRN2,,,,,,,,,,,,,,,,,,,,,,,,,1600,,,3278,,,,,,,,,126417,,,,,,,,2026SE104,,,,,,,,,,,,,,,,,,1817982
8966191,19-01-2026 00:57:00,57.86703000,11.19805000,,,LV,Clupea harengus,I4537,1,,,,1609782,1817983,SWEDEN,77SE,4458,12366,12105,,,3.33,11633,,,,,,,,,,,,,,,,,,,,,,,,,,,42,,,,,,,MRN2,,,,,,,,,,,,,,,,,,,,,,,,,1600,,,3278,,,,,,,,,126417,,,,,,,,2026SE104,,,,,,,,,,,,,,,,,,1817983
8966192,19-01-2026 00:57:00,57.86703000,11.19805000,,,LV,Clupea harengus,I4537,2,,,,1609782,1817984,SWEDEN,77SE,4458,12366,12105,,,3.33,11633,,,,,,,,,,,,,,,,,,,,,,,,,,,42,,,,,,,MRN2,,,,,,,,,,,,,,,,,,,,,,,,,1600,,,3278,,,,,,,,,126417,,,,,,,,2026SE104,,,,,,,,,,,,,,,,,,1817984
8966193,19-01-2026 00:57:00,57.86703000,11.19805000,,,LV,Clupea harengus,I4537,1,,,,1609782,1817985,SWEDEN,77SE,4458,12366,12105,,,3.33,11633,,,,,,,,,,,,,,,,,,,,,,,,,,,42,,,,,,,MRN2,,,,,,,,,,,,,,,,,,,,,,,,,1600,,,3278,,,,,,,,,126417,,,,,,,,2026SE104,,,,,,,,,,,,,,,,,,1817985
8966194,19-01-2026 00:57:00,57.86703000,11.19805000,,,LV,Clupea harengus,I4537,1,,,,1609782,1817986,SWEDEN,77SE,4458,12366,12105,,,3.33,11633,,,,,,,,,,,,,,,,,,,,,,,,,,,42,,,,,,,MRN2,,,,,,,,,,,,,,,,,,,,,,,,,1600,,,3278,,,,,,,,,126417,,,,,,,,2026SE104,,,,,,,,,,,,,,,,,,1817986
8966195,19-01-2026 00:57:00,57.86703000,11.19805000,,,LV,Clupea harengus,I4537,1,,,,1609782,1817987,SWEDEN,77SE,4458,12366,12105,,,3.33,11633,,,,,,,,,,,,,,,,,,,,,,,,,,,42,,,,,,,MRN2,,,,,,,,,,,,,,,,,,,,,,,,,1600,,,3278,,,,,,,,,126417,,,,,,,,2026SE104,,,,,,,,,,,,,,,,,,1817987
8966196,19-01-2026 00:57:00,57.86703000,11.19805000,,,LV,Clupea harengus,I4537,4,,,,1609782,1817976,SWEDEN,77SE,4458,12366,12105,,,3.33,11633,,,,,,,,,,,,,,,,,,,,,,,,,,,42,,,,,,,MRN2,,,,,,,,,,,,,,,,,,,,,,,,,1600,,,3278,,,,,,,,,126417,,,,,,,,2026SE104,,,,,,,,,,,,,,,,,,1817976
8966199,19-01-2026 17:12:00,57.43844000,10.84117000,,,LV,Clupea harengus,I4537,1,,,,1609783,1817977,SWEDEN,77SE,4458,12366,12105,,,3.33,4372,,,,,,,,,,,,,,,,,,,,,,,,,,,46,,,,,,,MRN2,,,,,,,,,,,,,,,,,,,,,,,,,1600,,,1074,,,,,,,,,126417,,,,,,,,2026SE105,,,,,,,,,,,,,,,,,,1817977
8966200,19-01-2026 17:12:00,57.43844000,10.84117000,,,LV,Clupea harengus,I4537,1,,,,1609783,1817978,SWEDEN,77SE,4458,12366,12105,,,3.33,4372,,,,,,,,,,,,,,,,,,,,,,,,,,,46,,,,,,,MRN2,,,,,,,,,,,,,,,,,,,,,,,,,1600,,,1074,,,,,,,,,126417,,,,,,,,2026SE105,,,,,,,,,,,,,,,,,,1817978
8966201,19-01-2026 17:12:00,57.43844000,10.84117000,,,LV,Clupea harengus,I4537,1,,,,1609783,1817979,SWEDEN,77SE,4458,12366,12105,,,3.33,4372,,,,,,,,,,,,,,,,,,,,,,,,,,,46,,,,,,,MRN2,,,,,,,,,,,,,,,,,,,,,,,,,1600,,,1074,,,,,,,,,126417,,,,,,,,2026SE105,,,,,,,,,,,,,,,,,,1817979
8966202,19-01-2026 17:12:00,57.43844000,10.84117000,,,LV,Clupea harengus,I4537,1,,,,1609783,1817980,SWEDEN,77SE,4458,12366,12105,,,3.33,4372,,,,,,,,,,,,,,,,,,,,,,,,,,,46,,,,,,,MRN2,,,,,,,,,,,,,,,,,,,,,,,,,1600,,,1074,,,,,,,,,126417,,,,,,,,2026SE105,,,,,,,,,,,,,,,,,,1817980
8966203,19-01-2026 17:12:00,57.43844000,10.84117000,,,LV,Clupea harengus,I4537,1,,,,1609783,1817981,SWEDEN,77SE,4458,12366,12105,,,3.33,4372,,,,,,,,,,,,,,,,,,,,,,,,,,,46,,,,,,,MRN2,,,,,,,,,,,,,,,,,,,,,,,,,1600,,,1074,,,,,,,,,126417,,,,,,,,2026SE105,,,,,,,,,,,,,,,,,,1817981
8966204,19-01-2026 17:12:00,57.43844000,10.84117000,,,LV,Clupea harengus,I4537,1,,,,1609783,1817970,SWEDEN,77SE,4458,12366,12105,,,3.33,4372,,,,,,,,,,,,,,,,,,,,,,,,,,,46,,,,,,,MRN2,,,,,,,,,,,,,,,,,,,,,,,,,1600,,,1074,,,,,,,,,126417,,,,,,,,2026SE105,,,,,,,,,,,,,,,,,,1817970
8966205,19-01-2026 17:12:00,57.43844000,10.84117000,,,LV,Clupea harengus,I4537,1,,,,1609783,1817971,SWEDEN,77SE,4458,12366,12105,,,3.33,4372,,,,,,,,,,,,,,,,,,,,,,,,,,,46,,,,,,,MRN2,,,,,,,,,,,,,,,,,,,,,,,,,1600,,,1074,,,,,,,,,126417,,,,,,,,2026SE105,,,,,,,,,,,,,,,,,,1817971
8966206,19-01-2026 17:12:00,57.43844000,10.84117000,,,LV,Clupea harengus,I4537,1,,,,1609783,1817972,SWEDEN,77SE,4458,12366,12105,,,3.33,4372,,,,,,,,,,,,,,,,,,,,,,,,,,,46,,,,,,,MRN2,,,,,,,,,,,,,,,,,,,,,,,,,1600,,,1074,,,,,,,,,126417,,,,,,,,2026SE105,,,,,,,,,,,,,,,,,,1817972
8966207,19-01-2026 17:12:00,57.43844000,10.84117000,,,LV,Clupea harengus,I4537,1,,,,1609783,1817973,SWEDEN,77SE,4458,12366,12105,,,3.33,4372,,,,,,,,,,,,,,,,,,,,,,,,,,,46,,,,,,,MRN2,,,,,,,,,,,,,,,,,,,,,,,,,1600,,,1074,,,,,,,,,126417,,,,,,,,2026SE105,,,,,,,,,,,,,,,,,,1817973
8966208,19-01-2026 17:12:00,57.43844000,10.84117000,,,LV,Sardina pilchardus,I4537,1,,,,1609783,1817990,SWEDEN,77SE,4458,12366,12129,,,3.33,4372,,,,,,,,,,,,,,,,,,,,,,,,,,,46,,,,,,,MRN2,,,,,,,,,,,,,,,,,,,,,,,,,1600,,,1074,,,,,,,,,126421,,,,,,,,2026SE105,,,,,,,,,,,,,,,,,,1817990
8966209,19-01-2026 18:44:00,57.58589000,10.80679000,,,LV,Clupea harengus,I4537,2,,,,1609784,1817974,SWEDEN,77SE,4458,12366,12105,,,3.33,4593,,,,,,,,,,,,,,,,,,,,,,,,,,,47,,,,,,,MRN2,,,,,,,,,,,,,,,,,,,,,,,,,1600,,,1500,,,,,,,,,126417,,,,,,,,2026SE106,,,,,,,,,,,,,,,,,,1817974
8966210,19-01-2026 18:44:00,57.58589000,10.80679000,,,LV,Clupea harengus,I4537,1,,,,1609784,1817975,SWEDEN,77SE,4458,12366,12105,,,3.33,4593,,,,,,,,,,,,,,,,,,,,,,,,,,,47,,,,,,,MRN2,,,,,,,,,,,,,,,,,,,,,,,,,1600,,,1500,,,,,,,,,126417,,,,,,,,2026SE106,,,,,,,,,,,,,,,,,,1817975
8966211,19-01-2026 18:44:00,57.58589000,10.80679000,,,LV,Clupea harengus,I4537,1,,,,1609784,1817964,SWEDEN,77SE,4458,12366,12105,,,3.33,4593,,,,,,,,,,,,,,,,,,,,,,,,,,,47,,,,,,,MRN2,,,,,,,,,,,,,,,,,,,,,,,,,1600,,,1500,,,,,,,,,126417,,,,,,,,2026SE106,,,,,,,,,,,,,,,,,,1817964
8966212,19-01-2026 18:44:00,57.58589000,10.80679000,,,LV,Clupea harengus,I4537,1,,,,1609784,1817965,SWEDEN,77SE,4458,12366,12105,,,3.33,4593,,,,,,,,,,,,,,,,,,,,,,,,,,,47,,,,,,,MRN2,,,,,,,,,,,,,,,,,,,,,,,,,1600,,,1500,,,,,,,,,126417,,,,,,,,2026SE106,,,,,,,,,,,,,,,,,,1817965
8966213,19-01-2026 18:44:00,57.58589000,10.80679000,,,LV,Clupea harengus,I4537,1,,,,1609784,1817966,SWEDEN,77SE,4458,12366,12105,,,3.33,4593,,,,,,,,,,,,,,,,,,,,,,,,,,,47,,,,,,,MRN2,,,,,,,,,,,,,,,,,,,,,,,,,1600,,,1500,,,,,,,,,126417,,,,,,,,2026SE106,,,,,,,,,,,,,,,,,,1817966
8966214,19-01-2026 18:44:00,57.58589000,10.80679000,,,LV,Clupea harengus,I4537,2,,,,1609784,1817967,SWEDEN,77SE,4458,12366,12105,,,3.33,4593,,,,,,,,,,,,,,,,,,,,,,,,,,,47,,,,,,,MRN2,,,,,,,,,,,,,,,,,,,,,,,,,1600,,,1500,,,,,,,,,126417,,,,,,,,2026SE106,,,,,,,,,,,,,,,,,,1817967
8966215,19-01-2026 18:44:00,57.58589000,10.80679000,,,LV,Clupea harengus,I4537,1,,,,1609784,1817968,SWEDEN,77SE,4458,12366,12105,,,3.33,4593,,,,,,,,,,,,,,,,,,,,,,,,,,,47,,,,,,,MRN2,,,,,,,,,,,,,,,,,,,,,,,,,1600,,,1500,,,,,,,,,126417,,,,,,,,2026SE106,,,,,,,,,,,,,,,,,,1817968
8966216,19-01-2026 18:44:00,57.58589000,10.80679000,,,LV,Clupea harengus,I4537,1,,,,1609784,1817969,SWEDEN,77SE,4458,12366,12105,,,3.33,4593,,,,,,,,,,,,,,,,,,,,,,,,,,,47,,,,,,,MRN2,,,,,,,,,,,,,,,,,,,,,,,,,1600,,,1500,,,,,,,,,126417,,,,,,,,2026SE106,,,,,,,,,,,,,,,,,,1817969
8966217,19-01-2026 18:44:00,57.58589000,10.80679000,,,LV,Sardina pilchardus,I4537,2,,,,1609784,1817991,SWEDEN,77SE,4458,12366,12129,,,3.33,4593,,,,,,,,,,,,,,,,,,,,,,,,,,,47,,,,,,,MRN2,,,,,,,,,,,,,,,,,,,,,,,,,1600,,,1500,,,,,,,,,126421,,,,,,,,2026SE106,,,,,,,,,,,,,,,,,,1817991
8966218,19-01-2026 20:45:00,57.74786000,11.16670000,,,LV,Clupea harengus,I4537,1,,,,1609785,1817958,SWEDEN,77SE,4458,12366,12105,,,3.33,5492,,,,,,,,,,,,,,,,,,,,,,,,,,,48,,,,,,,MRN2,,,,,,,,,,,,,,,,,,,,,,,,,1600,,,1556,,,,,,,,,126417,,,,,,,,2026SE107,,,,,,,,,,,,,,,,,,1817958
8966219,19-01-2026 20:45:00,57.74786000,11.16670000,,,LV,Clupea harengus,I4537,1,,,,1609785,1817959,SWEDEN,77SE,4458,12366,12105,,,3.33,5492,,,,,,,,,,,,,,,,,,,,,,,,,,,48,,,,,,,MRN2,,,,,,,,,,,,,,,,,,,,,,,,,1600,,,1556,,,,,,,,,126417,,,,,,,,2026SE107,,,,,,,,,,,,,,,,,,1817959
8966220,19-01-2026 20:45:00,57.74786000,11.16670000,,,LV,Clupea harengus,I4537,1,,,,1609785,1817960,SWEDEN,77SE,4458,12366,12105,,,3.33,5492,,,,,,,,,,,,,,,,,,,,,,,,,,,48,,,,,,,MRN2,,,,,,,,,,,,,,,,,,,,,,,,,1600,,,1556,,,,,,,,,126417,,,,,,,,2026SE107,,,,,,,,,,,,,,,,,,1817960
8966222,19-01-2026 22:22:00,57.58523000,11.28882000,,,LV,Clupea harengus,I4537,1,,,,1609786,1817961,SWEDEN,77SE,4458,12366,12105,,,3.33,5364,,,,,,,,,,,,,,,,,,,,,,,,,,,49,,,,,,,MRN2,,,,,,,,,,,,,,,,,,,,,,,,,1600,,,1241,,,,,,,,,126417,,,,,,,,2026SE108,,,,,,,,,,,,,,,,,,1817961
8966223,19-01-2026 22:22:00,57.58523000,11.28882000,,,LV,Clupea harengus,I4537,1,,,,1609786,1817962,SWEDEN,77SE,4458,12366,12105,,,3.33,5364,,,,,,,,,,,,,,,,,,,,,,,,,,,49,,,,,,,MRN2,,,,,,,,,,,,,,,,,,,,,,,,,1600,,,1241,,,,,,,,,126417,,,,,,,,2026SE108,,,,,,,,,,,,,,,,,,1817962
8966224,08-02-2026 01:01:00,55.11496667,7.83608333,,,LV,Clupea harengus,I4537,1,,,,1609882,1818028,GERMANY,26D4,4458,12366,12105,,,3.520047317,3755,,,,,,,,,,,,,,,,,,,,,,,,,,,12,,,,,,,MRN2,,,,,,,,,,,,,,,,,,,,,,,,,1600,,,1093,,VISO,NON,,,,,,126417,,,,,,,,2026DE_012,,,,,,,,,,,,,,,,,,1818028
8966225,08-02-2026 02:23:00,54.91978333,7.83573333,,,LV,Clupea harengus,I4537,1,,,,1609883,1818029,GERMANY,26D4,4458,12366,12105,,,3.520047317,3780,,,,,,,,,,,,,,,,,,,,,,,,,,,13,,,,,,,MRN2,,,,,,,,,,,,,,,,,,,,,,,,,1600,,,963,,VISO,NON,,,,,,126417,,,,,,,,2026DE_013,,,,,,,,,,,,,,,,,,1818029
8966226,08-02-2026 17:33:00,54.91685000,6.79295000,,,LV,Clupea harengus,I4537,5,,,,1609885,1818030,GERMANY,26D4,4458,12366,12105,,,3.520047317,2695,,,,,,,,,,,,,,,,,,,,,,,,,,,21,,,,,,,MRN2,,,,,,,,,,,,,,,,,,,,,,,,,1600,,,796,,VISO,NON,,,,,,126417,,,,,,,,2026DE_021,,,,,,,,,,,,,,,,,,1818030
8966227,08-02-2026 17:33:00,54.91685000,6.79295000,,,LV,Clupea harengus,I4537,36,,,,1609885,1818031,GERMANY,26D4,4458,12366,12105,,,3.520047317,2695,,,,,,,,,,,,,,,,,,,,,,,,,,,21,,,,,,,MRN2,,,,,,,,,,,,,,,,,,,,,,,,,1600,,,796,,VISO,NON,,,,,,126417,,,,,,,,2026DE_021,,,,,,,,,,,,,,,,,,1818031
8966228,08-02-2026 17:33:00,54.91685000,6.79295000,,,LV,Clupea harengus,I4537,15,,,,1609885,1818032,GERMANY,26D4,4458,12366,12105,,,3.520047317,2695,,,,,,,,,,,,,,,,,,,,,,,,,,,21,,,,,,,MRN2,,,,,,,,,,,,,,,,,,,,,,,,,1600,,,796,,VISO,NON,,,,,,126417,,,,,,,,2026DE_021,,,,,,,,,,,,,,,,,,1818032
8966229,08-02-2026 17:33:00,54.91685000,6.79295000,,,LV,Clupea harengus,I4537,16,,,,1609885,1818033,GERMANY,26D4,4458,12366,12105,,,3.520047317,2695,,,,,,,,,,,,,,,,,,,,,,,,,,,21,,,,,,,MRN2,,,,,,,,,,,,,,,,,,,,,,,,,1600,,,796,,VISO,NON,,,,,,126417,,,,,,,,2026DE_021,,,,,,,,,,,,,,,,,,1818033
8966230,08-02-2026 17:33:00,54.91685000,6.79295000,,,LV,Clupea harengus,I4537,23,,,,1609885,1818321,GERMANY,26D4,4458,12366,12105,,,3.520047317,2695,,,,,,,,,,,,,,,,,,,,,,,,,,,21,,,,,,,MRN2,,,,,,,,,,,,,,,,,,,,,,,,,1600,,,796,,VISO,NON,,,,,,126417,,,,,,,,2026DE_021,,,,,,,,,,,,,,,,,,1818321
8966231,08-02-2026 17:33:00,54.91685000,6.79295000,,,LV,Clupea harengus,I4537,14,,,,1609885,1818322,GERMANY,26D4,4458,12366,12105,,,3.520047317,2695,,,,,,,,,,,,,,,,,,,,,,,,,,,21,,,,,,,MRN2,,,,,,,,,,,,,,,,,,,,,,,,,1600,,,796,,VISO,NON,,,,,,126417,,,,,,,,2026DE_021,,,,,,,,,,,,,,,,,,1818322
8966232,08-02-2026 17:33:00,54.91685000,6.79295000,,,LV,Clupea harengus,I4537,23,,,,1609885,1818323,GERMANY,26D4,4458,12366,12105,,,3.520047317,2695,,,,,,,,,,,,,,,,,,,,,,,,,,,21,,,,,,,MRN2,,,,,,,,,,,,,,,,,,,,,,,,,1600,,,796,,VISO,NON,,,,,,126417,,,,,,,,2026DE_021,,,,,,,,,,,,,,,,,,1818323
8966233,08-02-2026 17:33:00,54.91685000,6.79295000,,,LV,Clupea harengus,I4537,13,,,,1609885,1818324,GERMANY,26D4,4458,12366,12105,,,3.520047317,2695,,,,,,,,,,,,,,,,,,,,,,,,,,,21,,,,,,,MRN2,,,,,,,,,,,,,,,,,,,,,,,,,1600,,,796,,VISO,NON,,,,,,126417,,,,,,,,2026DE_021,,,,,,,,,,,,,,,,,,1818324
8966234,08-02-2026 17:33:00,54.91685000,6.79295000,,,LV,Clupea harengus,I4537,4,,,,1609885,1818325,GERMANY,26D4,4458,12366,12105,,,3.520047317,2695,,,,,,,,,,,,,,,,,,,,,,,,,,,21,,,,,,,MRN2,,,,,,,,,,,,,,,,,,,,,,,,,1600,,,796,,VISO,NON,,,,,,126417,,,,,,,,2026DE_021,,,,,,,,,,,,,,,,,,1818325
8966235,08-02-2026 17:33:00,54.91685000,6.79295000,,,LV,Clupea harengus,I4537,8,,,,1609885,1818326,GERMANY,26D4,4458,12366,12105,,,3.520047317,2695,,,,,,,,,,,,,,,,,,,,,,,,,,,21,,,,,,,MRN2,,,,,,,,,,,,,,,,,,,,,,,,,1600,,,796,,VISO,NON,,,,,,126417,,,,,,,,2026DE_021,,,,,,,,,,,,,,,,,,1818326
8966236,08-02-2026 17:33:00,54.91685000,6.79295000,,,LV,Clupea harengus,I4537,2,,,,1609885,1818315,GERMANY,26D4,4458,12366,12105,,,3.520047317,2695,,,,,,,,,,,,,,,,,,,,,,,,,,,21,,,,,,,MRN2,,,,,,,,,,,,,,,,,,,,,,,,,1600,,,796,,VISO,NON,,,,,,126417,,,,,,,,2026DE_021,,,,,,,,,,,,,,,,,,1818315
8966237,08-02-2026 17:33:00,54.91685000,6.79295000,,,LV,Clupea harengus,I4537,3,,,,1609885,1818316,GERMANY,26D4,4458,12366,12105,,,3.520047317,2695,,,,,,,,,,,,,,,,,,,,,,,,,,,21,,,,,,,MRN2,,,,,,,,,,,,,,,,,,,,,,,,,1600,,,796,,VISO,NON,,,,,,126417,,,,,,,,2026DE_021,,,,,,,,,,,,,,,,,,1818316
8966238,08-02-2026 19:26:00,54.90906667,6.25688333,,,LV,Clupea harengus,I4537,2,,,,1609886,1818317,GERMANY,26D4,4458,12366,12105,,,3.520047317,3788,,,,,,,,,,,,,,,,,,,,,,,,,,,22,,,,,,,MRN2,,,,,,,,,,,,,,,,,,,,,,,,,1600,,,1130,,VISO,NON,,,,,,126417,,,,,,,,2026DE_022,,,,,,,,,,,,,,,,,,1818317
8966239,08-02-2026 19:26:00,54.90906667,6.25688333,,,LV,Clupea harengus,I4537,19,,,,1609886,1818318,GERMANY,26D4,4458,12366,12105,,,3.520047317,3788,,,,,,,,,,,,,,,,,,,,,,,,,,,22,,,,,,,MRN2,,,,,,,,,,,,,,,,,,,,,,,,,1600,,,1130,,VISO,NON,,,,,,126417,,,,,,,,2026DE_022,,,,,,,,,,,,,,,,,,1818318
8966240,08-02-2026 19:26:00,54.90906667,6.25688333,,,LV,Clupea harengus,I4537,17,,,,1609886,1818319,GERMANY,26D4,4458,12366,12105,,,3.520047317,3788,,,,,,,,,,,,,,,,,,,,,,,,,,,22,,,,,,,MRN2,,,,,,,,,,,,,,,,,,,,,,,,,1600,,,1130,,VISO,NON,,,,,,126417,,,,,,,,2026DE_022,,,,,,,,,,,,,,,,,,1818319
8966241,08-02-2026 19:26:00,54.90906667,6.25688333,,,LV,Clupea harengus,I4537,23,,,,1609886,1818320,GERMANY,26D4,4458,12366,12105,,,3.520047317,3788,,,,,,,,,,,,,,,,,,,,,,,,,,,22,,,,,,,MRN2,,,,,,,,,,,,,,,,,,,,,,,,,1600,,,1130,,VISO,NON,,,,,,126417,,,,,,,,2026DE_022,,,,,,,,,,,,,,,,,,1818320
8966242,08-02-2026 19:26:00,54.90906667,6.25688333,,,LV,Clupea harengus,I4537,24,,,,1609886,1818309,GERMANY,26D4,4458,12366,12105,,,3.520047317,3788,,,,,,,,,,,,,,,,,,,,,,,,,,,22,,,,,,,MRN2,,,,,,,,,,,,,,,,,,,,,,,,,1600,,,1130,,VISO,NON,,,,,,126417,,,,,,,,2026DE_022,,,,,,,,,,,,,,,,,,1818309
8966243,08-02-2026 19:26:00,54.90906667,6.25688333,,,LV,Clupea harengus,I4537,27,,,,1609886,1818310,GERMANY,26D4,4458,12366,12105,,,3.520047317,3788,,,,,,,,,,,,,,,,,,,,,,,,,,,22,,,,,,,MRN2,,,,,,,,,,,,,,,,,,,,,,,,,1600,,,1130,,VISO,NON,,,,,,126417,,,,,,,,2026DE_022,,,,,,,,,,,,,,,,,,1818310
8966244,08-02-2026 19:26:00,54.90906667,6.25688333,,,LV,Clupea harengus,I4537,34,,,,1609886,1818311,GERMANY,26D4,4458,12366,12105,,,3.520047317,3788,,,,,,,,,,,,,,,,,,,,,,,,,,,22,,,,,,,MRN2,,,,,,,,,,,,,,,,,,,,,,,,,1600,,,1130,,VISO,NON,,,,,,126417,,,,,,,,2026DE_022,,,,,,,,,,,,,,,,,,1818311
8966245,08-02-2026 19:26:00,54.90906667,6.25688333,,,LV,Clupea harengus,I4537,26,,,,1609886,1818312,GERMANY,26D4,4458,12366,12105,,,3.520047317,3788,,,,,,,,,,,,,,,,,,,,,,,,,,,22,,,,,,,MRN2,,,,,,,,,,,,,,,,,,,,,,,,,1600,,,1130,,VISO,NON,,,,,,126417,,,,,,,,2026DE_022,,,,,,,,,,,,,,,,,,1818312
8966246,08-02-2026 19:26:00,54.90906667,6.25688333,,,LV,Clupea harengus,I4537,5,,,,1609886,1818313,GERMANY,26D4,4458,12366,12105,,,3.520047317,3788,,,,,,,,,,,,,,,,,,,,,,,,,,,22,,,,,,,MRN2,,,,,,,,,,,,,,,,,,,,,,,,,1600,,,1130,,VISO,NON,,,,,,126417,,,,,,,,2026DE_022,,,,,,,,,,,,,,,,,,1818313
8966247,08-02-2026 19:26:00,54.90906667,6.25688333,,,LV,Clupea harengus,I4537,9,,,,1609886,1818314,GERMANY,26D4,4458,12366,12105,,,3.520047317,3788,,,,,,,,,,,,,,,,,,,,,,,,,,,22,,,,,,,MRN2,,,,,,,,,,,,,,,,,,,,,,,,,1600,,,1130,,VISO,NON,,,,,,126417,,,,,,,,2026DE_022,,,,,,,,,,,,,,,,,,1818314
8966248,08-02-2026 21:27:00,55.09486667,5.81261667,,,LV,Clupea harengus,I4537,2,,,,1609887,1818303,GERMANY,26D4,4458,12366,12105,,,3.520047317,4191,,,,,,,,,,,,,,,,,,,,,,,,,,,23,,,,,,,MRN2,,,,,,,,,,,,,,,,,,,,,,,,,1600,,,1296,,VISO,NON,,,,,,126417,,,,,,,,2026DE_023,,,,,,,,,,,,,,,,,,1818303
8966249,08-02-2026 21:27:00,55.09486667,5.81261667,,,LV,Clupea harengus,I4537,1,,,,1609887,1818304,GERMANY,26D4,4458,12366,12105,,,3.520047317,4191,,,,,,,,,,,,,,,,,,,,,,,,,,,23,,,,,,,MRN2,,,,,,,,,,,,,,,,,,,,,,,,,1600,,,1296,,VISO,NON,,,,,,126417,,,,,,,,2026DE_023,,,,,,,,,,,,,,,,,,1818304
8966250,08-02-2026 21:27:00,55.09486667,5.81261667,,,LV,Clupea harengus,I4537,1,,,,1609887,1818305,GERMANY,26D4,4458,12366,12105,,,3.520047317,4191,,,,,,,,,,,,,,,,,,,,,,,,,,,23,,,,,,,MRN2,,,,,,,,,,,,,,,,,,,,,,,,,1600,,,1296,,VISO,NON,,,,,,126417,,,,,,,,2026DE_023,,,,,,,,,,,,,,,,,,1818305
8966251,08-02-2026 21:27:00,55.09486667,5.81261667,,,LV,Clupea harengus,I4537,1,,,,1609887,1818306,GERMANY,26D4,4458,12366,12105,,,3.520047317,4191,,,,,,,,,,,,,,,,,,,,,,,,,,,23,,,,,,,MRN2,,,,,,,,,,,,,,,,,,,,,,,,,1600,,,1296,,VISO,NON,,,,,,126417,,,,,,,,2026DE_023,,,,,,,,,,,,,,,,,,1818306
8966252,08-02-2026 21:27:00,55.09486667,5.81261667,,,LV,Clupea harengus,I4537,1,,,,1609887,1818307,GERMANY,26D4,4458,12366,12105,,,3.520047317,4191,,,,,,,,,,,,,,,,,,,,,,,,,,,23,,,,,,,MRN2,,,,,,,,,,,,,,,,,,,,,,,,,1600,,,1296,,VISO,NON,,,,,,126417,,,,,,,,2026DE_023,,,,,,,,,,,,,,,,,,1818307
8966253,08-02-2026 23:10:00,55.33886667,5.66318333,,,LV,Clupea harengus,I4537,1,,,,1609888,1818308,GERMANY,26D4,4458,12366,12105,,,3.520047317,5330,,,,,,,,,,,,,,,,,,,,,,,,,,,24,,,,,,,MRN2,,,,,,,,,,,,,,,,,,,,,,,,,1600,,,1704,,VISO,NON,,,,,,126417,,,,,,,,2026DE_024,,,,,,,,,,,,,,,,,,1818308
8966254,08-02-2026 23:10:00,55.33886667,5.66318333,,,LV,Clupea harengus,I4537,2,,,,1609888,1818297,GERMANY,26D4,4458,12366,12105,,,3.520047317,5330,,,,,,,,,,,,,,,,,,,,,,,,,,,24,,,,,,,MRN2,,,,,,,,,,,,,,,,,,,,,,,,,1600,,,1704,,VISO,NON,,,,,,126417,,,,,,,,2026DE_024,,,,,,,,,,,,,,,,,,1818297
8966255,08-02-2026 23:10:00,55.33886667,5.66318333,,,LV,Clupea harengus,I4537,13,,,,1609888,1818298,GERMANY,26D4,4458,12366,12105,,,3.520047317,5330,,,,,,,,,,,,,,,,,,,,,,,,,,,24,,,,,,,MRN2,,,,,,,,,,,,,,,,,,,,,,,,,1600,,,1704,,VISO,NON,,,,,,126417,,,,,,,,2026DE_024,,,,,,,,,,,,,,,,,,1818298
8966256,08-02-2026 23:10:00,55.33886667,5.66318333,,,LV,Clupea harengus,I4537,23,,,,1609888,1818299,GERMANY,26D4,4458,12366,12105,,,3.520047317,5330,,,,,,,,,,,,,,,,,,,,,,,,,,,24,,,,,,,MRN2,,,,,,,,,,,,,,,,,,,,,,,,,1600,,,1704,,VISO,NON,,,,,,126417,,,,,,,,2026DE_024,,,,,,,,,,,,,,,,,,1818299
8966257,08-02-2026 23:10:00,55.33886667,5.66318333,,,LV,Clupea harengus,I4537,41,,,,1609888,1818300,GERMANY,26D4,4458,12366,12105,,,3.520047317,5330,,,,,,,,,,,,,,,,,,,,,,,,,,,24,,,,,,,MRN2,,,,,,,,,,,,,,,,,,,,,,,,,1600,,,1704,,VISO,NON,,,,,,126417,,,,,,,,2026DE_024,,,,,,,,,,,,,,,,,,1818300
8966258,08-02-2026 23:10:00,55.33886667,5.66318333,,,LV,Clupea harengus,I4537,101,,,,1609888,1818301,GERMANY,26D4,4458,12366,12105,,,3.520047317,5330,,,,,,,,,,,,,,,,,,,,,,,,,,,24,,,,,,,MRN2,,,,,,,,,,,,,,,,,,,,,,,,,1600,,,1704,,VISO,NON,,,,,,126417,,,,,,,,2026DE_024,,,,,,,,,,,,,,,,,,1818301
8966259,08-02-2026 23:10:00,55.33886667,5.66318333,,,LV,Clupea harengus,I4537,34,,,,1609888,1818302,GERMANY,26D4,4458,12366,12105,,,3.520047317,5330,,,,,,,,,,,,,,,,,,,,,,,,,,,24,,,,,,,MRN2,,,,,,,,,,,,,,,,,,,,,,,,,1600,,,1704,,VISO,NON,,,,,,126417,,,,,,,,2026DE_024,,,,,,,,,,,,,,,,,,1818302
8966260,08-02-2026 23:10:00,55.33886667,5.66318333,,,LV,Clupea harengus,I4537,16,,,,1609888,1818291,GERMANY,26D4,4458,12366,12105,,,3.520047317,5330,,,,,,,,,,,,,,,,,,,,,,,,,,,24,,,,,,,MRN2,,,,,,,,,,,,,,,,,,,,,,,,,1600,,,1704,,VISO,NON,,,,,,126417,,,,,,,,2026DE_024,,,,,,,,,,,,,,,,,,1818291
8966261,08-02-2026 23:10:00,55.33886667,5.66318333,,,LV,Clupea harengus,I4537,17,,,,1609888,1818292,GERMANY,26D4,4458,12366,12105,,,3.520047317,5330,,,,,,,,,,,,,,,,,,,,,,,,,,,24,,,,,,,MRN2,,,,,,,,,,,,,,,,,,,,,,,,,1600,,,1704,,VISO,NON,,,,,,126417,,,,,,,,2026DE_024,,,,,,,,,,,,,,,,,,1818292
8966262,08-02-2026 23:10:00,55.33886667,5.66318333,,,LV,Clupea harengus,I4537,17,,,,1609888,1818293,GERMANY,26D4,4458,12366,12105,,,3.520047317,5330,,,,,,,,,,,,,,,,,,,,,,,,,,,24,,,,,,,MRN2,,,,,,,,,,,,,,,,,,,,,,,,,1600,,,1704,,VISO,NON,,,,,,126417,,,,,,,,2026DE_024,,,,,,,,,,,,,,,,,,1818293
8966263,08-02-2026 23:10:00,55.33886667,5.66318333,,,LV,Clupea harengus,I4537,19,,,,1609888,1818294,GERMANY,26D4,4458,12366,12105,,,3.520047317,5330,,,,,,,,,,,,,,,,,,,,,,,,,,,24,,,,,,,MRN2,,,,,,,,,,,,,,,,,,,,,,,,,1600,,,1704,,VISO,NON,,,,,,126417,,,,,,,,2026DE_024,,,,,,,,,,,,,,,,,,1818294
8966264,08-02-2026 23:10:00,55.33886667,5.66318333,,,LV,Clupea harengus,I4537,3,,,,1609888,1818295,GERMANY,26D4,4458,12366,12105,,,3.520047317,5330,,,,,,,,,,,,,,,,,,,,,,,,,,,24,,,,,,,MRN2,,,,,,,,,,,,,,,,,,,,,,,,,1600,,,1704,,VISO,NON,,,,,,126417,,,,,,,,2026DE_024,,,,,,,,,,,,,,,,,,1818295
8966265,08-02-2026 23:10:00,55.33886667,5.66318333,,,LV,Clupea harengus,I4537,2,,,,1609888,1818296,GERMANY,26D4,4458,12366,12105,,,3.520047317,5330,,,,,,,,,,,,,,,,,,,,,,,,,,,24,,,,,,,MRN2,,,,,,,,,,,,,,,,,,,,,,,,,1600,,,1704,,VISO,NON,,,,,,126417,,,,,,,,2026DE_024,,,,,,,,,,,,,,,,,,1818296
8966266,08-02-2026 23:10:00,55.33886667,5.66318333,,,LV,Clupea harengus,I4537,1,,,,1609888,1818285,GERMANY,26D4,4458,12366,12105,,,3.520047317,5330,,,,,,,,,,,,,,,,,,,,,,,,,,,24,,,,,,,MRN2,,,,,,,,,,,,,,,,,,,,,,,,,1600,,,1704,,VISO,NON,,,,,,126417,,,,,,,,2026DE_024,,,,,,,,,,,,,,,,,,1818285
8966267,08-02-2026 23:10:00,55.33886667,5.66318333,,,LV,Clupea harengus,I4537,2,,,,1609888,1818286,GERMANY,26D4,4458,12366,12105,,,3.520047317,5330,,,,,,,,,,,,,,,,,,,,,,,,,,,24,,,,,,,MRN2,,,,,,,,,,,,,,,,,,,,,,,,,1600,,,1704,,VISO,NON,,,,,,126417,,,,,,,,2026DE_024,,,,,,,,,,,,,,,,,,1818286
8966268,08-02-2026 23:10:00,55.33886667,5.66318333,,,LV,Clupea harengus,I4537,1,,,,1609888,1818287,GERMANY,26D4,4458,12366,12105,,,3.520047317,5330,,,,,,,,,,,,,,,,,,,,,,,,,,,24,,,,,,,MRN2,,,,,,,,,,,,,,,,,,,,,,,,,1600,,,1704,,VISO,NON,,,,,,126417,,,,,,,,2026DE_024,,,,,,,,,,,,,,,,,,1818287
8966269,08-02-2026 23:10:00,55.33886667,5.66318333,,,LV,Clupea harengus,I4537,1,,,,1609888,1818288,GERMANY,26D4,4458,12366,12105,,,3.520047317,5330,,,,,,,,,,,,,,,,,,,,,,,,,,,24,,,,,,,MRN2,,,,,,,,,,,,,,,,,,,,,,,,,1600,,,1704,,VISO,NON,,,,,,126417,,,,,,,,2026DE_024,,,,,,,,,,,,,,,,,,1818288
8966270,08-02-2026 23:10:00,55.33886667,5.66318333,,,LV,Clupea harengus,I4537,1,,,,1609888,1818289,GERMANY,26D4,4458,12366,12105,,,3.520047317,5330,,,,,,,,,,,,,,,,,,,,,,,,,,,24,,,,,,,MRN2,,,,,,,,,,,,,,,,,,,,,,,,,1600,,,1704,,VISO,NON,,,,,,126417,,,,,,,,2026DE_024,,,,,,,,,,,,,,,,,,1818289
8966271,09-02-2026 00:58:00,55.58125000,5.53266667,,,LV,Clupea harengus,I4537,1,,,,1609889,1818290,GERMANY,26D4,4458,12366,12105,,,3.520047317,2932,,,,,,,,,,,,,,,,,,,,,,,,,,,25,,,,,,,MRN2,,,,,,,,,,,,,,,,,,,,,,,,,1600,,,815,,VISO,NON,,,,,,126417,,,,,,,,2026DE_025,,,,,,,,,,,,,,,,,,1818290
8966272,09-02-2026 00:58:00,55.58125000,5.53266667,,,LV,Clupea harengus,I4537,1,,,,1609889,1818279,GERMANY,26D4,4458,12366,12105,,,3.520047317,2932,,,,,,,,,,,,,,,,,,,,,,,,,,,25,,,,,,,MRN2,,,,,,,,,,,,,,,,,,,,,,,,,1600,,,815,,VISO,NON,,,,,,126417,,,,,,,,2026DE_025,,,,,,,,,,,,,,,,,,1818279
8966273,09-02-2026 00:58:00,55.58125000,5.53266667,,,LV,Clupea harengus,I4537,1,,,,1609889,1818280,GERMANY,26D4,4458,12366,12105,,,3.520047317,2932,,,,,,,,,,,,,,,,,,,,,,,,,,,25,,,,,,,MRN2,,,,,,,,,,,,,,,,,,,,,,,,,1600,,,815,,VISO,NON,,,,,,126417,,,,,,,,2026DE_025,,,,,,,,,,,,,,,,,,1818280
8966274,09-02-2026 04:01:00,55.40965000,6.15550000,,,LV,Clupea harengus,I4537,2,,,,1609890,1818281,GERMANY,26D4,4458,12366,12105,,,3.520047317,6488,,,,,,,,,,,,,,,,,,,,,,,,,,,26,,,,,,,MRN2,,,,,,,,,,,,,,,,,,,,,,,,,1600,,,1574,,VISO,NON,,,,,,126417,,,,,,,,2026DE_026,,,,,,,,,,,,,,,,,,1818281
8966275,09-02-2026 04:01:00,55.40965000,6.15550000,,,LV,Clupea harengus,I4537,2,,,,1609890,1818282,GERMANY,26D4,4458,12366,12105,,,3.520047317,6488,,,,,,,,,,,,,,,,,,,,,,,,,,,26,,,,,,,MRN2,,,,,,,,,,,,,,,,,,,,,,,,,1600,,,1574,,VISO,NON,,,,,,126417,,,,,,,,2026DE_026,,,,,,,,,,,,,,,,,,1818282
8966276,09-02-2026 04:01:00,55.40965000,6.15550000,,,LV,Clupea harengus,I4537,5,,,,1609890,1818283,GERMANY,26D4,4458,12366,12105,,,3.520047317,6488,,,,,,,,,,,,,,,,,,,,,,,,,,,26,,,,,,,MRN2,,,,,,,,,,,,,,,,,,,,,,,,,1600,,,1574,,VISO,NON,,,,,,126417,,,,,,,,2026DE_026,,,,,,,,,,,,,,,,,,1818283
8966277,09-02-2026 04:01:00,55.40965000,6.15550000,,,LV,Clupea harengus,I4537,2,,,,1609890,1818284,GERMANY,26D4,4458,12366,12105,,,3.520047317,6488,,,,,,,,,,,,,,,,,,,,,,,,,,,26,,,,,,,MRN2,,,,,,,,,,,,,,,,,,,,,,,,,1600,,,1574,,VISO,NON,,,,,,126417,,,,,,,,2026DE_026,,,,,,,,,,,,,,,,,,1818284
8966278,09-02-2026 04:01:00,55.40965000,6.15550000,,,LV,Clupea harengus,I4537,12,,,,1609890,1818273,GERMANY,26D4,4458,12366,12105,,,3.520047317,6488,,,,,,,,,,,,,,,,,,,,,,,,,,,26,,,,,,,MRN2,,,,,,,,,,,,,,,,,,,,,,,,,1600,,,1574,,VISO,NON,,,,,,126417,,,,,,,,2026DE_026,,,,,,,,,,,,,,,,,,1818273
8966279,09-02-2026 04:01:00,55.40965000,6.15550000,,,LV,Clupea harengus,I4537,11,,,,1609890,1818274,GERMANY,26D4,4458,12366,12105,,,3.520047317,6488,,,,,,,,,,,,,,,,,,,,,,,,,,,26,,,,,,,MRN2,,,,,,,,,,,,,,,,,,,,,,,,,1600,,,1574,,VISO,NON,,,,,,126417,,,,,,,,2026DE_026,,,,,,,,,,,,,,,,,,1818274
8966280,09-02-2026 04:01:00,55.40965000,6.15550000,,,LV,Clupea harengus,I4537,5,,,,1609890,1818275,GERMANY,26D4,4458,12366,12105,,,3.520047317,6488,,,,,,,,,,,,,,,,,,,,,,,,,,,26,,,,,,,MRN2,,,,,,,,,,,,,,,,,,,,,,,,,1600,,,1574,,VISO,NON,,,,,,126417,,,,,,,,2026DE_026,,,,,,,,,,,,,,,,,,1818275
8966281,09-02-2026 04:01:00,55.40965000,6.15550000,,,LV,Clupea harengus,I4537,6,,,,1609890,1818276,GERMANY,26D4,4458,12366,12105,,,3.520047317,6488,,,,,,,,,,,,,,,,,,,,,,,,,,,26,,,,,,,MRN2,,,,,,,,,,,,,,,,,,,,,,,,,1600,,,1574,,VISO,NON,,,,,,126417,,,,,,,,2026DE_026,,,,,,,,,,,,,,,,,,1818276
8966282,09-02-2026 04:01:00,55.40965000,6.15550000,,,LV,Clupea harengus,I4537,4,,,,1609890,1818277,GERMANY,26D4,4458,12366,12105,,,3.520047317,6488,,,,,,,,,,,,,,,,,,,,,,,,,,,26,,,,,,,MRN2,,,,,,,,,,,,,,,,,,,,,,,,,1600,,,1574,,VISO,NON,,,,,,126417,,,,,,,,2026DE_026,,,,,,,,,,,,,,,,,,1818277
8966283,09-02-2026 04:01:00,55.40965000,6.15550000,,,LV,Clupea harengus,I4537,1,,,,1609890,1818278,GERMANY,26D4,4458,12366,12105,,,3.520047317,6488,,,,,,,,,,,,,,,,,,,,,,,,,,,26,,,,,,,MRN2,,,,,,,,,,,,,,,,,,,,,,,,,1600,,,1574,,VISO,NON,,,,,,126417,,,,,,,,2026DE_026,,,,,,,,,,,,,,,,,,1818278
8966284,09-02-2026 04:01:00,55.40965000,6.15550000,,,LV,Clupea harengus,I4537,1,,,,1609890,1818267,GERMANY,26D4,4458,12366,12105,,,3.520047317,6488,,,,,,,,,,,,,,,,,,,,,,,,,,,26,,,,,,,MRN2,,,,,,,,,,,,,,,,,,,,,,,,,1600,,,1574,,VISO,NON,,,,,,126417,,,,,,,,2026DE_026,,,,,,,,,,,,,,,,,,1818267
8966285,09-02-2026 05:32:00,55.31988333,6.44103333,,,LV,Clupea harengus,I4537,4,,,,1609891,1818268,GERMANY,26D4,4458,12366,12105,,,3.520047317,5933,,,,,,,,,,,,,,,,,,,,,,,,,,,27,,,,,,,MRN2,,,,,,,,,,,,,,,,,,,,,,,,,1600,,,1296,,VISO,NON,,,,,,126417,,,,,,,,2026DE_027,,,,,,,,,,,,,,,,,,1818268
8966286,09-02-2026 05:32:00,55.31988333,6.44103333,,,LV,Clupea harengus,I4537,1,,,,1609891,1818269,GERMANY,26D4,4458,12366,12105,,,3.520047317,5933,,,,,,,,,,,,,,,,,,,,,,,,,,,27,,,,,,,MRN2,,,,,,,,,,,,,,,,,,,,,,,,,1600,,,1296,,VISO,NON,,,,,,126417,,,,,,,,2026DE_027,,,,,,,,,,,,,,,,,,1818269
8966287,09-02-2026 05:32:00,55.31988333,6.44103333,,,LV,Clupea harengus,I4537,6,,,,1609891,1818270,GERMANY,26D4,4458,12366,12105,,,3.520047317,5933,,,,,,,,,,,,,,,,,,,,,,,,,,,27,,,,,,,MRN2,,,,,,,,,,,,,,,,,,,,,,,,,1600,,,1296,,VISO,NON,,,,,,126417,,,,,,,,2026DE_027,,,,,,,,,,,,,,,,,,1818270
8966288,09-02-2026 05:32:00,55.31988333,6.44103333,,,LV,Clupea harengus,I4537,5,,,,1609891,1818271,GERMANY,26D4,4458,12366,12105,,,3.520047317,5933,,,,,,,,,,,,,,,,,,,,,,,,,,,27,,,,,,,MRN2,,,,,,,,,,,,,,,,,,,,,,,,,1600,,,1296,,VISO,NON,,,,,,126417,,,,,,,,2026DE_027,,,,,,,,,,,,,,,,,,1818271
8966289,09-02-2026 05:32:00,55.31988333,6.44103333,,,LV,Clupea harengus,I4537,6,,,,1609891,1818272,GERMANY,26D4,4458,12366,12105,,,3.520047317,5933,,,,,,,,,,,,,,,,,,,,,,,,,,,27,,,,,,,MRN2,,,,,,,,,,,,,,,,,,,,,,,,,1600,,,1296,,VISO,NON,,,,,,126417,,,,,,,,2026DE_027,,,,,,,,,,,,,,,,,,1818272
8966290,09-02-2026 05:32:00,55.31988333,6.44103333,,,LV,Clupea harengus,I4537,15,,,,1609891,1818261,GERMANY,26D4,4458,12366,12105,,,3.520047317,5933,,,,,,,,,,,,,,,,,,,,,,,,,,,27,,,,,,,MRN2,,,,,,,,,,,,,,,,,,,,,,,,,1600,,,1296,,VISO,NON,,,,,,126417,,,,,,,,2026DE_027,,,,,,,,,,,,,,,,,,1818261
8966291,09-02-2026 05:32:00,55.31988333,6.44103333,,,LV,Clupea harengus,I4537,4,,,,1609891,1818262,GERMANY,26D4,4458,12366,12105,,,3.520047317,5933,,,,,,,,,,,,,,,,,,,,,,,,,,,27,,,,,,,MRN2,,,,,,,,,,,,,,,,,,,,,,,,,1600,,,1296,,VISO,NON,,,,,,126417,,,,,,,,2026DE_027,,,,,,,,,,,,,,,,,,1818262
8966292,09-02-2026 05:32:00,55.31988333,6.44103333,,,LV,Clupea harengus,I4537,5,,,,1609891,1818263,GERMANY,26D4,4458,12366,12105,,,3.520047317,5933,,,,,,,,,,,,,,,,,,,,,,,,,,,27,,,,,,,MRN2,,,,,,,,,,,,,,,,,,,,,,,,,1600,,,1296,,VISO,NON,,,,,,126417,,,,,,,,2026DE_027,,,,,,,,,,,,,,,,,,1818263
8966293,09-02-2026 05:32:00,55.31988333,6.44103333,,,LV,Clupea harengus,I4537,1,,,,1609891,1818264,GERMANY,26D4,4458,12366,12105,,,3.520047317,5933,,,,,,,,,,,,,,,,,,,,,,,,,,,27,,,,,,,MRN2,,,,,,,,,,,,,,,,,,,,,,,,,1600,,,1296,,VISO,NON,,,,,,126417,,,,,,,,2026DE_027,,,,,,,,,,,,,,,,,,1818264
8966294,09-02-2026 05:32:00,55.31988333,6.44103333,,,LV,Clupea harengus,I4537,1,,,,1609891,1818265,GERMANY,26D4,4458,12366,12105,,,3.520047317,5933,,,,,,,,,,,,,,,,,,,,,,,,,,,27,,,,,,,MRN2,,,,,,,,,,,,,,,,,,,,,,,,,1600,,,1296,,VISO,NON,,,,,,126417,,,,,,,,2026DE_027,,,,,,,,,,,,,,,,,,1818265
8966295,09-02-2026 17:38:00,55.59483333,5.83530000,,,LV,Clupea harengus,I4537,13,,,,1609892,1818266,GERMANY,26D4,4458,12366,12105,,,3.520047317,4715,,,,,,,,,,,,,,,,,,,,,,,,,,,34,,,,,,,MRN2,,,,,,,,,,,,,,,,,,,,,,,,,1600,,,1389,,VISO,NON,,,,,,126417,,,,,,,,2026DE_034,,,,,,,,,,,,,,,,,,1818266
8966296,09-02-2026 17:38:00,55.59483333,5.83530000,,,LV,Clupea harengus,I4537,5,,,,1609892,1818255,GERMANY,26D4,4458,12366,12105,,,3.520047317,4715,,,,,,,,,,,,,,,,,,,,,,,,,,,34,,,,,,,MRN2,,,,,,,,,,,,,,,,,,,,,,,,,1600,,,1389,,VISO,NON,,,,,,126417,,,,,,,,2026DE_034,,,,,,,,,,,,,,,,,,1818255
8966297,09-02-2026 17:38:00,55.59483333,5.83530000,,,LV,Clupea harengus,I4537,8,,,,1609892,1818256,GERMANY,26D4,4458,12366,12105,,,3.520047317,4715,,,,,,,,,,,,,,,,,,,,,,,,,,,34,,,,,,,MRN2,,,,,,,,,,,,,,,,,,,,,,,,,1600,,,1389,,VISO,NON,,,,,,126417,,,,,,,,2026DE_034,,,,,,,,,,,,,,,,,,1818256
8966298,09-02-2026 17:38:00,55.59483333,5.83530000,,,LV,Clupea harengus,I4537,4,,,,1609892,1818257,GERMANY,26D4,4458,12366,12105,,,3.520047317,4715,,,,,,,,,,,,,,,,,,,,,,,,,,,34,,,,,,,MRN2,,,,,,,,,,,,,,,,,,,,,,,,,1600,,,1389,,VISO,NON,,,,,,126417,,,,,,,,2026DE_034,,,,,,,,,,,,,,,,,,1818257
8966299,09-02-2026 17:38:00,55.59483333,5.83530000,,,LV,Clupea harengus,I4537,1,,,,1609892,1818258,GERMANY,26D4,4458,12366,12105,,,3.520047317,4715,,,,,,,,,,,,,,,,,,,,,,,,,,,34,,,,,,,MRN2,,,,,,,,,,,,,,,,,,,,,,,,,1600,,,1389,,VISO,NON,,,,,,126417,,,,,,,,2026DE_034,,,,,,,,,,,,,,,,,,1818258
8966300,09-02-2026 17:38:00,55.59483333,5.83530000,,,LV,Clupea harengus,I4537,1,,,,1609892,1818259,GERMANY,26D4,4458,12366,12105,,,3.520047317,4715,,,,,,,,,,,,,,,,,,,,,,,,,,,34,,,,,,,MRN2,,,,,,,,,,,,,,,,,,,,,,,,,1600,,,1389,,VISO,NON,,,,,,126417,,,,,,,,2026DE_034,,,,,,,,,,,,,,,,,,1818259
8966301,09-02-2026 17:38:00,55.59483333,5.83530000,,,LV,Clupea harengus,I4537,1,,,,1609892,1818260,GERMANY,26D4,4458,12366,12105,,,3.520047317,4715,,,,,,,,,,,,,,,,,,,,,,,,,,,34,,,,,,,MRN2,,,,,,,,,,,,,,,,,,,,,,,,,1600,,,1389,,VISO,NON,,,,,,126417,,,,,,,,2026DE_034,,,,,,,,,,,,,,,,,,1818260
8966302,09-02-2026 19:56:00,55.90261667,6.18811667,,,LV,Clupea harengus,I4537,1,,,,1609893,1818249,GERMANY,26D4,4458,12366,12105,,,3.520047317,3968,,,,,,,,,,,,,,,,,,,,,,,,,,,35,,,,,,,MRN2,,,,,,,,,,,,,,,,,,,,,,,,,1600,,,1148,,VISO,NON,,,,,,126417,,,,,,,,2026DE_035,,,,,,,,,,,,,,,,,,1818249
8966303,09-02-2026 19:56:00,55.90261667,6.18811667,,,LV,Clupea harengus,I4537,1,,,,1609893,1818250,GERMANY,26D4,4458,12366,12105,,,3.520047317,3968,,,,,,,,,,,,,,,,,,,,,,,,,,,35,,,,,,,MRN2,,,,,,,,,,,,,,,,,,,,,,,,,1600,,,1148,,VISO,NON,,,,,,126417,,,,,,,,2026DE_035,,,,,,,,,,,,,,,,,,1818250
8966304,09-02-2026 21:21:00,55.90680000,6.51231667,,,LV,Clupea harengus,I4537,3,,,,1609894,1818251,GERMANY,26D4,4458,12366,12105,,,3.520047317,3941,,,,,,,,,,,,,,,,,,,,,,,,,,,36,,,,,,,MRN2,,,,,,,,,,,,,,,,,,,,,,,,,1600,,,1185,,VISO,NON,,,,,,126417,,,,,,,,2026DE_036,,,,,,,,,,,,,,,,,,1818251
8966305,09-02-2026 21:21:00,55.90680000,6.51231667,,,LV,Clupea harengus,I4537,2,,,,1609894,1818252,GERMANY,26D4,4458,12366,12105,,,3.520047317,3941,,,,,,,,,,,,,,,,,,,,,,,,,,,36,,,,,,,MRN2,,,,,,,,,,,,,,,,,,,,,,,,,1600,,,1185,,VISO,NON,,,,,,126417,,,,,,,,2026DE_036,,,,,,,,,,,,,,,,,,1818252
8966306,09-02-2026 21:21:00,55.90680000,6.51231667,,,LV,Clupea harengus,I4537,1,,,,1609894,1818253,GERMANY,26D4,4458,12366,12105,,,3.520047317,3941,,,,,,,,,,,,,,,,,,,,,,,,,,,36,,,,,,,MRN2,,,,,,,,,,,,,,,,,,,,,,,,,1600,,,1185,,VISO,NON,,,,,,126417,,,,,,,,2026DE_036,,,,,,,,,,,,,,,,,,1818253
8966307,09-02-2026 22:54:00,56.08615000,6.78950000,,,LV,Clupea harengus,I4537,1,,,,1609895,1818254,GERMANY,26D4,4458,12366,12105,,,3.520047317,4073,,,,,,,,,,,,,,,,,,,,,,,,,,,37,,,,,,,MRN2,,,,,,,,,,,,,,,,,,,,,,,,,1600,,,1167,,VISO,NON,,,,,,126417,,,,,,,,2026DE_037,,,,,,,,,,,,,,,,,,1818254
8966308,10-02-2026 00:30:00,56.09731667,7.19943333,,,LV,Clupea harengus,I4537,1,,,,1609896,1818243,GERMANY,26D4,4458,12366,12105,,,3.520047317,3999,,,,,,,,,,,,,,,,,,,,,,,,,,,38,,,,,,,MRN2,,,,,,,,,,,,,,,,,,,,,,,,,1600,,,1148,,VISO,NON,,,,,,126417,,,,,,,,2026DE_038,,,,,,,,,,,,,,,,,,1818243
8966309,10-02-2026 03:29:00,55.91536667,7.16998333,,,LV,Clupea harengus,I4537,1,,,,1609898,1818244,GERMANY,26D4,4458,12366,12105,,,3.520047317,5353,,,,,,,,,,,,,,,,,,,,,,,,,,,40,,,,,,,MRN2,,,,,,,,,,,,,,,,,,,,,,,,,1600,,,1574,,VISO,NON,,,,,,126417,,,,,,,,2026DE_040,,,,,,,,,,,,,,,,,,1818244
8966310,10-02-2026 03:29:00,55.91536667,7.16998333,,,LV,Clupea harengus,I4537,1,,,,1609898,1818245,GERMANY,26D4,4458,12366,12105,,,3.520047317,5353,,,,,,,,,,,,,,,,,,,,,,,,,,,40,,,,,,,MRN2,,,,,,,,,,,,,,,,,,,,,,,,,1600,,,1574,,VISO,NON,,,,,,126417,,,,,,,,2026DE_040,,,,,,,,,,,,,,,,,,1818245
8966311,10-02-2026 20:57:00,56.24515000,5.20788333,,,LV,Clupea harengus,I4537,3,,,,1609900,1818246,GERMANY,26D4,4458,12366,12105,,,3.520047317,5075,,,,,,,,,,,,,,,,,,,,,,,,,,,50,,,,,,,MRN2,,,,,,,,,,,,,,,,,,,,,,,,,1600,,,1445,,VISO,NON,,,,,,126417,,,,,,,,2026DE_050,,,,,,,,,,,,,,,,,,1818246
8966312,10-02-2026 20:57:00,56.24515000,5.20788333,,,LV,Clupea harengus,I4537,1,,,,1609900,1818247,GERMANY,26D4,4458,12366,12105,,,3.520047317,5075,,,,,,,,,,,,,,,,,,,,,,,,,,,50,,,,,,,MRN2,,,,,,,,,,,,,,,,,,,,,,,,,1600,,,1445,,VISO,NON,,,,,,126417,,,,,,,,2026DE_050,,,,,,,,,,,,,,,,,,1818247
8966313,10-02-2026 20:57:00,56.24515000,5.20788333,,,LV,Clupea harengus,I4537,3,,,,1609900,1818248,GERMANY,26D4,4458,12366,12105,,,3.520047317,5075,,,,,,,,,,,,,,,,,,,,,,,,,,,50,,,,,,,MRN2,,,,,,,,,,,,,,,,,,,,,,,,,1600,,,1445,,VISO,NON,,,,,,126417,,,,,,,,2026DE_050,,,,,,,,,,,,,,,,,,1818248
8966314,10-02-2026 20:57:00,56.24515000,5.20788333,,,LV,Clupea harengus,I4537,3,,,,1609900,1818237,GERMANY,26D4,4458,12366,12105,,,3.520047317,5075,,,,,,,,,,,,,,,,,,,,,,,,,,,50,,,,,,,MRN2,,,,,,,,,,,,,,,,,,,,,,,,,1600,,,1445,,VISO,NON,,,,,,126417,,,,,,,,2026DE_050,,,,,,,,,,,,,,,,,,1818237
8966315,10-02-2026 20:57:00,56.24515000,5.20788333,,,LV,Clupea harengus,I4537,1,,,,1609900,1818238,GERMANY,26D4,4458,12366,12105,,,3.520047317,5075,,,,,,,,,,,,,,,,,,,,,,,,,,,50,,,,,,,MRN2,,,,,,,,,,,,,,,,,,,,,,,,,1600,,,1445,,VISO,NON,,,,,,126417,,,,,,,,2026DE_050,,,,,,,,,,,,,,,,,,1818238
8966316,10-02-2026 20:57:00,56.24515000,5.20788333,,,LV,Clupea harengus,I4537,7,,,,1609900,1818239,GERMANY,26D4,4458,12366,12105,,,3.520047317,5075,,,,,,,,,,,,,,,,,,,,,,,,,,,50,,,,,,,MRN2,,,,,,,,,,,,,,,,,,,,,,,,,1600,,,1445,,VISO,NON,,,,,,126417,,,,,,,,2026DE_050,,,,,,,,,,,,,,,,,,1818239
8966317,10-02-2026 20:57:00,56.24515000,5.20788333,,,LV,Clupea harengus,I4537,9,,,,1609900,1818240,GERMANY,26D4,4458,12366,12105,,,3.520047317,5075,,,,,,,,,,,,,,,,,,,,,,,,,,,50,,,,,,,MRN2,,,,,,,,,,,,,,,,,,,,,,,,,1600,,,1445,,VISO,NON,,,,,,126417,,,,,,,,2026DE_050,,,,,,,,,,,,,,,,,,1818240
8966318,10-02-2026 20:57:00,56.24515000,5.20788333,,,LV,Clupea harengus,I4537,10,,,,1609900,1818241,GERMANY,26D4,4458,12366,12105,,,3.520047317,5075,,,,,,,,,,,,,,,,,,,,,,,,,,,50,,,,,,,MRN2,,,,,,,,,,,,,,,,,,,,,,,,,1600,,,1445,,VISO,NON,,,,,,126417,,,,,,,,2026DE_050,,,,,,,,,,,,,,,,,,1818241
8966319,10-02-2026 20:57:00,56.24515000,5.20788333,,,LV,Clupea harengus,I4537,13,,,,1609900,1818242,GERMANY,26D4,4458,12366,12105,,,3.520047317,5075,,,,,,,,,,,,,,,,,,,,,,,,,,,50,,,,,,,MRN2,,,,,,,,,,,,,,,,,,,,,,,,,1600,,,1445,,VISO,NON,,,,,,126417,,,,,,,,2026DE_050,,,,,,,,,,,,,,,,,,1818242
8966320,10-02-2026 20:57:00,56.24515000,5.20788333,,,LV,Clupea harengus,I4537,2,,,,1609900,1818231,GERMANY,26D4,4458,12366,12105,,,3.520047317,5075,,,,,,,,,,,,,,,,,,,,,,,,,,,50,,,,,,,MRN2,,,,,,,,,,,,,,,,,,,,,,,,,1600,,,1445,,VISO,NON,,,,,,126417,,,,,,,,2026DE_050,,,,,,,,,,,,,,,,,,1818231
8966321,10-02-2026 20:57:00,56.24515000,5.20788333,,,LV,Clupea harengus,I4537,4,,,,1609900,1818232,GERMANY,26D4,4458,12366,12105,,,3.520047317,5075,,,,,,,,,,,,,,,,,,,,,,,,,,,50,,,,,,,MRN2,,,,,,,,,,,,,,,,,,,,,,,,,1600,,,1445,,VISO,NON,,,,,,126417,,,,,,,,2026DE_050,,,,,,,,,,,,,,,,,,1818232
8966322,10-02-2026 22:26:00,56.26965000,4.84716667,,,LV,Clupea harengus,I4537,1,,,,1609901,1818233,GERMANY,26D4,4458,12366,12105,,,3.520047317,4267,,,,,,,,,,,,,,,,,,,,,,,,,,,51,,,,,,,MRN2,,,,,,,,,,,,,,,,,,,,,,,,,1600,,,1167,,VISO,NON,,,,,,126417,,,,,,,,2026DE_051,,,,,,,,,,,,,,,,,,1818233
8966323,10-02-2026 23:54:00,56.09321667,4.80535000,,,LV,Clupea harengus,I4537,1,,,,1609902,1818234,GERMANY,26D4,4458,12366,12105,,,3.520047317,3009,,,,,,,,,,,,,,,,,,,,,,,,,,,52,,,,,,,MRN2,,,,,,,,,,,,,,,,,,,,,,,,,1600,,,852,,VISO,NON,,,,,,126417,,,,,,,,2026DE_052,,,,,,,,,,,,,,,,,,1818234
8966324,11-02-2026 01:12:00,55.92426667,4.81050000,,,LV,Clupea harengus,I4537,1,,,,1609903,1818235,GERMANY,26D4,4458,12366,12105,,,3.520047317,2896,,,,,,,,,,,,,,,,,,,,,,,,,,,53,,,,,,,MRN2,,,,,,,,,,,,,,,,,,,,,,,,,1600,,,870,,VISO,NON,,,,,,126417,,,,,,,,2026DE_053,,,,,,,,,,,,,,,,,,1818235
8966325,11-02-2026 01:12:00,55.92426667,4.81050000,,,LV,Clupea harengus,I4537,4,,,,1609903,1818236,GERMANY,26D4,4458,12366,12105,,,3.520047317,2896,,,,,,,,,,,,,,,,,,,,,,,,,,,53,,,,,,,MRN2,,,,,,,,,,,,,,,,,,,,,,,,,1600,,,870,,VISO,NON,,,,,,126417,,,,,,,,2026DE_053,,,,,,,,,,,,,,,,,,1818236
8966326,11-02-2026 01:12:00,55.92426667,4.81050000,,,LV,Clupea harengus,I4537,2,,,,1609903,1818225,GERMANY,26D4,4458,12366,12105,,,3.520047317,2896,,,,,,,,,,,,,,,,,,,,,,,,,,,53,,,,,,,MRN2,,,,,,,,,,,,,,,,,,,,,,,,,1600,,,870,,VISO,NON,,,,,,126417,,,,,,,,2026DE_053,,,,,,,,,,,,,,,,,,1818225
8966327,11-02-2026 20:27:00,56.19220000,3.81383333,,,LV,Clupea harengus,I4537,1,,,,1609905,1818226,GERMANY,26D4,4458,12366,12105,,,3.520047317,4232,,,,,,,,,,,,,,,,,,,,,,,,,,,63,,,,,,,MRN2,,,,,,,,,,,,,,,,,,,,,,,,,1600,,,1315,,VISO,NON,,,,,,126417,,,,,,,,2026DE_063,,,,,,,,,,,,,,,,,,1818226
8966328,11-02-2026 20:27:00,56.19220000,3.81383333,,,LV,Microstomus kitt,I4537,1,,,,1609905,1818328,GERMANY,26D4,4458,12366,12120,,,3.520047317,4232,,,,,,,,,,,,,,,,,,,,,,,,,,,63,,,,,,,MRN2,,,,,,,,,,,,,,,,,,,,,,,,,1600,,,1315,,VISO,NON,,,,,,127140,,,,,,,,2026DE_063,,,,,,,,,,,,,,,,,,1818328
8966329,11-02-2026 22:08:00,56.39540000,3.81443333,,,LV,Clupea harengus,I4537,1,,,,1609906,1818227,GERMANY,26D4,4458,12366,12105,,,3.520047317,6703,,,,,,,,,,,,,,,,,,,,,,,,,,,64,,,,,,,MRN2,,,,,,,,,,,,,,,,,,,,,,,,,1600,,,1593,,VISO,NON,,,,,,126417,,,,,,,,2026DE_064,,,,,,,,,,,,,,,,,,1818227
8966330,11-02-2026 22:08:00,56.39540000,3.81443333,,,LV,Clupea harengus,I4537,1,,,,1609906,1818228,GERMANY,26D4,4458,12366,12105,,,3.520047317,6703,,,,,,,,,,,,,,,,,,,,,,,,,,,64,,,,,,,MRN2,,,,,,,,,,,,,,,,,,,,,,,,,1600,,,1593,,VISO,NON,,,,,,126417,,,,,,,,2026DE_064,,,,,,,,,,,,,,,,,,1818228
8966331,12-02-2026 01:22:00,56.78230000,3.81721667,,,LV,Clupea harengus,I4537,1,,,,1609908,1818229,GERMANY,26D4,4458,12366,12105,,,3.520047317,3509,,,,,,,,,,,,,,,,,,,,,,,,,,,66,,,,,,,MRN2,,,,,,,,,,,,,,,,,,,,,,,,,1600,,,741,,VISO,NON,,,,,,126417,,,,,,,,2026DE_066,,,,,,,,,,,,,,,,,,1818229
8966332,12-02-2026 03:14:00,56.75311667,4.17018333,,,LV,Clupea harengus,I4537,1,,,,1609909,1818230,GERMANY,26D4,4458,12366,12105,,,3.520047317,6428,,,,,,,,,,,,,,,,,,,,,,,,,,,67,,,,,,,MRN2,,,,,,,,,,,,,,,,,,,,,,,,,1600,,,1389,,VISO,NON,,,,,,126417,,,,,,,,2026DE_067,,,,,,,,,,,,,,,,,,1818230
8966333,12-02-2026 03:14:00,56.75311667,4.17018333,,,LV,Clupea harengus,I4537,3,,,,1609909,1818219,GERMANY,26D4,4458,12366,12105,,,3.520047317,6428,,,,,,,,,,,,,,,,,,,,,,,,,,,67,,,,,,,MRN2,,,,,,,,,,,,,,,,,,,,,,,,,1600,,,1389,,VISO,NON,,,,,,126417,,,,,,,,2026DE_067,,,,,,,,,,,,,,,,,,1818219
8966334,12-02-2026 03:14:00,56.75311667,4.17018333,,,LV,Clupea harengus,I4537,1,,,,1609909,1818220,GERMANY,26D4,4458,12366,12105,,,3.520047317,6428,,,,,,,,,,,,,,,,,,,,,,,,,,,67,,,,,,,MRN2,,,,,,,,,,,,,,,,,,,,,,,,,1600,,,1389,,VISO,NON,,,,,,126417,,,,,,,,2026DE_067,,,,,,,,,,,,,,,,,,1818220
8966335,12-02-2026 03:14:00,56.75311667,4.17018333,,,LV,Clupea harengus,I4537,1,,,,1609909,1818221,GERMANY,26D4,4458,12366,12105,,,3.520047317,6428,,,,,,,,,,,,,,,,,,,,,,,,,,,67,,,,,,,MRN2,,,,,,,,,,,,,,,,,,,,,,,,,1600,,,1389,,VISO,NON,,,,,,126417,,,,,,,,2026DE_067,,,,,,,,,,,,,,,,,,1818221
8966336,12-02-2026 05:03:00,56.72233333,4.49760000,,,LV,Clupea harengus,I4537,2,,,,1609910,1818222,GERMANY,26D4,4458,12366,12105,,,3.520047317,4786,,,,,,,,,,,,,,,,,,,,,,,,,,,68,,,,,,,MRN2,,,,,,,,,,,,,,,,,,,,,,,,,1600,,,1537,,VISO,NON,,,,,,126417,,,,,,,,2026DE_068,,,,,,,,,,,,,,,,,,1818222
8966337,12-02-2026 05:03:00,56.72233333,4.49760000,,,LV,Clupea harengus,I4537,1,,,,1609910,1818223,GERMANY,26D4,4458,12366,12105,,,3.520047317,4786,,,,,,,,,,,,,,,,,,,,,,,,,,,68,,,,,,,MRN2,,,,,,,,,,,,,,,,,,,,,,,,,1600,,,1537,,VISO,NON,,,,,,126417,,,,,,,,2026DE_068,,,,,,,,,,,,,,,,,,1818223
8966338,12-02-2026 05:03:00,56.72233333,4.49760000,,,LV,Clupea harengus,I4537,3,,,,1609910,1818224,GERMANY,26D4,4458,12366,12105,,,3.520047317,4786,,,,,,,,,,,,,,,,,,,,,,,,,,,68,,,,,,,MRN2,,,,,,,,,,,,,,,,,,,,,,,,,1600,,,1537,,VISO,NON,,,,,,126417,,,,,,,,2026DE_068,,,,,,,,,,,,,,,,,,1818224
8966339,12-02-2026 05:03:00,56.72233333,4.49760000,,,LV,Clupea harengus,I4537,2,,,,1609910,1818213,GERMANY,26D4,4458,12366,12105,,,3.520047317,4786,,,,,,,,,,,,,,,,,,,,,,,,,,,68,,,,,,,MRN2,,,,,,,,,,,,,,,,,,,,,,,,,1600,,,1537,,VISO,NON,,,,,,126417,,,,,,,,2026DE_068,,,,,,,,,,,,,,,,,,1818213
8966340,12-02-2026 05:03:00,56.72233333,4.49760000,,,LV,Clupea harengus,I4537,3,,,,1609910,1818214,GERMANY,26D4,4458,12366,12105,,,3.520047317,4786,,,,,,,,,,,,,,,,,,,,,,,,,,,68,,,,,,,MRN2,,,,,,,,,,,,,,,,,,,,,,,,,1600,,,1537,,VISO,NON,,,,,,126417,,,,,,,,2026DE_068,,,,,,,,,,,,,,,,,,1818214
8966341,12-02-2026 05:03:00,56.72233333,4.49760000,,,LV,Clupea harengus,I4537,3,,,,1609910,1818215,GERMANY,26D4,4458,12366,12105,,,3.520047317,4786,,,,,,,,,,,,,,,,,,,,,,,,,,,68,,,,,,,MRN2,,,,,,,,,,,,,,,,,,,,,,,,,1600,,,1537,,VISO,NON,,,,,,126417,,,,,,,,2026DE_068,,,,,,,,,,,,,,,,,,1818215
8966342,12-02-2026 20:41:00,56.33886667,2.80233333,,,LV,Clupea harengus,I4537,2,,,,1609911,1818216,GERMANY,26D4,4458,12366,12105,,,3.520047317,4687,,,,,,,,,,,,,,,,,,,,,,,,,,,75,,,,,,,MRN2,,,,,,,,,,,,,,,,,,,,,,,,,1600,,,1370,,VISO,NON,,,,,,126417,,,,,,,,2026DE_075,,,,,,,,,,,,,,,,,,1818216
8966343,12-02-2026 20:41:00,56.33886667,2.80233333,,,LV,Clupea harengus,I4537,3,,,,1609911,1818217,GERMANY,26D4,4458,12366,12105,,,3.520047317,4687,,,,,,,,,,,,,,,,,,,,,,,,,,,75,,,,,,,MRN2,,,,,,,,,,,,,,,,,,,,,,,,,1600,,,1370,,VISO,NON,,,,,,126417,,,,,,,,2026DE_075,,,,,,,,,,,,,,,,,,1818217
8966344,12-02-2026 20:41:00,56.33886667,2.80233333,,,LV,Clupea harengus,I4537,2,,,,1609911,1818218,GERMANY,26D4,4458,12366,12105,,,3.520047317,4687,,,,,,,,,,,,,,,,,,,,,,,,,,,75,,,,,,,MRN2,,,,,,,,,,,,,,,,,,,,,,,,,1600,,,1370,,VISO,NON,,,,,,126417,,,,,,,,2026DE_075,,,,,,,,,,,,,,,,,,1818218
8966345,12-02-2026 20:41:00,56.33886667,2.80233333,,,LV,Clupea harengus,I4537,2,,,,1609911,1818207,GERMANY,26D4,4458,12366,12105,,,3.520047317,4687,,,,,,,,,,,,,,,,,,,,,,,,,,,75,,,,,,,MRN2,,,,,,,,,,,,,,,,,,,,,,,,,1600,,,1370,,VISO,NON,,,,,,126417,,,,,,,,2026DE_075,,,,,,,,,,,,,,,,,,1818207
8966346,12-02-2026 20:41:00,56.33886667,2.80233333,,,LV,Clupea harengus,I4537,5,,,,1609911,1818208,GERMANY,26D4,4458,12366,12105,,,3.520047317,4687,,,,,,,,,,,,,,,,,,,,,,,,,,,75,,,,,,,MRN2,,,,,,,,,,,,,,,,,,,,,,,,,1600,,,1370,,VISO,NON,,,,,,126417,,,,,,,,2026DE_075,,,,,,,,,,,,,,,,,,1818208
8966347,12-02-2026 20:41:00,56.33886667,2.80233333,,,LV,Clupea harengus,I4537,4,,,,1609911,1818209,GERMANY,26D4,4458,12366,12105,,,3.520047317,4687,,,,,,,,,,,,,,,,,,,,,,,,,,,75,,,,,,,MRN2,,,,,,,,,,,,,,,,,,,,,,,,,1600,,,1370,,VISO,NON,,,,,,126417,,,,,,,,2026DE_075,,,,,,,,,,,,,,,,,,1818209
8966349,12-02-2026 21:58:00,56.40640000,2.50861667,,,LV,Clupea harengus,I4537,1,,,,1609912,1818210,GERMANY,26D4,4458,12366,12105,,,3.520047317,5659,,,,,,,,,,,,,,,,,,,,,,,,,,,76,,,,,,,MRN2,,,,,,,,,,,,,,,,,,,,,,,,,1600,,,1611,,VISO,NON,,,,,,126417,,,,,,,,2026DE_076,,,,,,,,,,,,,,,,,,1818210
8966350,12-02-2026 21:58:00,56.40640000,2.50861667,,,LV,Clupea harengus,I4537,2,,,,1609912,1818211,GERMANY,26D4,4458,12366,12105,,,3.520047317,5659,,,,,,,,,,,,,,,,,,,,,,,,,,,76,,,,,,,MRN2,,,,,,,,,,,,,,,,,,,,,,,,,1600,,,1611,,VISO,NON,,,,,,126417,,,,,,,,2026DE_076,,,,,,,,,,,,,,,,,,1818211
8966351,12-02-2026 21:58:00,56.40640000,2.50861667,,,LV,Clupea harengus,I4537,2,,,,1609912,1818212,GERMANY,26D4,4458,12366,12105,,,3.520047317,5659,,,,,,,,,,,,,,,,,,,,,,,,,,,76,,,,,,,MRN2,,,,,,,,,,,,,,,,,,,,,,,,,1600,,,1611,,VISO,NON,,,,,,126417,,,,,,,,2026DE_076,,,,,,,,,,,,,,,,,,1818212
8966352,12-02-2026 21:58:00,56.40640000,2.50861667,,,LV,Clupea harengus,I4537,1,,,,1609912,1818201,GERMANY,26D4,4458,12366,12105,,,3.520047317,5659,,,,,,,,,,,,,,,,,,,,,,,,,,,76,,,,,,,MRN2,,,,,,,,,,,,,,,,,,,,,,,,,1600,,,1611,,VISO,NON,,,,,,126417,,,,,,,,2026DE_076,,,,,,,,,,,,,,,,,,1818201
8966353,12-02-2026 21:58:00,56.40640000,2.50861667,,,LV,Clupea harengus,I4537,2,,,,1609912,1818202,GERMANY,26D4,4458,12366,12105,,,3.520047317,5659,,,,,,,,,,,,,,,,,,,,,,,,,,,76,,,,,,,MRN2,,,,,,,,,,,,,,,,,,,,,,,,,1600,,,1611,,VISO,NON,,,,,,126417,,,,,,,,2026DE_076,,,,,,,,,,,,,,,,,,1818202
8966354,12-02-2026 23:25:00,56.59428333,2.49071667,,,LV,Clupea harengus,I4537,2,,,,1609913,1818203,GERMANY,26D4,4458,12366,12105,,,3.520047317,4502,,,,,,,,,,,,,,,,,,,,,,,,,,,77,,,,,,,MRN2,,,,,,,,,,,,,,,,,,,,,,,,,1600,,,1370,,VISO,NON,,,,,,126417,,,,,,,,2026DE_077,,,,,,,,,,,,,,,,,,1818203
8966355,12-02-2026 23:25:00,56.59428333,2.49071667,,,LV,Clupea harengus,I4537,1,,,,1609913,1818204,GERMANY,26D4,4458,12366,12105,,,3.520047317,4502,,,,,,,,,,,,,,,,,,,,,,,,,,,77,,,,,,,MRN2,,,,,,,,,,,,,,,,,,,,,,,,,1600,,,1370,,VISO,NON,,,,,,126417,,,,,,,,2026DE_077,,,,,,,,,,,,,,,,,,1818204
8966356,12-02-2026 23:25:00,56.59428333,2.49071667,,,LV,Clupea harengus,I4537,1,,,,1609913,1818205,GERMANY,26D4,4458,12366,12105,,,3.520047317,4502,,,,,,,,,,,,,,,,,,,,,,,,,,,77,,,,,,,MRN2,,,,,,,,,,,,,,,,,,,,,,,,,1600,,,1370,,VISO,NON,,,,,,126417,,,,,,,,2026DE_077,,,,,,,,,,,,,,,,,,1818205
8966357,12-02-2026 23:25:00,56.59428333,2.49071667,,,LV,Clupea harengus,I4537,1,,,,1609913,1818206,GERMANY,26D4,4458,12366,12105,,,3.520047317,4502,,,,,,,,,,,,,,,,,,,,,,,,,,,77,,,,,,,MRN2,,,,,,,,,,,,,,,,,,,,,,,,,1600,,,1370,,VISO,NON,,,,,,126417,,,,,,,,2026DE_077,,,,,,,,,,,,,,,,,,1818206
8966358,13-02-2026 00:40:00,56.59856667,2.16340000,,,LV,Clupea harengus,I4537,1,,,,1609914,1818195,GERMANY,26D4,4458,12366,12105,,,3.520047317,7914,,,,,,,,,,,,,,,,,,,,,,,,,,,78,,,,,,,MRN2,,,,,,,,,,,,,,,,,,,,,,,,,1600,,,2278,,VISO,NON,,,,,,126417,,,,,,,,2026DE_078,,,,,,,,,,,,,,,,,,1818195
8966359,13-02-2026 02:04:00,56.59496667,1.83185000,,,LV,Clupea harengus,I4537,1,,,,1609915,1818196,GERMANY,26D4,4458,12366,12105,,,3.520047317,5556,,,,,,,,,,,,,,,,,,,,,,,,,,,79,,,,,,,MRN2,,,,,,,,,,,,,,,,,,,,,,,,,1600,,,1593,,VISO,NON,,,,,,126417,,,,,,,,2026DE_079,,,,,,,,,,,,,,,,,,1818196
8966360,13-02-2026 02:04:00,56.59496667,1.83185000,,,LV,Clupea harengus,I4537,1,,,,1609915,1818197,GERMANY,26D4,4458,12366,12105,,,3.520047317,5556,,,,,,,,,,,,,,,,,,,,,,,,,,,79,,,,,,,MRN2,,,,,,,,,,,,,,,,,,,,,,,,,1600,,,1593,,VISO,NON,,,,,,126417,,,,,,,,2026DE_079,,,,,,,,,,,,,,,,,,1818197
8966361,13-02-2026 02:04:00,56.59496667,1.83185000,,,LV,Clupea harengus,I4537,1,,,,1609915,1818198,GERMANY,26D4,4458,12366,12105,,,3.520047317,5556,,,,,,,,,,,,,,,,,,,,,,,,,,,79,,,,,,,MRN2,,,,,,,,,,,,,,,,,,,,,,,,,1600,,,1593,,VISO,NON,,,,,,126417,,,,,,,,2026DE_079,,,,,,,,,,,,,,,,,,1818198
8966362,13-02-2026 02:04:00,56.59496667,1.83185000,,,LV,Clupea harengus,I4537,1,,,,1609915,1818199,GERMANY,26D4,4458,12366,12105,,,3.520047317,5556,,,,,,,,,,,,,,,,,,,,,,,,,,,79,,,,,,,MRN2,,,,,,,,,,,,,,,,,,,,,,,,,1600,,,1593,,VISO,NON,,,,,,126417,,,,,,,,2026DE_079,,,,,,,,,,,,,,,,,,1818199
8966364,13-02-2026 03:23:00,56.59210000,1.51311667,,,LV,Clupea harengus,I4537,2,,,,1609916,1818200,GERMANY,26D4,4458,12366,12105,,,3.520047317,8603,,,,,,,,,,,,,,,,,,,,,,,,,,,80,,,,,,,MRN2,,,,,,,,,,,,,,,,,,,,,,,,,1600,,,2408,,VISO,NON,,,,,,126417,,,,,,,,2026DE_080,,,,,,,,,,,,,,,,,,1818200
8966365,13-02-2026 03:23:00,56.59210000,1.51311667,,,LV,Clupea harengus,I4537,1,,,,1609916,1818189,GERMANY,26D4,4458,12366,12105,,,3.520047317,8603,,,,,,,,,,,,,,,,,,,,,,,,,,,80,,,,,,,MRN2,,,,,,,,,,,,,,,,,,,,,,,,,1600,,,2408,,VISO,NON,,,,,,126417,,,,,,,,2026DE_080,,,,,,,,,,,,,,,,,,1818189
8966366,13-02-2026 03:23:00,56.59210000,1.51311667,,,LV,Clupea harengus,I4537,5,,,,1609916,1818190,GERMANY,26D4,4458,12366,12105,,,3.520047317,8603,,,,,,,,,,,,,,,,,,,,,,,,,,,80,,,,,,,MRN2,,,,,,,,,,,,,,,,,,,,,,,,,1600,,,2408,,VISO,NON,,,,,,126417,,,,,,,,2026DE_080,,,,,,,,,,,,,,,,,,1818190
8966367,13-02-2026 03:23:00,56.59210000,1.51311667,,,LV,Clupea harengus,I4537,2,,,,1609916,1818191,GERMANY,26D4,4458,12366,12105,,,3.520047317,8603,,,,,,,,,,,,,,,,,,,,,,,,,,,80,,,,,,,MRN2,,,,,,,,,,,,,,,,,,,,,,,,,1600,,,2408,,VISO,NON,,,,,,126417,,,,,,,,2026DE_080,,,,,,,,,,,,,,,,,,1818191
8966368,13-02-2026 03:23:00,56.59210000,1.51311667,,,LV,Clupea harengus,I4537,1,,,,1609916,1818192,GERMANY,26D4,4458,12366,12105,,,3.520047317,8603,,,,,,,,,,,,,,,,,,,,,,,,,,,80,,,,,,,MRN2,,,,,,,,,,,,,,,,,,,,,,,,,1600,,,2408,,VISO,NON,,,,,,126417,,,,,,,,2026DE_080,,,,,,,,,,,,,,,,,,1818192
8966369,13-02-2026 04:52:00,56.41793333,1.65690000,,,LV,Clupea harengus,I4537,3,,,,1609917,1818193,GERMANY,26D4,4458,12366,12105,,,3.520047317,7513,,,,,,,,,,,,,,,,,,,,,,,,,,,81,,,,,,,MRN2,,,,,,,,,,,,,,,,,,,,,,,,,1600,,,2130,,VISO,NON,,,,,,126417,,,,,,,,2026DE_081,,,,,,,,,,,,,,,,,,1818193
8966370,13-02-2026 04:52:00,56.41793333,1.65690000,,,LV,Clupea harengus,I4537,1,,,,1609917,1818194,GERMANY,26D4,4458,12366,12105,,,3.520047317,7513,,,,,,,,,,,,,,,,,,,,,,,,,,,81,,,,,,,MRN2,,,,,,,,,,,,,,,,,,,,,,,,,1600,,,2130,,VISO,NON,,,,,,126417,,,,,,,,2026DE_081,,,,,,,,,,,,,,,,,,1818194
8966371,13-02-2026 04:52:00,56.41793333,1.65690000,,,LV,Clupea harengus,I4537,3,,,,1609917,1818183,GERMANY,26D4,4458,12366,12105,,,3.520047317,7513,,,,,,,,,,,,,,,,,,,,,,,,,,,81,,,,,,,MRN2,,,,,,,,,,,,,,,,,,,,,,,,,1600,,,2130,,VISO,NON,,,,,,126417,,,,,,,,2026DE_081,,,,,,,,,,,,,,,,,,1818183
8966372,13-02-2026 04:52:00,56.41793333,1.65690000,,,LV,Clupea harengus,I4537,1,,,,1609917,1818184,GERMANY,26D4,4458,12366,12105,,,3.520047317,7513,,,,,,,,,,,,,,,,,,,,,,,,,,,81,,,,,,,MRN2,,,,,,,,,,,,,,,,,,,,,,,,,1600,,,2130,,VISO,NON,,,,,,126417,,,,,,,,2026DE_081,,,,,,,,,,,,,,,,,,1818184
8966373,13-02-2026 04:52:00,56.41793333,1.65690000,,,LV,Clupea harengus,I4537,3,,,,1609917,1818185,GERMANY,26D4,4458,12366,12105,,,3.520047317,7513,,,,,,,,,,,,,,,,,,,,,,,,,,,81,,,,,,,MRN2,,,,,,,,,,,,,,,,,,,,,,,,,1600,,,2130,,VISO,NON,,,,,,126417,,,,,,,,2026DE_081,,,,,,,,,,,,,,,,,,1818185
8966374,13-02-2026 04:52:00,56.41793333,1.65690000,,,LV,Clupea harengus,I4537,3,,,,1609917,1818186,GERMANY,26D4,4458,12366,12105,,,3.520047317,7513,,,,,,,,,,,,,,,,,,,,,,,,,,,81,,,,,,,MRN2,,,,,,,,,,,,,,,,,,,,,,,,,1600,,,2130,,VISO,NON,,,,,,126417,,,,,,,,2026DE_081,,,,,,,,,,,,,,,,,,1818186
8966375,13-02-2026 20:27:00,56.76940000,0.85023333,,,LV,Clupea harengus,I4537,1,,,,1609918,1818187,GERMANY,26D4,4458,12366,12105,,,3.520047317,7154,,,,,,,,,,,,,,,,,,,,,,,,,,,90,,,,,,,MRN2,,,,,,,,,,,,,,,,,,,,,,,,,1600,,,2093,,VISO,NON,,,,,,126417,,,,,,,,2026DE_090,,,,,,,,,,,,,,,,,,1818187
8966376,13-02-2026 20:27:00,56.76940000,0.85023333,,,LV,Clupea harengus,I4537,2,,,,1609918,1818188,GERMANY,26D4,4458,12366,12105,,,3.520047317,7154,,,,,,,,,,,,,,,,,,,,,,,,,,,90,,,,,,,MRN2,,,,,,,,,,,,,,,,,,,,,,,,,1600,,,2093,,VISO,NON,,,,,,126417,,,,,,,,2026DE_090,,,,,,,,,,,,,,,,,,1818188
8966377,13-02-2026 20:27:00,56.76940000,0.85023333,,,LV,Clupea harengus,I4537,3,,,,1609918,1818177,GERMANY,26D4,4458,12366,12105,,,3.520047317,7154,,,,,,,,,,,,,,,,,,,,,,,,,,,90,,,,,,,MRN2,,,,,,,,,,,,,,,,,,,,,,,,,1600,,,2093,,VISO,NON,,,,,,126417,,,,,,,,2026DE_090,,,,,,,,,,,,,,,,,,1818177
8966378,13-02-2026 20:27:00,56.76940000,0.85023333,,,LV,Clupea harengus,I4537,2,,,,1609918,1818178,GERMANY,26D4,4458,12366,12105,,,3.520047317,7154,,,,,,,,,,,,,,,,,,,,,,,,,,,90,,,,,,,MRN2,,,,,,,,,,,,,,,,,,,,,,,,,1600,,,2093,,VISO,NON,,,,,,126417,,,,,,,,2026DE_090,,,,,,,,,,,,,,,,,,1818178
8966379,13-02-2026 21:53:00,56.58901667,0.84626667,,,LV,Clupea harengus,I4537,1,,,,1609919,1818179,GERMANY,26D4,4458,12366,12105,,,3.520047317,8065,,,,,,,,,,,,,,,,,,,,,,,,,,,91,,,,,,,MRN2,,,,,,,,,,,,,,,,,,,,,,,,,1600,,,2408,,VISO,NON,,,,,,126417,,,,,,,,2026DE_091,,,,,,,,,,,,,,,,,,1818179
8966380,13-02-2026 21:53:00,56.58901667,0.84626667,,,LV,Clupea harengus,I4537,3,,,,1609919,1818180,GERMANY,26D4,4458,12366,12105,,,3.520047317,8065,,,,,,,,,,,,,,,,,,,,,,,,,,,91,,,,,,,MRN2,,,,,,,,,,,,,,,,,,,,,,,,,1600,,,2408,,VISO,NON,,,,,,126417,,,,,,,,2026DE_091,,,,,,,,,,,,,,,,,,1818180
8966381,13-02-2026 21:53:00,56.58901667,0.84626667,,,LV,Clupea harengus,I4537,1,,,,1609919,1818181,GERMANY,26D4,4458,12366,12105,,,3.520047317,8065,,,,,,,,,,,,,,,,,,,,,,,,,,,91,,,,,,,MRN2,,,,,,,,,,,,,,,,,,,,,,,,,1600,,,2408,,VISO,NON,,,,,,126417,,,,,,,,2026DE_091,,,,,,,,,,,,,,,,,,1818181
8966382,13-02-2026 21:53:00,56.58901667,0.84626667,,,LV,Clupea harengus,I4537,1,,,,1609919,1818182,GERMANY,26D4,4458,12366,12105,,,3.520047317,8065,,,,,,,,,,,,,,,,,,,,,,,,,,,91,,,,,,,MRN2,,,,,,,,,,,,,,,,,,,,,,,,,1600,,,2408,,VISO,NON,,,,,,126417,,,,,,,,2026DE_091,,,,,,,,,,,,,,,,,,1818182
8966383,13-02-2026 21:53:00,56.58901667,0.84626667,,,LV,Clupea harengus,I4537,3,,,,1609919,1818171,GERMANY,26D4,4458,12366,12105,,,3.520047317,8065,,,,,,,,,,,,,,,,,,,,,,,,,,,91,,,,,,,MRN2,,,,,,,,,,,,,,,,,,,,,,,,,1600,,,2408,,VISO,NON,,,,,,126417,,,,,,,,2026DE_091,,,,,,,,,,,,,,,,,,1818171
8966384,13-02-2026 23:42:00,56.41663333,1.17333333,,,LV,Clupea harengus,I4537,2,,,,1609920,1818172,GERMANY,26D4,4458,12366,12105,,,3.520047317,4978,,,,,,,,,,,,,,,,,,,,,,,,,,,92,,,,,,,MRN2,,,,,,,,,,,,,,,,,,,,,,,,,1600,,,1500,,VISO,NON,,,,,,126417,,,,,,,,2026DE_092,,,,,,,,,,,,,,,,,,1818172
8966385,13-02-2026 23:42:00,56.41663333,1.17333333,,,LV,Clupea harengus,I4537,1,,,,1609920,1818173,GERMANY,26D4,4458,12366,12105,,,3.520047317,4978,,,,,,,,,,,,,,,,,,,,,,,,,,,92,,,,,,,MRN2,,,,,,,,,,,,,,,,,,,,,,,,,1600,,,1500,,VISO,NON,,,,,,126417,,,,,,,,2026DE_092,,,,,,,,,,,,,,,,,,1818173
8966386,13-02-2026 23:42:00,56.41663333,1.17333333,,,LV,Clupea harengus,I4537,1,,,,1609920,1818174,GERMANY,26D4,4458,12366,12105,,,3.520047317,4978,,,,,,,,,,,,,,,,,,,,,,,,,,,92,,,,,,,MRN2,,,,,,,,,,,,,,,,,,,,,,,,,1600,,,1500,,VISO,NON,,,,,,126417,,,,,,,,2026DE_092,,,,,,,,,,,,,,,,,,1818174
8966387,13-02-2026 23:42:00,56.41663333,1.17333333,,,LV,Clupea harengus,I4537,3,,,,1609920,1818175,GERMANY,26D4,4458,12366,12105,,,3.520047317,4978,,,,,,,,,,,,,,,,,,,,,,,,,,,92,,,,,,,MRN2,,,,,,,,,,,,,,,,,,,,,,,,,1600,,,1500,,VISO,NON,,,,,,126417,,,,,,,,2026DE_092,,,,,,,,,,,,,,,,,,1818175
8966388,13-02-2026 23:42:00,56.41663333,1.17333333,,,LV,Clupea harengus,I4537,1,,,,1609920,1818176,GERMANY,26D4,4458,12366,12105,,,3.520047317,4978,,,,,,,,,,,,,,,,,,,,,,,,,,,92,,,,,,,MRN2,,,,,,,,,,,,,,,,,,,,,,,,,1600,,,1500,,VISO,NON,,,,,,126417,,,,,,,,2026DE_092,,,,,,,,,,,,,,,,,,1818176
8966389,13-02-2026 23:42:00,56.41663333,1.17333333,,,LV,Clupea harengus,I4537,1,,,,1609920,1818165,GERMANY,26D4,4458,12366,12105,,,3.520047317,4978,,,,,,,,,,,,,,,,,,,,,,,,,,,92,,,,,,,MRN2,,,,,,,,,,,,,,,,,,,,,,,,,1600,,,1500,,VISO,NON,,,,,,126417,,,,,,,,2026DE_092,,,,,,,,,,,,,,,,,,1818165
8966390,13-02-2026 23:42:00,56.41663333,1.17333333,,,LV,Clupea harengus,I4537,1,,,,1609920,1818166,GERMANY,26D4,4458,12366,12105,,,3.520047317,4978,,,,,,,,,,,,,,,,,,,,,,,,,,,92,,,,,,,MRN2,,,,,,,,,,,,,,,,,,,,,,,,,1600,,,1500,,VISO,NON,,,,,,126417,,,,,,,,2026DE_092,,,,,,,,,,,,,,,,,,1818166
8966393,14-02-2026 01:14:00,56.41280000,0.84361667,,,LV,Clupea harengus,I4537,1,,,,1609921,1818167,GERMANY,26D4,4458,12366,12105,,,3.520047317,5910,,,,,,,,,,,,,,,,,,,,,,,,,,,93,,,,,,,MRN2,,,,,,,,,,,,,,,,,,,,,,,,,1600,,,1593,,VISO,NON,,,,,,126417,,,,,,,,2026DE_093,,,,,,,,,,,,,,,,,,1818167
8966394,14-02-2026 01:14:00,56.41280000,0.84361667,,,LV,Clupea harengus,I4537,1,,,,1609921,1818168,GERMANY,26D4,4458,12366,12105,,,3.520047317,5910,,,,,,,,,,,,,,,,,,,,,,,,,,,93,,,,,,,MRN2,,,,,,,,,,,,,,,,,,,,,,,,,1600,,,1593,,VISO,NON,,,,,,126417,,,,,,,,2026DE_093,,,,,,,,,,,,,,,,,,1818168
8966395,14-02-2026 01:14:00,56.41280000,0.84361667,,,LV,Clupea harengus,I4537,1,,,,1609921,1818169,GERMANY,26D4,4458,12366,12105,,,3.520047317,5910,,,,,,,,,,,,,,,,,,,,,,,,,,,93,,,,,,,MRN2,,,,,,,,,,,,,,,,,,,,,,,,,1600,,,1593,,VISO,NON,,,,,,126417,,,,,,,,2026DE_093,,,,,,,,,,,,,,,,,,1818169
8966396,14-02-2026 02:44:00,56.41320000,0.49660000,,,LV,Clupea harengus,I4537,3,,,,1609922,1818170,GERMANY,26D4,4458,12366,12105,,,3.520047317,6847,,,,,,,,,,,,,,,,,,,,,,,,,,,94,,,,,,,MRN2,,,,,,,,,,,,,,,,,,,,,,,,,1600,,,1741,,VISO,NON,,,,,,126417,,,,,,,,2026DE_094,,,,,,,,,,,,,,,,,,1818170
8966397,14-02-2026 02:44:00,56.41320000,0.49660000,,,LV,Clupea harengus,I4537,1,,,,1609922,1818159,GERMANY,26D4,4458,12366,12105,,,3.520047317,6847,,,,,,,,,,,,,,,,,,,,,,,,,,,94,,,,,,,MRN2,,,,,,,,,,,,,,,,,,,,,,,,,1600,,,1741,,VISO,NON,,,,,,126417,,,,,,,,2026DE_094,,,,,,,,,,,,,,,,,,1818159
8966398,14-02-2026 02:44:00,56.41320000,0.49660000,,,LV,Clupea harengus,I4537,2,,,,1609922,1818160,GERMANY,26D4,4458,12366,12105,,,3.520047317,6847,,,,,,,,,,,,,,,,,,,,,,,,,,,94,,,,,,,MRN2,,,,,,,,,,,,,,,,,,,,,,,,,1600,,,1741,,VISO,NON,,,,,,126417,,,,,,,,2026DE_094,,,,,,,,,,,,,,,,,,1818160
8966399,14-02-2026 17:23:00,57.09665000,1.17683333,,,LV,Clupea harengus,I4537,1,,,,1609923,1818161,GERMANY,26D4,4458,12366,12105,,,3.520047317,8403,,,,,,,,,,,,,,,,,,,,,,,,,,,103,,,,,,,MRN2,,,,,,,,,,,,,,,,,,,,,,,,,1600,,,2685,,VISO,NON,,,,,,126417,,,,,,,,2026DE_103,,,,,,,,,,,,,,,,,,1818161
8966400,14-02-2026 17:23:00,57.09665000,1.17683333,,,LV,Clupea harengus,I4537,2,,,,1609923,1818162,GERMANY,26D4,4458,12366,12105,,,3.520047317,8403,,,,,,,,,,,,,,,,,,,,,,,,,,,103,,,,,,,MRN2,,,,,,,,,,,,,,,,,,,,,,,,,1600,,,2685,,VISO,NON,,,,,,126417,,,,,,,,2026DE_103,,,,,,,,,,,,,,,,,,1818162
8966401,14-02-2026 17:23:00,57.09665000,1.17683333,,,LV,Clupea harengus,I4537,2,,,,1609923,1818163,GERMANY,26D4,4458,12366,12105,,,3.520047317,8403,,,,,,,,,,,,,,,,,,,,,,,,,,,103,,,,,,,MRN2,,,,,,,,,,,,,,,,,,,,,,,,,1600,,,2685,,VISO,NON,,,,,,126417,,,,,,,,2026DE_103,,,,,,,,,,,,,,,,,,1818163
8966402,14-02-2026 17:23:00,57.09665000,1.17683333,,,LV,Clupea harengus,I4537,1,,,,1609923,1818164,GERMANY,26D4,4458,12366,12105,,,3.520047317,8403,,,,,,,,,,,,,,,,,,,,,,,,,,,103,,,,,,,MRN2,,,,,,,,,,,,,,,,,,,,,,,,,1600,,,2685,,VISO,NON,,,,,,126417,,,,,,,,2026DE_103,,,,,,,,,,,,,,,,,,1818164
8966403,14-02-2026 17:23:00,57.09665000,1.17683333,,,LV,Clupea harengus,I4537,5,,,,1609923,1818153,GERMANY,26D4,4458,12366,12105,,,3.520047317,8403,,,,,,,,,,,,,,,,,,,,,,,,,,,103,,,,,,,MRN2,,,,,,,,,,,,,,,,,,,,,,,,,1600,,,2685,,VISO,NON,,,,,,126417,,,,,,,,2026DE_103,,,,,,,,,,,,,,,,,,1818153
8966404,14-02-2026 17:23:00,57.09665000,1.17683333,,,LV,Clupea harengus,I4537,2,,,,1609923,1818154,GERMANY,26D4,4458,12366,12105,,,3.520047317,8403,,,,,,,,,,,,,,,,,,,,,,,,,,,103,,,,,,,MRN2,,,,,,,,,,,,,,,,,,,,,,,,,1600,,,2685,,VISO,NON,,,,,,126417,,,,,,,,2026DE_103,,,,,,,,,,,,,,,,,,1818154
8966405,14-02-2026 17:23:00,57.09665000,1.17683333,,,LV,Clupea harengus,I4537,4,,,,1609923,1818155,GERMANY,26D4,4458,12366,12105,,,3.520047317,8403,,,,,,,,,,,,,,,,,,,,,,,,,,,103,,,,,,,MRN2,,,,,,,,,,,,,,,,,,,,,,,,,1600,,,2685,,VISO,NON,,,,,,126417,,,,,,,,2026DE_103,,,,,,,,,,,,,,,,,,1818155
8966406,14-02-2026 17:23:00,57.09665000,1.17683333,,,LV,Clupea harengus,I4537,1,,,,1609923,1818156,GERMANY,26D4,4458,12366,12105,,,3.520047317,8403,,,,,,,,,,,,,,,,,,,,,,,,,,,103,,,,,,,MRN2,,,,,,,,,,,,,,,,,,,,,,,,,1600,,,2685,,VISO,NON,,,,,,126417,,,,,,,,2026DE_103,,,,,,,,,,,,,,,,,,1818156
8966408,14-02-2026 18:48:00,57.27258333,1.15363333,,,LV,Clupea harengus,I4537,2,,,,1609924,1818157,GERMANY,26D4,4458,12366,12105,,,3.520047317,9519,,,,,,,,,,,,,,,,,,,,,,,,,,,104,,,,,,,MRN2,,,,,,,,,,,,,,,,,,,,,,,,,1600,,,2648,,VISO,NON,,,,,,126417,,,,,,,,2026DE_104,,,,,,,,,,,,,,,,,,1818157
8966409,14-02-2026 18:48:00,57.27258333,1.15363333,,,LV,Clupea harengus,I4537,2,,,,1609924,1818158,GERMANY,26D4,4458,12366,12105,,,3.520047317,9519,,,,,,,,,,,,,,,,,,,,,,,,,,,104,,,,,,,MRN2,,,,,,,,,,,,,,,,,,,,,,,,,1600,,,2648,,VISO,NON,,,,,,126417,,,,,,,,2026DE_104,,,,,,,,,,,,,,,,,,1818158
8966410,18-02-2026 19:38:00,57.68413333,-0.78813333,,,LV,Clupea harengus,I4537,1,,,,1609930,1818147,GERMANY,26D4,4458,12366,12105,,,3.520047317,8134,,,,,,,,,,,,,,,,,,,,,,,,,,,114,,,,,,,MRN2,,,,,,,,,,,,,,,,,,,,,,,,,1600,,,2000,,VISO,NON,,,,,,126417,,,,,,,,2026DE_114,,,,,,,,,,,,,,,,,,1818147
8966411,18-02-2026 22:05:00,57.71501667,-1.48271667,,,LV,Clupea harengus,I4537,1,,,,1609931,1818148,GERMANY,26D4,4458,12366,12105,,,3.520047317,7938,,,,,,,,,,,,,,,,,,,,,,,,,,,115,,,,,,,MRN2,,,,,,,,,,,,,,,,,,,,,,,,,1600,,,2296,,VISO,NON,,,,,,126417,,,,,,,,2026DE_115,,,,,,,,,,,,,,,,,,1818148
8966412,18-02-2026 23:30:00,57.72605000,-1.81225000,,,LV,Clupea harengus,I4537,1,,,,1609932,1818149,GERMANY,26D4,4458,12366,12105,,,3.520047317,5570,,,,,,,,,,,,,,,,,,,,,,,,,,,116,,,,,,,MRN2,,,,,,,,,,,,,,,,,,,,,,,,,1600,,,1074,,VISO,NON,,,,,,126417,,,,,,,,2026DE_116,,,,,,,,,,,,,,,,,,1818149
8966413,18-02-2026 23:30:00,57.72605000,-1.81225000,,,LV,Clupea harengus,I4537,4,,,,1609932,1818150,GERMANY,26D4,4458,12366,12105,,,3.520047317,5570,,,,,,,,,,,,,,,,,,,,,,,,,,,116,,,,,,,MRN2,,,,,,,,,,,,,,,,,,,,,,,,,1600,,,1074,,VISO,NON,,,,,,126417,,,,,,,,2026DE_116,,,,,,,,,,,,,,,,,,1818150
8966414,18-02-2026 23:30:00,57.72605000,-1.81225000,,,LV,Clupea harengus,I4537,2,,,,1609932,1818151,GERMANY,26D4,4458,12366,12105,,,3.520047317,5570,,,,,,,,,,,,,,,,,,,,,,,,,,,116,,,,,,,MRN2,,,,,,,,,,,,,,,,,,,,,,,,,1600,,,1074,,VISO,NON,,,,,,126417,,,,,,,,2026DE_116,,,,,,,,,,,,,,,,,,1818151
8966415,18-02-2026 23:30:00,57.72605000,-1.81225000,,,LV,Clupea harengus,I4537,3,,,,1609932,1818152,GERMANY,26D4,4458,12366,12105,,,3.520047317,5570,,,,,,,,,,,,,,,,,,,,,,,,,,,116,,,,,,,MRN2,,,,,,,,,,,,,,,,,,,,,,,,,1600,,,1074,,VISO,NON,,,,,,126417,,,,,,,,2026DE_116,,,,,,,,,,,,,,,,,,1818152
8966416,18-02-2026 23:30:00,57.72605000,-1.81225000,,,LV,Clupea harengus,I4537,1,,,,1609932,1818141,GERMANY,26D4,4458,12366,12105,,,3.520047317,5570,,,,,,,,,,,,,,,,,,,,,,,,,,,116,,,,,,,MRN2,,,,,,,,,,,,,,,,,,,,,,,,,1600,,,1074,,VISO,NON,,,,,,126417,,,,,,,,2026DE_116,,,,,,,,,,,,,,,,,,1818141
8966417,18-02-2026 23:30:00,57.72605000,-1.81225000,,,LV,Clupea harengus,I4537,2,,,,1609932,1818142,GERMANY,26D4,4458,12366,12105,,,3.520047317,5570,,,,,,,,,,,,,,,,,,,,,,,,,,,116,,,,,,,MRN2,,,,,,,,,,,,,,,,,,,,,,,,,1600,,,1074,,VISO,NON,,,,,,126417,,,,,,,,2026DE_116,,,,,,,,,,,,,,,,,,1818142
8966418,18-02-2026 23:30:00,57.72605000,-1.81225000,,,LV,Clupea harengus,I4537,1,,,,1609932,1818143,GERMANY,26D4,4458,12366,12105,,,3.520047317,5570,,,,,,,,,,,,,,,,,,,,,,,,,,,116,,,,,,,MRN2,,,,,,,,,,,,,,,,,,,,,,,,,1600,,,1074,,VISO,NON,,,,,,126417,,,,,,,,2026DE_116,,,,,,,,,,,,,,,,,,1818143
8966419,18-02-2026 23:30:00,57.72605000,-1.81225000,,,LV,Clupea harengus,I4537,3,,,,1609932,1818144,GERMANY,26D4,4458,12366,12105,,,3.520047317,5570,,,,,,,,,,,,,,,,,,,,,,,,,,,116,,,,,,,MRN2,,,,,,,,,,,,,,,,,,,,,,,,,1600,,,1074,,VISO,NON,,,,,,126417,,,,,,,,2026DE_116,,,,,,,,,,,,,,,,,,1818144
8966420,18-02-2026 23:30:00,57.72605000,-1.81225000,,,LV,Clupea harengus,I4537,10,,,,1609932,1818145,GERMANY,26D4,4458,12366,12105,,,3.520047317,5570,,,,,,,,,,,,,,,,,,,,,,,,,,,116,,,,,,,MRN2,,,,,,,,,,,,,,,,,,,,,,,,,1600,,,1074,,VISO,NON,,,,,,126417,,,,,,,,2026DE_116,,,,,,,,,,,,,,,,,,1818145
8966421,18-02-2026 23:30:00,57.72605000,-1.81225000,,,LV,Clupea harengus,I4537,5,,,,1609932,1818146,GERMANY,26D4,4458,12366,12105,,,3.520047317,5570,,,,,,,,,,,,,,,,,,,,,,,,,,,116,,,,,,,MRN2,,,,,,,,,,,,,,,,,,,,,,,,,1600,,,1074,,VISO,NON,,,,,,126417,,,,,,,,2026DE_116,,,,,,,,,,,,,,,,,,1818146
8966422,18-02-2026 23:30:00,57.72605000,-1.81225000,,,LV,Clupea harengus,I4537,2,,,,1609932,1818135,GERMANY,26D4,4458,12366,12105,,,3.520047317,5570,,,,,,,,,,,,,,,,,,,,,,,,,,,116,,,,,,,MRN2,,,,,,,,,,,,,,,,,,,,,,,,,1600,,,1074,,VISO,NON,,,,,,126417,,,,,,,,2026DE_116,,,,,,,,,,,,,,,,,,1818135
8966423,18-02-2026 23:30:00,57.72605000,-1.81225000,,,LV,Clupea harengus,I4537,1,,,,1609932,1818136,GERMANY,26D4,4458,12366,12105,,,3.520047317,5570,,,,,,,,,,,,,,,,,,,,,,,,,,,116,,,,,,,MRN2,,,,,,,,,,,,,,,,,,,,,,,,,1600,,,1074,,VISO,NON,,,,,,126417,,,,,,,,2026DE_116,,,,,,,,,,,,,,,,,,1818136
8966424,18-02-2026 23:30:00,57.72605000,-1.81225000,,,LV,Clupea harengus,I4537,2,,,,1609932,1818137,GERMANY,26D4,4458,12366,12105,,,3.520047317,5570,,,,,,,,,,,,,,,,,,,,,,,,,,,116,,,,,,,MRN2,,,,,,,,,,,,,,,,,,,,,,,,,1600,,,1074,,VISO,NON,,,,,,126417,,,,,,,,2026DE_116,,,,,,,,,,,,,,,,,,1818137
8966425,18-02-2026 23:30:00,57.72605000,-1.81225000,,,LV,Clupea harengus,I4537,1,,,,1609932,1818138,GERMANY,26D4,4458,12366,12105,,,3.520047317,5570,,,,,,,,,,,,,,,,,,,,,,,,,,,116,,,,,,,MRN2,,,,,,,,,,,,,,,,,,,,,,,,,1600,,,1074,,VISO,NON,,,,,,126417,,,,,,,,2026DE_116,,,,,,,,,,,,,,,,,,1818138
8966426,19-02-2026 01:10:00,57.73081667,-2.22080000,,,LV,Clupea harengus,I4537,2,,,,1609933,1818139,GERMANY,26D4,4458,12366,12105,,,3.520047317,3860,,,,,,,,,,,,,,,,,,,,,,,,,,,117,,,,,,,MRN2,,,,,,,,,,,,,,,,,,,,,,,,,1600,,,852,,VISO,NON,,,,,,126417,,,,,,,,2026DE_117,,,,,,,,,,,,,,,,,,1818139
8966427,19-02-2026 01:10:00,57.73081667,-2.22080000,,,LV,Clupea harengus,I4537,4,,,,1609933,1818140,GERMANY,26D4,4458,12366,12105,,,3.520047317,3860,,,,,,,,,,,,,,,,,,,,,,,,,,,117,,,,,,,MRN2,,,,,,,,,,,,,,,,,,,,,,,,,1600,,,852,,VISO,NON,,,,,,126417,,,,,,,,2026DE_117,,,,,,,,,,,,,,,,,,1818140
8966428,19-02-2026 01:10:00,57.73081667,-2.22080000,,,LV,Clupea harengus,I4537,1,,,,1609933,1818129,GERMANY,26D4,4458,12366,12105,,,3.520047317,3860,,,,,,,,,,,,,,,,,,,,,,,,,,,117,,,,,,,MRN2,,,,,,,,,,,,,,,,,,,,,,,,,1600,,,852,,VISO,NON,,,,,,126417,,,,,,,,2026DE_117,,,,,,,,,,,,,,,,,,1818129
8966429,19-02-2026 01:10:00,57.73081667,-2.22080000,,,LV,Clupea harengus,I4537,3,,,,1609933,1818130,GERMANY,26D4,4458,12366,12105,,,3.520047317,3860,,,,,,,,,,,,,,,,,,,,,,,,,,,117,,,,,,,MRN2,,,,,,,,,,,,,,,,,,,,,,,,,1600,,,852,,VISO,NON,,,,,,126417,,,,,,,,2026DE_117,,,,,,,,,,,,,,,,,,1818130
8966430,19-02-2026 01:10:00,57.73081667,-2.22080000,,,LV,Clupea harengus,I4537,3,,,,1609933,1818131,GERMANY,26D4,4458,12366,12105,,,3.520047317,3860,,,,,,,,,,,,,,,,,,,,,,,,,,,117,,,,,,,MRN2,,,,,,,,,,,,,,,,,,,,,,,,,1600,,,852,,VISO,NON,,,,,,126417,,,,,,,,2026DE_117,,,,,,,,,,,,,,,,,,1818131
8966431,19-02-2026 01:10:00,57.73081667,-2.22080000,,,LV,Clupea harengus,I4537,1,,,,1609933,1818132,GERMANY,26D4,4458,12366,12105,,,3.520047317,3860,,,,,,,,,,,,,,,,,,,,,,,,,,,117,,,,,,,MRN2,,,,,,,,,,,,,,,,,,,,,,,,,1600,,,852,,VISO,NON,,,,,,126417,,,,,,,,2026DE_117,,,,,,,,,,,,,,,,,,1818132
8966432,19-02-2026 01:10:00,57.73081667,-2.22080000,,,LV,Clupea harengus,I4537,1,,,,1609933,1818133,GERMANY,26D4,4458,12366,12105,,,3.520047317,3860,,,,,,,,,,,,,,,,,,,,,,,,,,,117,,,,,,,MRN2,,,,,,,,,,,,,,,,,,,,,,,,,1600,,,852,,VISO,NON,,,,,,126417,,,,,,,,2026DE_117,,,,,,,,,,,,,,,,,,1818133
8966433,19-02-2026 02:53:00,57.74006667,-2.71776667,,,LV,Clupea harengus,I4537,4,,,,1609934,1818134,GERMANY,26D4,4458,12366,12105,,,3.520047317,4100,,,,,,,,,,,,,,,,,,,,,,,,,,,118,,,,,,,MRN2,,,,,,,,,,,,,,,,,,,,,,,,,1600,,,1000,,VISO,NON,,,,,,126417,,,,,,,,2026DE_118,,,,,,,,,,,,,,,,,,1818134
8966434,19-02-2026 02:53:00,57.74006667,-2.71776667,,,LV,Clupea harengus,I4537,1,,,,1609934,1818123,GERMANY,26D4,4458,12366,12105,,,3.520047317,4100,,,,,,,,,,,,,,,,,,,,,,,,,,,118,,,,,,,MRN2,,,,,,,,,,,,,,,,,,,,,,,,,1600,,,1000,,VISO,NON,,,,,,126417,,,,,,,,2026DE_118,,,,,,,,,,,,,,,,,,1818123
8966435,19-02-2026 02:53:00,57.74006667,-2.71776667,,,LV,Clupea harengus,I4537,1,,,,1609934,1818124,GERMANY,26D4,4458,12366,12105,,,3.520047317,4100,,,,,,,,,,,,,,,,,,,,,,,,,,,118,,,,,,,MRN2,,,,,,,,,,,,,,,,,,,,,,,,,1600,,,1000,,VISO,NON,,,,,,126417,,,,,,,,2026DE_118,,,,,,,,,,,,,,,,,,1818124
8966436,19-02-2026 02:53:00,57.74006667,-2.71776667,,,LV,Clupea harengus,I4537,1,,,,1609934,1818125,GERMANY,26D4,4458,12366,12105,,,3.520047317,4100,,,,,,,,,,,,,,,,,,,,,,,,,,,118,,,,,,,MRN2,,,,,,,,,,,,,,,,,,,,,,,,,1600,,,1000,,VISO,NON,,,,,,126417,,,,,,,,2026DE_118,,,,,,,,,,,,,,,,,,1818125
8966437,19-02-2026 02:53:00,57.74006667,-2.71776667,,,LV,Clupea harengus,I4537,1,,,,1609934,1818126,GERMANY,26D4,4458,12366,12105,,,3.520047317,4100,,,,,,,,,,,,,,,,,,,,,,,,,,,118,,,,,,,MRN2,,,,,,,,,,,,,,,,,,,,,,,,,1600,,,1000,,VISO,NON,,,,,,126417,,,,,,,,2026DE_118,,,,,,,,,,,,,,,,,,1818126
8966438,19-02-2026 04:31:00,57.77238333,-3.16720000,,,LV,Clupea harengus,I4537,6,,,,1609935,1818127,GERMANY,26D4,4458,12366,12105,,,3.520047317,5196,,,,,,,,,,,,,,,,,,,,,,,,,,,119,,,,,,,MRN2,,,,,,,,,,,,,,,,,,,,,,,,,1600,,,1482,,VISO,NON,,,,,,126417,,,,,,,,2026DE_119,,,,,,,,,,,,,,,,,,1818127
8966439,19-02-2026 04:31:00,57.77238333,-3.16720000,,,LV,Clupea harengus,I4537,6,,,,1609935,1818128,GERMANY,26D4,4458,12366,12105,,,3.520047317,5196,,,,,,,,,,,,,,,,,,,,,,,,,,,119,,,,,,,MRN2,,,,,,,,,,,,,,,,,,,,,,,,,1600,,,1482,,VISO,NON,,,,,,126417,,,,,,,,2026DE_119,,,,,,,,,,,,,,,,,,1818128
8966440,19-02-2026 04:31:00,57.77238333,-3.16720000,,,LV,Clupea harengus,I4537,7,,,,1609935,1818117,GERMANY,26D4,4458,12366,12105,,,3.520047317,5196,,,,,,,,,,,,,,,,,,,,,,,,,,,119,,,,,,,MRN2,,,,,,,,,,,,,,,,,,,,,,,,,1600,,,1482,,VISO,NON,,,,,,126417,,,,,,,,2026DE_119,,,,,,,,,,,,,,,,,,1818117
8966441,19-02-2026 04:31:00,57.77238333,-3.16720000,,,LV,Clupea harengus,I4537,3,,,,1609935,1818118,GERMANY,26D4,4458,12366,12105,,,3.520047317,5196,,,,,,,,,,,,,,,,,,,,,,,,,,,119,,,,,,,MRN2,,,,,,,,,,,,,,,,,,,,,,,,,1600,,,1482,,VISO,NON,,,,,,126417,,,,,,,,2026DE_119,,,,,,,,,,,,,,,,,,1818118
8966442,19-02-2026 04:31:00,57.77238333,-3.16720000,,,LV,Clupea harengus,I4537,3,,,,1609935,1818119,GERMANY,26D4,4458,12366,12105,,,3.520047317,5196,,,,,,,,,,,,,,,,,,,,,,,,,,,119,,,,,,,MRN2,,,,,,,,,,,,,,,,,,,,,,,,,1600,,,1482,,VISO,NON,,,,,,126417,,,,,,,,2026DE_119,,,,,,,,,,,,,,,,,,1818119
8966443,19-02-2026 04:31:00,57.77238333,-3.16720000,,,LV,Clupea harengus,I4537,3,,,,1609935,1818120,GERMANY,26D4,4458,12366,12105,,,3.520047317,5196,,,,,,,,,,,,,,,,,,,,,,,,,,,119,,,,,,,MRN2,,,,,,,,,,,,,,,,,,,,,,,,,1600,,,1482,,VISO,NON,,,,,,126417,,,,,,,,2026DE_119,,,,,,,,,,,,,,,,,,1818120
8966444,19-02-2026 04:31:00,57.77238333,-3.16720000,,,LV,Clupea harengus,I4537,1,,,,1609935,1818121,GERMANY,26D4,4458,12366,12105,,,3.520047317,5196,,,,,,,,,,,,,,,,,,,,,,,,,,,119,,,,,,,MRN2,,,,,,,,,,,,,,,,,,,,,,,,,1600,,,1482,,VISO,NON,,,,,,126417,,,,,,,,2026DE_119,,,,,,,,,,,,,,,,,,1818121
8966445,19-02-2026 05:40:00,57.91258333,-3.27476667,,,LV,Clupea harengus,I4537,3,,,,1609936,1818122,GERMANY,26D4,4458,12366,12105,,,3.520047317,7277,,,,,,,,,,,,,,,,,,,,,,,,,,,120,,,,,,,MRN2,,,,,,,,,,,,,,,,,,,,,,,,,1600,,,1852,,VISO,NON,,,,,,126417,,,,,,,,2026DE_120,,,,,,,,,,,,,,,,,,1818122
8966446,19-02-2026 05:40:00,57.91258333,-3.27476667,,,LV,Clupea harengus,I4537,3,,,,1609936,1818111,GERMANY,26D4,4458,12366,12105,,,3.520047317,7277,,,,,,,,,,,,,,,,,,,,,,,,,,,120,,,,,,,MRN2,,,,,,,,,,,,,,,,,,,,,,,,,1600,,,1852,,VISO,NON,,,,,,126417,,,,,,,,2026DE_120,,,,,,,,,,,,,,,,,,1818111
8966449,20-02-2026 22:29:00,58.90905000,-0.80678333,,,LV,Clupea harengus,I4537,1,,,,1609838,1818112,GERMANY,26D4,4458,12366,12105,,,3.520047317,9429,,,,,,,,,,,,,,,,,,,,,,,,,,,142,,,,,,,MRN2,,,,,,,,,,,,,,,,,,,,,,,,,1600,,,2611,,VISO,NON,,,,,,126417,,,,,,,,2026DE_142,,,,,,,,,,,,,,,,,,1818112
8966450,20-02-2026 23:56:00,59.06511667,-0.78793333,,,LV,Clupea harengus,I4537,3,,,,1609839,1818113,GERMANY,26D4,4458,12366,12105,,,3.520047317,8808,,,,,,,,,,,,,,,,,,,,,,,,,,,143,,,,,,,MRN2,,,,,,,,,,,,,,,,,,,,,,,,,1600,,,2185,,VISO,NON,,,,,,126417,,,,,,,,2026DE_143,,,,,,,,,,,,,,,,,,1818113
8966451,20-02-2026 23:56:00,59.06511667,-0.78793333,,,LV,Clupea harengus,I4537,2,,,,1609839,1818114,GERMANY,26D4,4458,12366,12105,,,3.520047317,8808,,,,,,,,,,,,,,,,,,,,,,,,,,,143,,,,,,,MRN2,,,,,,,,,,,,,,,,,,,,,,,,,1600,,,2185,,VISO,NON,,,,,,126417,,,,,,,,2026DE_143,,,,,,,,,,,,,,,,,,1818114
8966452,20-02-2026 23:56:00,59.06511667,-0.78793333,,,LV,Clupea harengus,I4537,3,,,,1609839,1818115,GERMANY,26D4,4458,12366,12105,,,3.520047317,8808,,,,,,,,,,,,,,,,,,,,,,,,,,,143,,,,,,,MRN2,,,,,,,,,,,,,,,,,,,,,,,,,1600,,,2185,,VISO,NON,,,,,,126417,,,,,,,,2026DE_143,,,,,,,,,,,,,,,,,,1818115
8966453,20-02-2026 23:56:00,59.06511667,-0.78793333,,,LV,Clupea harengus,I4537,1,,,,1609839,1818116,GERMANY,26D4,4458,12366,12105,,,3.520047317,8808,,,,,,,,,,,,,,,,,,,,,,,,,,,143,,,,,,,MRN2,,,,,,,,,,,,,,,,,,,,,,,,,1600,,,2185,,VISO,NON,,,,,,126417,,,,,,,,2026DE_143,,,,,,,,,,,,,,,,,,1818116
8966454,21-02-2026 01:36:00,59.07998333,-1.18508333,,,LV,Clupea harengus,I4537,7,,,,1609840,1818105,GERMANY,26D4,4458,12366,12105,,,3.520047317,9330,,,,,,,,,,,,,,,,,,,,,,,,,,,144,,,,,,,MRN2,,,,,,,,,,,,,,,,,,,,,,,,,1600,,,1667,,VISO,NON,,,,,,126417,,,,,,,,2026DE_144,,,,,,,,,,,,,,,,,,1818105
8966455,21-02-2026 01:36:00,59.07998333,-1.18508333,,,LV,Clupea harengus,I4537,1,,,,1609840,1818106,GERMANY,26D4,4458,12366,12105,,,3.520047317,9330,,,,,,,,,,,,,,,,,,,,,,,,,,,144,,,,,,,MRN2,,,,,,,,,,,,,,,,,,,,,,,,,1600,,,1667,,VISO,NON,,,,,,126417,,,,,,,,2026DE_144,,,,,,,,,,,,,,,,,,1818106
8966456,21-02-2026 01:36:00,59.07998333,-1.18508333,,,LV,Clupea harengus,I4537,1,,,,1609840,1818107,GERMANY,26D4,4458,12366,12105,,,3.520047317,9330,,,,,,,,,,,,,,,,,,,,,,,,,,,144,,,,,,,MRN2,,,,,,,,,,,,,,,,,,,,,,,,,1600,,,1667,,VISO,NON,,,,,,126417,,,,,,,,2026DE_144,,,,,,,,,,,,,,,,,,1818107
8966457,21-02-2026 03:12:00,59.25160000,-1.18810000,,,LV,Clupea harengus,I4537,2,,,,1609841,1818108,GERMANY,26D4,4458,12366,12105,,,3.520047317,12218,,,,,,,,,,,,,,,,,,,,,,,,,,,145,,,,,,,MRN2,,,,,,,,,,,,,,,,,,,,,,,,,1600,,,2908,,VISO,NON,,,,,,126417,,,,,,,,2026DE_145,,,,,,,,,,,,,,,,,,1818108
8966458,21-02-2026 03:12:00,59.25160000,-1.18810000,,,LV,Clupea harengus,I4537,2,,,,1609841,1818109,GERMANY,26D4,4458,12366,12105,,,3.520047317,12218,,,,,,,,,,,,,,,,,,,,,,,,,,,145,,,,,,,MRN2,,,,,,,,,,,,,,,,,,,,,,,,,1600,,,2908,,VISO,NON,,,,,,126417,,,,,,,,2026DE_145,,,,,,,,,,,,,,,,,,1818109
8966459,21-02-2026 18:17:00,59.61188333,-0.80568333,,,LV,Clupea harengus,I4537,1,,,,1609843,1818110,GERMANY,26D4,4458,12366,12105,,,3.520047317,12352,,,,,,,,,,,,,,,,,,,,,,,,,,,155,,,,,,,MRN2,,,,,,,,,,,,,,,,,,,,,,,,,1600,,,3945,,VISO,NON,,,,,,126417,,,,,,,,2026DE_155,,,,,,,,,,,,,,,,,,1818110
8966461,21-02-2026 21:07:00,59.78143333,-1.17628333,,,LV,Clupea harengus,I4537,1,,,,1609845,1818099,GERMANY,26D4,4458,12366,12105,,,3.520047317,9607,,,,,,,,,,,,,,,,,,,,,,,,,,,157,,,,,,,MRN2,,,,,,,,,,,,,,,,,,,,,,,,,1600,,,3222,,VISO,NON,,,,,,126417,,,,,,,,2026DE_157,,,,,,,,,,,,,,,,,,1818099
8966462,21-02-2026 22:39:00,59.78668333,-0.79766667,,,LV,Clupea harengus,I4537,1,,,,1609846,1818100,GERMANY,26D4,4458,12366,12105,,,3.520047317,10699,,,,,,,,,,,,,,,,,,,,,,,,,,,158,,,,,,,MRN2,,,,,,,,,,,,,,,,,,,,,,,,,1600,,,3482,,VISO,NON,,,,,,126417,,,,,,,,2026DE_158,,,,,,,,,,,,,,,,,,1818100
8966463,22-02-2026 01:58:00,59.76566667,0.20405000,,,LV,Clupea harengus,I4537,3,,,,1609847,1818101,GERMANY,26D4,4458,12366,12105,,,3.520047317,7430,,,,,,,,,,,,,,,,,,,,,,,,,,,159,,,,,,,MRN2,,,,,,,,,,,,,,,,,,,,,,,,,1600,,,2296,,VISO,NON,,,,,,126417,,,,,,,,2026DE_159,,,,,,,,,,,,,,,,,,1818101
8966464,22-02-2026 03:21:00,59.59760000,0.20271667,,,LV,Clupea harengus,I4537,1,,,,1609848,1818102,GERMANY,26D4,4458,12366,12105,,,3.520047317,10272,,,,,,,,,,,,,,,,,,,,,,,,,,,160,,,,,,,MRN2,,,,,,,,,,,,,,,,,,,,,,,,,1600,,,3056,,VISO,NON,,,,,,126417,,,,,,,,2026DE_160,,,,,,,,,,,,,,,,,,1818102
8966465,22-02-2026 03:21:00,59.59760000,0.20271667,,,LV,Clupea harengus,I4537,4,,,,1609848,1818103,GERMANY,26D4,4458,12366,12105,,,3.520047317,10272,,,,,,,,,,,,,,,,,,,,,,,,,,,160,,,,,,,MRN2,,,,,,,,,,,,,,,,,,,,,,,,,1600,,,3056,,VISO,NON,,,,,,126417,,,,,,,,2026DE_160,,,,,,,,,,,,,,,,,,1818103
8966466,22-02-2026 05:04:00,59.42695000,0.18433333,,,LV,Clupea harengus,I4537,1,,,,1609849,1818104,GERMANY,26D4,4458,12366,12105,,,3.520047317,11979,,,,,,,,,,,,,,,,,,,,,,,,,,,161,,,,,,,MRN2,,,,,,,,,,,,,,,,,,,,,,,,,1600,,,3352,,VISO,NON,,,,,,126417,,,,,,,,2026DE_161,,,,,,,,,,,,,,,,,,1818104
8966467,22-02-2026 05:04:00,59.42695000,0.18433333,,,LV,Clupea harengus,I4537,1,,,,1609849,1818093,GERMANY,26D4,4458,12366,12105,,,3.520047317,11979,,,,,,,,,,,,,,,,,,,,,,,,,,,161,,,,,,,MRN2,,,,,,,,,,,,,,,,,,,,,,,,,1600,,,3352,,VISO,NON,,,,,,126417,,,,,,,,2026DE_161,,,,,,,,,,,,,,,,,,1818093
8966468,22-02-2026 17:47:00,59.10680000,1.20446667,,,LV,Clupea harengus,I4537,1,,,,1609850,1818094,GERMANY,26D4,4458,12366,12105,,,3.520047317,11236,,,,,,,,,,,,,,,,,,,,,,,,,,,168,,,,,,,MRN2,,,,,,,,,,,,,,,,,,,,,,,,,1600,,,3185,,VISO,NON,,,,,,126417,,,,,,,,2026DE_168,,,,,,,,,,,,,,,,,,1818094
8966469,22-02-2026 17:47:00,59.10680000,1.20446667,,,LV,Maurolicus muelleri,I4537,1,,,,1609850,1818327,GERMANY,26D4,4458,12366,12116,,,3.520047317,11236,,,,,,,,,,,,,,,,,,,,,,,,,,,168,,,,,,,MRN2,,,,,,,,,,,,,,,,,,,,,,,,,1600,,,3185,,VISO,NON,,,,,,127312,,,,,,,,2026DE_168,,,,,,,,,,,,,,,,,,1818327
8966471,22-02-2026 19:32:00,59.10888333,0.81090000,,,LV,Clupea harengus,I4537,1,,,,1609851,1818095,GERMANY,26D4,4458,12366,12105,,,3.520047317,12519,,,,,,,,,,,,,,,,,,,,,,,,,,,169,,,,,,,MRN2,,,,,,,,,,,,,,,,,,,,,,,,,1600,,,3204,,VISO,NON,,,,,,126417,,,,,,,,2026DE_169,,,,,,,,,,,,,,,,,,1818095
8966472,22-02-2026 19:32:00,59.10888333,0.81090000,,,LV,Clupea harengus,I4537,1,,,,1609851,1818096,GERMANY,26D4,4458,12366,12105,,,3.520047317,12519,,,,,,,,,,,,,,,,,,,,,,,,,,,169,,,,,,,MRN2,,,,,,,,,,,,,,,,,,,,,,,,,1600,,,3204,,VISO,NON,,,,,,126417,,,,,,,,2026DE_169,,,,,,,,,,,,,,,,,,1818096
8966474,23-02-2026 00:32:00,58.60291667,1.16228333,,,LV,Clupea harengus,I4537,1,,,,1609853,1818097,GERMANY,26D4,4458,12366,12105,,,3.520047317,7549,,,,,,,,,,,,,,,,,,,,,,,,,,,171,,,,,,,MRN2,,,,,,,,,,,,,,,,,,,,,,,,,1600,,,2185,,VISO,NON,,,,,,126417,,,,,,,,2026DE_171,,,,,,,,,,,,,,,,,,1818097
8966476,23-02-2026 05:05:00,58.33896667,0.52506667,,,LV,Clupea harengus,I4537,2,,,,1609856,1818098,GERMANY,26D4,4458,12366,12105,,,3.520047317,10235,,,,,,,,,,,,,,,,,,,,,,,,,,,174,,,,,,,MRN2,,,,,,,,,,,,,,,,,,,,,,,,,1600,,,2797,,VISO,NON,,,,,,126417,,,,,,,,2026DE_174,,,,,,,,,,,,,,,,,,1818098
8966477,23-02-2026 05:05:00,58.33896667,0.52506667,,,LV,Clupea harengus,I4537,1,,,,1609856,1818087,GERMANY,26D4,4458,12366,12105,,,3.520047317,10235,,,,,,,,,,,,,,,,,,,,,,,,,,,174,,,,,,,MRN2,,,,,,,,,,,,,,,,,,,,,,,,,1600,,,2797,,VISO,NON,,,,,,126417,,,,,,,,2026DE_174,,,,,,,,,,,,,,,,,,1818087
8966478,23-02-2026 20:10:00,58.41313333,2.52270000,,,LV,Clupea harengus,I4537,1,,,,1609858,1818088,GERMANY,26D4,4458,12366,12105,,,3.520047317,9057,,,,,,,,,,,,,,,,,,,,,,,,,,,184,,,,,,,MRN2,,,,,,,,,,,,,,,,,,,,,,,,,1600,,,2630,,VISO,NON,,,,,,126417,,,,,,,,2026DE_184,,,,,,,,,,,,,,,,,,1818088
8966479,23-02-2026 21:36:00,58.60143333,2.47660000,,,LV,Clupea harengus,I4537,1,,,,1609859,1818089,GERMANY,26D4,4458,12366,12105,,,3.520047317,10527,,,,,,,,,,,,,,,,,,,,,,,,,,,185,,,,,,,MRN2,,,,,,,,,,,,,,,,,,,,,,,,,1600,,,3130,,VISO,NON,,,,,,126417,,,,,,,,2026DE_185,,,,,,,,,,,,,,,,,,1818089
8966480,23-02-2026 21:36:00,58.60143333,2.47660000,,,LV,Clupea harengus,I4537,1,,,,1609859,1818090,GERMANY,26D4,4458,12366,12105,,,3.520047317,10527,,,,,,,,,,,,,,,,,,,,,,,,,,,185,,,,,,,MRN2,,,,,,,,,,,,,,,,,,,,,,,,,1600,,,3130,,VISO,NON,,,,,,126417,,,,,,,,2026DE_185,,,,,,,,,,,,,,,,,,1818090
8966481,23-02-2026 21:36:00,58.60143333,2.47660000,,,LV,Clupea harengus,I4537,1,,,,1609859,1818091,GERMANY,26D4,4458,12366,12105,,,3.520047317,10527,,,,,,,,,,,,,,,,,,,,,,,,,,,185,,,,,,,MRN2,,,,,,,,,,,,,,,,,,,,,,,,,1600,,,3130,,VISO,NON,,,,,,126417,,,,,,,,2026DE_185,,,,,,,,,,,,,,,,,,1818091
8966482,23-02-2026 21:36:00,58.60143333,2.47660000,,,LV,Clupea harengus,I4537,1,,,,1609859,1818092,GERMANY,26D4,4458,12366,12105,,,3.520047317,10527,,,,,,,,,,,,,,,,,,,,,,,,,,,185,,,,,,,MRN2,,,,,,,,,,,,,,,,,,,,,,,,,1600,,,3130,,VISO,NON,,,,,,126417,,,,,,,,2026DE_185,,,,,,,,,,,,,,,,,,1818092
8966483,23-02-2026 21:36:00,58.60143333,2.47660000,,,LV,Clupea harengus,I4537,2,,,,1609859,1818081,GERMANY,26D4,4458,12366,12105,,,3.520047317,10527,,,,,,,,,,,,,,,,,,,,,,,,,,,185,,,,,,,MRN2,,,,,,,,,,,,,,,,,,,,,,,,,1600,,,3130,,VISO,NON,,,,,,126417,,,,,,,,2026DE_185,,,,,,,,,,,,,,,,,,1818081
8966484,23-02-2026 21:36:00,58.60143333,2.47660000,,,LV,Clupea harengus,I4537,1,,,,1609859,1818082,GERMANY,26D4,4458,12366,12105,,,3.520047317,10527,,,,,,,,,,,,,,,,,,,,,,,,,,,185,,,,,,,MRN2,,,,,,,,,,,,,,,,,,,,,,,,,1600,,,3130,,VISO,NON,,,,,,126417,,,,,,,,2026DE_185,,,,,,,,,,,,,,,,,,1818082
8966485,24-02-2026 00:30:00,58.60216667,3.16020000,,,LV,Clupea harengus,I4537,1,,,,1609861,1818083,GERMANY,26D4,4458,12366,12105,,,3.520047317,9399,,,,,,,,,,,,,,,,,,,,,,,,,,,187,,,,,,,MRN2,,,,,,,,,,,,,,,,,,,,,,,,,1600,,,2815,,VISO,NON,,,,,,126417,,,,,,,,2026DE_187,,,,,,,,,,,,,,,,,,1818083
8966486,24-02-2026 21:54:00,57.91535000,2.82040000,,,LV,Clupea harengus,I4537,1,,,,1609865,1818084,GERMANY,26D4,4458,12366,12105,,,3.520047317,6659,,,,,,,,,,,,,,,,,,,,,,,,,,,200,,,,,,,MRN2,,,,,,,,,,,,,,,,,,,,,,,,,1600,,,1593,,VISO,NON,,,,,,126417,,,,,,,,2026DE_200,,,,,,,,,,,,,,,,,,1818084
8966487,24-02-2026 21:54:00,57.91535000,2.82040000,,,LV,Clupea harengus,I4537,1,,,,1609865,1818085,GERMANY,26D4,4458,12366,12105,,,3.520047317,6659,,,,,,,,,,,,,,,,,,,,,,,,,,,200,,,,,,,MRN2,,,,,,,,,,,,,,,,,,,,,,,,,1600,,,1593,,VISO,NON,,,,,,126417,,,,,,,,2026DE_200,,,,,,,,,,,,,,,,,,1818085
8966488,24-02-2026 21:54:00,57.91535000,2.82040000,,,LV,Clupea harengus,I4537,5,,,,1609865,1818086,GERMANY,26D4,4458,12366,12105,,,3.520047317,6659,,,,,,,,,,,,,,,,,,,,,,,,,,,200,,,,,,,MRN2,,,,,,,,,,,,,,,,,,,,,,,,,1600,,,1593,,VISO,NON,,,,,,126417,,,,,,,,2026DE_200,,,,,,,,,,,,,,,,,,1818086
8966489,24-02-2026 21:54:00,57.91535000,2.82040000,,,LV,Clupea harengus,I4537,2,,,,1609865,1818075,GERMANY,26D4,4458,12366,12105,,,3.520047317,6659,,,,,,,,,,,,,,,,,,,,,,,,,,,200,,,,,,,MRN2,,,,,,,,,,,,,,,,,,,,,,,,,1600,,,1593,,VISO,NON,,,,,,126417,,,,,,,,2026DE_200,,,,,,,,,,,,,,,,,,1818075
8966490,24-02-2026 21:54:00,57.91535000,2.82040000,,,LV,Clupea harengus,I4537,3,,,,1609865,1818076,GERMANY,26D4,4458,12366,12105,,,3.520047317,6659,,,,,,,,,,,,,,,,,,,,,,,,,,,200,,,,,,,MRN2,,,,,,,,,,,,,,,,,,,,,,,,,1600,,,1593,,VISO,NON,,,,,,126417,,,,,,,,2026DE_200,,,,,,,,,,,,,,,,,,1818076
8966491,24-02-2026 21:54:00,57.91535000,2.82040000,,,LV,Clupea harengus,I4537,4,,,,1609865,1818077,GERMANY,26D4,4458,12366,12105,,,3.520047317,6659,,,,,,,,,,,,,,,,,,,,,,,,,,,200,,,,,,,MRN2,,,,,,,,,,,,,,,,,,,,,,,,,1600,,,1593,,VISO,NON,,,,,,126417,,,,,,,,2026DE_200,,,,,,,,,,,,,,,,,,1818077
8966492,24-02-2026 21:54:00,57.91535000,2.82040000,,,LV,Clupea harengus,I4537,1,,,,1609865,1818078,GERMANY,26D4,4458,12366,12105,,,3.520047317,6659,,,,,,,,,,,,,,,,,,,,,,,,,,,200,,,,,,,MRN2,,,,,,,,,,,,,,,,,,,,,,,,,1600,,,1593,,VISO,NON,,,,,,126417,,,,,,,,2026DE_200,,,,,,,,,,,,,,,,,,1818078
8966493,25-02-2026 00:25:00,57.59985000,3.17573333,,,LV,Clupea harengus,I4537,1,,,,1609866,1818079,GERMANY,26D4,4458,12366,12105,,,3.520047317,6338,,,,,,,,,,,,,,,,,,,,,,,,,,,201,,,,,,,MRN2,,,,,,,,,,,,,,,,,,,,,,,,,1600,,,1852,,VISO,NON,,,,,,126417,,,,,,,,2026DE_201,,,,,,,,,,,,,,,,,,1818079
8966494,25-02-2026 00:25:00,57.59985000,3.17573333,,,LV,Clupea harengus,I4537,1,,,,1609866,1818080,GERMANY,26D4,4458,12366,12105,,,3.520047317,6338,,,,,,,,,,,,,,,,,,,,,,,,,,,201,,,,,,,MRN2,,,,,,,,,,,,,,,,,,,,,,,,,1600,,,1852,,VISO,NON,,,,,,126417,,,,,,,,2026DE_201,,,,,,,,,,,,,,,,,,1818080
8966495,25-02-2026 00:25:00,57.59985000,3.17573333,,,LV,Clupea harengus,I4537,2,,,,1609866,1818069,GERMANY,26D4,4458,12366,12105,,,3.520047317,6338,,,,,,,,,,,,,,,,,,,,,,,,,,,201,,,,,,,MRN2,,,,,,,,,,,,,,,,,,,,,,,,,1600,,,1852,,VISO,NON,,,,,,126417,,,,,,,,2026DE_201,,,,,,,,,,,,,,,,,,1818069
8966496,25-02-2026 00:25:00,57.59985000,3.17573333,,,LV,Clupea harengus,I4537,2,,,,1609866,1818070,GERMANY,26D4,4458,12366,12105,,,3.520047317,6338,,,,,,,,,,,,,,,,,,,,,,,,,,,201,,,,,,,MRN2,,,,,,,,,,,,,,,,,,,,,,,,,1600,,,1852,,VISO,NON,,,,,,126417,,,,,,,,2026DE_201,,,,,,,,,,,,,,,,,,1818070
8966497,25-02-2026 00:25:00,57.59985000,3.17573333,,,LV,Clupea harengus,I4537,6,,,,1609866,1818071,GERMANY,26D4,4458,12366,12105,,,3.520047317,6338,,,,,,,,,,,,,,,,,,,,,,,,,,,201,,,,,,,MRN2,,,,,,,,,,,,,,,,,,,,,,,,,1600,,,1852,,VISO,NON,,,,,,126417,,,,,,,,2026DE_201,,,,,,,,,,,,,,,,,,1818071
8966498,25-02-2026 00:25:00,57.59985000,3.17573333,,,LV,Clupea harengus,I4537,4,,,,1609866,1818072,GERMANY,26D4,4458,12366,12105,,,3.520047317,6338,,,,,,,,,,,,,,,,,,,,,,,,,,,201,,,,,,,MRN2,,,,,,,,,,,,,,,,,,,,,,,,,1600,,,1852,,VISO,NON,,,,,,126417,,,,,,,,2026DE_201,,,,,,,,,,,,,,,,,,1818072
8966499,25-02-2026 00:25:00,57.59985000,3.17573333,,,LV,Clupea harengus,I4537,4,,,,1609866,1818073,GERMANY,26D4,4458,12366,12105,,,3.520047317,6338,,,,,,,,,,,,,,,,,,,,,,,,,,,201,,,,,,,MRN2,,,,,,,,,,,,,,,,,,,,,,,,,1600,,,1852,,VISO,NON,,,,,,126417,,,,,,,,2026DE_201,,,,,,,,,,,,,,,,,,1818073
8966500,25-02-2026 02:17:00,57.40721667,3.50720000,,,LV,Clupea harengus,I4537,1,,,,1609867,1818074,GERMANY,26D4,4458,12366,12105,,,3.520047317,4589,,,,,,,,,,,,,,,,,,,,,,,,,,,202,,,,,,,MRN2,,,,,,,,,,,,,,,,,,,,,,,,,1600,,,1352,,VISO,NON,,,,,,126417,,,,,,,,2026DE_202,,,,,,,,,,,,,,,,,,1818074
8966501,25-02-2026 02:17:00,57.40721667,3.50720000,,,LV,Clupea harengus,I4537,2,,,,1609867,1818063,GERMANY,26D4,4458,12366,12105,,,3.520047317,4589,,,,,,,,,,,,,,,,,,,,,,,,,,,202,,,,,,,MRN2,,,,,,,,,,,,,,,,,,,,,,,,,1600,,,1352,,VISO,NON,,,,,,126417,,,,,,,,2026DE_202,,,,,,,,,,,,,,,,,,1818063
8966502,25-02-2026 04:41:00,57.40473333,2.84620000,,,LV,Clupea harengus,I4537,3,,,,1609868,1818064,GERMANY,26D4,4458,12366,12105,,,3.520047317,6713,,,,,,,,,,,,,,,,,,,,,,,,,,,203,,,,,,,MRN2,,,,,,,,,,,,,,,,,,,,,,,,,1600,,,1945,,VISO,NON,,,,,,126417,,,,,,,,2026DE_203,,,,,,,,,,,,,,,,,,1818064
8966503,25-02-2026 04:41:00,57.40473333,2.84620000,,,LV,Clupea harengus,I4537,2,,,,1609868,1818065,GERMANY,26D4,4458,12366,12105,,,3.520047317,6713,,,,,,,,,,,,,,,,,,,,,,,,,,,203,,,,,,,MRN2,,,,,,,,,,,,,,,,,,,,,,,,,1600,,,1945,,VISO,NON,,,,,,126417,,,,,,,,2026DE_203,,,,,,,,,,,,,,,,,,1818065
8966504,25-02-2026 04:41:00,57.40473333,2.84620000,,,LV,Clupea harengus,I4537,1,,,,1609868,1818066,GERMANY,26D4,4458,12366,12105,,,3.520047317,6713,,,,,,,,,,,,,,,,,,,,,,,,,,,203,,,,,,,MRN2,,,,,,,,,,,,,,,,,,,,,,,,,1600,,,1945,,VISO,NON,,,,,,126417,,,,,,,,2026DE_203,,,,,,,,,,,,,,,,,,1818066
8966505,25-02-2026 04:41:00,57.40473333,2.84620000,,,LV,Clupea harengus,I4537,3,,,,1609868,1818067,GERMANY,26D4,4458,12366,12105,,,3.520047317,6713,,,,,,,,,,,,,,,,,,,,,,,,,,,203,,,,,,,MRN2,,,,,,,,,,,,,,,,,,,,,,,,,1600,,,1945,,VISO,NON,,,,,,126417,,,,,,,,2026DE_203,,,,,,,,,,,,,,,,,,1818067
8966506,25-02-2026 04:41:00,57.40473333,2.84620000,,,LV,Clupea harengus,I4537,1,,,,1609868,1818068,GERMANY,26D4,4458,12366,12105,,,3.520047317,6713,,,,,,,,,,,,,,,,,,,,,,,,,,,203,,,,,,,MRN2,,,,,,,,,,,,,,,,,,,,,,,,,1600,,,1945,,VISO,NON,,,,,,126417,,,,,,,,2026DE_203,,,,,,,,,,,,,,,,,,1818068
8966507,25-02-2026 05:56:00,57.25191667,2.80591667,,,LV,Clupea harengus,I4537,1,,,,1609869,1818057,GERMANY,26D4,4458,12366,12105,,,3.520047317,7358,,,,,,,,,,,,,,,,,,,,,,,,,,,204,,,,,,,MRN2,,,,,,,,,,,,,,,,,,,,,,,,,1600,,,1796,,VISO,NON,,,,,,126417,,,,,,,,2026DE_204,,,,,,,,,,,,,,,,,,1818057
8966508,25-02-2026 05:56:00,57.25191667,2.80591667,,,LV,Clupea harengus,I4537,1,,,,1609869,1818058,GERMANY,26D4,4458,12366,12105,,,3.520047317,7358,,,,,,,,,,,,,,,,,,,,,,,,,,,204,,,,,,,MRN2,,,,,,,,,,,,,,,,,,,,,,,,,1600,,,1796,,VISO,NON,,,,,,126417,,,,,,,,2026DE_204,,,,,,,,,,,,,,,,,,1818058
8966509,25-02-2026 05:56:00,57.25191667,2.80591667,,,LV,Clupea harengus,I4537,1,,,,1609869,1818059,GERMANY,26D4,4458,12366,12105,,,3.520047317,7358,,,,,,,,,,,,,,,,,,,,,,,,,,,204,,,,,,,MRN2,,,,,,,,,,,,,,,,,,,,,,,,,1600,,,1796,,VISO,NON,,,,,,126417,,,,,,,,2026DE_204,,,,,,,,,,,,,,,,,,1818059
8966510,25-02-2026 05:56:00,57.25191667,2.80591667,,,LV,Clupea harengus,I4537,3,,,,1609869,1818060,GERMANY,26D4,4458,12366,12105,,,3.520047317,7358,,,,,,,,,,,,,,,,,,,,,,,,,,,204,,,,,,,MRN2,,,,,,,,,,,,,,,,,,,,,,,,,1600,,,1796,,VISO,NON,,,,,,126417,,,,,,,,2026DE_204,,,,,,,,,,,,,,,,,,1818060
8966511,25-02-2026 05:56:00,57.25191667,2.80591667,,,LV,Clupea harengus,I4537,3,,,,1609869,1818061,GERMANY,26D4,4458,12366,12105,,,3.520047317,7358,,,,,,,,,,,,,,,,,,,,,,,,,,,204,,,,,,,MRN2,,,,,,,,,,,,,,,,,,,,,,,,,1600,,,1796,,VISO,NON,,,,,,126417,,,,,,,,2026DE_204,,,,,,,,,,,,,,,,,,1818061
8966512,25-02-2026 05:56:00,57.25191667,2.80591667,,,LV,Clupea harengus,I4537,1,,,,1609869,1818062,GERMANY,26D4,4458,12366,12105,,,3.520047317,7358,,,,,,,,,,,,,,,,,,,,,,,,,,,204,,,,,,,MRN2,,,,,,,,,,,,,,,,,,,,,,,,,1600,,,1796,,VISO,NON,,,,,,126417,,,,,,,,2026DE_204,,,,,,,,,,,,,,,,,,1818062
8966513,25-02-2026 05:56:00,57.25191667,2.80591667,,,LV,Clupea harengus,I4537,1,,,,1609869,1818051,GERMANY,26D4,4458,12366,12105,,,3.520047317,7358,,,,,,,,,,,,,,,,,,,,,,,,,,,204,,,,,,,MRN2,,,,,,,,,,,,,,,,,,,,,,,,,1600,,,1796,,VISO,NON,,,,,,126417,,,,,,,,2026DE_204,,,,,,,,,,,,,,,,,,1818051
8966514,25-02-2026 19:26:00,57.58708333,2.81583333,,,LV,Clupea harengus,I4537,1,,,,1609871,1818052,GERMANY,26D4,4458,12366,12105,,,3.520047317,6739,,,,,,,,,,,,,,,,,,,,,,,,,,,214,,,,,,,MRN2,,,,,,,,,,,,,,,,,,,,,,,,,1600,,,1852,,VISO,NON,,,,,,126417,,,,,,,,2026DE_214,,,,,,,,,,,,,,,,,,1818052
8966515,25-02-2026 19:26:00,57.58708333,2.81583333,,,LV,Clupea harengus,I4537,1,,,,1609871,1818053,GERMANY,26D4,4458,12366,12105,,,3.520047317,6739,,,,,,,,,,,,,,,,,,,,,,,,,,,214,,,,,,,MRN2,,,,,,,,,,,,,,,,,,,,,,,,,1600,,,1852,,VISO,NON,,,,,,126417,,,,,,,,2026DE_214,,,,,,,,,,,,,,,,,,1818053
8966516,25-02-2026 19:26:00,57.58708333,2.81583333,,,LV,Clupea harengus,I4537,2,,,,1609871,1818054,GERMANY,26D4,4458,12366,12105,,,3.520047317,6739,,,,,,,,,,,,,,,,,,,,,,,,,,,214,,,,,,,MRN2,,,,,,,,,,,,,,,,,,,,,,,,,1600,,,1852,,VISO,NON,,,,,,126417,,,,,,,,2026DE_214,,,,,,,,,,,,,,,,,,1818054
8966517,25-02-2026 19:26:00,57.58708333,2.81583333,,,LV,Clupea harengus,I4537,1,,,,1609871,1818055,GERMANY,26D4,4458,12366,12105,,,3.520047317,6739,,,,,,,,,,,,,,,,,,,,,,,,,,,214,,,,,,,MRN2,,,,,,,,,,,,,,,,,,,,,,,,,1600,,,1852,,VISO,NON,,,,,,126417,,,,,,,,2026DE_214,,,,,,,,,,,,,,,,,,1818055
8966518,25-02-2026 19:26:00,57.58708333,2.81583333,,,LV,Clupea harengus,I4537,3,,,,1609871,1818056,GERMANY,26D4,4458,12366,12105,,,3.520047317,6739,,,,,,,,,,,,,,,,,,,,,,,,,,,214,,,,,,,MRN2,,,,,,,,,,,,,,,,,,,,,,,,,1600,,,1852,,VISO,NON,,,,,,126417,,,,,,,,2026DE_214,,,,,,,,,,,,,,,,,,1818056
8966519,25-02-2026 19:26:00,57.58708333,2.81583333,,,LV,Clupea harengus,I4537,2,,,,1609871,1818045,GERMANY,26D4,4458,12366,12105,,,3.520047317,6739,,,,,,,,,,,,,,,,,,,,,,,,,,,214,,,,,,,MRN2,,,,,,,,,,,,,,,,,,,,,,,,,1600,,,1852,,VISO,NON,,,,,,126417,,,,,,,,2026DE_214,,,,,,,,,,,,,,,,,,1818045
8966520,25-02-2026 19:26:00,57.58708333,2.81583333,,,LV,Clupea harengus,I4537,5,,,,1609871,1818046,GERMANY,26D4,4458,12366,12105,,,3.520047317,6739,,,,,,,,,,,,,,,,,,,,,,,,,,,214,,,,,,,MRN2,,,,,,,,,,,,,,,,,,,,,,,,,1600,,,1852,,VISO,NON,,,,,,126417,,,,,,,,2026DE_214,,,,,,,,,,,,,,,,,,1818046
8966521,25-02-2026 19:26:00,57.58708333,2.81583333,,,LV,Clupea harengus,I4537,4,,,,1609871,1818047,GERMANY,26D4,4458,12366,12105,,,3.520047317,6739,,,,,,,,,,,,,,,,,,,,,,,,,,,214,,,,,,,MRN2,,,,,,,,,,,,,,,,,,,,,,,,,1600,,,1852,,VISO,NON,,,,,,126417,,,,,,,,2026DE_214,,,,,,,,,,,,,,,,,,1818047
8966522,25-02-2026 21:53:00,57.58741667,3.51860000,,,LV,Clupea harengus,I4537,1,,,,1609872,1818048,GERMANY,26D4,4458,12366,12105,,,3.520047317,7580,,,,,,,,,,,,,,,,,,,,,,,,,,,215,,,,,,,MRN2,,,,,,,,,,,,,,,,,,,,,,,,,1600,,,2222,,VISO,NON,,,,,,126417,,,,,,,,2026DE_215,,,,,,,,,,,,,,,,,,1818048
8966523,25-02-2026 21:53:00,57.58741667,3.51860000,,,LV,Clupea harengus,I4537,2,,,,1609872,1818049,GERMANY,26D4,4458,12366,12105,,,3.520047317,7580,,,,,,,,,,,,,,,,,,,,,,,,,,,215,,,,,,,MRN2,,,,,,,,,,,,,,,,,,,,,,,,,1600,,,2222,,VISO,NON,,,,,,126417,,,,,,,,2026DE_215,,,,,,,,,,,,,,,,,,1818049
8966524,25-02-2026 21:53:00,57.58741667,3.51860000,,,LV,Clupea harengus,I4537,3,,,,1609872,1818050,GERMANY,26D4,4458,12366,12105,,,3.520047317,7580,,,,,,,,,,,,,,,,,,,,,,,,,,,215,,,,,,,MRN2,,,,,,,,,,,,,,,,,,,,,,,,,1600,,,2222,,VISO,NON,,,,,,126417,,,,,,,,2026DE_215,,,,,,,,,,,,,,,,,,1818050
8966525,25-02-2026 21:53:00,57.58741667,3.51860000,,,LV,Clupea harengus,I4537,2,,,,1609872,1818039,GERMANY,26D4,4458,12366,12105,,,3.520047317,7580,,,,,,,,,,,,,,,,,,,,,,,,,,,215,,,,,,,MRN2,,,,,,,,,,,,,,,,,,,,,,,,,1600,,,2222,,VISO,NON,,,,,,126417,,,,,,,,2026DE_215,,,,,,,,,,,,,,,,,,1818039
8966526,26-02-2026 01:09:00,57.40331667,4.43205000,,,LV,Clupea harengus,I4537,1,,,,1609873,1818040,GERMANY,26D4,4458,12366,12105,,,3.520047317,7562,,,,,,,,,,,,,,,,,,,,,,,,,,,216,,,,,,,MRN2,,,,,,,,,,,,,,,,,,,,,,,,,1600,,,2408,,VISO,NON,,,,,,126417,,,,,,,,2026DE_216,,,,,,,,,,,,,,,,,,1818040
8966527,26-02-2026 01:09:00,57.40331667,4.43205000,,,LV,Clupea harengus,I4537,1,,,,1609873,1818041,GERMANY,26D4,4458,12366,12105,,,3.520047317,7562,,,,,,,,,,,,,,,,,,,,,,,,,,,216,,,,,,,MRN2,,,,,,,,,,,,,,,,,,,,,,,,,1600,,,2408,,VISO,NON,,,,,,126417,,,,,,,,2026DE_216,,,,,,,,,,,,,,,,,,1818041
8966528,26-02-2026 01:09:00,57.40331667,4.43205000,,,LV,Clupea harengus,I4537,1,,,,1609873,1818042,GERMANY,26D4,4458,12366,12105,,,3.520047317,7562,,,,,,,,,,,,,,,,,,,,,,,,,,,216,,,,,,,MRN2,,,,,,,,,,,,,,,,,,,,,,,,,1600,,,2408,,VISO,NON,,,,,,126417,,,,,,,,2026DE_216,,,,,,,,,,,,,,,,,,1818042
8966529,26-02-2026 02:29:00,57.38496667,4.76208333,,,LV,Clupea harengus,I4537,1,,,,1609874,1818043,GERMANY,26D4,4458,12366,12105,,,3.520047317,8482,,,,,,,,,,,,,,,,,,,,,,,,,,,217,,,,,,,MRN2,,,,,,,,,,,,,,,,,,,,,,,,,1600,,,2704,,VISO,NON,,,,,,126417,,,,,,,,2026DE_217,,,,,,,,,,,,,,,,,,1818043
8966530,26-02-2026 02:29:00,57.38496667,4.76208333,,,LV,Clupea harengus,I4537,3,,,,1609874,1818044,GERMANY,26D4,4458,12366,12105,,,3.520047317,8482,,,,,,,,,,,,,,,,,,,,,,,,,,,217,,,,,,,MRN2,,,,,,,,,,,,,,,,,,,,,,,,,1600,,,2704,,VISO,NON,,,,,,126417,,,,,,,,2026DE_217,,,,,,,,,,,,,,,,,,1818044
8966531,26-02-2026 02:29:00,57.38496667,4.76208333,,,LV,Clupea harengus,I4537,2,,,,1609874,1818034,GERMANY,26D4,4458,12366,12105,,,3.520047317,8482,,,,,,,,,,,,,,,,,,,,,,,,,,,217,,,,,,,MRN2,,,,,,,,,,,,,,,,,,,,,,,,,1600,,,2704,,VISO,NON,,,,,,126417,,,,,,,,2026DE_217,,,,,,,,,,,,,,,,,,1818034
8966532,26-02-2026 02:29:00,57.38496667,4.76208333,,,LV,Clupea harengus,I4537,1,,,,1609874,1818035,GERMANY,26D4,4458,12366,12105,,,3.520047317,8482,,,,,,,,,,,,,,,,,,,,,,,,,,,217,,,,,,,MRN2,,,,,,,,,,,,,,,,,,,,,,,,,1600,,,2704,,VISO,NON,,,,,,126417,,,,,,,,2026DE_217,,,,,,,,,,,,,,,,,,1818035
8966533,26-02-2026 04:05:00,57.39313333,5.14915000,,,LV,Clupea harengus,I4537,1,,,,1609875,1818036,GERMANY,26D4,4458,12366,12105,,,3.520047317,8973,,,,,,,,,,,,,,,,,,,,,,,,,,,218,,,,,,,MRN2,,,,,,,,,,,,,,,,,,,,,,,,,1600,,,2871,,VISO,NON,,,,,,126417,,,,,,,,2026DE_218,,,,,,,,,,,,,,,,,,1818036
8966534,26-02-2026 04:05:00,57.39313333,5.14915000,,,LV,Clupea harengus,I4537,1,,,,1609875,1818037,GERMANY,26D4,4458,12366,12105,,,3.520047317,8973,,,,,,,,,,,,,,,,,,,,,,,,,,,218,,,,,,,MRN2,,,,,,,,,,,,,,,,,,,,,,,,,1600,,,2871,,VISO,NON,,,,,,126417,,,,,,,,2026DE_218,,,,,,,,,,,,,,,,,,1818037
8966535,26-02-2026 04:05:00,57.39313333,5.14915000,,,LV,Clupea harengus,I4537,1,,,,1609875,1818038,GERMANY,26D4,4458,12366,12105,,,3.520047317,8973,,,,,,,,,,,,,,,,,,,,,,,,,,,218,,,,,,,MRN2,,,,,,,,,,,,,,,,,,,,,,,,,1600,,,2871,,VISO,NON,,,,,,126417,,,,,,,,2026DE_218,,,,,,,,,,,,,,,,,,1818038
8966536,16-02-2026 23:42:00,57.75764400,2.80283000,,,LV,Clupea harengus,I4537,2,,4818.794585,,1609973,1818418,NORWAY,58G2,4458,12366,12105,,,3.644719566,5465,,,,,,,,,,,,,,,,,,,,,,,,,,,191,,,,,,,MRN2,,,,,,,,,,,,,,,,,,,,,,,,,1600,,,1288.99,,,,,,,,,126417,,,,,,,,2026NO_191,,,,,,,,,,,,,,,,,,1818418
8966537,16-02-2026 23:42:00,57.75764400,2.80283000,,,LV,Clupea harengus,I4537,1,,4818.794585,,1609973,1818419,NORWAY,58G2,4458,12366,12105,,,3.644719566,5465,,,,,,,,,,,,,,,,,,,,,,,,,,,191,,,,,,,MRN2,,,,,,,,,,,,,,,,,,,,,,,,,1600,,,1288.99,,,,,,,,,126417,,,,,,,,2026NO_191,,,,,,,,,,,,,,,,,,1818419
8966538,16-02-2026 23:42:00,57.75764400,2.80283000,,,LV,Clupea harengus,I4537,1,,4818.794585,,1609973,1818420,NORWAY,58G2,4458,12366,12105,,,3.644719566,5465,,,,,,,,,,,,,,,,,,,,,,,,,,,191,,,,,,,MRN2,,,,,,,,,,,,,,,,,,,,,,,,,1600,,,1288.99,,,,,,,,,126417,,,,,,,,2026NO_191,,,,,,,,,,,,,,,,,,1818420
8966539,17-02-2026 01:17:00,57.58783400,2.78285900,,,LV,Clupea harengus,I4537,2,,2646.148682,,1609974,1818421,NORWAY,58G2,4458,12366,12105,,,3.644719566,3001,,,,,,,,,,,,,,,,,,,,,,,,,,,192,,,,,,,MRN2,,,,,,,,,,,,,,,,,,,,,,,,,1600,,,987.116,,,,,,,,,126417,,,,,,,,2026NO_192,,,,,,,,,,,,,,,,,,1818421
8966540,17-02-2026 01:17:00,57.58783400,2.78285900,,,LV,Clupea harengus,I4537,1,,2646.148682,,1609974,1818410,NORWAY,58G2,4458,12366,12105,,,3.644719566,3001,,,,,,,,,,,,,,,,,,,,,,,,,,,192,,,,,,,MRN2,,,,,,,,,,,,,,,,,,,,,,,,,1600,,,987.116,,,,,,,,,126417,,,,,,,,2026NO_192,,,,,,,,,,,,,,,,,,1818410
8966541,17-02-2026 01:17:00,57.58783400,2.78285900,,,LV,Clupea harengus,I4537,1,,2646.148682,,1609974,1818411,NORWAY,58G2,4458,12366,12105,,,3.644719566,3001,,,,,,,,,,,,,,,,,,,,,,,,,,,192,,,,,,,MRN2,,,,,,,,,,,,,,,,,,,,,,,,,1600,,,987.116,,,,,,,,,126417,,,,,,,,2026NO_192,,,,,,,,,,,,,,,,,,1818411
8966542,17-02-2026 01:17:00,57.58783400,2.78285900,,,LV,Clupea harengus,I4537,1,,2646.148682,,1609974,1818412,NORWAY,58G2,4458,12366,12105,,,3.644719566,3001,,,,,,,,,,,,,,,,,,,,,,,,,,,192,,,,,,,MRN2,,,,,,,,,,,,,,,,,,,,,,,,,1600,,,987.116,,,,,,,,,126417,,,,,,,,2026NO_192,,,,,,,,,,,,,,,,,,1818412
8966543,17-02-2026 01:17:00,57.58783400,2.78285900,,,LV,Clupea harengus,I4537,1,,2646.148682,,1609974,1818413,NORWAY,58G2,4458,12366,12105,,,3.644719566,3001,,,,,,,,,,,,,,,,,,,,,,,,,,,192,,,,,,,MRN2,,,,,,,,,,,,,,,,,,,,,,,,,1600,,,987.116,,,,,,,,,126417,,,,,,,,2026NO_192,,,,,,,,,,,,,,,,,,1818413
8966544,17-02-2026 02:47:00,57.41621900,2.74425700,,,LV,Clupea harengus,I4537,1,,3384.178155,,1609975,1818414,NORWAY,58G2,4458,12366,12105,,,3.644719566,3838,,,,,,,,,,,,,,,,,,,,,,,,,,,193,,,,,,,MRN2,,,,,,,,,,,,,,,,,,,,,,,,,1600,,,927.852,,,,,,,,,126417,,,,,,,,2026NO_193,,,,,,,,,,,,,,,,,,1818414
8966545,17-02-2026 02:47:00,57.41621900,2.74425700,,,LV,Clupea harengus,I4537,3,,3384.178155,,1609975,1818415,NORWAY,58G2,4458,12366,12105,,,3.644719566,3838,,,,,,,,,,,,,,,,,,,,,,,,,,,193,,,,,,,MRN2,,,,,,,,,,,,,,,,,,,,,,,,,1600,,,927.852,,,,,,,,,126417,,,,,,,,2026NO_193,,,,,,,,,,,,,,,,,,1818415
8966546,17-02-2026 02:47:00,57.41621900,2.74425700,,,LV,Clupea harengus,I4537,1,,3384.178155,,1609975,1818404,NORWAY,58G2,4458,12366,12105,,,3.644719566,3838,,,,,,,,,,,,,,,,,,,,,,,,,,,193,,,,,,,MRN2,,,,,,,,,,,,,,,,,,,,,,,,,1600,,,927.852,,,,,,,,,126417,,,,,,,,2026NO_193,,,,,,,,,,,,,,,,,,1818404
8966547,17-02-2026 02:47:00,57.41621900,2.74425700,,,LV,Clupea harengus,I4537,2,,3384.178155,,1609975,1818405,NORWAY,58G2,4458,12366,12105,,,3.644719566,3838,,,,,,,,,,,,,,,,,,,,,,,,,,,193,,,,,,,MRN2,,,,,,,,,,,,,,,,,,,,,,,,,1600,,,927.852,,,,,,,,,126417,,,,,,,,2026NO_193,,,,,,,,,,,,,,,,,,1818405
8966548,17-02-2026 02:47:00,57.41621900,2.74425700,,,LV,Clupea harengus,I4537,1,,3384.178155,,1609975,1818406,NORWAY,58G2,4458,12366,12105,,,3.644719566,3838,,,,,,,,,,,,,,,,,,,,,,,,,,,193,,,,,,,MRN2,,,,,,,,,,,,,,,,,,,,,,,,,1600,,,927.852,,,,,,,,,126417,,,,,,,,2026NO_193,,,,,,,,,,,,,,,,,,1818406
8966549,17-02-2026 02:47:00,57.41621900,2.74425700,,,LV,Clupea harengus,I4537,1,,3384.178155,,1609975,1818407,NORWAY,58G2,4458,12366,12105,,,3.644719566,3838,,,,,,,,,,,,,,,,,,,,,,,,,,,193,,,,,,,MRN2,,,,,,,,,,,,,,,,,,,,,,,,,1600,,,927.852,,,,,,,,,126417,,,,,,,,2026NO_193,,,,,,,,,,,,,,,,,,1818407
8966550,17-02-2026 04:27:00,57.29290600,2.52288700,,,LV,Clupea harengus,I4537,1,,3970.545657,,1609976,1818408,NORWAY,58G2,4458,12366,12105,,,3.644719566,4503,,,,,,,,,,,,,,,,,,,,,,,,,,,194,,,,,,,MRN2,,,,,,,,,,,,,,,,,,,,,,,,,1600,,,1357.52,,,,,,,,,126417,,,,,,,,2026NO_194,,,,,,,,,,,,,,,,,,1818408
8966551,17-02-2026 04:27:00,57.29290600,2.52288700,,,LV,Clupea harengus,I4537,2,,3970.545657,,1609976,1818409,NORWAY,58G2,4458,12366,12105,,,3.644719566,4503,,,,,,,,,,,,,,,,,,,,,,,,,,,194,,,,,,,MRN2,,,,,,,,,,,,,,,,,,,,,,,,,1600,,,1357.52,,,,,,,,,126417,,,,,,,,2026NO_194,,,,,,,,,,,,,,,,,,1818409
8966552,17-02-2026 04:27:00,57.29290600,2.52288700,,,LV,Clupea harengus,I4537,2,,3970.545657,,1609976,1818398,NORWAY,58G2,4458,12366,12105,,,3.644719566,4503,,,,,,,,,,,,,,,,,,,,,,,,,,,194,,,,,,,MRN2,,,,,,,,,,,,,,,,,,,,,,,,,1600,,,1357.52,,,,,,,,,126417,,,,,,,,2026NO_194,,,,,,,,,,,,,,,,,,1818398
8966553,17-02-2026 04:27:00,57.29290600,2.52288700,,,LV,Clupea harengus,I4537,1,,3970.545657,,1609976,1818399,NORWAY,58G2,4458,12366,12105,,,3.644719566,4503,,,,,,,,,,,,,,,,,,,,,,,,,,,194,,,,,,,MRN2,,,,,,,,,,,,,,,,,,,,,,,,,1600,,,1357.52,,,,,,,,,126417,,,,,,,,2026NO_194,,,,,,,,,,,,,,,,,,1818399
8966554,17-02-2026 17:33:00,57.67160800,4.18980700,,,LV,Clupea harengus,I4537,1,,4965.166021,,1609977,1818400,NORWAY,58G2,4458,12366,12105,,,3.644719566,5631,,,,,,,,,,,,,,,,,,,,,,,,,,,197,,,,,,,MRN2,,,,,,,,,,,,,,,,,,,,,,,,,1600,,,1587.16,,,,,,,,,126417,,,,,,,,2026NO_197,,,,,,,,,,,,,,,,,,1818400
8966555,17-02-2026 20:58:00,57.41251100,4.69069900,,,LV,Clupea harengus,I4537,2,,5795.779836,,1609979,1818401,NORWAY,58G2,4458,12366,12105,,,3.644719566,6573,,,,,,,,,,,,,,,,,,,,,,,,,,,199,,,,,,,MRN2,,,,,,,,,,,,,,,,,,,,,,,,,1600,,,1703.84,,,,,,,,,126417,,,,,,,,2026NO_199,,,,,,,,,,,,,,,,,,1818401
8966556,17-02-2026 20:58:00,57.41251100,4.69069900,,,LV,Clupea harengus,I4537,2,,5795.779836,,1609979,1818402,NORWAY,58G2,4458,12366,12105,,,3.644719566,6573,,,,,,,,,,,,,,,,,,,,,,,,,,,199,,,,,,,MRN2,,,,,,,,,,,,,,,,,,,,,,,,,1600,,,1703.84,,,,,,,,,126417,,,,,,,,2026NO_199,,,,,,,,,,,,,,,,,,1818402
8966557,17-02-2026 20:58:00,57.41251100,4.69069900,,,LV,Clupea harengus,I4537,3,,5795.779836,,1609979,1818403,NORWAY,58G2,4458,12366,12105,,,3.644719566,6573,,,,,,,,,,,,,,,,,,,,,,,,,,,199,,,,,,,MRN2,,,,,,,,,,,,,,,,,,,,,,,,,1600,,,1703.84,,,,,,,,,126417,,,,,,,,2026NO_199,,,,,,,,,,,,,,,,,,1818403
8966558,17-02-2026 20:58:00,57.41251100,4.69069900,,,LV,Clupea harengus,I4537,4,,5795.779836,,1609979,1818392,NORWAY,58G2,4458,12366,12105,,,3.644719566,6573,,,,,,,,,,,,,,,,,,,,,,,,,,,199,,,,,,,MRN2,,,,,,,,,,,,,,,,,,,,,,,,,1600,,,1703.84,,,,,,,,,126417,,,,,,,,2026NO_199,,,,,,,,,,,,,,,,,,1818392
8966559,17-02-2026 20:58:00,57.41251100,4.69069900,,,LV,Clupea harengus,I4537,6,,5795.779836,,1609979,1818393,NORWAY,58G2,4458,12366,12105,,,3.644719566,6573,,,,,,,,,,,,,,,,,,,,,,,,,,,199,,,,,,,MRN2,,,,,,,,,,,,,,,,,,,,,,,,,1600,,,1703.84,,,,,,,,,126417,,,,,,,,2026NO_199,,,,,,,,,,,,,,,,,,1818393
8966560,17-02-2026 20:58:00,57.41251100,4.69069900,,,LV,Clupea harengus,I4537,8,,5795.779836,,1609979,1818394,NORWAY,58G2,4458,12366,12105,,,3.644719566,6573,,,,,,,,,,,,,,,,,,,,,,,,,,,199,,,,,,,MRN2,,,,,,,,,,,,,,,,,,,,,,,,,1600,,,1703.84,,,,,,,,,126417,,,,,,,,2026NO_199,,,,,,,,,,,,,,,,,,1818394
8966561,17-02-2026 20:58:00,57.41251100,4.69069900,,,LV,Clupea harengus,I4537,7,,5795.779836,,1609979,1818395,NORWAY,58G2,4458,12366,12105,,,3.644719566,6573,,,,,,,,,,,,,,,,,,,,,,,,,,,199,,,,,,,MRN2,,,,,,,,,,,,,,,,,,,,,,,,,1600,,,1703.84,,,,,,,,,126417,,,,,,,,2026NO_199,,,,,,,,,,,,,,,,,,1818395
8966562,17-02-2026 20:58:00,57.41251100,4.69069900,,,LV,Clupea harengus,I4537,2,,5795.779836,,1609979,1818396,NORWAY,58G2,4458,12366,12105,,,3.644719566,6573,,,,,,,,,,,,,,,,,,,,,,,,,,,199,,,,,,,MRN2,,,,,,,,,,,,,,,,,,,,,,,,,1600,,,1703.84,,,,,,,,,126417,,,,,,,,2026NO_199,,,,,,,,,,,,,,,,,,1818396
8966563,17-02-2026 22:29:00,57.23275500,4.82733900,,,LV,Clupea harengus,I4537,2,,3530.549592,,1609980,1818397,NORWAY,58G2,4458,12366,12105,,,3.644719566,4004,,,,,,,,,,,,,,,,,,,,,,,,,,,200,,,,,,,MRN2,,,,,,,,,,,,,,,,,,,,,,,,,1600,,,1138.98,,,,,,,,,126417,,,,,,,,2026NO_200,,,,,,,,,,,,,,,,,,1818397
8966564,17-02-2026 22:29:00,57.23275500,4.82733900,,,LV,Clupea harengus,I4537,2,,3530.549592,,1609980,1818386,NORWAY,58G2,4458,12366,12105,,,3.644719566,4004,,,,,,,,,,,,,,,,,,,,,,,,,,,200,,,,,,,MRN2,,,,,,,,,,,,,,,,,,,,,,,,,1600,,,1138.98,,,,,,,,,126417,,,,,,,,2026NO_200,,,,,,,,,,,,,,,,,,1818386
8966565,17-02-2026 22:29:00,57.23275500,4.82733900,,,LV,Clupea harengus,I4537,2,,3530.549592,,1609980,1818387,NORWAY,58G2,4458,12366,12105,,,3.644719566,4004,,,,,,,,,,,,,,,,,,,,,,,,,,,200,,,,,,,MRN2,,,,,,,,,,,,,,,,,,,,,,,,,1600,,,1138.98,,,,,,,,,126417,,,,,,,,2026NO_200,,,,,,,,,,,,,,,,,,1818387
8966566,17-02-2026 22:29:00,57.23275500,4.82733900,,,LV,Clupea harengus,I4537,1,,3530.549592,,1609980,1818388,NORWAY,58G2,4458,12366,12105,,,3.644719566,4004,,,,,,,,,,,,,,,,,,,,,,,,,,,200,,,,,,,MRN2,,,,,,,,,,,,,,,,,,,,,,,,,1600,,,1138.98,,,,,,,,,126417,,,,,,,,2026NO_200,,,,,,,,,,,,,,,,,,1818388
8966567,17-02-2026 23:55:00,57.22920200,5.16320900,,,LV,Clupea harengus,I4537,1,,2780.17554,,1609981,1818389,NORWAY,58G2,4458,12366,12105,,,3.644719566,3153,,,,,,,,,,,,,,,,,,,,,,,,,,,201,,,,,,,MRN2,,,,,,,,,,,,,,,,,,,,,,,,,1600,,,1042.68,,,,,,,,,126417,,,,,,,,2026NO_201,,,,,,,,,,,,,,,,,,1818389
8966568,17-02-2026 23:55:00,57.22920200,5.16320900,,,LV,Clupea harengus,I4537,1,,2780.17554,,1609981,1818390,NORWAY,58G2,4458,12366,12105,,,3.644719566,3153,,,,,,,,,,,,,,,,,,,,,,,,,,,201,,,,,,,MRN2,,,,,,,,,,,,,,,,,,,,,,,,,1600,,,1042.68,,,,,,,,,126417,,,,,,,,2026NO_201,,,,,,,,,,,,,,,,,,1818390
8966569,17-02-2026 23:55:00,57.22920200,5.16320900,,,LV,Clupea harengus,I4537,1,,2780.17554,,1609981,1818391,NORWAY,58G2,4458,12366,12105,,,3.644719566,3153,,,,,,,,,,,,,,,,,,,,,,,,,,,201,,,,,,,MRN2,,,,,,,,,,,,,,,,,,,,,,,,,1600,,,1042.68,,,,,,,,,126417,,,,,,,,2026NO_201,,,,,,,,,,,,,,,,,,1818391
8966570,18-02-2026 01:20:00,57.07876100,5.33589300,,,LV,Clupea harengus,I4537,2,,3195.482447,,1609982,1818380,NORWAY,58G2,4458,12366,12105,,,3.644719566,3624,,,,,,,,,,,,,,,,,,,,,,,,,,,202,,,,,,,MRN2,,,,,,,,,,,,,,,,,,,,,,,,,1600,,,1111.2,,,,,,,,,126417,,,,,,,,2026NO_202,,,,,,,,,,,,,,,,,,1818380
8966571,18-02-2026 01:20:00,57.07876100,5.33589300,,,LV,Clupea harengus,I4537,3,,3195.482447,,1609982,1818381,NORWAY,58G2,4458,12366,12105,,,3.644719566,3624,,,,,,,,,,,,,,,,,,,,,,,,,,,202,,,,,,,MRN2,,,,,,,,,,,,,,,,,,,,,,,,,1600,,,1111.2,,,,,,,,,126417,,,,,,,,2026NO_202,,,,,,,,,,,,,,,,,,1818381
8966572,18-02-2026 01:20:00,57.07876100,5.33589300,,,LV,Clupea harengus,I4537,2,,3195.482447,,1609982,1818382,NORWAY,58G2,4458,12366,12105,,,3.644719566,3624,,,,,,,,,,,,,,,,,,,,,,,,,,,202,,,,,,,MRN2,,,,,,,,,,,,,,,,,,,,,,,,,1600,,,1111.2,,,,,,,,,126417,,,,,,,,2026NO_202,,,,,,,,,,,,,,,,,,1818382
8966573,18-02-2026 01:20:00,57.07876100,5.33589300,,,LV,Clupea harengus,I4537,2,,3195.482447,,1609982,1818383,NORWAY,58G2,4458,12366,12105,,,3.644719566,3624,,,,,,,,,,,,,,,,,,,,,,,,,,,202,,,,,,,MRN2,,,,,,,,,,,,,,,,,,,,,,,,,1600,,,1111.2,,,,,,,,,126417,,,,,,,,2026NO_202,,,,,,,,,,,,,,,,,,1818383
8966574,18-02-2026 01:20:00,57.07876100,5.33589300,,,LV,Clupea harengus,I4537,2,,3195.482447,,1609982,1818384,NORWAY,58G2,4458,12366,12105,,,3.644719566,3624,,,,,,,,,,,,,,,,,,,,,,,,,,,202,,,,,,,MRN2,,,,,,,,,,,,,,,,,,,,,,,,,1600,,,1111.2,,,,,,,,,126417,,,,,,,,2026NO_202,,,,,,,,,,,,,,,,,,1818384
8966575,19-02-2026 05:12:00,59.10766800,1.82816500,,,LV,Clupea harengus,I4537,1,,7341.497477,,1609983,1818385,NORWAY,58G2,4458,12366,12105,,,3.644719566,8326,,,,,,,,,,,,,,,,,,,,,,,,,,,207,,,,,,,MRN2,,,,,,,,,,,,,,,,,,,,,,,,,1600,,,2303.89,,,,,,,,,126417,,,,,,,,2026NO_207,,,,,,,,,,,,,,,,,,1818385
8966576,20-02-2026 21:54:00,59.75574900,0.17719800,,,LV,Clupea harengus,I4537,1,,5755.219077,,1609984,1818374,NORWAY,58G2,4458,12366,12105,,,3.644719566,6527,,,,,,,,,,,,,,,,,,,,,,,,,,,211,,,,,,,MRN2,,,,,,,,,,,,,,,,,,,,,,,,,1600,,,1883.48,,,,,,,,,126417,,,,,,,,2026NO_211,,,,,,,,,,,,,,,,,,1818374
8966577,20-02-2026 21:54:00,59.75574900,0.17719800,,,LV,Clupea harengus,I4537,1,,5755.219077,,1609984,1818375,NORWAY,58G2,4458,12366,12105,,,3.644719566,6527,,,,,,,,,,,,,,,,,,,,,,,,,,,211,,,,,,,MRN2,,,,,,,,,,,,,,,,,,,,,,,,,1600,,,1883.48,,,,,,,,,126417,,,,,,,,2026NO_211,,,,,,,,,,,,,,,,,,1818375
8966578,20-02-2026 21:54:00,59.75574900,0.17719800,,,LV,Clupea harengus,I4537,1,,5755.219077,,1609984,1818376,NORWAY,58G2,4458,12366,12105,,,3.644719566,6527,,,,,,,,,,,,,,,,,,,,,,,,,,,211,,,,,,,MRN2,,,,,,,,,,,,,,,,,,,,,,,,,1600,,,1883.48,,,,,,,,,126417,,,,,,,,2026NO_211,,,,,,,,,,,,,,,,,,1818376
8966579,20-02-2026 23:36:00,59.59669800,0.36491800,,,LV,Clupea harengus,I4537,1,,5251.736605,,1609985,1818377,NORWAY,58G2,4458,12366,12105,,,3.644719566,5956,,,,,,,,,,,,,,,,,,,,,,,,,,,212,,,,,,,MRN2,,,,,,,,,,,,,,,,,,,,,,,,,1600,,,1733.47,,,,,,,,,126417,,,,,,,,2026NO_212,,,,,,,,,,,,,,,,,,1818377
8966580,20-02-2026 23:36:00,59.59669800,0.36491800,,,LV,Clupea harengus,I4537,2,,5251.736605,,1609985,1818378,NORWAY,58G2,4458,12366,12105,,,3.644719566,5956,,,,,,,,,,,,,,,,,,,,,,,,,,,212,,,,,,,MRN2,,,,,,,,,,,,,,,,,,,,,,,,,1600,,,1733.47,,,,,,,,,126417,,,,,,,,2026NO_212,,,,,,,,,,,,,,,,,,1818378
8966581,20-02-2026 23:36:00,59.59669800,0.36491800,,,LV,Clupea harengus,I4537,1,,5251.736605,,1609985,1818379,NORWAY,58G2,4458,12366,12105,,,3.644719566,5956,,,,,,,,,,,,,,,,,,,,,,,,,,,212,,,,,,,MRN2,,,,,,,,,,,,,,,,,,,,,,,,,1600,,,1733.47,,,,,,,,,126417,,,,,,,,2026NO_212,,,,,,,,,,,,,,,,,,1818379
8966582,21-02-2026 01:15:00,59.41444800,0.40841900,,,LV,Clupea harengus,I4537,2,,6093.813244,,1609986,1818368,NORWAY,58G2,4458,12366,12105,,,3.644719566,6911,,,,,,,,,,,,,,,,,,,,,,,,,,,213,,,,,,,MRN2,,,,,,,,,,,,,,,,,,,,,,,,,1600,,,1950.16,,,,,,,,,126417,,,,,,,,2026NO_213,,,,,,,,,,,,,,,,,,1818368
8966583,21-02-2026 01:15:00,59.41444800,0.40841900,,,LV,Clupea harengus,I4537,2,,6093.813244,,1609986,1818369,NORWAY,58G2,4458,12366,12105,,,3.644719566,6911,,,,,,,,,,,,,,,,,,,,,,,,,,,213,,,,,,,MRN2,,,,,,,,,,,,,,,,,,,,,,,,,1600,,,1950.16,,,,,,,,,126417,,,,,,,,2026NO_213,,,,,,,,,,,,,,,,,,1818369
8966584,21-02-2026 01:15:00,59.41444800,0.40841900,,,LV,Clupea harengus,I4537,1,,6093.813244,,1609986,1818370,NORWAY,58G2,4458,12366,12105,,,3.644719566,6911,,,,,,,,,,,,,,,,,,,,,,,,,,,213,,,,,,,MRN2,,,,,,,,,,,,,,,,,,,,,,,,,1600,,,1950.16,,,,,,,,,126417,,,,,,,,2026NO_213,,,,,,,,,,,,,,,,,,1818370
8966585,21-02-2026 01:15:00,59.41444800,0.40841900,,,LV,Clupea harengus,I4537,1,,6093.813244,,1609986,1818371,NORWAY,58G2,4458,12366,12105,,,3.644719566,6911,,,,,,,,,,,,,,,,,,,,,,,,,,,213,,,,,,,MRN2,,,,,,,,,,,,,,,,,,,,,,,,,1600,,,1950.16,,,,,,,,,126417,,,,,,,,2026NO_213,,,,,,,,,,,,,,,,,,1818371
8966586,21-02-2026 03:00:00,59.41247800,0.80107700,,,LV,Clupea harengus,I4537,1,,5859.266243,,1609987,1818372,NORWAY,58G2,4458,12366,12105,,,3.644719566,6645,,,,,,,,,,,,,,,,,,,,,,,,,,,214,,,,,,,MRN2,,,,,,,,,,,,,,,,,,,,,,,,,1600,,,1852,,,,,,,,,126417,,,,,,,,2026NO_214,,,,,,,,,,,,,,,,,,1818372
8966587,21-02-2026 17:53:00,59.88608000,1.16881800,,,LV,Clupea harengus,I4537,1,,4745.608867,,1609990,1818373,NORWAY,58G2,4458,12366,12105,,,3.644719566,5382,,,,,,,,,,,,,,,,,,,,,,,,,,,219,,,,,,,MRN2,,,,,,,,,,,,,,,,,,,,,,,,,1600,,,1701.99,,,,,,,,,126417,,,,,,,,2026NO_219,,,,,,,,,,,,,,,,,,1818373
8966588,21-02-2026 19:29:00,60.09253500,1.17841400,,,LV,Clupea harengus,I4537,2,,4283.56891,,1609991,1818362,NORWAY,58G2,4458,12366,12105,,,3.644719566,4858,,,,,,,,,,,,,,,,,,,,,,,,,,,220,,,,,,,MRN2,,,,,,,,,,,,,,,,,,,,,,,,,1600,,,1566.79,,,,,,,,,126417,,,,,,,,2026NO_220,,,,,,,,,,,,,,,,,,1818362
8966589,21-02-2026 20:59:00,60.28199500,1.18650700,,,LV,Clupea harengus,I4537,1,,4436.112636,,1609992,1818363,NORWAY,58G2,4458,12366,12105,,,3.644719566,5031,,,,,,,,,,,,,,,,,,,,,,,,,,,221,,,,,,,MRN2,,,,,,,,,,,,,,,,,,,,,,,,,1600,,,1651.98,,,,,,,,,126417,,,,,,,,2026NO_221,,,,,,,,,,,,,,,,,,1818363
8966590,21-02-2026 20:59:00,60.28199500,1.18650700,,,LV,Clupea harengus,I4537,1,,4436.112636,,1609992,1818364,NORWAY,58G2,4458,12366,12105,,,3.644719566,5031,,,,,,,,,,,,,,,,,,,,,,,,,,,221,,,,,,,MRN2,,,,,,,,,,,,,,,,,,,,,,,,,1600,,,1651.98,,,,,,,,,126417,,,,,,,,2026NO_221,,,,,,,,,,,,,,,,,,1818364
8966591,21-02-2026 20:59:00,60.28199500,1.18650700,,,LV,Clupea harengus,I4537,2,,4436.112636,,1609992,1818365,NORWAY,58G2,4458,12366,12105,,,3.644719566,5031,,,,,,,,,,,,,,,,,,,,,,,,,,,221,,,,,,,MRN2,,,,,,,,,,,,,,,,,,,,,,,,,1600,,,1651.98,,,,,,,,,126417,,,,,,,,2026NO_221,,,,,,,,,,,,,,,,,,1818365
8966592,21-02-2026 20:59:00,60.28199500,1.18650700,,,LV,Clupea harengus,I4537,2,,4436.112636,,1609992,1818366,NORWAY,58G2,4458,12366,12105,,,3.644719566,5031,,,,,,,,,,,,,,,,,,,,,,,,,,,221,,,,,,,MRN2,,,,,,,,,,,,,,,,,,,,,,,,,1600,,,1651.98,,,,,,,,,126417,,,,,,,,2026NO_221,,,,,,,,,,,,,,,,,,1818366
8966593,21-02-2026 20:59:00,60.28199500,1.18650700,,,LV,Clupea harengus,I4537,1,,4436.112636,,1609992,1818367,NORWAY,58G2,4458,12366,12105,,,3.644719566,5031,,,,,,,,,,,,,,,,,,,,,,,,,,,221,,,,,,,MRN2,,,,,,,,,,,,,,,,,,,,,,,,,1600,,,1651.98,,,,,,,,,126417,,,,,,,,2026NO_221,,,,,,,,,,,,,,,,,,1818367
8966594,21-02-2026 20:59:00,60.28199500,1.18650700,,,LV,Clupea harengus,I4537,1,,4436.112636,,1609992,1818356,NORWAY,58G2,4458,12366,12105,,,3.644719566,5031,,,,,,,,,,,,,,,,,,,,,,,,,,,221,,,,,,,MRN2,,,,,,,,,,,,,,,,,,,,,,,,,1600,,,1651.98,,,,,,,,,126417,,,,,,,,2026NO_221,,,,,,,,,,,,,,,,,,1818356
8966595,21-02-2026 22:40:00,60.26983700,0.81583900,,,LV,Clupea harengus,I4537,1,,6723.386772,,1609993,1818357,NORWAY,58G2,4458,12366,12105,,,3.644719566,7625,,,,,,,,,,,,,,,,,,,,,,,,,,,222,,,,,,,MRN2,,,,,,,,,,,,,,,,,,,,,,,,,1600,,,2122.39,,,,,,,,,126417,,,,,,,,2026NO_222,,,,,,,,,,,,,,,,,,1818357
8966596,21-02-2026 22:40:00,60.26983700,0.81583900,,,LV,Clupea harengus,I4537,1,,6723.386772,,1609993,1818358,NORWAY,58G2,4458,12366,12105,,,3.644719566,7625,,,,,,,,,,,,,,,,,,,,,,,,,,,222,,,,,,,MRN2,,,,,,,,,,,,,,,,,,,,,,,,,1600,,,2122.39,,,,,,,,,126417,,,,,,,,2026NO_222,,,,,,,,,,,,,,,,,,1818358
8966597,21-02-2026 22:40:00,60.26983700,0.81583900,,,LV,Clupea harengus,I4537,1,,6723.386772,,1609993,1818359,NORWAY,58G2,4458,12366,12105,,,3.644719566,7625,,,,,,,,,,,,,,,,,,,,,,,,,,,222,,,,,,,MRN2,,,,,,,,,,,,,,,,,,,,,,,,,1600,,,2122.39,,,,,,,,,126417,,,,,,,,2026NO_222,,,,,,,,,,,,,,,,,,1818359
8966598,22-02-2026 00:55:00,60.18465500,0.29478400,,,LV,Clupea harengus,I4537,1,,4093.109691,,1609994,1818360,NORWAY,58G2,4458,12366,12105,,,3.644719566,4642,,,,,,,,,,,,,,,,,,,,,,,,,,,223,,,,,,,MRN2,,,,,,,,,,,,,,,,,,,,,,,,,1600,,,1466.78,,,,,,,,,126417,,,,,,,,2026NO_223,,,,,,,,,,,,,,,,,,1818360
8966599,22-02-2026 19:31:00,60.73334800,1.56270300,,,LV,Clupea harengus,I4537,1,,6328.360244,,1609998,1818361,NORWAY,58G2,4458,12366,12105,,,3.644719566,7177,,,,,,,,,,,,,,,,,,,,,,,,,,,229,,,,,,,MRN2,,,,,,,,,,,,,,,,,,,,,,,,,1600,,,1887.19,,,,,,,,,126417,,,,,,,,2026NO_229,,,,,,,,,,,,,,,,,,1818361
8966600,22-02-2026 19:31:00,60.73334800,1.56270300,,,LV,Clupea harengus,I4537,1,,6328.360244,,1609998,1818350,NORWAY,58G2,4458,12366,12105,,,3.644719566,7177,,,,,,,,,,,,,,,,,,,,,,,,,,,229,,,,,,,MRN2,,,,,,,,,,,,,,,,,,,,,,,,,1600,,,1887.19,,,,,,,,,126417,,,,,,,,2026NO_229,,,,,,,,,,,,,,,,,,1818350
8966601,22-02-2026 22:45:00,60.91690100,1.20516700,,,LV,Clupea harengus,I4537,1,,6823.02516,,1610000,1818351,NORWAY,58G2,4458,12366,12105,,,3.644719566,7738,,,,,,,,,,,,,,,,,,,,,,,,,,,231,,,,,,,MRN2,,,,,,,,,,,,,,,,,,,,,,,,,1600,,,2011.27,,,,,,,,,126417,,,,,,,,2026NO_231,,,,,,,,,,,,,,,,,,1818351
8966602,22-02-2026 22:45:00,60.91690100,1.20516700,,,LV,Clupea harengus,I4537,1,,6823.02516,,1610000,1818352,NORWAY,58G2,4458,12366,12105,,,3.644719566,7738,,,,,,,,,,,,,,,,,,,,,,,,,,,231,,,,,,,MRN2,,,,,,,,,,,,,,,,,,,,,,,,,1600,,,2011.27,,,,,,,,,126417,,,,,,,,2026NO_231,,,,,,,,,,,,,,,,,,1818352
8966603,22-02-2026 22:45:00,60.91690100,1.20516700,,,LV,Clupea harengus,I4537,2,,6823.02516,,1610000,1818353,NORWAY,58G2,4458,12366,12105,,,3.644719566,7738,,,,,,,,,,,,,,,,,,,,,,,,,,,231,,,,,,,MRN2,,,,,,,,,,,,,,,,,,,,,,,,,1600,,,2011.27,,,,,,,,,126417,,,,,,,,2026NO_231,,,,,,,,,,,,,,,,,,1818353
8966604,23-02-2026 02:06:00,60.90879100,0.47722900,,,LV,Clupea harengus,I4537,1,,4874.34519,,1610002,1818354,NORWAY,58G2,4458,12366,12105,,,3.644719566,5528,,,,,,,,,,,,,,,,,,,,,,,,,,,233,,,,,,,MRN2,,,,,,,,,,,,,,,,,,,,,,,,,1600,,,1583.46,,,,,,,,,126417,,,,,,,,2026NO_233,,,,,,,,,,,,,,,,,,1818354
8966605,23-02-2026 05:28:00,61.25929800,0.49122700,,,LV,Clupea harengus,I4537,1,,7198.653063,,1610004,1818355,NORWAY,58G2,4458,12366,12105,,,3.644719566,8164,,,,,,,,,,,,,,,,,,,,,,,,,,,235,,,,,,,MRN2,,,,,,,,,,,,,,,,,,,,,,,,,1600,,,2274.26,,,,,,,,,126417,,,,,,,,2026NO_235,,,,,,,,,,,,,,,,,,1818355
8966606,23-02-2026 05:28:00,61.25929800,0.49122700,,,LV,Clupea harengus,I4537,1,,7198.653063,,1610004,1818346,NORWAY,58G2,4458,12366,12105,,,3.644719566,8164,,,,,,,,,,,,,,,,,,,,,,,,,,,235,,,,,,,MRN2,,,,,,,,,,,,,,,,,,,,,,,,,1600,,,2274.26,,,,,,,,,126417,,,,,,,,2026NO_235,,,,,,,,,,,,,,,,,,1818346
8966607,23-02-2026 17:36:00,60.89084000,2.22993100,,,LV,Clupea harengus,I4537,1,,6298.380553,,1610005,1818347,NORWAY,58G2,4458,12366,12105,,,3.644719566,7143,,,,,,,,,,,,,,,,,,,,,,,,,,,240,,,,,,,MRN2,,,,,,,,,,,,,,,,,,,,,,,,,1600,,,2014.98,,,,,,,,,126417,,,,,,,,2026NO_240,,,,,,,,,,,,,,,,,,1818347
8966608,23-02-2026 17:36:00,60.89084000,2.22993100,,,LV,Clupea harengus,I4537,1,,6298.380553,,1610005,1818348,NORWAY,58G2,4458,12366,12105,,,3.644719566,7143,,,,,,,,,,,,,,,,,,,,,,,,,,,240,,,,,,,MRN2,,,,,,,,,,,,,,,,,,,,,,,,,1600,,,2014.98,,,,,,,,,126417,,,,,,,,2026NO_240,,,,,,,,,,,,,,,,,,1818348
8966609,26-02-2026 21:13:00,61.16467300,1.77444700,,,LV,Clupea harengus,I4537,1,,5316.104767,,1610012,1818349,NORWAY,58G2,4458,12366,12105,,,3.644719566,6029,,,,,,,,,,,,,,,,,,,,,,,,,,,250,,,,,,,MRN2,,,,,,,,,,,,,,,,,,,,,,,,,1600,,,1574.2,,,,,,,,,126417,,,,,,,,2026NO_250,,,,,,,,,,,,,,,,,,1818349
8966618,11-02-2026 22:30:00,60.30804700,2.81776200,,,LV,Maurolicus muelleri,I4537,1,,5882.191889,,1609944,1818440,NORWAY,58G2,4458,12366,12116,,,3.644719566,6671,,,,,,,,,,,,,,,,,,,,,,,,,,,151,,,,,,,MRN2,,,,,,,,,,,,,,,,,,,,,,,,,1600,,,2003.86,,,,,,,,,127312,,,,,,,,2026NO_151,,,,,,,,,,,,,,,,,,1818440
8966619,12-02-2026 18:20:00,59.15854200,2.60332100,,,LV,Maurolicus muelleri,I4537,1,,5745.519765,,1609947,1818441,NORWAY,58G2,4458,12366,12116,,,3.644719566,6516,,,,,,,,,,,,,,,,,,,,,,,,,,,157,,,,,,,MRN2,,,,,,,,,,,,,,,,,,,,,,,,,1600,,,2022.38,,,,,,,,,127312,,,,,,,,2026NO_157,,,,,,,,,,,,,,,,,,1818441
8966620,12-02-2026 20:02:00,59.32058700,2.70773800,,,LV,Maurolicus muelleri,I4537,2,,9717.828933,,1609948,1818442,NORWAY,58G2,4458,12366,12116,,,3.644719566,11021,,,,,,,,,,,,,,,,,,,,,,,,,,,158,,,,,,,MRN2,,,,,,,,,,,,,,,,,,,,,,,,,1600,,,2742.81,,,,,,,,,127312,,,,,,,,2026NO_158,,,,,,,,,,,,,,,,,,1818442
8966621,12-02-2026 20:02:00,59.32058700,2.70773800,,,LV,Maurolicus muelleri,I4537,1,,9717.828933,,1609948,1818443,NORWAY,58G2,4458,12366,12116,,,3.644719566,11021,,,,,,,,,,,,,,,,,,,,,,,,,,,158,,,,,,,MRN2,,,,,,,,,,,,,,,,,,,,,,,,,1600,,,2742.81,,,,,,,,,127312,,,,,,,,2026NO_158,,,,,,,,,,,,,,,,,,1818443
8966622,12-02-2026 20:02:00,59.32058700,2.70773800,,,LV,Maurolicus muelleri,I4537,1,,9717.828933,,1609948,1818444,NORWAY,58G2,4458,12366,12116,,,3.644719566,11021,,,,,,,,,,,,,,,,,,,,,,,,,,,158,,,,,,,MRN2,,,,,,,,,,,,,,,,,,,,,,,,,1600,,,2742.81,,,,,,,,,127312,,,,,,,,2026NO_158,,,,,,,,,,,,,,,,,,1818444
8966623,12-02-2026 20:02:00,59.32058700,2.70773800,,,LV,Maurolicus muelleri,I4537,1,,9717.828933,,1609948,1818445,NORWAY,58G2,4458,12366,12116,,,3.644719566,11021,,,,,,,,,,,,,,,,,,,,,,,,,,,158,,,,,,,MRN2,,,,,,,,,,,,,,,,,,,,,,,,,1600,,,2742.81,,,,,,,,,127312,,,,,,,,2026NO_158,,,,,,,,,,,,,,,,,,1818445
8966624,12-02-2026 20:02:00,59.32058700,2.70773800,,,LV,Maurolicus muelleri,I4537,1,,9717.828933,,1609948,1818479,NORWAY,58G2,4458,12366,12116,,,3.644719566,11021,,,,,,,,,,,,,,,,,,,,,,,,,,,158,,,,,,,MRN2,,,,,,,,,,,,,,,,,,,,,,,,,1600,,,2742.81,,,,,,,,,127312,,,,,,,,2026NO_158,,,,,,,,,,,,,,,,,,1818479
8966625,12-02-2026 20:02:00,59.32058700,2.70773800,,,LV,Maurolicus muelleri,I4537,1,,9717.828933,,1609948,1818480,NORWAY,58G2,4458,12366,12116,,,3.644719566,11021,,,,,,,,,,,,,,,,,,,,,,,,,,,158,,,,,,,MRN2,,,,,,,,,,,,,,,,,,,,,,,,,1600,,,2742.81,,,,,,,,,127312,,,,,,,,2026NO_158,,,,,,,,,,,,,,,,,,1818480
8966626,12-02-2026 20:02:00,59.32058700,2.70773800,,,LV,Maurolicus muelleri,I4537,1,,9717.828933,,1609948,1818481,NORWAY,58G2,4458,12366,12116,,,3.644719566,11021,,,,,,,,,,,,,,,,,,,,,,,,,,,158,,,,,,,MRN2,,,,,,,,,,,,,,,,,,,,,,,,,1600,,,2742.81,,,,,,,,,127312,,,,,,,,2026NO_158,,,,,,,,,,,,,,,,,,1818481
8966627,13-02-2026 05:39:00,58.90902500,3.20250800,,,LV,Maurolicus muelleri,I4537,1,,4754.426423,,1609953,1818482,NORWAY,58G2,4458,12366,12116,,,3.644719566,5392,,,,,,,,,,,,,,,,,,,,,,,,,,,163,,,,,,,MRN2,,,,,,,,,,,,,,,,,,,,,,,,,1600,,,1787.18,,,,,,,,,127312,,,,,,,,2026NO_163,,,,,,,,,,,,,,,,,,1818482
8966628,13-02-2026 05:39:00,58.90902500,3.20250800,,,LV,Maurolicus muelleri,I4537,1,,4754.426423,,1609953,1818483,NORWAY,58G2,4458,12366,12116,,,3.644719566,5392,,,,,,,,,,,,,,,,,,,,,,,,,,,163,,,,,,,MRN2,,,,,,,,,,,,,,,,,,,,,,,,,1600,,,1787.18,,,,,,,,,127312,,,,,,,,2026NO_163,,,,,,,,,,,,,,,,,,1818483
8966629,13-02-2026 05:39:00,58.90902500,3.20250800,,,LV,Maurolicus muelleri,I4537,1,,4754.426423,,1609953,1818484,NORWAY,58G2,4458,12366,12116,,,3.644719566,5392,,,,,,,,,,,,,,,,,,,,,,,,,,,163,,,,,,,MRN2,,,,,,,,,,,,,,,,,,,,,,,,,1600,,,1787.18,,,,,,,,,127312,,,,,,,,2026NO_163,,,,,,,,,,,,,,,,,,1818484
8966630,13-02-2026 05:39:00,58.90902500,3.20250800,,,LV,Maurolicus muelleri,I4537,2,,4754.426423,,1609953,1818473,NORWAY,58G2,4458,12366,12116,,,3.644719566,5392,,,,,,,,,,,,,,,,,,,,,,,,,,,163,,,,,,,MRN2,,,,,,,,,,,,,,,,,,,,,,,,,1600,,,1787.18,,,,,,,,,127312,,,,,,,,2026NO_163,,,,,,,,,,,,,,,,,,1818473
8966631,14-02-2026 00:02:00,58.58717200,3.16973400,,,LV,Maurolicus muelleri,I4537,1,,6108.803089,,1609958,1818474,NORWAY,58G2,4458,12366,12116,,,3.644719566,6928,,,,,,,,,,,,,,,,,,,,,,,,,,,171,,,,,,,MRN2,,,,,,,,,,,,,,,,,,,,,,,,,1600,,,1937.19,,,,,,,,,127312,,,,,,,,2026NO_171,,,,,,,,,,,,,,,,,,1818474
8966632,14-02-2026 17:09:00,58.17569900,4.43871400,,,LV,Maurolicus muelleri,I4537,1,,4524.2882,,1609961,1818475,NORWAY,58G2,4458,12366,12116,,,3.644719566,5131,,,,,,,,,,,,,,,,,,,,,,,,,,,176,,,,,,,MRN2,,,,,,,,,,,,,,,,,,,,,,,,,1600,,,1392.7,,,,,,,,,127312,,,,,,,,2026NO_176,,,,,,,,,,,,,,,,,,1818475
8966633,14-02-2026 17:09:00,58.17569900,4.43871400,,,LV,Maurolicus muelleri,I4537,1,,4524.2882,,1609961,1818476,NORWAY,58G2,4458,12366,12116,,,3.644719566,5131,,,,,,,,,,,,,,,,,,,,,,,,,,,176,,,,,,,MRN2,,,,,,,,,,,,,,,,,,,,,,,,,1600,,,1392.7,,,,,,,,,127312,,,,,,,,2026NO_176,,,,,,,,,,,,,,,,,,1818476
8966634,14-02-2026 18:59:00,58.10079000,4.76797200,,,LV,Maurolicus muelleri,I4537,1,,6710.160437,,1609962,1818477,NORWAY,58G2,4458,12366,12116,,,3.644719566,7610,,,,,,,,,,,,,,,,,,,,,,,,,,,177,,,,,,,MRN2,,,,,,,,,,,,,,,,,,,,,,,,,1600,,,1944.6,,,,,,,,,127312,,,,,,,,2026NO_177,,,,,,,,,,,,,,,,,,1818477
8966635,14-02-2026 18:59:00,58.10079000,4.76797200,,,LV,Maurolicus muelleri,I4537,1,,6710.160437,,1609962,1818478,NORWAY,58G2,4458,12366,12116,,,3.644719566,7610,,,,,,,,,,,,,,,,,,,,,,,,,,,177,,,,,,,MRN2,,,,,,,,,,,,,,,,,,,,,,,,,1600,,,1944.6,,,,,,,,,127312,,,,,,,,2026NO_177,,,,,,,,,,,,,,,,,,1818478
8966636,14-05-2026 23:42:00,57.73821300,5.72558500,,,LV,Maurolicus muelleri,I4537,1,,5076.267232,,1609964,1818467,NORWAY,58G2,4458,12366,12116,,,3.644719566,5757,,,,,,,,,,,,,,,,,,,,,,,,,,,179,,,,,,,MRN2,,,,,,,,,,,,,,,,,,,,,,,,,1600,,,1655.69,,,,,,,,,127312,,,,,,,,2026NO_179,,,,,,,,,,,,,,,,,,1818467
8966637,15-02-2026 01:50:00,57.59556000,6.18988800,,,LV,Maurolicus muelleri,I4537,1,,5675.861069,,1609965,1818468,NORWAY,58G2,4458,12366,12116,,,3.644719566,6437,,,,,,,,,,,,,,,,,,,,,,,,,,,180,,,,,,,MRN2,,,,,,,,,,,,,,,,,,,,,,,,,1600,,,1805.7,,,,,,,,,127312,,,,,,,,2026NO_180,,,,,,,,,,,,,,,,,,1818468
8966638,21-02-2026 01:15:00,59.41444800,0.40841900,,,LV,Maurolicus muelleri,I4537,1,,6093.813244,,1609986,1818469,NORWAY,58G2,4458,12366,12116,,,3.644719566,6911,,,,,,,,,,,,,,,,,,,,,,,,,,,213,,,,,,,MRN2,,,,,,,,,,,,,,,,,,,,,,,,,1600,,,1950.16,,,,,,,,,127312,,,,,,,,2026NO_213,,,,,,,,,,,,,,,,,,1818469
8966639,21-02-2026 01:15:00,59.41444800,0.40841900,,,LV,Maurolicus muelleri,I4537,1,,6093.813244,,1609986,1818470,NORWAY,58G2,4458,12366,12116,,,3.644719566,6911,,,,,,,,,,,,,,,,,,,,,,,,,,,213,,,,,,,MRN2,,,,,,,,,,,,,,,,,,,,,,,,,1600,,,1950.16,,,,,,,,,127312,,,,,,,,2026NO_213,,,,,,,,,,,,,,,,,,1818470
8966640,21-02-2026 06:17:00,59.58855200,1.27224800,,,LV,Maurolicus muelleri,I4537,1,,4930.777551,,1609989,1818471,NORWAY,58G2,4458,12366,12116,,,3.644719566,5592,,,,,,,,,,,,,,,,,,,,,,,,,,,216,,,,,,,MRN2,,,,,,,,,,,,,,,,,,,,,,,,,1600,,,1622.35,,,,,,,,,127312,,,,,,,,2026NO_216,,,,,,,,,,,,,,,,,,1818471
8966641,21-02-2026 22:40:00,60.26983700,0.81583900,,,LV,Maurolicus muelleri,I4537,1,,6723.386772,,1609993,1818472,NORWAY,58G2,4458,12366,12116,,,3.644719566,7625,,,,,,,,,,,,,,,,,,,,,,,,,,,222,,,,,,,MRN2,,,,,,,,,,,,,,,,,,,,,,,,,1600,,,2122.39,,,,,,,,,127312,,,,,,,,2026NO_222,,,,,,,,,,,,,,,,,,1818472
8966642,22-02-2026 00:55:00,60.18465500,0.29478400,,,LV,Maurolicus muelleri,I4537,1,,4093.109691,,1609994,1818461,NORWAY,58G2,4458,12366,12116,,,3.644719566,4642,,,,,,,,,,,,,,,,,,,,,,,,,,,223,,,,,,,MRN2,,,,,,,,,,,,,,,,,,,,,,,,,1600,,,1466.78,,,,,,,,,127312,,,,,,,,2026NO_223,,,,,,,,,,,,,,,,,,1818461
8966643,22-02-2026 03:01:00,60.09181700,-0.19234900,,,LV,Maurolicus muelleri,I4537,1,,9515.025135,,1609995,1818462,NORWAY,58G2,4458,12366,12116,,,3.644719566,10791,,,,,,,,,,,,,,,,,,,,,,,,,,,224,,,,,,,MRN2,,,,,,,,,,,,,,,,,,,,,,,,,1600,,,2766.89,,,,,,,,,127312,,,,,,,,2026NO_224,,,,,,,,,,,,,,,,,,1818462
8966644,22-02-2026 17:50:00,60.74993600,1.21842300,,,LV,Maurolicus muelleri,I4537,1,,7454.3622,,1609997,1818463,NORWAY,58G2,4458,12366,12116,,,3.644719566,8454,,,,,,,,,,,,,,,,,,,,,,,,,,,228,,,,,,,MRN2,,,,,,,,,,,,,,,,,,,,,,,,,1600,,,2127.95,,,,,,,,,127312,,,,,,,,2026NO_228,,,,,,,,,,,,,,,,,,1818463
8966645,22-02-2026 17:50:00,60.74993600,1.21842300,,,LV,Maurolicus muelleri,I4537,1,,7454.3622,,1609997,1818464,NORWAY,58G2,4458,12366,12116,,,3.644719566,8454,,,,,,,,,,,,,,,,,,,,,,,,,,,228,,,,,,,MRN2,,,,,,,,,,,,,,,,,,,,,,,,,1600,,,2127.95,,,,,,,,,127312,,,,,,,,2026NO_228,,,,,,,,,,,,,,,,,,1818464
8966646,22-02-2026 17:50:00,60.74993600,1.21842300,,,LV,Maurolicus muelleri,I4537,1,,7454.3622,,1609997,1818465,NORWAY,58G2,4458,12366,12116,,,3.644719566,8454,,,,,,,,,,,,,,,,,,,,,,,,,,,228,,,,,,,MRN2,,,,,,,,,,,,,,,,,,,,,,,,,1600,,,2127.95,,,,,,,,,127312,,,,,,,,2026NO_228,,,,,,,,,,,,,,,,,,1818465
8966647,22-02-2026 17:50:00,60.74993600,1.21842300,,,LV,Maurolicus muelleri,I4537,1,,7454.3622,,1609997,1818466,NORWAY,58G2,4458,12366,12116,,,3.644719566,8454,,,,,,,,,,,,,,,,,,,,,,,,,,,228,,,,,,,MRN2,,,,,,,,,,,,,,,,,,,,,,,,,1600,,,2127.95,,,,,,,,,127312,,,,,,,,2026NO_228,,,,,,,,,,,,,,,,,,1818466
8966648,22-02-2026 17:50:00,60.74993600,1.21842300,,,LV,Maurolicus muelleri,I4537,1,,7454.3622,,1609997,1818455,NORWAY,58G2,4458,12366,12116,,,3.644719566,8454,,,,,,,,,,,,,,,,,,,,,,,,,,,228,,,,,,,MRN2,,,,,,,,,,,,,,,,,,,,,,,,,1600,,,2127.95,,,,,,,,,127312,,,,,,,,2026NO_228,,,,,,,,,,,,,,,,,,1818455
8966649,22-02-2026 19:31:00,60.73334800,1.56270300,,,LV,Maurolicus muelleri,I4537,3,,6328.360244,,1609998,1818456,NORWAY,58G2,4458,12366,12116,,,3.644719566,7177,,,,,,,,,,,,,,,,,,,,,,,,,,,229,,,,,,,MRN2,,,,,,,,,,,,,,,,,,,,,,,,,1600,,,1887.19,,,,,,,,,127312,,,,,,,,2026NO_229,,,,,,,,,,,,,,,,,,1818456
8966650,22-02-2026 19:31:00,60.73334800,1.56270300,,,LV,Maurolicus muelleri,I4537,1,,6328.360244,,1609998,1818457,NORWAY,58G2,4458,12366,12116,,,3.644719566,7177,,,,,,,,,,,,,,,,,,,,,,,,,,,229,,,,,,,MRN2,,,,,,,,,,,,,,,,,,,,,,,,,1600,,,1887.19,,,,,,,,,127312,,,,,,,,2026NO_229,,,,,,,,,,,,,,,,,,1818457
8966651,22-02-2026 19:31:00,60.73334800,1.56270300,,,LV,Maurolicus muelleri,I4537,1,,6328.360244,,1609998,1818458,NORWAY,58G2,4458,12366,12116,,,3.644719566,7177,,,,,,,,,,,,,,,,,,,,,,,,,,,229,,,,,,,MRN2,,,,,,,,,,,,,,,,,,,,,,,,,1600,,,1887.19,,,,,,,,,127312,,,,,,,,2026NO_229,,,,,,,,,,,,,,,,,,1818458
8966652,22-02-2026 19:31:00,60.73334800,1.56270300,,,LV,Maurolicus muelleri,I4537,1,,6328.360244,,1609998,1818459,NORWAY,58G2,4458,12366,12116,,,3.644719566,7177,,,,,,,,,,,,,,,,,,,,,,,,,,,229,,,,,,,MRN2,,,,,,,,,,,,,,,,,,,,,,,,,1600,,,1887.19,,,,,,,,,127312,,,,,,,,2026NO_229,,,,,,,,,,,,,,,,,,1818459
8966653,22-02-2026 19:31:00,60.73334800,1.56270300,,,LV,Maurolicus muelleri,I4537,1,,6328.360244,,1609998,1818460,NORWAY,58G2,4458,12366,12116,,,3.644719566,7177,,,,,,,,,,,,,,,,,,,,,,,,,,,229,,,,,,,MRN2,,,,,,,,,,,,,,,,,,,,,,,,,1600,,,1887.19,,,,,,,,,127312,,,,,,,,2026NO_229,,,,,,,,,,,,,,,,,,1818460
8966654,22-02-2026 19:31:00,60.73334800,1.56270300,,,LV,Maurolicus muelleri,I4537,1,,6328.360244,,1609998,1818449,NORWAY,58G2,4458,12366,12116,,,3.644719566,7177,,,,,,,,,,,,,,,,,,,,,,,,,,,229,,,,,,,MRN2,,,,,,,,,,,,,,,,,,,,,,,,,1600,,,1887.19,,,,,,,,,127312,,,,,,,,2026NO_229,,,,,,,,,,,,,,,,,,1818449
8966655,22-02-2026 19:31:00,60.73334800,1.56270300,,,LV,Maurolicus muelleri,I4537,1,,6328.360244,,1609998,1818450,NORWAY,58G2,4458,12366,12116,,,3.644719566,7177,,,,,,,,,,,,,,,,,,,,,,,,,,,229,,,,,,,MRN2,,,,,,,,,,,,,,,,,,,,,,,,,1600,,,1887.19,,,,,,,,,127312,,,,,,,,2026NO_229,,,,,,,,,,,,,,,,,,1818450
8966656,22-02-2026 19:31:00,60.73334800,1.56270300,,,LV,Maurolicus muelleri,I4537,1,,6328.360244,,1609998,1818451,NORWAY,58G2,4458,12366,12116,,,3.644719566,7177,,,,,,,,,,,,,,,,,,,,,,,,,,,229,,,,,,,MRN2,,,,,,,,,,,,,,,,,,,,,,,,,1600,,,1887.19,,,,,,,,,127312,,,,,,,,2026NO_229,,,,,,,,,,,,,,,,,,1818451
8966657,23-02-2026 00:29:00,60.91046500,0.82219400,,,LV,Maurolicus muelleri,I4537,1,,7338.85221,,1610001,1818452,NORWAY,58G2,4458,12366,12116,,,3.644719566,8323,,,,,,,,,,,,,,,,,,,,,,,,,,,232,,,,,,,MRN2,,,,,,,,,,,,,,,,,,,,,,,,,1600,,,2079.8,,,,,,,,,127312,,,,,,,,2026NO_232,,,,,,,,,,,,,,,,,,1818452
8966658,23-02-2026 05:28:00,61.25929800,0.49122700,,,LV,Maurolicus muelleri,I4537,1,,7198.653063,,1610004,1818453,NORWAY,58G2,4458,12366,12116,,,3.644719566,8164,,,,,,,,,,,,,,,,,,,,,,,,,,,235,,,,,,,MRN2,,,,,,,,,,,,,,,,,,,,,,,,,1600,,,2274.26,,,,,,,,,127312,,,,,,,,2026NO_235,,,,,,,,,,,,,,,,,,1818453
8966659,23-02-2026 22:04:00,60.59807900,3.17700300,,,LV,Maurolicus muelleri,I4537,1,,6658.136855,,1610007,1818454,NORWAY,58G2,4458,12366,12116,,,3.644719566,7551,,,,,,,,,,,,,,,,,,,,,,,,,,,242,,,,,,,MRN2,,,,,,,,,,,,,,,,,,,,,,,,,1600,,,2050.16,,,,,,,,,127312,,,,,,,,2026NO_242,,,,,,,,,,,,,,,,,,1818454
8966660,23-02-2026 22:04:00,60.59807900,3.17700300,,,LV,Maurolicus muelleri,I4537,1,,6658.136855,,1610007,1818446,NORWAY,58G2,4458,12366,12116,,,3.644719566,7551,,,,,,,,,,,,,,,,,,,,,,,,,,,242,,,,,,,MRN2,,,,,,,,,,,,,,,,,,,,,,,,,1600,,,2050.16,,,,,,,,,127312,,,,,,,,2026NO_242,,,,,,,,,,,,,,,,,,1818446
8966661,23-02-2026 22:04:00,60.59807900,3.17700300,,,LV,Maurolicus muelleri,I4537,1,,6658.136855,,1610007,1818447,NORWAY,58G2,4458,12366,12116,,,3.644719566,7551,,,,,,,,,,,,,,,,,,,,,,,,,,,242,,,,,,,MRN2,,,,,,,,,,,,,,,,,,,,,,,,,1600,,,2050.16,,,,,,,,,127312,,,,,,,,2026NO_242,,,,,,,,,,,,,,,,,,1818447
8966662,26-02-2026 21:13:00,61.16467300,1.77444700,,,LV,Maurolicus muelleri,I4537,1,,5316.104767,,1610012,1818448,NORWAY,58G2,4458,12366,12116,,,3.644719566,6029,,,,,,,,,,,,,,,,,,,,,,,,,,,250,,,,,,,MRN2,,,,,,,,,,,,,,,,,,,,,,,,,1600,,,1574.2,,,,,,,,,127312,,,,,,,,2026NO_250,,,,,,,,,,,,,,,,,,1818448
8966663,17-02-2026 23:55:00,57.22920200,5.16320900,,,LV,Microstomus kitt,I4537,1,,2780.17554,,1609981,1818485,NORWAY,58G2,4458,12366,12120,,,3.644719566,3153,,,,,,,,,,,,,,,,,,,,,,,,,,,201,,,,,,,MRN2,,,,,,,,,,,,,,,,,,,,,,,,,1600,,,1042.68,,,,,,,,,127140,,,,,,,,2026NO_201,,,,,,,,,,,,,,,,,,1818485
8966664,11-02-2026 17:10:00,59.91203300,3.18642000,,,LV,Clupea harengus,I4537,1,,5241.155537,,1609941,1818340,NORWAY,58G2,4458,12366,12105,,,3.644719566,5944,,,,,,,,,,,,,,,,,,,,,,,,,,,148,,,,,,,MRN2,,,,,,,,,,,,,,,,,,,,,,,,,1600,,,1827.92,,,,,,,,,126417,,,,,,,,2026NO_148,,,,,,,,,,,,,,,,,,1818340
8966665,11-02-2026 20:54:00,60.28941300,3.17977900,,,LV,Clupea harengus,I4537,1,,9000.07984,,1609943,1818341,NORWAY,58G2,4458,12366,12105,,,3.644719566,10207,,,,,,,,,,,,,,,,,,,,,,,,,,,150,,,,,,,MRN2,,,,,,,,,,,,,,,,,,,,,,,,,1600,,,2552.06,,,,,,,,,126417,,,,,,,,2026NO_150,,,,,,,,,,,,,,,,,,1818341
8966666,11-02-2026 22:30:00,60.30804700,2.81776200,,,LV,Clupea harengus,I4537,1,,5882.191889,,1609944,1818342,NORWAY,58G2,4458,12366,12105,,,3.644719566,6671,,,,,,,,,,,,,,,,,,,,,,,,,,,151,,,,,,,MRN2,,,,,,,,,,,,,,,,,,,,,,,,,1600,,,2003.86,,,,,,,,,126417,,,,,,,,2026NO_151,,,,,,,,,,,,,,,,,,1818342
8966667,11-02-2026 22:30:00,60.30804700,2.81776200,,,LV,Clupea harengus,I4537,1,,5882.191889,,1609944,1818343,NORWAY,58G2,4458,12366,12105,,,3.644719566,6671,,,,,,,,,,,,,,,,,,,,,,,,,,,151,,,,,,,MRN2,,,,,,,,,,,,,,,,,,,,,,,,,1600,,,2003.86,,,,,,,,,126417,,,,,,,,2026NO_151,,,,,,,,,,,,,,,,,,1818343
8966668,11-02-2026 22:30:00,60.30804700,2.81776200,,,LV,Clupea harengus,I4537,1,,5882.191889,,1609944,1818344,NORWAY,58G2,4458,12366,12105,,,3.644719566,6671,,,,,,,,,,,,,,,,,,,,,,,,,,,151,,,,,,,MRN2,,,,,,,,,,,,,,,,,,,,,,,,,1600,,,2003.86,,,,,,,,,126417,,,,,,,,2026NO_151,,,,,,,,,,,,,,,,,,1818344
8966669,12-02-2026 00:02:00,60.13587500,2.79668900,,,LV,Clupea harengus,I4537,1,,5396.344531,,1609945,1818345,NORWAY,58G2,4458,12366,12105,,,3.644719566,6120,,,,,,,,,,,,,,,,,,,,,,,,,,,152,,,,,,,MRN2,,,,,,,,,,,,,,,,,,,,,,,,,1600,,,1764.96,,,,,,,,,126417,,,,,,,,2026NO_152,,,,,,,,,,,,,,,,,,1818345
8966670,12-02-2026 18:20:00,59.15854200,2.60332100,,,LV,Clupea harengus,I4537,1,,5745.519765,,1609947,1818434,NORWAY,58G2,4458,12366,12105,,,3.644719566,6516,,,,,,,,,,,,,,,,,,,,,,,,,,,157,,,,,,,MRN2,,,,,,,,,,,,,,,,,,,,,,,,,1600,,,2022.38,,,,,,,,,126417,,,,,,,,2026NO_157,,,,,,,,,,,,,,,,,,1818434
8966671,12-02-2026 20:02:00,59.32058700,2.70773800,,,LV,Clupea harengus,I4537,1,,9717.828933,,1609948,1818435,NORWAY,58G2,4458,12366,12105,,,3.644719566,11021,,,,,,,,,,,,,,,,,,,,,,,,,,,158,,,,,,,MRN2,,,,,,,,,,,,,,,,,,,,,,,,,1600,,,2742.81,,,,,,,,,126417,,,,,,,,2026NO_158,,,,,,,,,,,,,,,,,,1818435
8966672,13-02-2026 17:34:00,58.40502700,2.82325300,,,LV,Clupea harengus,I4537,1,,7037.291781,,1609954,1818436,NORWAY,58G2,4458,12366,12105,,,3.644719566,7981,,,,,,,,,,,,,,,,,,,,,,,,,,,167,,,,,,,MRN2,,,,,,,,,,,,,,,,,,,,,,,,,1600,,,2196.47,,,,,,,,,126417,,,,,,,,2026NO_167,,,,,,,,,,,,,,,,,,1818436
8966673,13-02-2026 17:34:00,58.40502700,2.82325300,,,LV,Clupea harengus,I4537,2,,7037.291781,,1609954,1818437,NORWAY,58G2,4458,12366,12105,,,3.644719566,7981,,,,,,,,,,,,,,,,,,,,,,,,,,,167,,,,,,,MRN2,,,,,,,,,,,,,,,,,,,,,,,,,1600,,,2196.47,,,,,,,,,126417,,,,,,,,2026NO_167,,,,,,,,,,,,,,,,,,1818437
8966674,13-02-2026 17:34:00,58.40502700,2.82325300,,,LV,Clupea harengus,I4537,1,,7037.291781,,1609954,1818438,NORWAY,58G2,4458,12366,12105,,,3.644719566,7981,,,,,,,,,,,,,,,,,,,,,,,,,,,167,,,,,,,MRN2,,,,,,,,,,,,,,,,,,,,,,,,,1600,,,2196.47,,,,,,,,,126417,,,,,,,,2026NO_167,,,,,,,,,,,,,,,,,,1818438
8966675,13-02-2026 17:34:00,58.40502700,2.82325300,,,LV,Clupea harengus,I4537,1,,7037.291781,,1609954,1818439,NORWAY,58G2,4458,12366,12105,,,3.644719566,7981,,,,,,,,,,,,,,,,,,,,,,,,,,,167,,,,,,,MRN2,,,,,,,,,,,,,,,,,,,,,,,,,1600,,,2196.47,,,,,,,,,126417,,,,,,,,2026NO_167,,,,,,,,,,,,,,,,,,1818439
8966676,13-02-2026 17:34:00,58.40502700,2.82325300,,,LV,Clupea harengus,I4537,2,,7037.291781,,1609954,1818428,NORWAY,58G2,4458,12366,12105,,,3.644719566,7981,,,,,,,,,,,,,,,,,,,,,,,,,,,167,,,,,,,MRN2,,,,,,,,,,,,,,,,,,,,,,,,,1600,,,2196.47,,,,,,,,,126417,,,,,,,,2026NO_167,,,,,,,,,,,,,,,,,,1818428
8966677,13-02-2026 17:34:00,58.40502700,2.82325300,,,LV,Clupea harengus,I4537,2,,7037.291781,,1609954,1818429,NORWAY,58G2,4458,12366,12105,,,3.644719566,7981,,,,,,,,,,,,,,,,,,,,,,,,,,,167,,,,,,,MRN2,,,,,,,,,,,,,,,,,,,,,,,,,1600,,,2196.47,,,,,,,,,126417,,,,,,,,2026NO_167,,,,,,,,,,,,,,,,,,1818429
8966678,13-02-2026 17:34:00,58.40502700,2.82325300,,,LV,Clupea harengus,I4537,1,,7037.291781,,1609954,1818430,NORWAY,58G2,4458,12366,12105,,,3.644719566,7981,,,,,,,,,,,,,,,,,,,,,,,,,,,167,,,,,,,MRN2,,,,,,,,,,,,,,,,,,,,,,,,,1600,,,2196.47,,,,,,,,,126417,,,,,,,,2026NO_167,,,,,,,,,,,,,,,,,,1818430
8966679,13-02-2026 19:13:00,58.40442100,2.48032800,,,LV,Clupea harengus,I4537,1,,4657.433302,,1609955,1818431,NORWAY,58G2,4458,12366,12105,,,3.644719566,5282,,,,,,,,,,,,,,,,,,,,,,,,,,,168,,,,,,,MRN2,,,,,,,,,,,,,,,,,,,,,,,,,1600,,,1333.44,,,,,,,,,126417,,,,,,,,2026NO_168,,,,,,,,,,,,,,,,,,1818431
8966680,13-02-2026 20:52:00,58.58361500,2.46131900,,,LV,Clupea harengus,I4537,1,,5716.421829,,1609956,1818432,NORWAY,58G2,4458,12366,12105,,,3.644719566,6483,,,,,,,,,,,,,,,,,,,,,,,,,,,169,,,,,,,MRN2,,,,,,,,,,,,,,,,,,,,,,,,,1600,,,1800.14,,,,,,,,,126417,,,,,,,,2026NO_169,,,,,,,,,,,,,,,,,,1818432
8966681,13-02-2026 20:52:00,58.58361500,2.46131900,,,LV,Clupea harengus,I4537,1,,5716.421829,,1609956,1818433,NORWAY,58G2,4458,12366,12105,,,3.644719566,6483,,,,,,,,,,,,,,,,,,,,,,,,,,,169,,,,,,,MRN2,,,,,,,,,,,,,,,,,,,,,,,,,1600,,,1800.14,,,,,,,,,126417,,,,,,,,2026NO_169,,,,,,,,,,,,,,,,,,1818433
8966682,13-02-2026 20:52:00,58.58361500,2.46131900,,,LV,Clupea harengus,I4537,1,,5716.421829,,1609956,1818422,NORWAY,58G2,4458,12366,12105,,,3.644719566,6483,,,,,,,,,,,,,,,,,,,,,,,,,,,169,,,,,,,MRN2,,,,,,,,,,,,,,,,,,,,,,,,,1600,,,1800.14,,,,,,,,,126417,,,,,,,,2026NO_169,,,,,,,,,,,,,,,,,,1818422
8966683,13-02-2026 20:52:00,58.58361500,2.46131900,,,LV,Clupea harengus,I4537,1,,5716.421829,,1609956,1818423,NORWAY,58G2,4458,12366,12105,,,3.644719566,6483,,,,,,,,,,,,,,,,,,,,,,,,,,,169,,,,,,,MRN2,,,,,,,,,,,,,,,,,,,,,,,,,1600,,,1800.14,,,,,,,,,126417,,,,,,,,2026NO_169,,,,,,,,,,,,,,,,,,1818423
8966684,16-02-2026 17:16:00,57.24882500,3.46755500,,,LV,Clupea harengus,I4537,1,,4874.34519,,1609969,1818424,NORWAY,58G2,4458,12366,12105,,,3.644719566,5528,,,,,,,,,,,,,,,,,,,,,,,,,,,187,,,,,,,MRN2,,,,,,,,,,,,,,,,,,,,,,,,,1600,,,1264.92,,,,,,,,,126417,,,,,,,,2026NO_187,,,,,,,,,,,,,,,,,,1818424
8966685,16-02-2026 18:50:00,57.39676500,3.30820600,,,LV,Clupea harengus,I4537,1,,3772.150638,,1609970,1818425,NORWAY,58G2,4458,12366,12105,,,3.644719566,4278,,,,,,,,,,,,,,,,,,,,,,,,,,,188,,,,,,,MRN2,,,,,,,,,,,,,,,,,,,,,,,,,1600,,,961.188,,,,,,,,,126417,,,,,,,,2026NO_188,,,,,,,,,,,,,,,,,,1818425
8966686,16-02-2026 18:50:00,57.39676500,3.30820600,,,LV,Clupea harengus,I4537,1,,3772.150638,,1609970,1818426,NORWAY,58G2,4458,12366,12105,,,3.644719566,4278,,,,,,,,,,,,,,,,,,,,,,,,,,,188,,,,,,,MRN2,,,,,,,,,,,,,,,,,,,,,,,,,1600,,,961.188,,,,,,,,,126417,,,,,,,,2026NO_188,,,,,,,,,,,,,,,,,,1818426
8966687,16-02-2026 20:27:00,57.58871100,3.25375500,,,LV,Clupea harengus,I4537,1,,3910.586273,,1609971,1818427,NORWAY,58G2,4458,12366,12105,,,3.644719566,4435,,,,,,,,,,,,,,,,,,,,,,,,,,,189,,,,,,,MRN2,,,,,,,,,,,,,,,,,,,,,,,,,1600,,,1107.5,,,,,,,,,126417,,,,,,,,2026NO_189,,,,,,,,,,,,,,,,,,1818427
8966688,16-02-2026 22:00:00,57.75540100,3.17192900,,,LV,Clupea harengus,I4537,1,,3452.955095,,1609972,1818416,NORWAY,58G2,4458,12366,12105,,,3.644719566,3916,,,,,,,,,,,,,,,,,,,,,,,,,,,190,,,,,,,MRN2,,,,,,,,,,,,,,,,,,,,,,,,,1600,,,1026.01,,,,,,,,,126417,,,,,,,,2026NO_190,,,,,,,,,,,,,,,,,,1818416
8966689,16-02-2026 22:00:00,57.75540100,3.17192900,,,LV,Clupea harengus,I4537,1,,3452.955095,,1609972,1818417,NORWAY,58G2,4458,12366,12105,,,3.644719566,3916,,,,,,,,,,,,,,,,,,,,,,,,,,,190,,,,,,,MRN2,,,,,,,,,,,,,,,,,,,,,,,,,1600,,,1026.01,,,,,,,,,126417,,,,,,,,2026NO_190,,,,,,,,,,,,,,,,,,1818417
8966690,15-01-2026 21:51:00,55.25968300,5.85163300,,,LV,Clupea harengus,I4537,1,,3348,,1610028,1818741,DENMARK,26D4,4458,12366,12105,,,35.98,38341,,,,,,,,,,,,,,,,,,,,,,,,,,,51,,,,,,,MRN2,,2,,,,,,,,,,,,,,,,,,,,,,,1600,,,1315,,VISO,ETH,,,,,,126417,,,,,,,,2026DK_020,2,,,,,,,,,,,,,,,,,1818741
8966691,15-01-2026 21:51:00,55.25968300,5.85163300,,,LV,Clupea harengus,I4537,3,,3348,,1610028,1818742,DENMARK,26D4,4458,12366,12105,,,35.98,38341,,,,,,,,,,,,,,,,,,,,,,,,,,,51,,,,,,,MRN2,,2,,,,,,,,,,,,,,,,,,,,,,,1600,,,1315,,VISO,ETH,,,,,,126417,,,,,,,,2026DK_020,2,,,,,,,,,,,,,,,,,1818742
8966692,15-01-2026 23:59:00,55.34125000,6.20311600,,,LV,Clupea harengus,I4537,1,,4166,,1610029,1818743,DENMARK,26D4,4458,12366,12105,,,35.98,47717,,,,,,,,,,,,,,,,,,,,,,,,,,,52,,,,,,,MRN2,,2,,,,,,,,,,,,,,,,,,,,,,,1600,,,1296,,VISO,ETH,,,,,,126417,,,,,,,,2026DK_021,2,,,,,,,,,,,,,,,,,1818743
8966693,15-01-2026 23:59:00,55.34125000,6.20311600,,,LV,Clupea harengus,I4537,1,,4166,,1610029,1818744,DENMARK,26D4,4458,12366,12105,,,35.98,47717,,,,,,,,,,,,,,,,,,,,,,,,,,,52,,,,,,,MRN2,,2,,,,,,,,,,,,,,,,,,,,,,,1600,,,1296,,VISO,ETH,,,,,,126417,,,,,,,,2026DK_021,2,,,,,,,,,,,,,,,,,1818744
8966694,16-01-2026 01:16:00,55.41230000,6.48838300,,,LV,Clupea harengus,I4537,1,,4320,,1610030,1818733,DENMARK,26D4,4458,12366,12105,,,35.98,49480,,,,,,,,,,,,,,,,,,,,,,,,,,,53,,,,,,,MRN2,,2,,,,,,,,,,,,,,,,,,,,,,,1600,,,1482,,VISO,ETH,,,,,,126417,,,,,,,,2026DK_022,2,,,,,,,,,,,,,,,,,1818733
8966695,16-01-2026 01:16:00,55.41230000,6.48838300,,,LV,Clupea harengus,I4537,3,,4320,,1610030,1818734,DENMARK,26D4,4458,12366,12105,,,35.98,49480,,,,,,,,,,,,,,,,,,,,,,,,,,,53,,,,,,,MRN2,,2,,,,,,,,,,,,,,,,,,,,,,,1600,,,1482,,VISO,ETH,,,,,,126417,,,,,,,,2026DK_022,2,,,,,,,,,,,,,,,,,1818734
8966696,16-01-2026 01:16:00,55.41230000,6.48838300,,,LV,Clupea harengus,I4537,1,,4320,,1610030,1818735,DENMARK,26D4,4458,12366,12105,,,35.98,49480,,,,,,,,,,,,,,,,,,,,,,,,,,,53,,,,,,,MRN2,,2,,,,,,,,,,,,,,,,,,,,,,,1600,,,1482,,VISO,ETH,,,,,,126417,,,,,,,,2026DK_022,2,,,,,,,,,,,,,,,,,1818735
8966697,16-01-2026 01:16:00,55.41230000,6.48838300,,,LV,Clupea harengus,I4537,1,,4320,,1610030,1818736,DENMARK,26D4,4458,12366,12105,,,35.98,49480,,,,,,,,,,,,,,,,,,,,,,,,,,,53,,,,,,,MRN2,,2,,,,,,,,,,,,,,,,,,,,,,,1600,,,1482,,VISO,ETH,,,,,,126417,,,,,,,,2026DK_022,2,,,,,,,,,,,,,,,,,1818736
8966698,16-01-2026 01:16:00,55.41230000,6.48838300,,,LV,Clupea harengus,I4537,3,,4320,,1610030,1818737,DENMARK,26D4,4458,12366,12105,,,35.98,49480,,,,,,,,,,,,,,,,,,,,,,,,,,,53,,,,,,,MRN2,,2,,,,,,,,,,,,,,,,,,,,,,,1600,,,1482,,VISO,ETH,,,,,,126417,,,,,,,,2026DK_022,2,,,,,,,,,,,,,,,,,1818737
8966699,16-01-2026 02:51:00,55.59198300,6.78556600,,,LV,Clupea harengus,I4537,1,,3318,,1610031,1818738,DENMARK,26D4,4458,12366,12105,,,35.98,38004,,,,,,,,,,,,,,,,,,,,,,,,,,,54,,,,,,,MRN2,,2,,,,,,,,,,,,,,,,,,,,,,,1600,,,1204,,VISO,ETH,,,,,,126417,,,,,,,,2026DK_023,2,,,,,,,,,,,,,,,,,1818738
8966700,17-01-2026 00:50:00,55.62603300,6.20560000,,,LV,Clupea harengus,I4537,3,,4319,,1610032,1818727,DENMARK,26D4,4458,12366,12105,,,35.98,49461,,,,,,,,,,,,,,,,,,,,,,,,,,,71,,,,,,,MRN2,,2,,,,,,,,,,,,,,,,,,,,,,,1600,,,1445,,VISO,ETH,,,,,,126417,,,,,,,,2026DK_024,2,,,,,,,,,,,,,,,,,1818727
8966701,17-01-2026 00:50:00,55.62603300,6.20560000,,,LV,Clupea harengus,I4537,4,,4319,,1610032,1818728,DENMARK,26D4,4458,12366,12105,,,35.98,49461,,,,,,,,,,,,,,,,,,,,,,,,,,,71,,,,,,,MRN2,,2,,,,,,,,,,,,,,,,,,,,,,,1600,,,1445,,VISO,ETH,,,,,,126417,,,,,,,,2026DK_024,2,,,,,,,,,,,,,,,,,1818728
8966702,17-01-2026 00:50:00,55.62603300,6.20560000,,,LV,Clupea harengus,I4537,9,,4319,,1610032,1818729,DENMARK,26D4,4458,12366,12105,,,35.98,49461,,,,,,,,,,,,,,,,,,,,,,,,,,,71,,,,,,,MRN2,,2,,,,,,,,,,,,,,,,,,,,,,,1600,,,1445,,VISO,ETH,,,,,,126417,,,,,,,,2026DK_024,2,,,,,,,,,,,,,,,,,1818729
8966703,17-01-2026 00:50:00,55.62603300,6.20560000,,,LV,Clupea harengus,I4537,5,,4319,,1610032,1818730,DENMARK,26D4,4458,12366,12105,,,35.98,49461,,,,,,,,,,,,,,,,,,,,,,,,,,,71,,,,,,,MRN2,,2,,,,,,,,,,,,,,,,,,,,,,,1600,,,1445,,VISO,ETH,,,,,,126417,,,,,,,,2026DK_024,2,,,,,,,,,,,,,,,,,1818730
8966704,17-01-2026 00:50:00,55.62603300,6.20560000,,,LV,Clupea harengus,I4537,4,,4319,,1610032,1818731,DENMARK,26D4,4458,12366,12105,,,35.98,49461,,,,,,,,,,,,,,,,,,,,,,,,,,,71,,,,,,,MRN2,,2,,,,,,,,,,,,,,,,,,,,,,,1600,,,1445,,VISO,ETH,,,,,,126417,,,,,,,,2026DK_024,2,,,,,,,,,,,,,,,,,1818731
8966705,17-01-2026 00:50:00,55.62603300,6.20560000,,,LV,Clupea harengus,I4537,1,,4319,,1610032,1818732,DENMARK,26D4,4458,12366,12105,,,35.98,49461,,,,,,,,,,,,,,,,,,,,,,,,,,,71,,,,,,,MRN2,,2,,,,,,,,,,,,,,,,,,,,,,,1600,,,1445,,VISO,ETH,,,,,,126417,,,,,,,,2026DK_024,2,,,,,,,,,,,,,,,,,1818732
8966706,17-01-2026 00:50:00,55.62603300,6.20560000,,,LV,Clupea harengus,I4537,1,,4319,,1610032,1818721,DENMARK,26D4,4458,12366,12105,,,35.98,49461,,,,,,,,,,,,,,,,,,,,,,,,,,,71,,,,,,,MRN2,,2,,,,,,,,,,,,,,,,,,,,,,,1600,,,1445,,VISO,ETH,,,,,,126417,,,,,,,,2026DK_024,2,,,,,,,,,,,,,,,,,1818721
8966707,17-01-2026 02:19:00,55.63770000,5.81686600,,,LV,Clupea harengus,I4537,2,,4404,,1610033,1818722,DENMARK,26D4,4458,12366,12105,,,35.98,50437,,,,,,,,,,,,,,,,,,,,,,,,,,,72,,,,,,,MRN2,,2,,,,,,,,,,,,,,,,,,,,,,,1600,,,1593,,VISO,ETH,,,,,,126417,,,,,,,,2026DK_025,2,,,,,,,,,,,,,,,,,1818722
8966708,17-01-2026 02:19:00,55.63770000,5.81686600,,,LV,Clupea harengus,I4537,3,,4404,,1610033,1818723,DENMARK,26D4,4458,12366,12105,,,35.98,50437,,,,,,,,,,,,,,,,,,,,,,,,,,,72,,,,,,,MRN2,,2,,,,,,,,,,,,,,,,,,,,,,,1600,,,1593,,VISO,ETH,,,,,,126417,,,,,,,,2026DK_025,2,,,,,,,,,,,,,,,,,1818723
8966709,17-01-2026 02:19:00,55.63770000,5.81686600,,,LV,Clupea harengus,I4537,4,,4404,,1610033,1818724,DENMARK,26D4,4458,12366,12105,,,35.98,50437,,,,,,,,,,,,,,,,,,,,,,,,,,,72,,,,,,,MRN2,,2,,,,,,,,,,,,,,,,,,,,,,,1600,,,1593,,VISO,ETH,,,,,,126417,,,,,,,,2026DK_025,2,,,,,,,,,,,,,,,,,1818724
8966710,17-01-2026 02:19:00,55.63770000,5.81686600,,,LV,Clupea harengus,I4537,4,,4404,,1610033,1818725,DENMARK,26D4,4458,12366,12105,,,35.98,50437,,,,,,,,,,,,,,,,,,,,,,,,,,,72,,,,,,,MRN2,,2,,,,,,,,,,,,,,,,,,,,,,,1600,,,1593,,VISO,ETH,,,,,,126417,,,,,,,,2026DK_025,2,,,,,,,,,,,,,,,,,1818725
8966711,17-01-2026 02:19:00,55.63770000,5.81686600,,,LV,Clupea harengus,I4537,4,,4404,,1610033,1818726,DENMARK,26D4,4458,12366,12105,,,35.98,50437,,,,,,,,,,,,,,,,,,,,,,,,,,,72,,,,,,,MRN2,,2,,,,,,,,,,,,,,,,,,,,,,,1600,,,1593,,VISO,ETH,,,,,,126417,,,,,,,,2026DK_025,2,,,,,,,,,,,,,,,,,1818726
8966712,17-01-2026 02:19:00,55.63770000,5.81686600,,,LV,Clupea harengus,I4537,3,,4404,,1610033,1818715,DENMARK,26D4,4458,12366,12105,,,35.98,50437,,,,,,,,,,,,,,,,,,,,,,,,,,,72,,,,,,,MRN2,,2,,,,,,,,,,,,,,,,,,,,,,,1600,,,1593,,VISO,ETH,,,,,,126417,,,,,,,,2026DK_025,2,,,,,,,,,,,,,,,,,1818715
8966713,17-01-2026 02:19:00,55.63770000,5.81686600,,,LV,Clupea harengus,I4537,2,,4404,,1610033,1818716,DENMARK,26D4,4458,12366,12105,,,35.98,50437,,,,,,,,,,,,,,,,,,,,,,,,,,,72,,,,,,,MRN2,,2,,,,,,,,,,,,,,,,,,,,,,,1600,,,1593,,VISO,ETH,,,,,,126417,,,,,,,,2026DK_025,2,,,,,,,,,,,,,,,,,1818716
8966714,17-01-2026 02:19:00,55.63770000,5.81686600,,,LV,Clupea harengus,I4537,3,,4404,,1610033,1818717,DENMARK,26D4,4458,12366,12105,,,35.98,50437,,,,,,,,,,,,,,,,,,,,,,,,,,,72,,,,,,,MRN2,,2,,,,,,,,,,,,,,,,,,,,,,,1600,,,1593,,VISO,ETH,,,,,,126417,,,,,,,,2026DK_025,2,,,,,,,,,,,,,,,,,1818717
8966715,17-01-2026 02:19:00,55.63770000,5.81686600,,,LV,Clupea harengus,I4537,3,,4404,,1610033,1818718,DENMARK,26D4,4458,12366,12105,,,35.98,50437,,,,,,,,,,,,,,,,,,,,,,,,,,,72,,,,,,,MRN2,,2,,,,,,,,,,,,,,,,,,,,,,,1600,,,1593,,VISO,ETH,,,,,,126417,,,,,,,,2026DK_025,2,,,,,,,,,,,,,,,,,1818718
8966716,17-01-2026 02:19:00,55.63770000,5.81686600,,,LV,Clupea harengus,I4537,4,,4404,,1610033,1818719,DENMARK,26D4,4458,12366,12105,,,35.98,50437,,,,,,,,,,,,,,,,,,,,,,,,,,,72,,,,,,,MRN2,,2,,,,,,,,,,,,,,,,,,,,,,,1600,,,1593,,VISO,ETH,,,,,,126417,,,,,,,,2026DK_025,2,,,,,,,,,,,,,,,,,1818719
8966717,17-01-2026 02:19:00,55.63770000,5.81686600,,,LV,Clupea harengus,I4537,1,,4404,,1610033,1818720,DENMARK,26D4,4458,12366,12105,,,35.98,50437,,,,,,,,,,,,,,,,,,,,,,,,,,,72,,,,,,,MRN2,,2,,,,,,,,,,,,,,,,,,,,,,,1600,,,1593,,VISO,ETH,,,,,,126417,,,,,,,,2026DK_025,2,,,,,,,,,,,,,,,,,1818720
8966718,17-01-2026 03:37:00,55.81446600,5.79900000,,,LV,Clupea harengus,I4537,1,,3921,,1610034,1818709,DENMARK,26D4,4458,12366,12105,,,35.98,44901,,,,,,,,,,,,,,,,,,,,,,,,,,,73,,,,,,,MRN2,,2,,,,,,,,,,,,,,,,,,,,,,,1600,,,1204,,VISO,ETH,,,,,,126417,,,,,,,,2026DK_026,2,,,,,,,,,,,,,,,,,1818709
8966719,17-01-2026 03:37:00,55.81446600,5.79900000,,,LV,Clupea harengus,I4537,2,,3921,,1610034,1818710,DENMARK,26D4,4458,12366,12105,,,35.98,44901,,,,,,,,,,,,,,,,,,,,,,,,,,,73,,,,,,,MRN2,,2,,,,,,,,,,,,,,,,,,,,,,,1600,,,1204,,VISO,ETH,,,,,,126417,,,,,,,,2026DK_026,2,,,,,,,,,,,,,,,,,1818710
8966720,17-01-2026 03:37:00,55.81446600,5.79900000,,,LV,Clupea harengus,I4537,3,,3921,,1610034,1818711,DENMARK,26D4,4458,12366,12105,,,35.98,44901,,,,,,,,,,,,,,,,,,,,,,,,,,,73,,,,,,,MRN2,,2,,,,,,,,,,,,,,,,,,,,,,,1600,,,1204,,VISO,ETH,,,,,,126417,,,,,,,,2026DK_026,2,,,,,,,,,,,,,,,,,1818711
8966721,17-01-2026 03:37:00,55.81446600,5.79900000,,,LV,Clupea harengus,I4537,3,,3921,,1610034,1818712,DENMARK,26D4,4458,12366,12105,,,35.98,44901,,,,,,,,,,,,,,,,,,,,,,,,,,,73,,,,,,,MRN2,,2,,,,,,,,,,,,,,,,,,,,,,,1600,,,1204,,VISO,ETH,,,,,,126417,,,,,,,,2026DK_026,2,,,,,,,,,,,,,,,,,1818712
8966722,17-01-2026 03:37:00,55.81446600,5.79900000,,,LV,Clupea harengus,I4537,2,,3921,,1610034,1818713,DENMARK,26D4,4458,12366,12105,,,35.98,44901,,,,,,,,,,,,,,,,,,,,,,,,,,,73,,,,,,,MRN2,,2,,,,,,,,,,,,,,,,,,,,,,,1600,,,1204,,VISO,ETH,,,,,,126417,,,,,,,,2026DK_026,2,,,,,,,,,,,,,,,,,1818713
8966723,17-01-2026 03:37:00,55.81446600,5.79900000,,,LV,Clupea harengus,I4537,3,,3921,,1610034,1818714,DENMARK,26D4,4458,12366,12105,,,35.98,44901,,,,,,,,,,,,,,,,,,,,,,,,,,,73,,,,,,,MRN2,,2,,,,,,,,,,,,,,,,,,,,,,,1600,,,1204,,VISO,ETH,,,,,,126417,,,,,,,,2026DK_026,2,,,,,,,,,,,,,,,,,1818714
8966724,17-01-2026 03:37:00,55.81446600,5.79900000,,,LV,Clupea harengus,I4537,2,,3921,,1610034,1818703,DENMARK,26D4,4458,12366,12105,,,35.98,44901,,,,,,,,,,,,,,,,,,,,,,,,,,,73,,,,,,,MRN2,,2,,,,,,,,,,,,,,,,,,,,,,,1600,,,1204,,VISO,ETH,,,,,,126417,,,,,,,,2026DK_026,2,,,,,,,,,,,,,,,,,1818703
8966725,17-01-2026 03:37:00,55.81446600,5.79900000,,,LV,Clupea harengus,I4537,2,,3921,,1610034,1818704,DENMARK,26D4,4458,12366,12105,,,35.98,44901,,,,,,,,,,,,,,,,,,,,,,,,,,,73,,,,,,,MRN2,,2,,,,,,,,,,,,,,,,,,,,,,,1600,,,1204,,VISO,ETH,,,,,,126417,,,,,,,,2026DK_026,2,,,,,,,,,,,,,,,,,1818704
8966726,17-01-2026 03:37:00,55.81446600,5.79900000,,,LV,Clupea harengus,I4537,5,,3921,,1610034,1818705,DENMARK,26D4,4458,12366,12105,,,35.98,44901,,,,,,,,,,,,,,,,,,,,,,,,,,,73,,,,,,,MRN2,,2,,,,,,,,,,,,,,,,,,,,,,,1600,,,1204,,VISO,ETH,,,,,,126417,,,,,,,,2026DK_026,2,,,,,,,,,,,,,,,,,1818705
8966727,17-01-2026 03:37:00,55.81446600,5.79900000,,,LV,Clupea harengus,I4537,1,,3921,,1610034,1818706,DENMARK,26D4,4458,12366,12105,,,35.98,44901,,,,,,,,,,,,,,,,,,,,,,,,,,,73,,,,,,,MRN2,,2,,,,,,,,,,,,,,,,,,,,,,,1600,,,1204,,VISO,ETH,,,,,,126417,,,,,,,,2026DK_026,2,,,,,,,,,,,,,,,,,1818706
8966728,17-01-2026 03:37:00,55.81446600,5.79900000,,,LV,Clupea harengus,I4537,1,,3921,,1610034,1818707,DENMARK,26D4,4458,12366,12105,,,35.98,44901,,,,,,,,,,,,,,,,,,,,,,,,,,,73,,,,,,,MRN2,,2,,,,,,,,,,,,,,,,,,,,,,,1600,,,1204,,VISO,ETH,,,,,,126417,,,,,,,,2026DK_026,2,,,,,,,,,,,,,,,,,1818707
8966729,17-01-2026 20:32:00,55.84940000,4.84358300,,,LV,Clupea harengus,I4537,1,,4311,,1610036,1818708,DENMARK,26D4,4458,12366,12105,,,35.98,49377,,,,,,,,,,,,,,,,,,,,,,,,,,,84,,,,,,,MRN2,,2,,,,,,,,,,,,,,,,,,,,,,,1600,,,1370,,VISO,ETH,,,,,,126417,,,,,,,,2026DK_028,2,,,,,,,,,,,,,,,,,1818708
8966730,17-01-2026 20:32:00,55.84940000,4.84358300,,,LV,Clupea harengus,I4537,2,,4311,,1610036,1818697,DENMARK,26D4,4458,12366,12105,,,35.98,49377,,,,,,,,,,,,,,,,,,,,,,,,,,,84,,,,,,,MRN2,,2,,,,,,,,,,,,,,,,,,,,,,,1600,,,1370,,VISO,ETH,,,,,,126417,,,,,,,,2026DK_028,2,,,,,,,,,,,,,,,,,1818697
8966731,17-01-2026 20:32:00,55.84940000,4.84358300,,,LV,Clupea harengus,I4537,1,,4311,,1610036,1818698,DENMARK,26D4,4458,12366,12105,,,35.98,49377,,,,,,,,,,,,,,,,,,,,,,,,,,,84,,,,,,,MRN2,,2,,,,,,,,,,,,,,,,,,,,,,,1600,,,1370,,VISO,ETH,,,,,,126417,,,,,,,,2026DK_028,2,,,,,,,,,,,,,,,,,1818698
8966732,17-01-2026 22:11:00,55.62055000,4.69176600,,,LV,Clupea harengus,I4537,1,,2761,,1610037,1818699,DENMARK,26D4,4458,12366,12105,,,35.98,31618,,,,,,,,,,,,,,,,,,,,,,,,,,,85,,,,,,,MRN2,,2,,,,,,,,,,,,,,,,,,,,,,,1600,,,1056,,VISO,ETH,,,,,,126417,,,,,,,,2026DK_029,2,,,,,,,,,,,,,,,,,1818699
8966733,17-01-2026 22:11:00,55.62055000,4.69176600,,,LV,Clupea harengus,I4537,2,,2761,,1610037,1818700,DENMARK,26D4,4458,12366,12105,,,35.98,31618,,,,,,,,,,,,,,,,,,,,,,,,,,,85,,,,,,,MRN2,,2,,,,,,,,,,,,,,,,,,,,,,,1600,,,1056,,VISO,ETH,,,,,,126417,,,,,,,,2026DK_029,2,,,,,,,,,,,,,,,,,1818700
8966734,17-01-2026 22:11:00,55.62055000,4.69176600,,,LV,Clupea harengus,I4537,2,,2761,,1610037,1818701,DENMARK,26D4,4458,12366,12105,,,35.98,31618,,,,,,,,,,,,,,,,,,,,,,,,,,,85,,,,,,,MRN2,,2,,,,,,,,,,,,,,,,,,,,,,,1600,,,1056,,VISO,ETH,,,,,,126417,,,,,,,,2026DK_029,2,,,,,,,,,,,,,,,,,1818701
8966735,17-01-2026 22:11:00,55.62055000,4.69176600,,,LV,Clupea harengus,I4537,3,,2761,,1610037,1818702,DENMARK,26D4,4458,12366,12105,,,35.98,31618,,,,,,,,,,,,,,,,,,,,,,,,,,,85,,,,,,,MRN2,,2,,,,,,,,,,,,,,,,,,,,,,,1600,,,1056,,VISO,ETH,,,,,,126417,,,,,,,,2026DK_029,2,,,,,,,,,,,,,,,,,1818702
8966736,17-01-2026 22:11:00,55.62055000,4.69176600,,,LV,Clupea harengus,I4537,4,,2761,,1610037,1818691,DENMARK,26D4,4458,12366,12105,,,35.98,31618,,,,,,,,,,,,,,,,,,,,,,,,,,,85,,,,,,,MRN2,,2,,,,,,,,,,,,,,,,,,,,,,,1600,,,1056,,VISO,ETH,,,,,,126417,,,,,,,,2026DK_029,2,,,,,,,,,,,,,,,,,1818691
8966737,17-01-2026 22:11:00,55.62055000,4.69176600,,,LV,Clupea harengus,I4537,5,,2761,,1610037,1818692,DENMARK,26D4,4458,12366,12105,,,35.98,31618,,,,,,,,,,,,,,,,,,,,,,,,,,,85,,,,,,,MRN2,,2,,,,,,,,,,,,,,,,,,,,,,,1600,,,1056,,VISO,ETH,,,,,,126417,,,,,,,,2026DK_029,2,,,,,,,,,,,,,,,,,1818692
8966738,17-01-2026 22:11:00,55.62055000,4.69176600,,,LV,Clupea harengus,I4537,4,,2761,,1610037,1818693,DENMARK,26D4,4458,12366,12105,,,35.98,31618,,,,,,,,,,,,,,,,,,,,,,,,,,,85,,,,,,,MRN2,,2,,,,,,,,,,,,,,,,,,,,,,,1600,,,1056,,VISO,ETH,,,,,,126417,,,,,,,,2026DK_029,2,,,,,,,,,,,,,,,,,1818693
8966739,17-01-2026 22:11:00,55.62055000,4.69176600,,,LV,Clupea harengus,I4537,4,,2761,,1610037,1818694,DENMARK,26D4,4458,12366,12105,,,35.98,31618,,,,,,,,,,,,,,,,,,,,,,,,,,,85,,,,,,,MRN2,,2,,,,,,,,,,,,,,,,,,,,,,,1600,,,1056,,VISO,ETH,,,,,,126417,,,,,,,,2026DK_029,2,,,,,,,,,,,,,,,,,1818694
8966740,17-01-2026 22:11:00,55.62055000,4.69176600,,,LV,Clupea harengus,I4537,3,,2761,,1610037,1818695,DENMARK,26D4,4458,12366,12105,,,35.98,31618,,,,,,,,,,,,,,,,,,,,,,,,,,,85,,,,,,,MRN2,,2,,,,,,,,,,,,,,,,,,,,,,,1600,,,1056,,VISO,ETH,,,,,,126417,,,,,,,,2026DK_029,2,,,,,,,,,,,,,,,,,1818695
8966741,17-01-2026 23:42:00,55.40618300,4.53656600,,,LV,Clupea harengus,I4537,1,,4994,,1610038,1818696,DENMARK,26D4,4458,12366,12105,,,35.98,57199,,,,,,,,,,,,,,,,,,,,,,,,,,,86,,,,,,,MRN2,,2,,,,,,,,,,,,,,,,,,,,,,,1600,,,1519,,VISO,ETH,,,,,,126417,,,,,,,,2026DK_030,2,,,,,,,,,,,,,,,,,1818696
8966742,17-01-2026 23:42:00,55.40618300,4.53656600,,,LV,Clupea harengus,I4537,1,,4994,,1610038,1818685,DENMARK,26D4,4458,12366,12105,,,35.98,57199,,,,,,,,,,,,,,,,,,,,,,,,,,,86,,,,,,,MRN2,,2,,,,,,,,,,,,,,,,,,,,,,,1600,,,1519,,VISO,ETH,,,,,,126417,,,,,,,,2026DK_030,2,,,,,,,,,,,,,,,,,1818685
8966743,17-01-2026 23:42:00,55.40618300,4.53656600,,,LV,Clupea harengus,I4537,2,,4994,,1610038,1818686,DENMARK,26D4,4458,12366,12105,,,35.98,57199,,,,,,,,,,,,,,,,,,,,,,,,,,,86,,,,,,,MRN2,,2,,,,,,,,,,,,,,,,,,,,,,,1600,,,1519,,VISO,ETH,,,,,,126417,,,,,,,,2026DK_030,2,,,,,,,,,,,,,,,,,1818686
8966744,17-01-2026 23:42:00,55.40618300,4.53656600,,,LV,Clupea harengus,I4537,2,,4994,,1610038,1818687,DENMARK,26D4,4458,12366,12105,,,35.98,57199,,,,,,,,,,,,,,,,,,,,,,,,,,,86,,,,,,,MRN2,,2,,,,,,,,,,,,,,,,,,,,,,,1600,,,1519,,VISO,ETH,,,,,,126417,,,,,,,,2026DK_030,2,,,,,,,,,,,,,,,,,1818687
8966745,17-01-2026 23:42:00,55.40618300,4.53656600,,,LV,Clupea harengus,I4537,5,,4994,,1610038,1818688,DENMARK,26D4,4458,12366,12105,,,35.98,57199,,,,,,,,,,,,,,,,,,,,,,,,,,,86,,,,,,,MRN2,,2,,,,,,,,,,,,,,,,,,,,,,,1600,,,1519,,VISO,ETH,,,,,,126417,,,,,,,,2026DK_030,2,,,,,,,,,,,,,,,,,1818688
8966746,17-01-2026 23:42:00,55.40618300,4.53656600,,,LV,Clupea harengus,I4537,11,,4994,,1610038,1818689,DENMARK,26D4,4458,12366,12105,,,35.98,57199,,,,,,,,,,,,,,,,,,,,,,,,,,,86,,,,,,,MRN2,,2,,,,,,,,,,,,,,,,,,,,,,,1600,,,1519,,VISO,ETH,,,,,,126417,,,,,,,,2026DK_030,2,,,,,,,,,,,,,,,,,1818689
8966747,17-01-2026 23:42:00,55.40618300,4.53656600,,,LV,Clupea harengus,I4537,6,,4994,,1610038,1818690,DENMARK,26D4,4458,12366,12105,,,35.98,57199,,,,,,,,,,,,,,,,,,,,,,,,,,,86,,,,,,,MRN2,,2,,,,,,,,,,,,,,,,,,,,,,,1600,,,1519,,VISO,ETH,,,,,,126417,,,,,,,,2026DK_030,2,,,,,,,,,,,,,,,,,1818690
8966748,17-01-2026 23:42:00,55.40618300,4.53656600,,,LV,Clupea harengus,I4537,4,,4994,,1610038,1818679,DENMARK,26D4,4458,12366,12105,,,35.98,57199,,,,,,,,,,,,,,,,,,,,,,,,,,,86,,,,,,,MRN2,,2,,,,,,,,,,,,,,,,,,,,,,,1600,,,1519,,VISO,ETH,,,,,,126417,,,,,,,,2026DK_030,2,,,,,,,,,,,,,,,,,1818679
8966749,17-01-2026 23:42:00,55.40618300,4.53656600,,,LV,Clupea harengus,I4537,7,,4994,,1610038,1818680,DENMARK,26D4,4458,12366,12105,,,35.98,57199,,,,,,,,,,,,,,,,,,,,,,,,,,,86,,,,,,,MRN2,,2,,,,,,,,,,,,,,,,,,,,,,,1600,,,1519,,VISO,ETH,,,,,,126417,,,,,,,,2026DK_030,2,,,,,,,,,,,,,,,,,1818680
8966750,17-01-2026 23:42:00,55.40618300,4.53656600,,,LV,Clupea harengus,I4537,4,,4994,,1610038,1818681,DENMARK,26D4,4458,12366,12105,,,35.98,57199,,,,,,,,,,,,,,,,,,,,,,,,,,,86,,,,,,,MRN2,,2,,,,,,,,,,,,,,,,,,,,,,,1600,,,1519,,VISO,ETH,,,,,,126417,,,,,,,,2026DK_030,2,,,,,,,,,,,,,,,,,1818681
8966751,17-01-2026 23:42:00,55.40618300,4.53656600,,,LV,Clupea harengus,I4537,4,,4994,,1610038,1818682,DENMARK,26D4,4458,12366,12105,,,35.98,57199,,,,,,,,,,,,,,,,,,,,,,,,,,,86,,,,,,,MRN2,,2,,,,,,,,,,,,,,,,,,,,,,,1600,,,1519,,VISO,ETH,,,,,,126417,,,,,,,,2026DK_030,2,,,,,,,,,,,,,,,,,1818682
8966752,17-01-2026 23:42:00,55.40618300,4.53656600,,,LV,Clupea harengus,I4537,1,,4994,,1610038,1818683,DENMARK,26D4,4458,12366,12105,,,35.98,57199,,,,,,,,,,,,,,,,,,,,,,,,,,,86,,,,,,,MRN2,,2,,,,,,,,,,,,,,,,,,,,,,,1600,,,1519,,VISO,ETH,,,,,,126417,,,,,,,,2026DK_030,2,,,,,,,,,,,,,,,,,1818683
8966753,18-01-2026 02:48:00,55.40901600,4.83865000,,,LV,Clupea harengus,I4537,1,,3373,,1610039,1818684,DENMARK,26D4,4458,12366,12105,,,35.98,38625,,,,,,,,,,,,,,,,,,,,,,,,,,,89,,,,,,,MRN2,,2,,,,,,,,,,,,,,,,,,,,,,,1600,,,1056,,VISO,ETH,,,,,,126417,,,,,,,,2026DK_031,2,,,,,,,,,,,,,,,,,1818684
8966754,18-01-2026 02:48:00,55.40901600,4.83865000,,,LV,Clupea harengus,I4537,2,,3373,,1610039,1818673,DENMARK,26D4,4458,12366,12105,,,35.98,38625,,,,,,,,,,,,,,,,,,,,,,,,,,,89,,,,,,,MRN2,,2,,,,,,,,,,,,,,,,,,,,,,,1600,,,1056,,VISO,ETH,,,,,,126417,,,,,,,,2026DK_031,2,,,,,,,,,,,,,,,,,1818673
8966755,18-01-2026 02:48:00,55.40901600,4.83865000,,,LV,Clupea harengus,I4537,3,,3373,,1610039,1818674,DENMARK,26D4,4458,12366,12105,,,35.98,38625,,,,,,,,,,,,,,,,,,,,,,,,,,,89,,,,,,,MRN2,,2,,,,,,,,,,,,,,,,,,,,,,,1600,,,1056,,VISO,ETH,,,,,,126417,,,,,,,,2026DK_031,2,,,,,,,,,,,,,,,,,1818674
8966756,18-01-2026 02:48:00,55.40901600,4.83865000,,,LV,Clupea harengus,I4537,10,,3373,,1610039,1818675,DENMARK,26D4,4458,12366,12105,,,35.98,38625,,,,,,,,,,,,,,,,,,,,,,,,,,,89,,,,,,,MRN2,,2,,,,,,,,,,,,,,,,,,,,,,,1600,,,1056,,VISO,ETH,,,,,,126417,,,,,,,,2026DK_031,2,,,,,,,,,,,,,,,,,1818675
8966757,18-01-2026 02:48:00,55.40901600,4.83865000,,,LV,Clupea harengus,I4537,13,,3373,,1610039,1818676,DENMARK,26D4,4458,12366,12105,,,35.98,38625,,,,,,,,,,,,,,,,,,,,,,,,,,,89,,,,,,,MRN2,,2,,,,,,,,,,,,,,,,,,,,,,,1600,,,1056,,VISO,ETH,,,,,,126417,,,,,,,,2026DK_031,2,,,,,,,,,,,,,,,,,1818676
8966758,18-01-2026 02:48:00,55.40901600,4.83865000,,,LV,Clupea harengus,I4537,7,,3373,,1610039,1818677,DENMARK,26D4,4458,12366,12105,,,35.98,38625,,,,,,,,,,,,,,,,,,,,,,,,,,,89,,,,,,,MRN2,,2,,,,,,,,,,,,,,,,,,,,,,,1600,,,1056,,VISO,ETH,,,,,,126417,,,,,,,,2026DK_031,2,,,,,,,,,,,,,,,,,1818677
8966759,18-01-2026 02:48:00,55.40901600,4.83865000,,,LV,Clupea harengus,I4537,7,,3373,,1610039,1818678,DENMARK,26D4,4458,12366,12105,,,35.98,38625,,,,,,,,,,,,,,,,,,,,,,,,,,,89,,,,,,,MRN2,,2,,,,,,,,,,,,,,,,,,,,,,,1600,,,1056,,VISO,ETH,,,,,,126417,,,,,,,,2026DK_031,2,,,,,,,,,,,,,,,,,1818678
8966760,18-01-2026 02:48:00,55.40901600,4.83865000,,,LV,Clupea harengus,I4537,6,,3373,,1610039,1818667,DENMARK,26D4,4458,12366,12105,,,35.98,38625,,,,,,,,,,,,,,,,,,,,,,,,,,,89,,,,,,,MRN2,,2,,,,,,,,,,,,,,,,,,,,,,,1600,,,1056,,VISO,ETH,,,,,,126417,,,,,,,,2026DK_031,2,,,,,,,,,,,,,,,,,1818667
8966761,18-01-2026 02:48:00,55.40901600,4.83865000,,,LV,Clupea harengus,I4537,5,,3373,,1610039,1818668,DENMARK,26D4,4458,12366,12105,,,35.98,38625,,,,,,,,,,,,,,,,,,,,,,,,,,,89,,,,,,,MRN2,,2,,,,,,,,,,,,,,,,,,,,,,,1600,,,1056,,VISO,ETH,,,,,,126417,,,,,,,,2026DK_031,2,,,,,,,,,,,,,,,,,1818668
8966762,18-01-2026 02:48:00,55.40901600,4.83865000,,,LV,Clupea harengus,I4537,5,,3373,,1610039,1818669,DENMARK,26D4,4458,12366,12105,,,35.98,38625,,,,,,,,,,,,,,,,,,,,,,,,,,,89,,,,,,,MRN2,,2,,,,,,,,,,,,,,,,,,,,,,,1600,,,1056,,VISO,ETH,,,,,,126417,,,,,,,,2026DK_031,2,,,,,,,,,,,,,,,,,1818669
8966763,18-01-2026 02:48:00,55.40901600,4.83865000,,,LV,Clupea harengus,I4537,5,,3373,,1610039,1818670,DENMARK,26D4,4458,12366,12105,,,35.98,38625,,,,,,,,,,,,,,,,,,,,,,,,,,,89,,,,,,,MRN2,,2,,,,,,,,,,,,,,,,,,,,,,,1600,,,1056,,VISO,ETH,,,,,,126417,,,,,,,,2026DK_031,2,,,,,,,,,,,,,,,,,1818670
8966764,18-01-2026 02:48:00,55.40901600,4.83865000,,,LV,Clupea harengus,I4537,5,,3373,,1610039,1818671,DENMARK,26D4,4458,12366,12105,,,35.98,38625,,,,,,,,,,,,,,,,,,,,,,,,,,,89,,,,,,,MRN2,,2,,,,,,,,,,,,,,,,,,,,,,,1600,,,1056,,VISO,ETH,,,,,,126417,,,,,,,,2026DK_031,2,,,,,,,,,,,,,,,,,1818671
8966765,18-01-2026 02:48:00,55.40901600,4.83865000,,,LV,Clupea harengus,I4537,3,,3373,,1610039,1818672,DENMARK,26D4,4458,12366,12105,,,35.98,38625,,,,,,,,,,,,,,,,,,,,,,,,,,,89,,,,,,,MRN2,,2,,,,,,,,,,,,,,,,,,,,,,,1600,,,1056,,VISO,ETH,,,,,,126417,,,,,,,,2026DK_031,2,,,,,,,,,,,,,,,,,1818672
8966766,18-01-2026 02:48:00,55.40901600,4.83865000,,,LV,Clupea harengus,I4537,2,,3373,,1610039,1818661,DENMARK,26D4,4458,12366,12105,,,35.98,38625,,,,,,,,,,,,,,,,,,,,,,,,,,,89,,,,,,,MRN2,,2,,,,,,,,,,,,,,,,,,,,,,,1600,,,1056,,VISO,ETH,,,,,,126417,,,,,,,,2026DK_031,2,,,,,,,,,,,,,,,,,1818661
8966767,18-01-2026 02:48:00,55.40901600,4.83865000,,,LV,Clupea harengus,I4537,1,,3373,,1610039,1818662,DENMARK,26D4,4458,12366,12105,,,35.98,38625,,,,,,,,,,,,,,,,,,,,,,,,,,,89,,,,,,,MRN2,,2,,,,,,,,,,,,,,,,,,,,,,,1600,,,1056,,VISO,ETH,,,,,,126417,,,,,,,,2026DK_031,2,,,,,,,,,,,,,,,,,1818662
8966768,18-01-2026 02:48:00,55.40901600,4.83865000,,,LV,Clupea harengus,I4537,1,,3373,,1610039,1818663,DENMARK,26D4,4458,12366,12105,,,35.98,38625,,,,,,,,,,,,,,,,,,,,,,,,,,,89,,,,,,,MRN2,,2,,,,,,,,,,,,,,,,,,,,,,,1600,,,1056,,VISO,ETH,,,,,,126417,,,,,,,,2026DK_031,2,,,,,,,,,,,,,,,,,1818663
8966769,18-01-2026 18:24:00,55.24270000,3.85783300,,,LV,Clupea harengus,I4537,1,,4460,,1610040,1818664,DENMARK,26D4,4458,12366,12105,,,35.98,51081,,,,,,,,,,,,,,,,,,,,,,,,,,,96,,,,,,,MRN2,,2,,,,,,,,,,,,,,,,,,,,,,,1600,,,1463,,VISO,ETH,,,,,,126417,,,,,,,,2026DK_032,2,,,,,,,,,,,,,,,,,1818664
8966770,18-01-2026 18:24:00,55.24270000,3.85783300,,,LV,Clupea harengus,I4537,1,,4460,,1610040,1818665,DENMARK,26D4,4458,12366,12105,,,35.98,51081,,,,,,,,,,,,,,,,,,,,,,,,,,,96,,,,,,,MRN2,,2,,,,,,,,,,,,,,,,,,,,,,,1600,,,1463,,VISO,ETH,,,,,,126417,,,,,,,,2026DK_032,2,,,,,,,,,,,,,,,,,1818665
8966771,18-01-2026 18:24:00,55.24270000,3.85783300,,,LV,Clupea harengus,I4537,4,,4460,,1610040,1818666,DENMARK,26D4,4458,12366,12105,,,35.98,51081,,,,,,,,,,,,,,,,,,,,,,,,,,,96,,,,,,,MRN2,,2,,,,,,,,,,,,,,,,,,,,,,,1600,,,1463,,VISO,ETH,,,,,,126417,,,,,,,,2026DK_032,2,,,,,,,,,,,,,,,,,1818666
8966772,18-01-2026 18:24:00,55.24270000,3.85783300,,,LV,Clupea harengus,I4537,6,,4460,,1610040,1818655,DENMARK,26D4,4458,12366,12105,,,35.98,51081,,,,,,,,,,,,,,,,,,,,,,,,,,,96,,,,,,,MRN2,,2,,,,,,,,,,,,,,,,,,,,,,,1600,,,1463,,VISO,ETH,,,,,,126417,,,,,,,,2026DK_032,2,,,,,,,,,,,,,,,,,1818655
8966773,18-01-2026 18:24:00,55.24270000,3.85783300,,,LV,Clupea harengus,I4537,6,,4460,,1610040,1818656,DENMARK,26D4,4458,12366,12105,,,35.98,51081,,,,,,,,,,,,,,,,,,,,,,,,,,,96,,,,,,,MRN2,,2,,,,,,,,,,,,,,,,,,,,,,,1600,,,1463,,VISO,ETH,,,,,,126417,,,,,,,,2026DK_032,2,,,,,,,,,,,,,,,,,1818656
8966774,18-01-2026 18:24:00,55.24270000,3.85783300,,,LV,Clupea harengus,I4537,11,,4460,,1610040,1818657,DENMARK,26D4,4458,12366,12105,,,35.98,51081,,,,,,,,,,,,,,,,,,,,,,,,,,,96,,,,,,,MRN2,,2,,,,,,,,,,,,,,,,,,,,,,,1600,,,1463,,VISO,ETH,,,,,,126417,,,,,,,,2026DK_032,2,,,,,,,,,,,,,,,,,1818657
8966775,18-01-2026 18:24:00,55.24270000,3.85783300,,,LV,Clupea harengus,I4537,5,,4460,,1610040,1818658,DENMARK,26D4,4458,12366,12105,,,35.98,51081,,,,,,,,,,,,,,,,,,,,,,,,,,,96,,,,,,,MRN2,,2,,,,,,,,,,,,,,,,,,,,,,,1600,,,1463,,VISO,ETH,,,,,,126417,,,,,,,,2026DK_032,2,,,,,,,,,,,,,,,,,1818658
8966776,18-01-2026 18:24:00,55.24270000,3.85783300,,,LV,Clupea harengus,I4537,1,,4460,,1610040,1818659,DENMARK,26D4,4458,12366,12105,,,35.98,51081,,,,,,,,,,,,,,,,,,,,,,,,,,,96,,,,,,,MRN2,,2,,,,,,,,,,,,,,,,,,,,,,,1600,,,1463,,VISO,ETH,,,,,,126417,,,,,,,,2026DK_032,2,,,,,,,,,,,,,,,,,1818659
8966777,18-01-2026 18:24:00,55.24270000,3.85783300,,,LV,Clupea harengus,I4537,2,,4460,,1610040,1818660,DENMARK,26D4,4458,12366,12105,,,35.98,51081,,,,,,,,,,,,,,,,,,,,,,,,,,,96,,,,,,,MRN2,,2,,,,,,,,,,,,,,,,,,,,,,,1600,,,1463,,VISO,ETH,,,,,,126417,,,,,,,,2026DK_032,2,,,,,,,,,,,,,,,,,1818660
8966778,18-01-2026 18:24:00,55.24270000,3.85783300,,,LV,Clupea harengus,I4537,1,,4460,,1610040,1818649,DENMARK,26D4,4458,12366,12105,,,35.98,51081,,,,,,,,,,,,,,,,,,,,,,,,,,,96,,,,,,,MRN2,,2,,,,,,,,,,,,,,,,,,,,,,,1600,,,1463,,VISO,ETH,,,,,,126417,,,,,,,,2026DK_032,2,,,,,,,,,,,,,,,,,1818649
8966779,18-01-2026 19:37:00,55.41285000,3.85546600,,,LV,Clupea harengus,I4537,3,,3965,,1610041,1818650,DENMARK,26D4,4458,12366,12105,,,35.98,45415,,,,,,,,,,,,,,,,,,,,,,,,,,,97,,,,,,,MRN2,,2,,,,,,,,,,,,,,,,,,,,,,,1600,,,1204,,VISO,ETH,,,,,,126417,,,,,,,,2026DK_033,2,,,,,,,,,,,,,,,,,1818650
8966780,18-01-2026 19:37:00,55.41285000,3.85546600,,,LV,Clupea harengus,I4537,11,,3965,,1610041,1818651,DENMARK,26D4,4458,12366,12105,,,35.98,45415,,,,,,,,,,,,,,,,,,,,,,,,,,,97,,,,,,,MRN2,,2,,,,,,,,,,,,,,,,,,,,,,,1600,,,1204,,VISO,ETH,,,,,,126417,,,,,,,,2026DK_033,2,,,,,,,,,,,,,,,,,1818651
8966781,18-01-2026 19:37:00,55.41285000,3.85546600,,,LV,Clupea harengus,I4537,13,,3965,,1610041,1818652,DENMARK,26D4,4458,12366,12105,,,35.98,45415,,,,,,,,,,,,,,,,,,,,,,,,,,,97,,,,,,,MRN2,,2,,,,,,,,,,,,,,,,,,,,,,,1600,,,1204,,VISO,ETH,,,,,,126417,,,,,,,,2026DK_033,2,,,,,,,,,,,,,,,,,1818652
8966782,18-01-2026 19:37:00,55.41285000,3.85546600,,,LV,Clupea harengus,I4537,18,,3965,,1610041,1818653,DENMARK,26D4,4458,12366,12105,,,35.98,45415,,,,,,,,,,,,,,,,,,,,,,,,,,,97,,,,,,,MRN2,,2,,,,,,,,,,,,,,,,,,,,,,,1600,,,1204,,VISO,ETH,,,,,,126417,,,,,,,,2026DK_033,2,,,,,,,,,,,,,,,,,1818653
8966783,18-01-2026 19:37:00,55.41285000,3.85546600,,,LV,Clupea harengus,I4537,18,,3965,,1610041,1818654,DENMARK,26D4,4458,12366,12105,,,35.98,45415,,,,,,,,,,,,,,,,,,,,,,,,,,,97,,,,,,,MRN2,,2,,,,,,,,,,,,,,,,,,,,,,,1600,,,1204,,VISO,ETH,,,,,,126417,,,,,,,,2026DK_033,2,,,,,,,,,,,,,,,,,1818654
8966784,18-01-2026 19:37:00,55.41285000,3.85546600,,,LV,Clupea harengus,I4537,20,,3965,,1610041,1818643,DENMARK,26D4,4458,12366,12105,,,35.98,45415,,,,,,,,,,,,,,,,,,,,,,,,,,,97,,,,,,,MRN2,,2,,,,,,,,,,,,,,,,,,,,,,,1600,,,1204,,VISO,ETH,,,,,,126417,,,,,,,,2026DK_033,2,,,,,,,,,,,,,,,,,1818643
8966785,18-01-2026 19:37:00,55.41285000,3.85546600,,,LV,Clupea harengus,I4537,27,,3965,,1610041,1818644,DENMARK,26D4,4458,12366,12105,,,35.98,45415,,,,,,,,,,,,,,,,,,,,,,,,,,,97,,,,,,,MRN2,,2,,,,,,,,,,,,,,,,,,,,,,,1600,,,1204,,VISO,ETH,,,,,,126417,,,,,,,,2026DK_033,2,,,,,,,,,,,,,,,,,1818644
8966786,18-01-2026 19:37:00,55.41285000,3.85546600,,,LV,Clupea harengus,I4537,16,,3965,,1610041,1818645,DENMARK,26D4,4458,12366,12105,,,35.98,45415,,,,,,,,,,,,,,,,,,,,,,,,,,,97,,,,,,,MRN2,,2,,,,,,,,,,,,,,,,,,,,,,,1600,,,1204,,VISO,ETH,,,,,,126417,,,,,,,,2026DK_033,2,,,,,,,,,,,,,,,,,1818645
8966787,18-01-2026 19:37:00,55.41285000,3.85546600,,,LV,Clupea harengus,I4537,5,,3965,,1610041,1818646,DENMARK,26D4,4458,12366,12105,,,35.98,45415,,,,,,,,,,,,,,,,,,,,,,,,,,,97,,,,,,,MRN2,,2,,,,,,,,,,,,,,,,,,,,,,,1600,,,1204,,VISO,ETH,,,,,,126417,,,,,,,,2026DK_033,2,,,,,,,,,,,,,,,,,1818646
8966788,18-01-2026 19:37:00,55.41285000,3.85546600,,,LV,Clupea harengus,I4537,8,,3965,,1610041,1818647,DENMARK,26D4,4458,12366,12105,,,35.98,45415,,,,,,,,,,,,,,,,,,,,,,,,,,,97,,,,,,,MRN2,,2,,,,,,,,,,,,,,,,,,,,,,,1600,,,1204,,VISO,ETH,,,,,,126417,,,,,,,,2026DK_033,2,,,,,,,,,,,,,,,,,1818647
8966789,18-01-2026 19:37:00,55.41285000,3.85546600,,,LV,Clupea harengus,I4537,9,,3965,,1610041,1818648,DENMARK,26D4,4458,12366,12105,,,35.98,45415,,,,,,,,,,,,,,,,,,,,,,,,,,,97,,,,,,,MRN2,,2,,,,,,,,,,,,,,,,,,,,,,,1600,,,1204,,VISO,ETH,,,,,,126417,,,,,,,,2026DK_033,2,,,,,,,,,,,,,,,,,1818648
8966790,18-01-2026 19:37:00,55.41285000,3.85546600,,,LV,Clupea harengus,I4537,5,,3965,,1610041,1818637,DENMARK,26D4,4458,12366,12105,,,35.98,45415,,,,,,,,,,,,,,,,,,,,,,,,,,,97,,,,,,,MRN2,,2,,,,,,,,,,,,,,,,,,,,,,,1600,,,1204,,VISO,ETH,,,,,,126417,,,,,,,,2026DK_033,2,,,,,,,,,,,,,,,,,1818637
8966791,18-01-2026 19:37:00,55.41285000,3.85546600,,,LV,Clupea harengus,I4537,3,,3965,,1610041,1818638,DENMARK,26D4,4458,12366,12105,,,35.98,45415,,,,,,,,,,,,,,,,,,,,,,,,,,,97,,,,,,,MRN2,,2,,,,,,,,,,,,,,,,,,,,,,,1600,,,1204,,VISO,ETH,,,,,,126417,,,,,,,,2026DK_033,2,,,,,,,,,,,,,,,,,1818638
8966792,18-01-2026 19:37:00,55.41285000,3.85546600,,,LV,Clupea harengus,I4537,1,,3965,,1610041,1818639,DENMARK,26D4,4458,12366,12105,,,35.98,45415,,,,,,,,,,,,,,,,,,,,,,,,,,,97,,,,,,,MRN2,,2,,,,,,,,,,,,,,,,,,,,,,,1600,,,1204,,VISO,ETH,,,,,,126417,,,,,,,,2026DK_033,2,,,,,,,,,,,,,,,,,1818639
8966793,18-01-2026 19:37:00,55.41285000,3.85546600,,,LV,Clupea harengus,I4537,1,,3965,,1610041,1818640,DENMARK,26D4,4458,12366,12105,,,35.98,45415,,,,,,,,,,,,,,,,,,,,,,,,,,,97,,,,,,,MRN2,,2,,,,,,,,,,,,,,,,,,,,,,,1600,,,1204,,VISO,ETH,,,,,,126417,,,,,,,,2026DK_033,2,,,,,,,,,,,,,,,,,1818640
8966794,18-01-2026 20:54:00,55.59350000,3.85505000,,,LV,Clupea harengus,I4537,1,,4139,,1610042,1818641,DENMARK,26D4,4458,12366,12105,,,35.98,47407,,,,,,,,,,,,,,,,,,,,,,,,,,,98,,,,,,,MRN2,,2,,,,,,,,,,,,,,,,,,,,,,,1600,,,1296,,VISO,ETH,,,,,,126417,,,,,,,,2026DK_034,2,,,,,,,,,,,,,,,,,1818641
8966795,18-01-2026 20:54:00,55.59350000,3.85505000,,,LV,Clupea harengus,I4537,2,,4139,,1610042,1818642,DENMARK,26D4,4458,12366,12105,,,35.98,47407,,,,,,,,,,,,,,,,,,,,,,,,,,,98,,,,,,,MRN2,,2,,,,,,,,,,,,,,,,,,,,,,,1600,,,1296,,VISO,ETH,,,,,,126417,,,,,,,,2026DK_034,2,,,,,,,,,,,,,,,,,1818642
8966796,18-01-2026 20:54:00,55.59350000,3.85505000,,,LV,Clupea harengus,I4537,2,,4139,,1610042,1818631,DENMARK,26D4,4458,12366,12105,,,35.98,47407,,,,,,,,,,,,,,,,,,,,,,,,,,,98,,,,,,,MRN2,,2,,,,,,,,,,,,,,,,,,,,,,,1600,,,1296,,VISO,ETH,,,,,,126417,,,,,,,,2026DK_034,2,,,,,,,,,,,,,,,,,1818631
8966797,18-01-2026 20:54:00,55.59350000,3.85505000,,,LV,Clupea harengus,I4537,2,,4139,,1610042,1818632,DENMARK,26D4,4458,12366,12105,,,35.98,47407,,,,,,,,,,,,,,,,,,,,,,,,,,,98,,,,,,,MRN2,,2,,,,,,,,,,,,,,,,,,,,,,,1600,,,1296,,VISO,ETH,,,,,,126417,,,,,,,,2026DK_034,2,,,,,,,,,,,,,,,,,1818632
8966798,18-01-2026 20:54:00,55.59350000,3.85505000,,,LV,Clupea harengus,I4537,2,,4139,,1610042,1818633,DENMARK,26D4,4458,12366,12105,,,35.98,47407,,,,,,,,,,,,,,,,,,,,,,,,,,,98,,,,,,,MRN2,,2,,,,,,,,,,,,,,,,,,,,,,,1600,,,1296,,VISO,ETH,,,,,,126417,,,,,,,,2026DK_034,2,,,,,,,,,,,,,,,,,1818633
8966799,18-01-2026 20:54:00,55.59350000,3.85505000,,,LV,Clupea harengus,I4537,2,,4139,,1610042,1818634,DENMARK,26D4,4458,12366,12105,,,35.98,47407,,,,,,,,,,,,,,,,,,,,,,,,,,,98,,,,,,,MRN2,,2,,,,,,,,,,,,,,,,,,,,,,,1600,,,1296,,VISO,ETH,,,,,,126417,,,,,,,,2026DK_034,2,,,,,,,,,,,,,,,,,1818634
8966800,18-01-2026 20:54:00,55.59350000,3.85505000,,,LV,Clupea harengus,I4537,1,,4139,,1610042,1818635,DENMARK,26D4,4458,12366,12105,,,35.98,47407,,,,,,,,,,,,,,,,,,,,,,,,,,,98,,,,,,,MRN2,,2,,,,,,,,,,,,,,,,,,,,,,,1600,,,1296,,VISO,ETH,,,,,,126417,,,,,,,,2026DK_034,2,,,,,,,,,,,,,,,,,1818635
8966801,18-01-2026 20:54:00,55.59350000,3.85505000,,,LV,Clupea harengus,I4537,3,,4139,,1610042,1818636,DENMARK,26D4,4458,12366,12105,,,35.98,47407,,,,,,,,,,,,,,,,,,,,,,,,,,,98,,,,,,,MRN2,,2,,,,,,,,,,,,,,,,,,,,,,,1600,,,1296,,VISO,ETH,,,,,,126417,,,,,,,,2026DK_034,2,,,,,,,,,,,,,,,,,1818636
8966802,18-01-2026 20:54:00,55.59350000,3.85505000,,,LV,Clupea harengus,I4537,3,,4139,,1610042,1818625,DENMARK,26D4,4458,12366,12105,,,35.98,47407,,,,,,,,,,,,,,,,,,,,,,,,,,,98,,,,,,,MRN2,,2,,,,,,,,,,,,,,,,,,,,,,,1600,,,1296,,VISO,ETH,,,,,,126417,,,,,,,,2026DK_034,2,,,,,,,,,,,,,,,,,1818625
8966803,18-01-2026 20:54:00,55.59350000,3.85505000,,,LV,Clupea harengus,I4537,1,,4139,,1610042,1818626,DENMARK,26D4,4458,12366,12105,,,35.98,47407,,,,,,,,,,,,,,,,,,,,,,,,,,,98,,,,,,,MRN2,,2,,,,,,,,,,,,,,,,,,,,,,,1600,,,1296,,VISO,ETH,,,,,,126417,,,,,,,,2026DK_034,2,,,,,,,,,,,,,,,,,1818626
8966804,18-01-2026 20:54:00,55.59350000,3.85505000,,,LV,Clupea harengus,I4537,5,,4139,,1610042,1818627,DENMARK,26D4,4458,12366,12105,,,35.98,47407,,,,,,,,,,,,,,,,,,,,,,,,,,,98,,,,,,,MRN2,,2,,,,,,,,,,,,,,,,,,,,,,,1600,,,1296,,VISO,ETH,,,,,,126417,,,,,,,,2026DK_034,2,,,,,,,,,,,,,,,,,1818627
8966805,18-01-2026 20:54:00,55.59350000,3.85505000,,,LV,Clupea harengus,I4537,4,,4139,,1610042,1818628,DENMARK,26D4,4458,12366,12105,,,35.98,47407,,,,,,,,,,,,,,,,,,,,,,,,,,,98,,,,,,,MRN2,,2,,,,,,,,,,,,,,,,,,,,,,,1600,,,1296,,VISO,ETH,,,,,,126417,,,,,,,,2026DK_034,2,,,,,,,,,,,,,,,,,1818628
8966806,18-01-2026 22:05:00,55.76313300,3.85055000,,,LV,Clupea harengus,I4537,1,,4194,,1610043,1818629,DENMARK,26D4,4458,12366,12105,,,35.98,48031,,,,,,,,,,,,,,,,,,,,,,,,,,,99,,,,,,,MRN2,,2,,,,,,,,,,,,,,,,,,,,,,,1600,,,1389,,VISO,ETH,,,,,,126417,,,,,,,,2026DK_035,2,,,,,,,,,,,,,,,,,1818629
8966807,18-01-2026 22:05:00,55.76313300,3.85055000,,,LV,Clupea harengus,I4537,1,,4194,,1610043,1818630,DENMARK,26D4,4458,12366,12105,,,35.98,48031,,,,,,,,,,,,,,,,,,,,,,,,,,,99,,,,,,,MRN2,,2,,,,,,,,,,,,,,,,,,,,,,,1600,,,1389,,VISO,ETH,,,,,,126417,,,,,,,,2026DK_035,2,,,,,,,,,,,,,,,,,1818630
8966808,18-01-2026 22:05:00,55.76313300,3.85055000,,,LV,Clupea harengus,I4537,3,,4194,,1610043,1818619,DENMARK,26D4,4458,12366,12105,,,35.98,48031,,,,,,,,,,,,,,,,,,,,,,,,,,,99,,,,,,,MRN2,,2,,,,,,,,,,,,,,,,,,,,,,,1600,,,1389,,VISO,ETH,,,,,,126417,,,,,,,,2026DK_035,2,,,,,,,,,,,,,,,,,1818619
8966809,18-01-2026 22:05:00,55.76313300,3.85055000,,,LV,Clupea harengus,I4537,5,,4194,,1610043,1818620,DENMARK,26D4,4458,12366,12105,,,35.98,48031,,,,,,,,,,,,,,,,,,,,,,,,,,,99,,,,,,,MRN2,,2,,,,,,,,,,,,,,,,,,,,,,,1600,,,1389,,VISO,ETH,,,,,,126417,,,,,,,,2026DK_035,2,,,,,,,,,,,,,,,,,1818620
8966810,18-01-2026 22:05:00,55.76313300,3.85055000,,,LV,Clupea harengus,I4537,7,,4194,,1610043,1818621,DENMARK,26D4,4458,12366,12105,,,35.98,48031,,,,,,,,,,,,,,,,,,,,,,,,,,,99,,,,,,,MRN2,,2,,,,,,,,,,,,,,,,,,,,,,,1600,,,1389,,VISO,ETH,,,,,,126417,,,,,,,,2026DK_035,2,,,,,,,,,,,,,,,,,1818621
8966811,18-01-2026 22:05:00,55.76313300,3.85055000,,,LV,Clupea harengus,I4537,2,,4194,,1610043,1818622,DENMARK,26D4,4458,12366,12105,,,35.98,48031,,,,,,,,,,,,,,,,,,,,,,,,,,,99,,,,,,,MRN2,,2,,,,,,,,,,,,,,,,,,,,,,,1600,,,1389,,VISO,ETH,,,,,,126417,,,,,,,,2026DK_035,2,,,,,,,,,,,,,,,,,1818622
8966812,18-01-2026 22:05:00,55.76313300,3.85055000,,,LV,Clupea harengus,I4537,1,,4194,,1610043,1818623,DENMARK,26D4,4458,12366,12105,,,35.98,48031,,,,,,,,,,,,,,,,,,,,,,,,,,,99,,,,,,,MRN2,,2,,,,,,,,,,,,,,,,,,,,,,,1600,,,1389,,VISO,ETH,,,,,,126417,,,,,,,,2026DK_035,2,,,,,,,,,,,,,,,,,1818623
8966813,19-01-2026 00:07:00,56.08565000,3.82485000,,,LV,Clupea harengus,I4537,1,,7815,,1610044,1818624,DENMARK,26D4,4458,12366,12105,,,35.98,89502,,,,,,,,,,,,,,,,,,,,,,,,,,,100,,,,,,,MRN2,,2,,,,,,,,,,,,,,,,,,,,,,,1600,,,2482,,VISO,ETH,,,,,,126417,,,,,,,,2026DK_036,2,,,,,,,,,,,,,,,,,1818624
8966814,19-01-2026 00:07:00,56.08565000,3.82485000,,,LV,Clupea harengus,I4537,4,,7815,,1610044,1818613,DENMARK,26D4,4458,12366,12105,,,35.98,89502,,,,,,,,,,,,,,,,,,,,,,,,,,,100,,,,,,,MRN2,,2,,,,,,,,,,,,,,,,,,,,,,,1600,,,2482,,VISO,ETH,,,,,,126417,,,,,,,,2026DK_036,2,,,,,,,,,,,,,,,,,1818613
8966815,19-01-2026 00:07:00,56.08565000,3.82485000,,,LV,Clupea harengus,I4537,7,,7815,,1610044,1818614,DENMARK,26D4,4458,12366,12105,,,35.98,89502,,,,,,,,,,,,,,,,,,,,,,,,,,,100,,,,,,,MRN2,,2,,,,,,,,,,,,,,,,,,,,,,,1600,,,2482,,VISO,ETH,,,,,,126417,,,,,,,,2026DK_036,2,,,,,,,,,,,,,,,,,1818614
8966816,19-01-2026 00:07:00,56.08565000,3.82485000,,,LV,Clupea harengus,I4537,6,,7815,,1610044,1818615,DENMARK,26D4,4458,12366,12105,,,35.98,89502,,,,,,,,,,,,,,,,,,,,,,,,,,,100,,,,,,,MRN2,,2,,,,,,,,,,,,,,,,,,,,,,,1600,,,2482,,VISO,ETH,,,,,,126417,,,,,,,,2026DK_036,2,,,,,,,,,,,,,,,,,1818615
8966817,19-01-2026 00:07:00,56.08565000,3.82485000,,,LV,Clupea harengus,I4537,3,,7815,,1610044,1818616,DENMARK,26D4,4458,12366,12105,,,35.98,89502,,,,,,,,,,,,,,,,,,,,,,,,,,,100,,,,,,,MRN2,,2,,,,,,,,,,,,,,,,,,,,,,,1600,,,2482,,VISO,ETH,,,,,,126417,,,,,,,,2026DK_036,2,,,,,,,,,,,,,,,,,1818616
8966818,19-01-2026 00:07:00,56.08565000,3.82485000,,,LV,Clupea harengus,I4537,2,,7815,,1610044,1818617,DENMARK,26D4,4458,12366,12105,,,35.98,89502,,,,,,,,,,,,,,,,,,,,,,,,,,,100,,,,,,,MRN2,,2,,,,,,,,,,,,,,,,,,,,,,,1600,,,2482,,VISO,ETH,,,,,,126417,,,,,,,,2026DK_036,2,,,,,,,,,,,,,,,,,1818617
8966819,19-01-2026 00:07:00,56.08565000,3.82485000,,,LV,Clupea harengus,I4537,1,,7815,,1610044,1818618,DENMARK,26D4,4458,12366,12105,,,35.98,89502,,,,,,,,,,,,,,,,,,,,,,,,,,,100,,,,,,,MRN2,,2,,,,,,,,,,,,,,,,,,,,,,,1600,,,2482,,VISO,ETH,,,,,,126417,,,,,,,,2026DK_036,2,,,,,,,,,,,,,,,,,1818618
8966820,19-01-2026 01:32:00,56.26186600,3.82376600,,,LV,Clupea harengus,I4537,1,,6534,,1610045,1818607,DENMARK,26D4,4458,12366,12105,,,35.98,74838,,,,,,,,,,,,,,,,,,,,,,,,,,,101,,,,,,,MRN2,,2,,,,,,,,,,,,,,,,,,,,,,,1600,,,2130,,VISO,ETH,,,,,,126417,,,,,,,,2026DK_037,2,,,,,,,,,,,,,,,,,1818607
8966821,19-01-2026 01:32:00,56.26186600,3.82376600,,,LV,Clupea harengus,I4537,4,,6534,,1610045,1818608,DENMARK,26D4,4458,12366,12105,,,35.98,74838,,,,,,,,,,,,,,,,,,,,,,,,,,,101,,,,,,,MRN2,,2,,,,,,,,,,,,,,,,,,,,,,,1600,,,2130,,VISO,ETH,,,,,,126417,,,,,,,,2026DK_037,2,,,,,,,,,,,,,,,,,1818608
8966822,19-01-2026 01:32:00,56.26186600,3.82376600,,,LV,Clupea harengus,I4537,6,,6534,,1610045,1818609,DENMARK,26D4,4458,12366,12105,,,35.98,74838,,,,,,,,,,,,,,,,,,,,,,,,,,,101,,,,,,,MRN2,,2,,,,,,,,,,,,,,,,,,,,,,,1600,,,2130,,VISO,ETH,,,,,,126417,,,,,,,,2026DK_037,2,,,,,,,,,,,,,,,,,1818609
8966823,19-01-2026 01:32:00,56.26186600,3.82376600,,,LV,Clupea harengus,I4537,7,,6534,,1610045,1818610,DENMARK,26D4,4458,12366,12105,,,35.98,74838,,,,,,,,,,,,,,,,,,,,,,,,,,,101,,,,,,,MRN2,,2,,,,,,,,,,,,,,,,,,,,,,,1600,,,2130,,VISO,ETH,,,,,,126417,,,,,,,,2026DK_037,2,,,,,,,,,,,,,,,,,1818610
8966824,19-01-2026 01:32:00,56.26186600,3.82376600,,,LV,Clupea harengus,I4537,7,,6534,,1610045,1818611,DENMARK,26D4,4458,12366,12105,,,35.98,74838,,,,,,,,,,,,,,,,,,,,,,,,,,,101,,,,,,,MRN2,,2,,,,,,,,,,,,,,,,,,,,,,,1600,,,2130,,VISO,ETH,,,,,,126417,,,,,,,,2026DK_037,2,,,,,,,,,,,,,,,,,1818611
8966825,19-01-2026 01:32:00,56.26186600,3.82376600,,,LV,Clupea harengus,I4537,6,,6534,,1610045,1818612,DENMARK,26D4,4458,12366,12105,,,35.98,74838,,,,,,,,,,,,,,,,,,,,,,,,,,,101,,,,,,,MRN2,,2,,,,,,,,,,,,,,,,,,,,,,,1600,,,2130,,VISO,ETH,,,,,,126417,,,,,,,,2026DK_037,2,,,,,,,,,,,,,,,,,1818612
8966826,19-01-2026 01:32:00,56.26186600,3.82376600,,,LV,Clupea harengus,I4537,2,,6534,,1610045,1818601,DENMARK,26D4,4458,12366,12105,,,35.98,74838,,,,,,,,,,,,,,,,,,,,,,,,,,,101,,,,,,,MRN2,,2,,,,,,,,,,,,,,,,,,,,,,,1600,,,2130,,VISO,ETH,,,,,,126417,,,,,,,,2026DK_037,2,,,,,,,,,,,,,,,,,1818601
8966827,19-01-2026 01:32:00,56.26186600,3.82376600,,,LV,Clupea harengus,I4537,1,,6534,,1610045,1818602,DENMARK,26D4,4458,12366,12105,,,35.98,74838,,,,,,,,,,,,,,,,,,,,,,,,,,,101,,,,,,,MRN2,,2,,,,,,,,,,,,,,,,,,,,,,,1600,,,2130,,VISO,ETH,,,,,,126417,,,,,,,,2026DK_037,2,,,,,,,,,,,,,,,,,1818602
8966828,19-01-2026 01:32:00,56.26186600,3.82376600,,,LV,Clupea harengus,I4537,1,,6534,,1610045,1818603,DENMARK,26D4,4458,12366,12105,,,35.98,74838,,,,,,,,,,,,,,,,,,,,,,,,,,,101,,,,,,,MRN2,,2,,,,,,,,,,,,,,,,,,,,,,,1600,,,2130,,VISO,ETH,,,,,,126417,,,,,,,,2026DK_037,2,,,,,,,,,,,,,,,,,1818603
8966829,19-01-2026 03:09:00,56.24863300,4.12855000,,,LV,Clupea harengus,I4537,3,,6324,,1610046,1818604,DENMARK,26D4,4458,12366,12105,,,35.98,72430,,,,,,,,,,,,,,,,,,,,,,,,,,,102,,,,,,,MRN2,,2,,,,,,,,,,,,,,,,,,,,,,,1600,,,1926,,VISO,ETH,,,,,,126417,,,,,,,,2026DK_038,2,,,,,,,,,,,,,,,,,1818604
8966830,19-01-2026 03:09:00,56.24863300,4.12855000,,,LV,Clupea harengus,I4537,1,,6324,,1610046,1818605,DENMARK,26D4,4458,12366,12105,,,35.98,72430,,,,,,,,,,,,,,,,,,,,,,,,,,,102,,,,,,,MRN2,,2,,,,,,,,,,,,,,,,,,,,,,,1600,,,1926,,VISO,ETH,,,,,,126417,,,,,,,,2026DK_038,2,,,,,,,,,,,,,,,,,1818605
8966831,19-01-2026 04:34:00,56.09283300,4.28420000,,,LV,Clupea harengus,I4537,1,,6394,,1610047,1818606,DENMARK,26D4,4458,12366,12105,,,35.98,73226,,,,,,,,,,,,,,,,,,,,,,,,,,,103,,,,,,,MRN2,,2,,,,,,,,,,,,,,,,,,,,,,,1600,,,1926,,VISO,ETH,,,,,,126417,,,,,,,,2026DK_039,2,,,,,,,,,,,,,,,,,1818606
8966832,19-01-2026 04:34:00,56.09283300,4.28420000,,,LV,Clupea harengus,I4537,1,,6394,,1610047,1818595,DENMARK,26D4,4458,12366,12105,,,35.98,73226,,,,,,,,,,,,,,,,,,,,,,,,,,,103,,,,,,,MRN2,,2,,,,,,,,,,,,,,,,,,,,,,,1600,,,1926,,VISO,ETH,,,,,,126417,,,,,,,,2026DK_039,2,,,,,,,,,,,,,,,,,1818595
8966833,19-01-2026 17:47:00,55.82176600,2.83965000,,,LV,Clupea harengus,I4537,1,,6112,,1610048,1818596,DENMARK,26D4,4458,12366,12105,,,35.98,70000,,,,,,,,,,,,,,,,,,,,,,,,,,,114,,,,,,,MRN2,,2,,,,,,,,,,,,,,,,,,,,,,,1600,,,1982,,VISO,ETH,,,,,,126417,,,,,,,,2026DK_040,2,,,,,,,,,,,,,,,,,1818596
8966834,19-01-2026 17:47:00,55.82176600,2.83965000,,,LV,Clupea harengus,I4537,1,,6112,,1610048,1818597,DENMARK,26D4,4458,12366,12105,,,35.98,70000,,,,,,,,,,,,,,,,,,,,,,,,,,,114,,,,,,,MRN2,,2,,,,,,,,,,,,,,,,,,,,,,,1600,,,1982,,VISO,ETH,,,,,,126417,,,,,,,,2026DK_040,2,,,,,,,,,,,,,,,,,1818597
8966835,19-01-2026 17:47:00,55.82176600,2.83965000,,,LV,Clupea harengus,I4537,1,,6112,,1610048,1818598,DENMARK,26D4,4458,12366,12105,,,35.98,70000,,,,,,,,,,,,,,,,,,,,,,,,,,,114,,,,,,,MRN2,,2,,,,,,,,,,,,,,,,,,,,,,,1600,,,1982,,VISO,ETH,,,,,,126417,,,,,,,,2026DK_040,2,,,,,,,,,,,,,,,,,1818598
8966836,19-01-2026 17:47:00,55.82176600,2.83965000,,,LV,Clupea harengus,I4537,1,,6112,,1610048,1818599,DENMARK,26D4,4458,12366,12105,,,35.98,70000,,,,,,,,,,,,,,,,,,,,,,,,,,,114,,,,,,,MRN2,,2,,,,,,,,,,,,,,,,,,,,,,,1600,,,1982,,VISO,ETH,,,,,,126417,,,,,,,,2026DK_040,2,,,,,,,,,,,,,,,,,1818599
8966837,19-01-2026 17:47:00,55.82176600,2.83965000,,,LV,Clupea harengus,I4537,2,,6112,,1610048,1818600,DENMARK,26D4,4458,12366,12105,,,35.98,70000,,,,,,,,,,,,,,,,,,,,,,,,,,,114,,,,,,,MRN2,,2,,,,,,,,,,,,,,,,,,,,,,,1600,,,1982,,VISO,ETH,,,,,,126417,,,,,,,,2026DK_040,2,,,,,,,,,,,,,,,,,1818600
8966838,19-01-2026 17:47:00,55.82176600,2.83965000,,,LV,Clupea harengus,I4537,1,,6112,,1610048,1818589,DENMARK,26D4,4458,12366,12105,,,35.98,70000,,,,,,,,,,,,,,,,,,,,,,,,,,,114,,,,,,,MRN2,,2,,,,,,,,,,,,,,,,,,,,,,,1600,,,1982,,VISO,ETH,,,,,,126417,,,,,,,,2026DK_040,2,,,,,,,,,,,,,,,,,1818589
8966839,19-01-2026 19:18:00,55.62356600,2.83770000,,,LV,Clupea harengus,I4537,1,,4192,,1610049,1818590,DENMARK,26D4,4458,12366,12105,,,35.98,48012,,,,,,,,,,,,,,,,,,,,,,,,,,,115,,,,,,,MRN2,,2,,,,,,,,,,,,,,,,,,,,,,,1600,,,1241,,VISO,ETH,,,,,,126417,,,,,,,,2026DK_041,2,,,,,,,,,,,,,,,,,1818590
8966840,19-01-2026 19:18:00,55.62356600,2.83770000,,,LV,Clupea harengus,I4537,2,,4192,,1610049,1818591,DENMARK,26D4,4458,12366,12105,,,35.98,48012,,,,,,,,,,,,,,,,,,,,,,,,,,,115,,,,,,,MRN2,,2,,,,,,,,,,,,,,,,,,,,,,,1600,,,1241,,VISO,ETH,,,,,,126417,,,,,,,,2026DK_041,2,,,,,,,,,,,,,,,,,1818591
8966841,19-01-2026 19:18:00,55.62356600,2.83770000,,,LV,Clupea harengus,I4537,1,,4192,,1610049,1818592,DENMARK,26D4,4458,12366,12105,,,35.98,48012,,,,,,,,,,,,,,,,,,,,,,,,,,,115,,,,,,,MRN2,,2,,,,,,,,,,,,,,,,,,,,,,,1600,,,1241,,VISO,ETH,,,,,,126417,,,,,,,,2026DK_041,2,,,,,,,,,,,,,,,,,1818592
8966842,19-01-2026 19:18:00,55.62356600,2.83770000,,,LV,Clupea harengus,I4537,2,,4192,,1610049,1818593,DENMARK,26D4,4458,12366,12105,,,35.98,48012,,,,,,,,,,,,,,,,,,,,,,,,,,,115,,,,,,,MRN2,,2,,,,,,,,,,,,,,,,,,,,,,,1600,,,1241,,VISO,ETH,,,,,,126417,,,,,,,,2026DK_041,2,,,,,,,,,,,,,,,,,1818593
8966843,19-01-2026 19:18:00,55.62356600,2.83770000,,,LV,Clupea harengus,I4537,2,,4192,,1610049,1818594,DENMARK,26D4,4458,12366,12105,,,35.98,48012,,,,,,,,,,,,,,,,,,,,,,,,,,,115,,,,,,,MRN2,,2,,,,,,,,,,,,,,,,,,,,,,,1600,,,1241,,VISO,ETH,,,,,,126417,,,,,,,,2026DK_041,2,,,,,,,,,,,,,,,,,1818594
8966844,19-01-2026 19:18:00,55.62356600,2.83770000,,,LV,Clupea harengus,I4537,1,,4192,,1610049,1818583,DENMARK,26D4,4458,12366,12105,,,35.98,48012,,,,,,,,,,,,,,,,,,,,,,,,,,,115,,,,,,,MRN2,,2,,,,,,,,,,,,,,,,,,,,,,,1600,,,1241,,VISO,ETH,,,,,,126417,,,,,,,,2026DK_041,2,,,,,,,,,,,,,,,,,1818583
8966845,19-01-2026 19:18:00,55.62356600,2.83770000,,,LV,Clupea harengus,I4537,1,,4192,,1610049,1818584,DENMARK,26D4,4458,12366,12105,,,35.98,48012,,,,,,,,,,,,,,,,,,,,,,,,,,,115,,,,,,,MRN2,,2,,,,,,,,,,,,,,,,,,,,,,,1600,,,1241,,VISO,ETH,,,,,,126417,,,,,,,,2026DK_041,2,,,,,,,,,,,,,,,,,1818584
8966846,19-01-2026 20:52:00,55.41083300,2.83791600,,,LV,Clupea harengus,I4537,1,,3023,,1610050,1818585,DENMARK,26D4,4458,12366,12105,,,35.98,34626,,,,,,,,,,,,,,,,,,,,,,,,,,,116,,,,,,,MRN2,,2,,,,,,,,,,,,,,,,,,,,,,,1600,,,852,,VISO,ETH,,,,,,126417,,,,,,,,2026DK_042,2,,,,,,,,,,,,,,,,,1818585
8966847,19-01-2026 20:52:00,55.41083300,2.83791600,,,LV,Clupea harengus,I4537,1,,3023,,1610050,1818586,DENMARK,26D4,4458,12366,12105,,,35.98,34626,,,,,,,,,,,,,,,,,,,,,,,,,,,116,,,,,,,MRN2,,2,,,,,,,,,,,,,,,,,,,,,,,1600,,,852,,VISO,ETH,,,,,,126417,,,,,,,,2026DK_042,2,,,,,,,,,,,,,,,,,1818586
8966848,19-01-2026 20:52:00,55.41083300,2.83791600,,,LV,Clupea harengus,I4537,1,,3023,,1610050,1818587,DENMARK,26D4,4458,12366,12105,,,35.98,34626,,,,,,,,,,,,,,,,,,,,,,,,,,,116,,,,,,,MRN2,,2,,,,,,,,,,,,,,,,,,,,,,,1600,,,852,,VISO,ETH,,,,,,126417,,,,,,,,2026DK_042,2,,,,,,,,,,,,,,,,,1818587
8966849,19-01-2026 20:52:00,55.41083300,2.83791600,,,LV,Clupea harengus,I4537,2,,3023,,1610050,1818588,DENMARK,26D4,4458,12366,12105,,,35.98,34626,,,,,,,,,,,,,,,,,,,,,,,,,,,116,,,,,,,MRN2,,2,,,,,,,,,,,,,,,,,,,,,,,1600,,,852,,VISO,ETH,,,,,,126417,,,,,,,,2026DK_042,2,,,,,,,,,,,,,,,,,1818588
8966850,19-01-2026 20:52:00,55.41083300,2.83791600,,,LV,Clupea harengus,I4537,2,,3023,,1610050,1818577,DENMARK,26D4,4458,12366,12105,,,35.98,34626,,,,,,,,,,,,,,,,,,,,,,,,,,,116,,,,,,,MRN2,,2,,,,,,,,,,,,,,,,,,,,,,,1600,,,852,,VISO,ETH,,,,,,126417,,,,,,,,2026DK_042,2,,,,,,,,,,,,,,,,,1818577
8966851,19-01-2026 20:52:00,55.41083300,2.83791600,,,LV,Clupea harengus,I4537,1,,3023,,1610050,1818578,DENMARK,26D4,4458,12366,12105,,,35.98,34626,,,,,,,,,,,,,,,,,,,,,,,,,,,116,,,,,,,MRN2,,2,,,,,,,,,,,,,,,,,,,,,,,1600,,,852,,VISO,ETH,,,,,,126417,,,,,,,,2026DK_042,2,,,,,,,,,,,,,,,,,1818578
8966852,19-01-2026 20:52:00,55.41083300,2.83791600,,,LV,Clupea harengus,I4537,1,,3023,,1610050,1818579,DENMARK,26D4,4458,12366,12105,,,35.98,34626,,,,,,,,,,,,,,,,,,,,,,,,,,,116,,,,,,,MRN2,,2,,,,,,,,,,,,,,,,,,,,,,,1600,,,852,,VISO,ETH,,,,,,126417,,,,,,,,2026DK_042,2,,,,,,,,,,,,,,,,,1818579
8966853,19-01-2026 20:52:00,55.41083300,2.83791600,,,LV,Clupea harengus,I4537,2,,3023,,1610050,1818580,DENMARK,26D4,4458,12366,12105,,,35.98,34626,,,,,,,,,,,,,,,,,,,,,,,,,,,116,,,,,,,MRN2,,2,,,,,,,,,,,,,,,,,,,,,,,1600,,,852,,VISO,ETH,,,,,,126417,,,,,,,,2026DK_042,2,,,,,,,,,,,,,,,,,1818580
8966854,19-01-2026 22:05:00,55.23941600,2.83031600,,,LV,Clupea harengus,I4537,2,,3335,,1610051,1818581,DENMARK,26D4,4458,12366,12105,,,35.98,38192,,,,,,,,,,,,,,,,,,,,,,,,,,,117,,,,,,,MRN2,,2,,,,,,,,,,,,,,,,,,,,,,,1600,,,982,,VISO,ETH,,,,,,126417,,,,,,,,2026DK_043,2,,,,,,,,,,,,,,,,,1818581
8966855,19-01-2026 22:05:00,55.23941600,2.83031600,,,LV,Clupea harengus,I4537,2,,3335,,1610051,1818582,DENMARK,26D4,4458,12366,12105,,,35.98,38192,,,,,,,,,,,,,,,,,,,,,,,,,,,117,,,,,,,MRN2,,2,,,,,,,,,,,,,,,,,,,,,,,1600,,,982,,VISO,ETH,,,,,,126417,,,,,,,,2026DK_043,2,,,,,,,,,,,,,,,,,1818582
8966856,19-01-2026 22:05:00,55.23941600,2.83031600,,,LV,Clupea harengus,I4537,1,,3335,,1610051,1818571,DENMARK,26D4,4458,12366,12105,,,35.98,38192,,,,,,,,,,,,,,,,,,,,,,,,,,,117,,,,,,,MRN2,,2,,,,,,,,,,,,,,,,,,,,,,,1600,,,982,,VISO,ETH,,,,,,126417,,,,,,,,2026DK_043,2,,,,,,,,,,,,,,,,,1818571
8966857,19-01-2026 22:05:00,55.23941600,2.83031600,,,LV,Clupea harengus,I4537,2,,3335,,1610051,1818572,DENMARK,26D4,4458,12366,12105,,,35.98,38192,,,,,,,,,,,,,,,,,,,,,,,,,,,117,,,,,,,MRN2,,2,,,,,,,,,,,,,,,,,,,,,,,1600,,,982,,VISO,ETH,,,,,,126417,,,,,,,,2026DK_043,2,,,,,,,,,,,,,,,,,1818572
8966858,19-01-2026 22:05:00,55.23941600,2.83031600,,,LV,Clupea harengus,I4537,2,,3335,,1610051,1818573,DENMARK,26D4,4458,12366,12105,,,35.98,38192,,,,,,,,,,,,,,,,,,,,,,,,,,,117,,,,,,,MRN2,,2,,,,,,,,,,,,,,,,,,,,,,,1600,,,982,,VISO,ETH,,,,,,126417,,,,,,,,2026DK_043,2,,,,,,,,,,,,,,,,,1818573
8966859,19-01-2026 22:05:00,55.23941600,2.83031600,,,LV,Clupea harengus,I4537,4,,3335,,1610051,1818574,DENMARK,26D4,4458,12366,12105,,,35.98,38192,,,,,,,,,,,,,,,,,,,,,,,,,,,117,,,,,,,MRN2,,2,,,,,,,,,,,,,,,,,,,,,,,1600,,,982,,VISO,ETH,,,,,,126417,,,,,,,,2026DK_043,2,,,,,,,,,,,,,,,,,1818574
8966860,19-01-2026 22:05:00,55.23941600,2.83031600,,,LV,Clupea harengus,I4537,1,,3335,,1610051,1818575,DENMARK,26D4,4458,12366,12105,,,35.98,38192,,,,,,,,,,,,,,,,,,,,,,,,,,,117,,,,,,,MRN2,,2,,,,,,,,,,,,,,,,,,,,,,,1600,,,982,,VISO,ETH,,,,,,126417,,,,,,,,2026DK_043,2,,,,,,,,,,,,,,,,,1818575
8966861,19-01-2026 22:05:00,55.23941600,2.83031600,,,LV,Clupea harengus,I4537,1,,3335,,1610051,1818576,DENMARK,26D4,4458,12366,12105,,,35.98,38192,,,,,,,,,,,,,,,,,,,,,,,,,,,117,,,,,,,MRN2,,2,,,,,,,,,,,,,,,,,,,,,,,1600,,,982,,VISO,ETH,,,,,,126417,,,,,,,,2026DK_043,2,,,,,,,,,,,,,,,,,1818576
8966862,20-01-2026 00:37:00,54.90755000,2.85436600,,,LV,Clupea harengus,I4537,1,,4450,,1610052,1818565,DENMARK,26D4,4458,12366,12105,,,35.98,50962,,,,,,,,,,,,,,,,,,,,,,,,,,,118,,,,,,,MRN2,,2,,,,,,,,,,,,,,,,,,,,,,,1600,,,1111,,VISO,ETH,,,,,,126417,,,,,,,,2026DK_044,2,,,,,,,,,,,,,,,,,1818565
8966863,20-01-2026 00:37:00,54.90755000,2.85436600,,,LV,Clupea harengus,I4537,5,,4450,,1610052,1818566,DENMARK,26D4,4458,12366,12105,,,35.98,50962,,,,,,,,,,,,,,,,,,,,,,,,,,,118,,,,,,,MRN2,,2,,,,,,,,,,,,,,,,,,,,,,,1600,,,1111,,VISO,ETH,,,,,,126417,,,,,,,,2026DK_044,2,,,,,,,,,,,,,,,,,1818566
8966864,20-01-2026 00:37:00,54.90755000,2.85436600,,,LV,Clupea harengus,I4537,5,,4450,,1610052,1818567,DENMARK,26D4,4458,12366,12105,,,35.98,50962,,,,,,,,,,,,,,,,,,,,,,,,,,,118,,,,,,,MRN2,,2,,,,,,,,,,,,,,,,,,,,,,,1600,,,1111,,VISO,ETH,,,,,,126417,,,,,,,,2026DK_044,2,,,,,,,,,,,,,,,,,1818567
8966865,20-01-2026 00:37:00,54.90755000,2.85436600,,,LV,Clupea harengus,I4537,5,,4450,,1610052,1818568,DENMARK,26D4,4458,12366,12105,,,35.98,50962,,,,,,,,,,,,,,,,,,,,,,,,,,,118,,,,,,,MRN2,,2,,,,,,,,,,,,,,,,,,,,,,,1600,,,1111,,VISO,ETH,,,,,,126417,,,,,,,,2026DK_044,2,,,,,,,,,,,,,,,,,1818568
8966866,20-01-2026 00:37:00,54.90755000,2.85436600,,,LV,Clupea harengus,I4537,6,,4450,,1610052,1818569,DENMARK,26D4,4458,12366,12105,,,35.98,50962,,,,,,,,,,,,,,,,,,,,,,,,,,,118,,,,,,,MRN2,,2,,,,,,,,,,,,,,,,,,,,,,,1600,,,1111,,VISO,ETH,,,,,,126417,,,,,,,,2026DK_044,2,,,,,,,,,,,,,,,,,1818569
8966867,20-01-2026 00:37:00,54.90755000,2.85436600,,,LV,Clupea harengus,I4537,6,,4450,,1610052,1818570,DENMARK,26D4,4458,12366,12105,,,35.98,50962,,,,,,,,,,,,,,,,,,,,,,,,,,,118,,,,,,,MRN2,,2,,,,,,,,,,,,,,,,,,,,,,,1600,,,1111,,VISO,ETH,,,,,,126417,,,,,,,,2026DK_044,2,,,,,,,,,,,,,,,,,1818570
8966868,20-01-2026 00:37:00,54.90755000,2.85436600,,,LV,Clupea harengus,I4537,8,,4450,,1610052,1818559,DENMARK,26D4,4458,12366,12105,,,35.98,50962,,,,,,,,,,,,,,,,,,,,,,,,,,,118,,,,,,,MRN2,,2,,,,,,,,,,,,,,,,,,,,,,,1600,,,1111,,VISO,ETH,,,,,,126417,,,,,,,,2026DK_044,2,,,,,,,,,,,,,,,,,1818559
8966869,20-01-2026 00:37:00,54.90755000,2.85436600,,,LV,Clupea harengus,I4537,6,,4450,,1610052,1818560,DENMARK,26D4,4458,12366,12105,,,35.98,50962,,,,,,,,,,,,,,,,,,,,,,,,,,,118,,,,,,,MRN2,,2,,,,,,,,,,,,,,,,,,,,,,,1600,,,1111,,VISO,ETH,,,,,,126417,,,,,,,,2026DK_044,2,,,,,,,,,,,,,,,,,1818560
8966870,20-01-2026 00:37:00,54.90755000,2.85436600,,,LV,Clupea harengus,I4537,3,,4450,,1610052,1818561,DENMARK,26D4,4458,12366,12105,,,35.98,50962,,,,,,,,,,,,,,,,,,,,,,,,,,,118,,,,,,,MRN2,,2,,,,,,,,,,,,,,,,,,,,,,,1600,,,1111,,VISO,ETH,,,,,,126417,,,,,,,,2026DK_044,2,,,,,,,,,,,,,,,,,1818561
8966871,20-01-2026 00:37:00,54.90755000,2.85436600,,,LV,Clupea harengus,I4537,7,,4450,,1610052,1818562,DENMARK,26D4,4458,12366,12105,,,35.98,50962,,,,,,,,,,,,,,,,,,,,,,,,,,,118,,,,,,,MRN2,,2,,,,,,,,,,,,,,,,,,,,,,,1600,,,1111,,VISO,ETH,,,,,,126417,,,,,,,,2026DK_044,2,,,,,,,,,,,,,,,,,1818562
8966872,20-01-2026 00:37:00,54.90755000,2.85436600,,,LV,Clupea harengus,I4537,2,,4450,,1610052,1818563,DENMARK,26D4,4458,12366,12105,,,35.98,50962,,,,,,,,,,,,,,,,,,,,,,,,,,,118,,,,,,,MRN2,,2,,,,,,,,,,,,,,,,,,,,,,,1600,,,1111,,VISO,ETH,,,,,,126417,,,,,,,,2026DK_044,2,,,,,,,,,,,,,,,,,1818563
8966873,20-01-2026 01:59:00,54.90853300,3.16831600,,,LV,Clupea harengus,I4537,1,,3560,,1610053,1818564,DENMARK,26D4,4458,12366,12105,,,35.98,40767,,,,,,,,,,,,,,,,,,,,,,,,,,,119,,,,,,,MRN2,,2,,,,,,,,,,,,,,,,,,,,,,,1600,,,982,,VISO,ETH,,,,,,126417,,,,,,,,2026DK_045,2,,,,,,,,,,,,,,,,,1818564
8966874,20-01-2026 01:59:00,54.90853300,3.16831600,,,LV,Clupea harengus,I4537,10,,3560,,1610053,1818553,DENMARK,26D4,4458,12366,12105,,,35.98,40767,,,,,,,,,,,,,,,,,,,,,,,,,,,119,,,,,,,MRN2,,2,,,,,,,,,,,,,,,,,,,,,,,1600,,,982,,VISO,ETH,,,,,,126417,,,,,,,,2026DK_045,2,,,,,,,,,,,,,,,,,1818553
8966875,20-01-2026 01:59:00,54.90853300,3.16831600,,,LV,Clupea harengus,I4537,12,,3560,,1610053,1818554,DENMARK,26D4,4458,12366,12105,,,35.98,40767,,,,,,,,,,,,,,,,,,,,,,,,,,,119,,,,,,,MRN2,,2,,,,,,,,,,,,,,,,,,,,,,,1600,,,982,,VISO,ETH,,,,,,126417,,,,,,,,2026DK_045,2,,,,,,,,,,,,,,,,,1818554
8966876,20-01-2026 01:59:00,54.90853300,3.16831600,,,LV,Clupea harengus,I4537,12,,3560,,1610053,1818555,DENMARK,26D4,4458,12366,12105,,,35.98,40767,,,,,,,,,,,,,,,,,,,,,,,,,,,119,,,,,,,MRN2,,2,,,,,,,,,,,,,,,,,,,,,,,1600,,,982,,VISO,ETH,,,,,,126417,,,,,,,,2026DK_045,2,,,,,,,,,,,,,,,,,1818555
8966877,20-01-2026 01:59:00,54.90853300,3.16831600,,,LV,Clupea harengus,I4537,16,,3560,,1610053,1818556,DENMARK,26D4,4458,12366,12105,,,35.98,40767,,,,,,,,,,,,,,,,,,,,,,,,,,,119,,,,,,,MRN2,,2,,,,,,,,,,,,,,,,,,,,,,,1600,,,982,,VISO,ETH,,,,,,126417,,,,,,,,2026DK_045,2,,,,,,,,,,,,,,,,,1818556
8966878,20-01-2026 01:59:00,54.90853300,3.16831600,,,LV,Clupea harengus,I4537,14,,3560,,1610053,1818557,DENMARK,26D4,4458,12366,12105,,,35.98,40767,,,,,,,,,,,,,,,,,,,,,,,,,,,119,,,,,,,MRN2,,2,,,,,,,,,,,,,,,,,,,,,,,1600,,,982,,VISO,ETH,,,,,,126417,,,,,,,,2026DK_045,2,,,,,,,,,,,,,,,,,1818557
8966879,20-01-2026 01:59:00,54.90853300,3.16831600,,,LV,Clupea harengus,I4537,6,,3560,,1610053,1818558,DENMARK,26D4,4458,12366,12105,,,35.98,40767,,,,,,,,,,,,,,,,,,,,,,,,,,,119,,,,,,,MRN2,,2,,,,,,,,,,,,,,,,,,,,,,,1600,,,982,,VISO,ETH,,,,,,126417,,,,,,,,2026DK_045,2,,,,,,,,,,,,,,,,,1818558
8966880,20-01-2026 01:59:00,54.90853300,3.16831600,,,LV,Clupea harengus,I4537,6,,3560,,1610053,1818547,DENMARK,26D4,4458,12366,12105,,,35.98,40767,,,,,,,,,,,,,,,,,,,,,,,,,,,119,,,,,,,MRN2,,2,,,,,,,,,,,,,,,,,,,,,,,1600,,,982,,VISO,ETH,,,,,,126417,,,,,,,,2026DK_045,2,,,,,,,,,,,,,,,,,1818547
8966881,20-01-2026 01:59:00,54.90853300,3.16831600,,,LV,Clupea harengus,I4537,10,,3560,,1610053,1818548,DENMARK,26D4,4458,12366,12105,,,35.98,40767,,,,,,,,,,,,,,,,,,,,,,,,,,,119,,,,,,,MRN2,,2,,,,,,,,,,,,,,,,,,,,,,,1600,,,982,,VISO,ETH,,,,,,126417,,,,,,,,2026DK_045,2,,,,,,,,,,,,,,,,,1818548
8966882,20-01-2026 01:59:00,54.90853300,3.16831600,,,LV,Clupea harengus,I4537,6,,3560,,1610053,1818549,DENMARK,26D4,4458,12366,12105,,,35.98,40767,,,,,,,,,,,,,,,,,,,,,,,,,,,119,,,,,,,MRN2,,2,,,,,,,,,,,,,,,,,,,,,,,1600,,,982,,VISO,ETH,,,,,,126417,,,,,,,,2026DK_045,2,,,,,,,,,,,,,,,,,1818549
8966883,20-01-2026 01:59:00,54.90853300,3.16831600,,,LV,Clupea harengus,I4537,1,,3560,,1610053,1818550,DENMARK,26D4,4458,12366,12105,,,35.98,40767,,,,,,,,,,,,,,,,,,,,,,,,,,,119,,,,,,,MRN2,,2,,,,,,,,,,,,,,,,,,,,,,,1600,,,982,,VISO,ETH,,,,,,126417,,,,,,,,2026DK_045,2,,,,,,,,,,,,,,,,,1818550
8966884,20-01-2026 01:59:00,54.90853300,3.16831600,,,LV,Clupea harengus,I4537,1,,3560,,1610053,1818551,DENMARK,26D4,4458,12366,12105,,,35.98,40767,,,,,,,,,,,,,,,,,,,,,,,,,,,119,,,,,,,MRN2,,2,,,,,,,,,,,,,,,,,,,,,,,1600,,,982,,VISO,ETH,,,,,,126417,,,,,,,,2026DK_045,2,,,,,,,,,,,,,,,,,1818551
8966885,20-01-2026 03:17:00,54.90846600,3.46500000,,,LV,Clupea harengus,I4537,1,,3437,,1610054,1818552,DENMARK,26D4,4458,12366,12105,,,35.98,39360,,,,,,,,,,,,,,,,,,,,,,,,,,,120,,,,,,,MRN2,,2,,,,,,,,,,,,,,,,,,,,,,,1600,,,963,,VISO,ETH,,,,,,126417,,,,,,,,2026DK_046,2,,,,,,,,,,,,,,,,,1818552
8966886,20-01-2026 03:17:00,54.90846600,3.46500000,,,LV,Clupea harengus,I4537,1,,3437,,1610054,1818541,DENMARK,26D4,4458,12366,12105,,,35.98,39360,,,,,,,,,,,,,,,,,,,,,,,,,,,120,,,,,,,MRN2,,2,,,,,,,,,,,,,,,,,,,,,,,1600,,,963,,VISO,ETH,,,,,,126417,,,,,,,,2026DK_046,2,,,,,,,,,,,,,,,,,1818541
8966887,20-01-2026 03:17:00,54.90846600,3.46500000,,,LV,Clupea harengus,I4537,4,,3437,,1610054,1818542,DENMARK,26D4,4458,12366,12105,,,35.98,39360,,,,,,,,,,,,,,,,,,,,,,,,,,,120,,,,,,,MRN2,,2,,,,,,,,,,,,,,,,,,,,,,,1600,,,963,,VISO,ETH,,,,,,126417,,,,,,,,2026DK_046,2,,,,,,,,,,,,,,,,,1818542
8966888,20-01-2026 03:17:00,54.90846600,3.46500000,,,LV,Clupea harengus,I4537,5,,3437,,1610054,1818543,DENMARK,26D4,4458,12366,12105,,,35.98,39360,,,,,,,,,,,,,,,,,,,,,,,,,,,120,,,,,,,MRN2,,2,,,,,,,,,,,,,,,,,,,,,,,1600,,,963,,VISO,ETH,,,,,,126417,,,,,,,,2026DK_046,2,,,,,,,,,,,,,,,,,1818543
8966889,20-01-2026 03:17:00,54.90846600,3.46500000,,,LV,Clupea harengus,I4537,9,,3437,,1610054,1818544,DENMARK,26D4,4458,12366,12105,,,35.98,39360,,,,,,,,,,,,,,,,,,,,,,,,,,,120,,,,,,,MRN2,,2,,,,,,,,,,,,,,,,,,,,,,,1600,,,963,,VISO,ETH,,,,,,126417,,,,,,,,2026DK_046,2,,,,,,,,,,,,,,,,,1818544
8966890,20-01-2026 03:17:00,54.90846600,3.46500000,,,LV,Clupea harengus,I4537,13,,3437,,1610054,1818545,DENMARK,26D4,4458,12366,12105,,,35.98,39360,,,,,,,,,,,,,,,,,,,,,,,,,,,120,,,,,,,MRN2,,2,,,,,,,,,,,,,,,,,,,,,,,1600,,,963,,VISO,ETH,,,,,,126417,,,,,,,,2026DK_046,2,,,,,,,,,,,,,,,,,1818545
8966891,20-01-2026 03:17:00,54.90846600,3.46500000,,,LV,Clupea harengus,I4537,10,,3437,,1610054,1818546,DENMARK,26D4,4458,12366,12105,,,35.98,39360,,,,,,,,,,,,,,,,,,,,,,,,,,,120,,,,,,,MRN2,,2,,,,,,,,,,,,,,,,,,,,,,,1600,,,963,,VISO,ETH,,,,,,126417,,,,,,,,2026DK_046,2,,,,,,,,,,,,,,,,,1818546
8966892,20-01-2026 03:17:00,54.90846600,3.46500000,,,LV,Clupea harengus,I4537,4,,3437,,1610054,1818535,DENMARK,26D4,4458,12366,12105,,,35.98,39360,,,,,,,,,,,,,,,,,,,,,,,,,,,120,,,,,,,MRN2,,2,,,,,,,,,,,,,,,,,,,,,,,1600,,,963,,VISO,ETH,,,,,,126417,,,,,,,,2026DK_046,2,,,,,,,,,,,,,,,,,1818535
8966893,20-01-2026 03:17:00,54.90846600,3.46500000,,,LV,Clupea harengus,I4537,2,,3437,,1610054,1818536,DENMARK,26D4,4458,12366,12105,,,35.98,39360,,,,,,,,,,,,,,,,,,,,,,,,,,,120,,,,,,,MRN2,,2,,,,,,,,,,,,,,,,,,,,,,,1600,,,963,,VISO,ETH,,,,,,126417,,,,,,,,2026DK_046,2,,,,,,,,,,,,,,,,,1818536
8966894,20-01-2026 03:17:00,54.90846600,3.46500000,,,LV,Clupea harengus,I4537,5,,3437,,1610054,1818537,DENMARK,26D4,4458,12366,12105,,,35.98,39360,,,,,,,,,,,,,,,,,,,,,,,,,,,120,,,,,,,MRN2,,2,,,,,,,,,,,,,,,,,,,,,,,1600,,,963,,VISO,ETH,,,,,,126417,,,,,,,,2026DK_046,2,,,,,,,,,,,,,,,,,1818537
8966895,20-01-2026 03:17:00,54.90846600,3.46500000,,,LV,Clupea harengus,I4537,4,,3437,,1610054,1818538,DENMARK,26D4,4458,12366,12105,,,35.98,39360,,,,,,,,,,,,,,,,,,,,,,,,,,,120,,,,,,,MRN2,,2,,,,,,,,,,,,,,,,,,,,,,,1600,,,963,,VISO,ETH,,,,,,126417,,,,,,,,2026DK_046,2,,,,,,,,,,,,,,,,,1818538
8966896,20-01-2026 03:17:00,54.90846600,3.46500000,,,LV,Clupea harengus,I4537,4,,3437,,1610054,1818539,DENMARK,26D4,4458,12366,12105,,,35.98,39360,,,,,,,,,,,,,,,,,,,,,,,,,,,120,,,,,,,MRN2,,2,,,,,,,,,,,,,,,,,,,,,,,1600,,,963,,VISO,ETH,,,,,,126417,,,,,,,,2026DK_046,2,,,,,,,,,,,,,,,,,1818539
8966897,20-01-2026 18:14:00,54.42810000,3.48163300,,,LV,Clupea harengus,I4537,1,,3983,,1610055,1818540,DENMARK,26D4,4458,12366,12105,,,35.98,45616,,,,,,,,,,,,,,,,,,,,,,,,,,,127,,,,,,,MRN2,,2,,,,,,,,,,,,,,,,,,,,,,,1600,,,1296,,VISO,ETH,,,,,,126417,,,,,,,,2026DK_047,2,,,,,,,,,,,,,,,,,1818540
8966898,20-01-2026 18:14:00,54.42810000,3.48163300,,,LV,Clupea harengus,I4537,2,,3983,,1610055,1818529,DENMARK,26D4,4458,12366,12105,,,35.98,45616,,,,,,,,,,,,,,,,,,,,,,,,,,,127,,,,,,,MRN2,,2,,,,,,,,,,,,,,,,,,,,,,,1600,,,1296,,VISO,ETH,,,,,,126417,,,,,,,,2026DK_047,2,,,,,,,,,,,,,,,,,1818529
8966899,20-01-2026 18:14:00,54.42810000,3.48163300,,,LV,Clupea harengus,I4537,3,,3983,,1610055,1818530,DENMARK,26D4,4458,12366,12105,,,35.98,45616,,,,,,,,,,,,,,,,,,,,,,,,,,,127,,,,,,,MRN2,,2,,,,,,,,,,,,,,,,,,,,,,,1600,,,1296,,VISO,ETH,,,,,,126417,,,,,,,,2026DK_047,2,,,,,,,,,,,,,,,,,1818530
8966900,20-01-2026 18:14:00,54.42810000,3.48163300,,,LV,Clupea harengus,I4537,4,,3983,,1610055,1818531,DENMARK,26D4,4458,12366,12105,,,35.98,45616,,,,,,,,,,,,,,,,,,,,,,,,,,,127,,,,,,,MRN2,,2,,,,,,,,,,,,,,,,,,,,,,,1600,,,1296,,VISO,ETH,,,,,,126417,,,,,,,,2026DK_047,2,,,,,,,,,,,,,,,,,1818531
8966901,20-01-2026 18:14:00,54.42810000,3.48163300,,,LV,Clupea harengus,I4537,3,,3983,,1610055,1818532,DENMARK,26D4,4458,12366,12105,,,35.98,45616,,,,,,,,,,,,,,,,,,,,,,,,,,,127,,,,,,,MRN2,,2,,,,,,,,,,,,,,,,,,,,,,,1600,,,1296,,VISO,ETH,,,,,,126417,,,,,,,,2026DK_047,2,,,,,,,,,,,,,,,,,1818532
8966902,20-01-2026 18:14:00,54.42810000,3.48163300,,,LV,Clupea harengus,I4537,1,,3983,,1610055,1818533,DENMARK,26D4,4458,12366,12105,,,35.98,45616,,,,,,,,,,,,,,,,,,,,,,,,,,,127,,,,,,,MRN2,,2,,,,,,,,,,,,,,,,,,,,,,,1600,,,1296,,VISO,ETH,,,,,,126417,,,,,,,,2026DK_047,2,,,,,,,,,,,,,,,,,1818533
8966903,20-01-2026 18:14:00,54.42810000,3.48163300,,,LV,Clupea harengus,I4537,1,,3983,,1610055,1818534,DENMARK,26D4,4458,12366,12105,,,35.98,45616,,,,,,,,,,,,,,,,,,,,,,,,,,,127,,,,,,,MRN2,,2,,,,,,,,,,,,,,,,,,,,,,,1600,,,1296,,VISO,ETH,,,,,,126417,,,,,,,,2026DK_047,2,,,,,,,,,,,,,,,,,1818534
8966904,20-01-2026 18:14:00,54.42810000,3.48163300,,,LV,Clupea harengus,I4537,1,,3983,,1610055,1818523,DENMARK,26D4,4458,12366,12105,,,35.98,45616,,,,,,,,,,,,,,,,,,,,,,,,,,,127,,,,,,,MRN2,,2,,,,,,,,,,,,,,,,,,,,,,,1600,,,1296,,VISO,ETH,,,,,,126417,,,,,,,,2026DK_047,2,,,,,,,,,,,,,,,,,1818523
8966905,20-01-2026 18:14:00,54.42810000,3.48163300,,,LV,Clupea harengus,I4537,1,,3983,,1610055,1818524,DENMARK,26D4,4458,12366,12105,,,35.98,45616,,,,,,,,,,,,,,,,,,,,,,,,,,,127,,,,,,,MRN2,,2,,,,,,,,,,,,,,,,,,,,,,,1600,,,1296,,VISO,ETH,,,,,,126417,,,,,,,,2026DK_047,2,,,,,,,,,,,,,,,,,1818524
8966906,20-01-2026 19:39:00,54.40920000,3.15980000,,,LV,Clupea harengus,I4537,1,,4988,,1610056,1818525,DENMARK,26D4,4458,12366,12105,,,35.98,57131,,,,,,,,,,,,,,,,,,,,,,,,,,,128,,,,,,,MRN2,,2,,,,,,,,,,,,,,,,,,,,,,,1600,,,1408,,VISO,ETH,,,,,,126417,,,,,,,,2026DK_048,2,,,,,,,,,,,,,,,,,1818525
8966907,20-01-2026 19:39:00,54.40920000,3.15980000,,,LV,Clupea harengus,I4537,1,,4988,,1610056,1818526,DENMARK,26D4,4458,12366,12105,,,35.98,57131,,,,,,,,,,,,,,,,,,,,,,,,,,,128,,,,,,,MRN2,,2,,,,,,,,,,,,,,,,,,,,,,,1600,,,1408,,VISO,ETH,,,,,,126417,,,,,,,,2026DK_048,2,,,,,,,,,,,,,,,,,1818526
8966908,20-01-2026 19:39:00,54.40920000,3.15980000,,,LV,Clupea harengus,I4537,1,,4988,,1610056,1818527,DENMARK,26D4,4458,12366,12105,,,35.98,57131,,,,,,,,,,,,,,,,,,,,,,,,,,,128,,,,,,,MRN2,,2,,,,,,,,,,,,,,,,,,,,,,,1600,,,1408,,VISO,ETH,,,,,,126417,,,,,,,,2026DK_048,2,,,,,,,,,,,,,,,,,1818527
8966909,20-01-2026 19:39:00,54.40920000,3.15980000,,,LV,Clupea harengus,I4537,2,,4988,,1610056,1818528,DENMARK,26D4,4458,12366,12105,,,35.98,57131,,,,,,,,,,,,,,,,,,,,,,,,,,,128,,,,,,,MRN2,,2,,,,,,,,,,,,,,,,,,,,,,,1600,,,1408,,VISO,ETH,,,,,,126417,,,,,,,,2026DK_048,2,,,,,,,,,,,,,,,,,1818528
8966910,20-01-2026 19:39:00,54.40920000,3.15980000,,,LV,Clupea harengus,I4537,2,,4988,,1610056,1818517,DENMARK,26D4,4458,12366,12105,,,35.98,57131,,,,,,,,,,,,,,,,,,,,,,,,,,,128,,,,,,,MRN2,,2,,,,,,,,,,,,,,,,,,,,,,,1600,,,1408,,VISO,ETH,,,,,,126417,,,,,,,,2026DK_048,2,,,,,,,,,,,,,,,,,1818517
8966911,20-01-2026 19:39:00,54.40920000,3.15980000,,,LV,Clupea harengus,I4537,4,,4988,,1610056,1818518,DENMARK,26D4,4458,12366,12105,,,35.98,57131,,,,,,,,,,,,,,,,,,,,,,,,,,,128,,,,,,,MRN2,,2,,,,,,,,,,,,,,,,,,,,,,,1600,,,1408,,VISO,ETH,,,,,,126417,,,,,,,,2026DK_048,2,,,,,,,,,,,,,,,,,1818518
8966912,20-01-2026 21:06:00,54.38663300,2.83475000,,,LV,Clupea harengus,I4537,3,,4038,,1610057,1818519,DENMARK,26D4,4458,12366,12105,,,35.98,46243,,,,,,,,,,,,,,,,,,,,,,,,,,,129,,,,,,,MRN2,,2,,,,,,,,,,,,,,,,,,,,,,,1600,,,1037,,VISO,ETH,,,,,,126417,,,,,,,,2026DK_049,2,,,,,,,,,,,,,,,,,1818519
8966913,20-01-2026 21:06:00,54.38663300,2.83475000,,,LV,Clupea harengus,I4537,2,,4038,,1610057,1818520,DENMARK,26D4,4458,12366,12105,,,35.98,46243,,,,,,,,,,,,,,,,,,,,,,,,,,,129,,,,,,,MRN2,,2,,,,,,,,,,,,,,,,,,,,,,,1600,,,1037,,VISO,ETH,,,,,,126417,,,,,,,,2026DK_049,2,,,,,,,,,,,,,,,,,1818520
8966914,20-01-2026 21:06:00,54.38663300,2.83475000,,,LV,Clupea harengus,I4537,2,,4038,,1610057,1818521,DENMARK,26D4,4458,12366,12105,,,35.98,46243,,,,,,,,,,,,,,,,,,,,,,,,,,,129,,,,,,,MRN2,,2,,,,,,,,,,,,,,,,,,,,,,,1600,,,1037,,VISO,ETH,,,,,,126417,,,,,,,,2026DK_049,2,,,,,,,,,,,,,,,,,1818521
8966915,20-01-2026 21:06:00,54.38663300,2.83475000,,,LV,Clupea harengus,I4537,3,,4038,,1610057,1818522,DENMARK,26D4,4458,12366,12105,,,35.98,46243,,,,,,,,,,,,,,,,,,,,,,,,,,,129,,,,,,,MRN2,,2,,,,,,,,,,,,,,,,,,,,,,,1600,,,1037,,VISO,ETH,,,,,,126417,,,,,,,,2026DK_049,2,,,,,,,,,,,,,,,,,1818522
8966916,20-01-2026 21:06:00,54.38663300,2.83475000,,,LV,Clupea harengus,I4537,4,,4038,,1610057,1818511,DENMARK,26D4,4458,12366,12105,,,35.98,46243,,,,,,,,,,,,,,,,,,,,,,,,,,,129,,,,,,,MRN2,,2,,,,,,,,,,,,,,,,,,,,,,,1600,,,1037,,VISO,ETH,,,,,,126417,,,,,,,,2026DK_049,2,,,,,,,,,,,,,,,,,1818511
8966917,20-01-2026 21:06:00,54.38663300,2.83475000,,,LV,Clupea harengus,I4537,3,,4038,,1610057,1818512,DENMARK,26D4,4458,12366,12105,,,35.98,46243,,,,,,,,,,,,,,,,,,,,,,,,,,,129,,,,,,,MRN2,,2,,,,,,,,,,,,,,,,,,,,,,,1600,,,1037,,VISO,ETH,,,,,,126417,,,,,,,,2026DK_049,2,,,,,,,,,,,,,,,,,1818512
8966918,20-01-2026 21:06:00,54.38663300,2.83475000,,,LV,Clupea harengus,I4537,3,,4038,,1610057,1818513,DENMARK,26D4,4458,12366,12105,,,35.98,46243,,,,,,,,,,,,,,,,,,,,,,,,,,,129,,,,,,,MRN2,,2,,,,,,,,,,,,,,,,,,,,,,,1600,,,1037,,VISO,ETH,,,,,,126417,,,,,,,,2026DK_049,2,,,,,,,,,,,,,,,,,1818513
8966919,20-01-2026 21:06:00,54.38663300,2.83475000,,,LV,Clupea harengus,I4537,5,,4038,,1610057,1818514,DENMARK,26D4,4458,12366,12105,,,35.98,46243,,,,,,,,,,,,,,,,,,,,,,,,,,,129,,,,,,,MRN2,,2,,,,,,,,,,,,,,,,,,,,,,,1600,,,1037,,VISO,ETH,,,,,,126417,,,,,,,,2026DK_049,2,,,,,,,,,,,,,,,,,1818514
8966920,20-01-2026 21:06:00,54.38663300,2.83475000,,,LV,Clupea harengus,I4537,2,,4038,,1610057,1818515,DENMARK,26D4,4458,12366,12105,,,35.98,46243,,,,,,,,,,,,,,,,,,,,,,,,,,,129,,,,,,,MRN2,,2,,,,,,,,,,,,,,,,,,,,,,,1600,,,1037,,VISO,ETH,,,,,,126417,,,,,,,,2026DK_049,2,,,,,,,,,,,,,,,,,1818515
8966921,20-01-2026 21:06:00,54.38663300,2.83475000,,,LV,Clupea harengus,I4537,1,,4038,,1610057,1818516,DENMARK,26D4,4458,12366,12105,,,35.98,46243,,,,,,,,,,,,,,,,,,,,,,,,,,,129,,,,,,,MRN2,,2,,,,,,,,,,,,,,,,,,,,,,,1600,,,1037,,VISO,ETH,,,,,,126417,,,,,,,,2026DK_049,2,,,,,,,,,,,,,,,,,1818516
8966922,20-01-2026 22:50:00,54.58340000,2.60168300,,,LV,Clupea harengus,I4537,1,,3025,,1610058,1818505,DENMARK,26D4,4458,12366,12105,,,35.98,34648,,,,,,,,,,,,,,,,,,,,,,,,,,,130,,,,,,,MRN2,,2,,,,,,,,,,,,,,,,,,,,,,,1600,,,870,,VISO,ETH,,,,,,126417,,,,,,,,2026DK_050,2,,,,,,,,,,,,,,,,,1818505
8966923,20-01-2026 22:50:00,54.58340000,2.60168300,,,LV,Clupea harengus,I4537,2,,3025,,1610058,1818506,DENMARK,26D4,4458,12366,12105,,,35.98,34648,,,,,,,,,,,,,,,,,,,,,,,,,,,130,,,,,,,MRN2,,2,,,,,,,,,,,,,,,,,,,,,,,1600,,,870,,VISO,ETH,,,,,,126417,,,,,,,,2026DK_050,2,,,,,,,,,,,,,,,,,1818506
8966924,20-01-2026 22:50:00,54.58340000,2.60168300,,,LV,Clupea harengus,I4537,3,,3025,,1610058,1818507,DENMARK,26D4,4458,12366,12105,,,35.98,34648,,,,,,,,,,,,,,,,,,,,,,,,,,,130,,,,,,,MRN2,,2,,,,,,,,,,,,,,,,,,,,,,,1600,,,870,,VISO,ETH,,,,,,126417,,,,,,,,2026DK_050,2,,,,,,,,,,,,,,,,,1818507
8966925,20-01-2026 22:50:00,54.58340000,2.60168300,,,LV,Clupea harengus,I4537,2,,3025,,1610058,1818508,DENMARK,26D4,4458,12366,12105,,,35.98,34648,,,,,,,,,,,,,,,,,,,,,,,,,,,130,,,,,,,MRN2,,2,,,,,,,,,,,,,,,,,,,,,,,1600,,,870,,VISO,ETH,,,,,,126417,,,,,,,,2026DK_050,2,,,,,,,,,,,,,,,,,1818508
8966926,20-01-2026 22:50:00,54.58340000,2.60168300,,,LV,Clupea harengus,I4537,1,,3025,,1610058,1818509,DENMARK,26D4,4458,12366,12105,,,35.98,34648,,,,,,,,,,,,,,,,,,,,,,,,,,,130,,,,,,,MRN2,,2,,,,,,,,,,,,,,,,,,,,,,,1600,,,870,,VISO,ETH,,,,,,126417,,,,,,,,2026DK_050,2,,,,,,,,,,,,,,,,,1818509
8966927,20-01-2026 22:50:00,54.58340000,2.60168300,,,LV,Clupea harengus,I4537,1,,3025,,1610058,1818510,DENMARK,26D4,4458,12366,12105,,,35.98,34648,,,,,,,,,,,,,,,,,,,,,,,,,,,130,,,,,,,MRN2,,2,,,,,,,,,,,,,,,,,,,,,,,1600,,,870,,VISO,ETH,,,,,,126417,,,,,,,,2026DK_050,2,,,,,,,,,,,,,,,,,1818510
8966928,20-01-2026 22:50:00,54.58340000,2.60168300,,,LV,Clupea harengus,I4537,2,,3025,,1610058,1818500,DENMARK,26D4,4458,12366,12105,,,35.98,34648,,,,,,,,,,,,,,,,,,,,,,,,,,,130,,,,,,,MRN2,,2,,,,,,,,,,,,,,,,,,,,,,,1600,,,870,,VISO,ETH,,,,,,126417,,,,,,,,2026DK_050,2,,,,,,,,,,,,,,,,,1818500
8966929,20-01-2026 22:50:00,54.58340000,2.60168300,,,LV,Clupea harengus,I4537,1,,3025,,1610058,1818501,DENMARK,26D4,4458,12366,12105,,,35.98,34648,,,,,,,,,,,,,,,,,,,,,,,,,,,130,,,,,,,MRN2,,2,,,,,,,,,,,,,,,,,,,,,,,1600,,,870,,VISO,ETH,,,,,,126417,,,,,,,,2026DK_050,2,,,,,,,,,,,,,,,,,1818501
8966930,20-01-2026 22:50:00,54.58340000,2.60168300,,,LV,Clupea harengus,I4537,1,,3025,,1610058,1818502,DENMARK,26D4,4458,12366,12105,,,35.98,34648,,,,,,,,,,,,,,,,,,,,,,,,,,,130,,,,,,,MRN2,,2,,,,,,,,,,,,,,,,,,,,,,,1600,,,870,,VISO,ETH,,,,,,126417,,,,,,,,2026DK_050,2,,,,,,,,,,,,,,,,,1818502
8966931,21-01-2026 00:56:00,54.40960000,2.14978300,,,LV,Clupea harengus,I4537,1,,2939,,1610059,1818503,DENMARK,26D4,4458,12366,12105,,,35.98,33658,,,,,,,,,,,,,,,,,,,,,,,,,,,131,,,,,,,MRN2,,2,,,,,,,,,,,,,,,,,,,,,,,1600,,,1167,,VISO,ETH,,,,,,126417,,,,,,,,2026DK_051,2,,,,,,,,,,,,,,,,,1818503
8966932,21-01-2026 00:56:00,54.40960000,2.14978300,,,LV,Clupea harengus,I4537,1,,2939,,1610059,1818504,DENMARK,26D4,4458,12366,12105,,,35.98,33658,,,,,,,,,,,,,,,,,,,,,,,,,,,131,,,,,,,MRN2,,2,,,,,,,,,,,,,,,,,,,,,,,1600,,,1167,,VISO,ETH,,,,,,126417,,,,,,,,2026DK_051,2,,,,,,,,,,,,,,,,,1818504
8966933,21-01-2026 00:56:00,54.40960000,2.14978300,,,LV,Clupea harengus,I4537,1,,2939,,1610059,1818803,DENMARK,26D4,4458,12366,12105,,,35.98,33658,,,,,,,,,,,,,,,,,,,,,,,,,,,131,,,,,,,MRN2,,2,,,,,,,,,,,,,,,,,,,,,,,1600,,,1167,,VISO,ETH,,,,,,126417,,,,,,,,2026DK_051,2,,,,,,,,,,,,,,,,,1818803
8966934,21-01-2026 02:18:00,54.29398300,1.86911600,,,LV,Clupea harengus,I4537,1,,4856,,1610060,1818804,DENMARK,26D4,4458,12366,12105,,,35.98,55618,,,,,,,,,,,,,,,,,,,,,,,,,,,132,,,,,,,MRN2,,2,,,,,,,,,,,,,,,,,,,,,,,1600,,,1945,,VISO,ETH,,,,,,126417,,,,,,,,2026DK_052,2,,,,,,,,,,,,,,,,,1818804
8966935,21-01-2026 02:18:00,54.29398300,1.86911600,,,LV,Clupea harengus,I4537,1,,4856,,1610060,1818793,DENMARK,26D4,4458,12366,12105,,,35.98,55618,,,,,,,,,,,,,,,,,,,,,,,,,,,132,,,,,,,MRN2,,2,,,,,,,,,,,,,,,,,,,,,,,1600,,,1945,,VISO,ETH,,,,,,126417,,,,,,,,2026DK_052,2,,,,,,,,,,,,,,,,,1818793
8966936,21-01-2026 02:18:00,54.29398300,1.86911600,,,LV,Clupea harengus,I4537,1,,4856,,1610060,1818794,DENMARK,26D4,4458,12366,12105,,,35.98,55618,,,,,,,,,,,,,,,,,,,,,,,,,,,132,,,,,,,MRN2,,2,,,,,,,,,,,,,,,,,,,,,,,1600,,,1945,,VISO,ETH,,,,,,126417,,,,,,,,2026DK_052,2,,,,,,,,,,,,,,,,,1818794
8966937,21-01-2026 02:18:00,54.29398300,1.86911600,,,LV,Clupea harengus,I4537,2,,4856,,1610060,1818795,DENMARK,26D4,4458,12366,12105,,,35.98,55618,,,,,,,,,,,,,,,,,,,,,,,,,,,132,,,,,,,MRN2,,2,,,,,,,,,,,,,,,,,,,,,,,1600,,,1945,,VISO,ETH,,,,,,126417,,,,,,,,2026DK_052,2,,,,,,,,,,,,,,,,,1818795
8966938,21-01-2026 02:18:00,54.29398300,1.86911600,,,LV,Clupea harengus,I4537,3,,4856,,1610060,1818796,DENMARK,26D4,4458,12366,12105,,,35.98,55618,,,,,,,,,,,,,,,,,,,,,,,,,,,132,,,,,,,MRN2,,2,,,,,,,,,,,,,,,,,,,,,,,1600,,,1945,,VISO,ETH,,,,,,126417,,,,,,,,2026DK_052,2,,,,,,,,,,,,,,,,,1818796
8966939,21-01-2026 02:18:00,54.29398300,1.86911600,,,LV,Clupea harengus,I4537,3,,4856,,1610060,1818797,DENMARK,26D4,4458,12366,12105,,,35.98,55618,,,,,,,,,,,,,,,,,,,,,,,,,,,132,,,,,,,MRN2,,2,,,,,,,,,,,,,,,,,,,,,,,1600,,,1945,,VISO,ETH,,,,,,126417,,,,,,,,2026DK_052,2,,,,,,,,,,,,,,,,,1818797
8966940,21-01-2026 02:18:00,54.29398300,1.86911600,,,LV,Clupea harengus,I4537,3,,4856,,1610060,1818798,DENMARK,26D4,4458,12366,12105,,,35.98,55618,,,,,,,,,,,,,,,,,,,,,,,,,,,132,,,,,,,MRN2,,2,,,,,,,,,,,,,,,,,,,,,,,1600,,,1945,,VISO,ETH,,,,,,126417,,,,,,,,2026DK_052,2,,,,,,,,,,,,,,,,,1818798
8966941,21-01-2026 02:18:00,54.29398300,1.86911600,,,LV,Clupea harengus,I4537,7,,4856,,1610060,1818787,DENMARK,26D4,4458,12366,12105,,,35.98,55618,,,,,,,,,,,,,,,,,,,,,,,,,,,132,,,,,,,MRN2,,2,,,,,,,,,,,,,,,,,,,,,,,1600,,,1945,,VISO,ETH,,,,,,126417,,,,,,,,2026DK_052,2,,,,,,,,,,,,,,,,,1818787
8966942,21-01-2026 02:18:00,54.29398300,1.86911600,,,LV,Clupea harengus,I4537,7,,4856,,1610060,1818788,DENMARK,26D4,4458,12366,12105,,,35.98,55618,,,,,,,,,,,,,,,,,,,,,,,,,,,132,,,,,,,MRN2,,2,,,,,,,,,,,,,,,,,,,,,,,1600,,,1945,,VISO,ETH,,,,,,126417,,,,,,,,2026DK_052,2,,,,,,,,,,,,,,,,,1818788
8966943,21-01-2026 02:18:00,54.29398300,1.86911600,,,LV,Clupea harengus,I4537,3,,4856,,1610060,1818789,DENMARK,26D4,4458,12366,12105,,,35.98,55618,,,,,,,,,,,,,,,,,,,,,,,,,,,132,,,,,,,MRN2,,2,,,,,,,,,,,,,,,,,,,,,,,1600,,,1945,,VISO,ETH,,,,,,126417,,,,,,,,2026DK_052,2,,,,,,,,,,,,,,,,,1818789
8966944,21-01-2026 03:53:00,54.13386600,1.83840000,,,LV,Clupea harengus,I4537,1,,5159,,1610061,1818790,DENMARK,26D4,4458,12366,12105,,,35.98,59088,,,,,,,,,,,,,,,,,,,,,,,,,,,133,,,,,,,MRN2,,2,,,,,,,,,,,,,,,,,,,,,,,1600,,,1370,,VISO,ETH,,,,,,126417,,,,,,,,2026DK_053,2,,,,,,,,,,,,,,,,,1818790
8966945,21-01-2026 03:53:00,54.13386600,1.83840000,,,LV,Clupea harengus,I4537,1,,5159,,1610061,1818791,DENMARK,26D4,4458,12366,12105,,,35.98,59088,,,,,,,,,,,,,,,,,,,,,,,,,,,133,,,,,,,MRN2,,2,,,,,,,,,,,,,,,,,,,,,,,1600,,,1370,,VISO,ETH,,,,,,126417,,,,,,,,2026DK_053,2,,,,,,,,,,,,,,,,,1818791
8966946,21-01-2026 03:53:00,54.13386600,1.83840000,,,LV,Clupea harengus,I4537,1,,5159,,1610061,1818792,DENMARK,26D4,4458,12366,12105,,,35.98,59088,,,,,,,,,,,,,,,,,,,,,,,,,,,133,,,,,,,MRN2,,2,,,,,,,,,,,,,,,,,,,,,,,1600,,,1370,,VISO,ETH,,,,,,126417,,,,,,,,2026DK_053,2,,,,,,,,,,,,,,,,,1818792
8966947,27-01-2026 02:50:00,54.59405000,4.21976600,,,LV,Clupea harengus,I4537,1,,4786,,1610062,1818781,DENMARK,26D4,4458,12366,12105,,,35.98,54817,,,,,,,,,,,,,,,,,,,,,,,,,,,144,,,,,,,MRN2,,2,,,,,,,,,,,,,,,,,,,,,,,1600,,,1648,,VISO,ETH,,,,,,126417,,,,,,,,2026DK_054,2,,,,,,,,,,,,,,,,,1818781
8966948,27-01-2026 02:50:00,54.59405000,4.21976600,,,LV,Clupea harengus,I4537,2,,4786,,1610062,1818782,DENMARK,26D4,4458,12366,12105,,,35.98,54817,,,,,,,,,,,,,,,,,,,,,,,,,,,144,,,,,,,MRN2,,2,,,,,,,,,,,,,,,,,,,,,,,1600,,,1648,,VISO,ETH,,,,,,126417,,,,,,,,2026DK_054,2,,,,,,,,,,,,,,,,,1818782
8966949,27-01-2026 02:50:00,54.59405000,4.21976600,,,LV,Clupea harengus,I4537,1,,4786,,1610062,1818783,DENMARK,26D4,4458,12366,12105,,,35.98,54817,,,,,,,,,,,,,,,,,,,,,,,,,,,144,,,,,,,MRN2,,2,,,,,,,,,,,,,,,,,,,,,,,1600,,,1648,,VISO,ETH,,,,,,126417,,,,,,,,2026DK_054,2,,,,,,,,,,,,,,,,,1818783
8966950,27-01-2026 02:50:00,54.59405000,4.21976600,,,LV,Clupea harengus,I4537,1,,4786,,1610062,1818784,DENMARK,26D4,4458,12366,12105,,,35.98,54817,,,,,,,,,,,,,,,,,,,,,,,,,,,144,,,,,,,MRN2,,2,,,,,,,,,,,,,,,,,,,,,,,1600,,,1648,,VISO,ETH,,,,,,126417,,,,,,,,2026DK_054,2,,,,,,,,,,,,,,,,,1818784
8966951,27-01-2026 04:15:00,54.72723300,4.41965000,,,LV,Clupea harengus,I4537,1,,4508,,1610063,1818785,DENMARK,26D4,4458,12366,12105,,,35.98,51631,,,,,,,,,,,,,,,,,,,,,,,,,,,145,,,,,,,MRN2,,2,,,,,,,,,,,,,,,,,,,,,,,1600,,,1519,,VISO,ETH,,,,,,126417,,,,,,,,2026DK_055,2,,,,,,,,,,,,,,,,,1818785
8966952,27-01-2026 04:15:00,54.72723300,4.41965000,,,LV,Clupea harengus,I4537,1,,4508,,1610063,1818786,DENMARK,26D4,4458,12366,12105,,,35.98,51631,,,,,,,,,,,,,,,,,,,,,,,,,,,145,,,,,,,MRN2,,2,,,,,,,,,,,,,,,,,,,,,,,1600,,,1519,,VISO,ETH,,,,,,126417,,,,,,,,2026DK_055,2,,,,,,,,,,,,,,,,,1818786
8966953,27-01-2026 04:15:00,54.72723300,4.41965000,,,LV,Clupea harengus,I4537,1,,4508,,1610063,1818775,DENMARK,26D4,4458,12366,12105,,,35.98,51631,,,,,,,,,,,,,,,,,,,,,,,,,,,145,,,,,,,MRN2,,2,,,,,,,,,,,,,,,,,,,,,,,1600,,,1519,,VISO,ETH,,,,,,126417,,,,,,,,2026DK_055,2,,,,,,,,,,,,,,,,,1818775
8966954,27-01-2026 04:15:00,54.72723300,4.41965000,,,LV,Clupea harengus,I4537,2,,4508,,1610063,1818776,DENMARK,26D4,4458,12366,12105,,,35.98,51631,,,,,,,,,,,,,,,,,,,,,,,,,,,145,,,,,,,MRN2,,2,,,,,,,,,,,,,,,,,,,,,,,1600,,,1519,,VISO,ETH,,,,,,126417,,,,,,,,2026DK_055,2,,,,,,,,,,,,,,,,,1818776
8966955,28-01-2026 04:18:00,56.09198300,7.14053300,,,LV,Clupea harengus,I4537,1,,6245,,1610064,1818777,DENMARK,26D4,4458,12366,12105,,,35.98,71518,,,,,,,,,,,,,,,,,,,,,,,,,,,150,,,,,,,MRN2,,2,,,,,,,,,,,,,,,,,,,,,,,1600,,,1871,,VISO,ETH,,,,,,126417,,,,,,,,2026DK_056,2,,,,,,,,,,,,,,,,,1818777
8966956,28-01-2026 20:16:00,56.71423300,6.25948300,,,LV,Clupea harengus,I4537,2,,6026,,1610066,1818778,DENMARK,26D4,4458,12366,12105,,,35.98,69019,,,,,,,,,,,,,,,,,,,,,,,,,,,162,,,,,,,MRN2,,2,,,,,,,,,,,,,,,,,,,,,,,1600,,,1926,,VISO,ETH,,,,,,126417,,,,,,,,2026DK_058,2,,,,,,,,,,,,,,,,,1818778
8966957,28-01-2026 20:16:00,56.71423300,6.25948300,,,LV,Clupea harengus,I4537,1,,6026,,1610066,1818779,DENMARK,26D4,4458,12366,12105,,,35.98,69019,,,,,,,,,,,,,,,,,,,,,,,,,,,162,,,,,,,MRN2,,2,,,,,,,,,,,,,,,,,,,,,,,1600,,,1926,,VISO,ETH,,,,,,126417,,,,,,,,2026DK_058,2,,,,,,,,,,,,,,,,,1818779
8966958,28-01-2026 20:16:00,56.71423300,6.25948300,,,LV,Clupea harengus,I4537,1,,6026,,1610066,1818780,DENMARK,26D4,4458,12366,12105,,,35.98,69019,,,,,,,,,,,,,,,,,,,,,,,,,,,162,,,,,,,MRN2,,2,,,,,,,,,,,,,,,,,,,,,,,1600,,,1926,,VISO,ETH,,,,,,126417,,,,,,,,2026DK_058,2,,,,,,,,,,,,,,,,,1818780
8966959,28-01-2026 20:16:00,56.71423300,6.25948300,,,LV,Clupea harengus,I4537,1,,6026,,1610066,1818769,DENMARK,26D4,4458,12366,12105,,,35.98,69019,,,,,,,,,,,,,,,,,,,,,,,,,,,162,,,,,,,MRN2,,2,,,,,,,,,,,,,,,,,,,,,,,1600,,,1926,,VISO,ETH,,,,,,126417,,,,,,,,2026DK_058,2,,,,,,,,,,,,,,,,,1818769
8966960,28-01-2026 21:58:00,56.76563300,5.84650000,,,LV,Clupea harengus,I4537,1,,7768,,1610067,1818770,DENMARK,26D4,4458,12366,12105,,,35.98,88970,,,,,,,,,,,,,,,,,,,,,,,,,,,163,,,,,,,MRN2,,2,,,,,,,,,,,,,,,,,,,,,,,1600,,,2519,,VISO,ETH,,,,,,126417,,,,,,,,2026DK_059,2,,,,,,,,,,,,,,,,,1818770
8966961,28-01-2026 21:58:00,56.76563300,5.84650000,,,LV,Clupea harengus,I4537,1,,7768,,1610067,1818771,DENMARK,26D4,4458,12366,12105,,,35.98,88970,,,,,,,,,,,,,,,,,,,,,,,,,,,163,,,,,,,MRN2,,2,,,,,,,,,,,,,,,,,,,,,,,1600,,,2519,,VISO,ETH,,,,,,126417,,,,,,,,2026DK_059,2,,,,,,,,,,,,,,,,,1818771
8966962,28-01-2026 23:56:00,56.58525000,5.84625000,,,LV,Clupea harengus,I4537,1,,4794,,1610068,1818772,DENMARK,26D4,4458,12366,12105,,,35.98,54908,,,,,,,,,,,,,,,,,,,,,,,,,,,164,,,,,,,MRN2,,2,,,,,,,,,,,,,,,,,,,,,,,1600,,,1463,,VISO,ETH,,,,,,126417,,,,,,,,2026DK_060,2,,,,,,,,,,,,,,,,,1818772
8966963,29-01-2026 01:34:00,56.38740000,5.84776600,,,LV,Clupea harengus,I4537,1,,3784,,1610069,1818773,DENMARK,26D4,4458,12366,12105,,,35.98,43339,,,,,,,,,,,,,,,,,,,,,,,,,,,165,,,,,,,MRN2,,2,,,,,,,,,,,,,,,,,,,,,,,1600,,,1148,,VISO,ETH,,,,,,126417,,,,,,,,2026DK_061,2,,,,,,,,,,,,,,,,,1818773
8966964,29-01-2026 01:34:00,56.38740000,5.84776600,,,LV,Clupea harengus,I4537,2,,3784,,1610069,1818774,DENMARK,26D4,4458,12366,12105,,,35.98,43339,,,,,,,,,,,,,,,,,,,,,,,,,,,165,,,,,,,MRN2,,2,,,,,,,,,,,,,,,,,,,,,,,1600,,,1148,,VISO,ETH,,,,,,126417,,,,,,,,2026DK_061,2,,,,,,,,,,,,,,,,,1818774
8966965,29-01-2026 01:34:00,56.38740000,5.84776600,,,LV,Clupea harengus,I4537,3,,3784,,1610069,1818763,DENMARK,26D4,4458,12366,12105,,,35.98,43339,,,,,,,,,,,,,,,,,,,,,,,,,,,165,,,,,,,MRN2,,2,,,,,,,,,,,,,,,,,,,,,,,1600,,,1148,,VISO,ETH,,,,,,126417,,,,,,,,2026DK_061,2,,,,,,,,,,,,,,,,,1818763
8966966,29-01-2026 01:34:00,56.38740000,5.84776600,,,LV,Clupea harengus,I4537,3,,3784,,1610069,1818764,DENMARK,26D4,4458,12366,12105,,,35.98,43339,,,,,,,,,,,,,,,,,,,,,,,,,,,165,,,,,,,MRN2,,2,,,,,,,,,,,,,,,,,,,,,,,1600,,,1148,,VISO,ETH,,,,,,126417,,,,,,,,2026DK_061,2,,,,,,,,,,,,,,,,,1818764
8966967,29-01-2026 01:34:00,56.38740000,5.84776600,,,LV,Clupea harengus,I4537,3,,3784,,1610069,1818765,DENMARK,26D4,4458,12366,12105,,,35.98,43339,,,,,,,,,,,,,,,,,,,,,,,,,,,165,,,,,,,MRN2,,2,,,,,,,,,,,,,,,,,,,,,,,1600,,,1148,,VISO,ETH,,,,,,126417,,,,,,,,2026DK_061,2,,,,,,,,,,,,,,,,,1818765
8966968,29-01-2026 01:34:00,56.38740000,5.84776600,,,LV,Clupea harengus,I4537,2,,3784,,1610069,1818766,DENMARK,26D4,4458,12366,12105,,,35.98,43339,,,,,,,,,,,,,,,,,,,,,,,,,,,165,,,,,,,MRN2,,2,,,,,,,,,,,,,,,,,,,,,,,1600,,,1148,,VISO,ETH,,,,,,126417,,,,,,,,2026DK_061,2,,,,,,,,,,,,,,,,,1818766
8966969,29-01-2026 01:34:00,56.38740000,5.84776600,,,LV,Clupea harengus,I4537,3,,3784,,1610069,1818767,DENMARK,26D4,4458,12366,12105,,,35.98,43339,,,,,,,,,,,,,,,,,,,,,,,,,,,165,,,,,,,MRN2,,2,,,,,,,,,,,,,,,,,,,,,,,1600,,,1148,,VISO,ETH,,,,,,126417,,,,,,,,2026DK_061,2,,,,,,,,,,,,,,,,,1818767
8966970,29-01-2026 01:34:00,56.38740000,5.84776600,,,LV,Clupea harengus,I4537,1,,3784,,1610069,1818768,DENMARK,26D4,4458,12366,12105,,,35.98,43339,,,,,,,,,,,,,,,,,,,,,,,,,,,165,,,,,,,MRN2,,2,,,,,,,,,,,,,,,,,,,,,,,1600,,,1148,,VISO,ETH,,,,,,126417,,,,,,,,2026DK_061,2,,,,,,,,,,,,,,,,,1818768
8966971,29-01-2026 01:34:00,56.38740000,5.84776600,,,LV,Clupea harengus,I4537,1,,3784,,1610069,1818757,DENMARK,26D4,4458,12366,12105,,,35.98,43339,,,,,,,,,,,,,,,,,,,,,,,,,,,165,,,,,,,MRN2,,2,,,,,,,,,,,,,,,,,,,,,,,1600,,,1148,,VISO,ETH,,,,,,126417,,,,,,,,2026DK_061,2,,,,,,,,,,,,,,,,,1818757
8966972,29-01-2026 03:23:00,56.38711600,6.15846600,,,LV,Clupea harengus,I4537,1,,4991,,1610070,1818758,DENMARK,26D4,4458,12366,12105,,,35.98,57163,,,,,,,,,,,,,,,,,,,,,,,,,,,166,,,,,,,MRN2,,2,,,,,,,,,,,,,,,,,,,,,,,1600,,,1630,,VISO,ETH,,,,,,126417,,,,,,,,2026DK_062,2,,,,,,,,,,,,,,,,,1818758
8966973,29-01-2026 03:23:00,56.38711600,6.15846600,,,LV,Clupea harengus,I4537,2,,4991,,1610070,1818759,DENMARK,26D4,4458,12366,12105,,,35.98,57163,,,,,,,,,,,,,,,,,,,,,,,,,,,166,,,,,,,MRN2,,2,,,,,,,,,,,,,,,,,,,,,,,1600,,,1630,,VISO,ETH,,,,,,126417,,,,,,,,2026DK_062,2,,,,,,,,,,,,,,,,,1818759
8966974,29-01-2026 03:23:00,56.38711600,6.15846600,,,LV,Clupea harengus,I4537,1,,4991,,1610070,1818760,DENMARK,26D4,4458,12366,12105,,,35.98,57163,,,,,,,,,,,,,,,,,,,,,,,,,,,166,,,,,,,MRN2,,2,,,,,,,,,,,,,,,,,,,,,,,1600,,,1630,,VISO,ETH,,,,,,126417,,,,,,,,2026DK_062,2,,,,,,,,,,,,,,,,,1818760
8966975,29-01-2026 03:23:00,56.38711600,6.15846600,,,LV,Clupea harengus,I4537,1,,4991,,1610070,1818761,DENMARK,26D4,4458,12366,12105,,,35.98,57163,,,,,,,,,,,,,,,,,,,,,,,,,,,166,,,,,,,MRN2,,2,,,,,,,,,,,,,,,,,,,,,,,1600,,,1630,,VISO,ETH,,,,,,126417,,,,,,,,2026DK_062,2,,,,,,,,,,,,,,,,,1818761
8966976,29-01-2026 03:23:00,56.38711600,6.15846600,,,LV,Clupea harengus,I4537,1,,4991,,1610070,1818762,DENMARK,26D4,4458,12366,12105,,,35.98,57163,,,,,,,,,,,,,,,,,,,,,,,,,,,166,,,,,,,MRN2,,2,,,,,,,,,,,,,,,,,,,,,,,1600,,,1630,,VISO,ETH,,,,,,126417,,,,,,,,2026DK_062,2,,,,,,,,,,,,,,,,,1818762
8966977,29-01-2026 03:23:00,56.38711600,6.15846600,,,LV,Clupea harengus,I4537,1,,4991,,1610070,1818751,DENMARK,26D4,4458,12366,12105,,,35.98,57163,,,,,,,,,,,,,,,,,,,,,,,,,,,166,,,,,,,MRN2,,2,,,,,,,,,,,,,,,,,,,,,,,1600,,,1630,,VISO,ETH,,,,,,126417,,,,,,,,2026DK_062,2,,,,,,,,,,,,,,,,,1818751
8966978,29-01-2026 04:47:00,56.21141600,6.15905000,,,LV,Clupea harengus,I4537,3,,5796,,1610071,1818752,DENMARK,26D4,4458,12366,12105,,,35.98,66378,,,,,,,,,,,,,,,,,,,,,,,,,,,167,,,,,,,MRN2,,2,,,,,,,,,,,,,,,,,,,,,,,1600,,,1908,,VISO,ETH,,,,,,126417,,,,,,,,2026DK_063,2,,,,,,,,,,,,,,,,,1818752
8966979,29-01-2026 04:47:00,56.21141600,6.15905000,,,LV,Clupea harengus,I4537,7,,5796,,1610071,1818753,DENMARK,26D4,4458,12366,12105,,,35.98,66378,,,,,,,,,,,,,,,,,,,,,,,,,,,167,,,,,,,MRN2,,2,,,,,,,,,,,,,,,,,,,,,,,1600,,,1908,,VISO,ETH,,,,,,126417,,,,,,,,2026DK_063,2,,,,,,,,,,,,,,,,,1818753
8966980,29-01-2026 04:47:00,56.21141600,6.15905000,,,LV,Clupea harengus,I4537,8,,5796,,1610071,1818754,DENMARK,26D4,4458,12366,12105,,,35.98,66378,,,,,,,,,,,,,,,,,,,,,,,,,,,167,,,,,,,MRN2,,2,,,,,,,,,,,,,,,,,,,,,,,1600,,,1908,,VISO,ETH,,,,,,126417,,,,,,,,2026DK_063,2,,,,,,,,,,,,,,,,,1818754
8966981,29-01-2026 04:47:00,56.21141600,6.15905000,,,LV,Clupea harengus,I4537,2,,5796,,1610071,1818755,DENMARK,26D4,4458,12366,12105,,,35.98,66378,,,,,,,,,,,,,,,,,,,,,,,,,,,167,,,,,,,MRN2,,2,,,,,,,,,,,,,,,,,,,,,,,1600,,,1908,,VISO,ETH,,,,,,126417,,,,,,,,2026DK_063,2,,,,,,,,,,,,,,,,,1818755
8966982,29-01-2026 04:47:00,56.21141600,6.15905000,,,LV,Clupea harengus,I4537,2,,5796,,1610071,1818756,DENMARK,26D4,4458,12366,12105,,,35.98,66378,,,,,,,,,,,,,,,,,,,,,,,,,,,167,,,,,,,MRN2,,2,,,,,,,,,,,,,,,,,,,,,,,1600,,,1908,,VISO,ETH,,,,,,126417,,,,,,,,2026DK_063,2,,,,,,,,,,,,,,,,,1818756
8966983,29-01-2026 04:47:00,56.21141600,6.15905000,,,LV,Clupea harengus,I4537,1,,5796,,1610071,1818745,DENMARK,26D4,4458,12366,12105,,,35.98,66378,,,,,,,,,,,,,,,,,,,,,,,,,,,167,,,,,,,MRN2,,2,,,,,,,,,,,,,,,,,,,,,,,1600,,,1908,,VISO,ETH,,,,,,126417,,,,,,,,2026DK_063,2,,,,,,,,,,,,,,,,,1818745
8966984,13-01-2026 18:49:00,57.42791600,8.28091600,,,LV,Sardina pilchardus,I4537,1,,12543,,1610018,1818829,DENMARK,26D4,4458,12366,12129,,,35.98,143650,,,,,,,,,,,,,,,,,,,,,,,,,,,21,,,,,,,MRN2,,2,,,,,,,,,,,,,,,,,,,,,,,1600,,,2871,,VISO,ETH,,,,,,126421,,,,,,,,2026DK_005,2,,,,,,,,,,,,,,,,,1818829
8966985,13-01-2026 18:49:00,57.42791600,8.28091600,,,LV,Sardina pilchardus,I4537,1,,12543,,1610018,1818830,DENMARK,26D4,4458,12366,12129,,,35.98,143650,,,,,,,,,,,,,,,,,,,,,,,,,,,21,,,,,,,MRN2,,2,,,,,,,,,,,,,,,,,,,,,,,1600,,,2871,,VISO,ETH,,,,,,126421,,,,,,,,2026DK_005,2,,,,,,,,,,,,,,,,,1818830
8966986,13-01-2026 18:49:00,57.42791600,8.28091600,,,LV,Sardina pilchardus,I4537,1,,12543,,1610018,1818831,DENMARK,26D4,4458,12366,12129,,,35.98,143650,,,,,,,,,,,,,,,,,,,,,,,,,,,21,,,,,,,MRN2,,2,,,,,,,,,,,,,,,,,,,,,,,1600,,,2871,,VISO,ETH,,,,,,126421,,,,,,,,2026DK_005,2,,,,,,,,,,,,,,,,,1818831
8966987,13-01-2026 20:27:00,57.25581600,8.18773300,,,JV,Sardina pilchardus,I4537,1,,8014,,1610019,1818832,DENMARK,26D4,4893,12366,12129,,,35.98,91781,,,,,,,,,,,,,,,,,,,,,,,,,,,22,,,,,,,MRN2,,2,,,,,,,,,,,,,,,,,,,,,,,1600,,,1815,,VISO,ETH,,,,,,126421,,,,,,,,2026DK_006,2,,,,,,,,,,,,,,,,,1818832
8966988,13-01-2026 22:12:00,57.18601600,7.81023300,,,LV,Sardina pilchardus,I4537,1,,6834,,1610020,1818833,DENMARK,26D4,4458,12366,12129,,,35.98,78266,,,,,,,,,,,,,,,,,,,,,,,,,,,23,,,,,,,MRN2,,2,,,,,,,,,,,,,,,,,,,,,,,1600,,,1630,,VISO,ETH,,,,,,126421,,,,,,,,2026DK_007,2,,,,,,,,,,,,,,,,,1818833
8966989,13-01-2026 22:12:00,57.18601600,7.81023300,,,LV,Sardina pilchardus,I4537,1,,6834,,1610020,1818834,DENMARK,26D4,4458,12366,12129,,,35.98,78266,,,,,,,,,,,,,,,,,,,,,,,,,,,23,,,,,,,MRN2,,2,,,,,,,,,,,,,,,,,,,,,,,1600,,,1630,,VISO,ETH,,,,,,126421,,,,,,,,2026DK_007,2,,,,,,,,,,,,,,,,,1818834
8966990,13-01-2026 23:45:00,57.11290000,7.52840000,,,LV,Sardina pilchardus,I4537,1,,7826,,1610021,1818986,DENMARK,26D4,4458,12366,12129,,,35.98,89630,,,,,,,,,,,,,,,,,,,,,,,,,,,24,,,,,,,MRN2,,2,,,,,,,,,,,,,,,,,,,,,,,1600,,,1889,,VISO,ETH,,,,,,126421,,,,,,,,2026DK_008,2,,,,,,,,,,,,,,,,,1818986
8966991,13-01-2026 23:45:00,57.11290000,7.52840000,,,LV,Sardina pilchardus,I4537,1,,7826,,1610021,1818987,DENMARK,26D4,4458,12366,12129,,,35.98,89630,,,,,,,,,,,,,,,,,,,,,,,,,,,24,,,,,,,MRN2,,2,,,,,,,,,,,,,,,,,,,,,,,1600,,,1889,,VISO,ETH,,,,,,126421,,,,,,,,2026DK_008,2,,,,,,,,,,,,,,,,,1818987
8966992,13-01-2026 23:45:00,57.11290000,7.52840000,,,LV,Sardina pilchardus,I4537,6,,7826,,1610021,1818988,DENMARK,26D4,4458,12366,12129,,,35.98,89630,,,,,,,,,,,,,,,,,,,,,,,,,,,24,,,,,,,MRN2,,2,,,,,,,,,,,,,,,,,,,,,,,1600,,,1889,,VISO,ETH,,,,,,126421,,,,,,,,2026DK_008,2,,,,,,,,,,,,,,,,,1818988
8966993,13-01-2026 23:45:00,57.11290000,7.52840000,,,LV,Sardina pilchardus,I4537,3,,7826,,1610021,1818989,DENMARK,26D4,4458,12366,12129,,,35.98,89630,,,,,,,,,,,,,,,,,,,,,,,,,,,24,,,,,,,MRN2,,2,,,,,,,,,,,,,,,,,,,,,,,1600,,,1889,,VISO,ETH,,,,,,126421,,,,,,,,2026DK_008,2,,,,,,,,,,,,,,,,,1818989
8966994,13-01-2026 23:45:00,57.11290000,7.52840000,,,LV,Sardina pilchardus,I4537,2,,7826,,1610021,1818990,DENMARK,26D4,4458,12366,12129,,,35.98,89630,,,,,,,,,,,,,,,,,,,,,,,,,,,24,,,,,,,MRN2,,2,,,,,,,,,,,,,,,,,,,,,,,1600,,,1889,,VISO,ETH,,,,,,126421,,,,,,,,2026DK_008,2,,,,,,,,,,,,,,,,,1818990
8966995,13-01-2026 23:45:00,57.11290000,7.52840000,,,LV,Sardina pilchardus,I4537,2,,7826,,1610021,1818991,DENMARK,26D4,4458,12366,12129,,,35.98,89630,,,,,,,,,,,,,,,,,,,,,,,,,,,24,,,,,,,MRN2,,2,,,,,,,,,,,,,,,,,,,,,,,1600,,,1889,,VISO,ETH,,,,,,126421,,,,,,,,2026DK_008,2,,,,,,,,,,,,,,,,,1818991
8966996,13-01-2026 23:45:00,57.11290000,7.52840000,,,LV,Sardina pilchardus,I4537,2,,7826,,1610021,1818980,DENMARK,26D4,4458,12366,12129,,,35.98,89630,,,,,,,,,,,,,,,,,,,,,,,,,,,24,,,,,,,MRN2,,2,,,,,,,,,,,,,,,,,,,,,,,1600,,,1889,,VISO,ETH,,,,,,126421,,,,,,,,2026DK_008,2,,,,,,,,,,,,,,,,,1818980
8966997,13-01-2026 23:45:00,57.11290000,7.52840000,,,LV,Sardina pilchardus,I4537,2,,7826,,1610021,1818981,DENMARK,26D4,4458,12366,12129,,,35.98,89630,,,,,,,,,,,,,,,,,,,,,,,,,,,24,,,,,,,MRN2,,2,,,,,,,,,,,,,,,,,,,,,,,1600,,,1889,,VISO,ETH,,,,,,126421,,,,,,,,2026DK_008,2,,,,,,,,,,,,,,,,,1818981
8966998,13-01-2026 23:45:00,57.11290000,7.52840000,,,LV,Sardina pilchardus,I4537,2,,7826,,1610021,1818982,DENMARK,26D4,4458,12366,12129,,,35.98,89630,,,,,,,,,,,,,,,,,,,,,,,,,,,24,,,,,,,MRN2,,2,,,,,,,,,,,,,,,,,,,,,,,1600,,,1889,,VISO,ETH,,,,,,126421,,,,,,,,2026DK_008,2,,,,,,,,,,,,,,,,,1818982
8966999,13-01-2026 23:45:00,57.11290000,7.52840000,,,LV,Sardina pilchardus,I4537,1,,7826,,1610021,1818983,DENMARK,26D4,4458,12366,12129,,,35.98,89630,,,,,,,,,,,,,,,,,,,,,,,,,,,24,,,,,,,MRN2,,2,,,,,,,,,,,,,,,,,,,,,,,1600,,,1889,,VISO,ETH,,,,,,126421,,,,,,,,2026DK_008,2,,,,,,,,,,,,,,,,,1818983
8967000,14-01-2026 02:31:00,56.90736600,7.52056600,,,LV,Sardina pilchardus,I4537,2,,2371,,1610022,1818984,DENMARK,26D4,4458,12366,12129,,,35.98,27157,,,,,,,,,,,,,,,,,,,,,,,,,,,26,,,,,,,MRN2,,2,,,,,,,,,,,,,,,,,,,,,,,1600,,,1056,,VISO,ETH,,,,,,126421,,,,,,,,2026DK_009,2,,,,,,,,,,,,,,,,,1818984
8967001,14-01-2026 02:31:00,56.90736600,7.52056600,,,LV,Sardina pilchardus,I4537,2,,2371,,1610022,1818985,DENMARK,26D4,4458,12366,12129,,,35.98,27157,,,,,,,,,,,,,,,,,,,,,,,,,,,26,,,,,,,MRN2,,2,,,,,,,,,,,,,,,,,,,,,,,1600,,,1056,,VISO,ETH,,,,,,126421,,,,,,,,2026DK_009,2,,,,,,,,,,,,,,,,,1818985
8967002,14-01-2026 02:31:00,56.90736600,7.52056600,,,LV,Sardina pilchardus,I4537,2,,2371,,1610022,1818974,DENMARK,26D4,4458,12366,12129,,,35.98,27157,,,,,,,,,,,,,,,,,,,,,,,,,,,26,,,,,,,MRN2,,2,,,,,,,,,,,,,,,,,,,,,,,1600,,,1056,,VISO,ETH,,,,,,126421,,,,,,,,2026DK_009,2,,,,,,,,,,,,,,,,,1818974
8967003,14-01-2026 02:31:00,56.90736600,7.52056600,,,LV,Sardina pilchardus,I4537,1,,2371,,1610022,1818975,DENMARK,26D4,4458,12366,12129,,,35.98,27157,,,,,,,,,,,,,,,,,,,,,,,,,,,26,,,,,,,MRN2,,2,,,,,,,,,,,,,,,,,,,,,,,1600,,,1056,,VISO,ETH,,,,,,126421,,,,,,,,2026DK_009,2,,,,,,,,,,,,,,,,,1818975
8967004,14-01-2026 02:31:00,56.90736600,7.52056600,,,LV,Sardina pilchardus,I4537,1,,2371,,1610022,1818976,DENMARK,26D4,4458,12366,12129,,,35.98,27157,,,,,,,,,,,,,,,,,,,,,,,,,,,26,,,,,,,MRN2,,2,,,,,,,,,,,,,,,,,,,,,,,1600,,,1056,,VISO,ETH,,,,,,126421,,,,,,,,2026DK_009,2,,,,,,,,,,,,,,,,,1818976
8967005,14-01-2026 19:52:00,56.38976600,7.41665000,,,LV,Sardina pilchardus,I4537,1,,3250,,1610073,1818977,DENMARK,26D4,4458,12366,12129,,,35.98,37218,,,,,,,,,,,,,,,,,,,,,,,,,,,36,,,,,,,MRN2,,2,,,,,,,,,,,,,,,,,,,,,,,1600,,,1056,,VISO,ETH,,,,,,126421,,,,,,,,2026DK_011,2,,,,,,,,,,,,,,,,,1818977
8967006,14-01-2026 19:52:00,56.38976600,7.41665000,,,LV,Sardina pilchardus,I4537,3,,3250,,1610073,1818978,DENMARK,26D4,4458,12366,12129,,,35.98,37218,,,,,,,,,,,,,,,,,,,,,,,,,,,36,,,,,,,MRN2,,2,,,,,,,,,,,,,,,,,,,,,,,1600,,,1056,,VISO,ETH,,,,,,126421,,,,,,,,2026DK_011,2,,,,,,,,,,,,,,,,,1818978
8967007,14-01-2026 19:52:00,56.38976600,7.41665000,,,LV,Sardina pilchardus,I4537,1,,3250,,1610073,1818979,DENMARK,26D4,4458,12366,12129,,,35.98,37218,,,,,,,,,,,,,,,,,,,,,,,,,,,36,,,,,,,MRN2,,2,,,,,,,,,,,,,,,,,,,,,,,1600,,,1056,,VISO,ETH,,,,,,126421,,,,,,,,2026DK_011,2,,,,,,,,,,,,,,,,,1818979
8967008,14-01-2026 19:52:00,56.38976600,7.41665000,,,LV,Sardina pilchardus,I4537,1,,3250,,1610073,1818968,DENMARK,26D4,4458,12366,12129,,,35.98,37218,,,,,,,,,,,,,,,,,,,,,,,,,,,36,,,,,,,MRN2,,2,,,,,,,,,,,,,,,,,,,,,,,1600,,,1056,,VISO,ETH,,,,,,126421,,,,,,,,2026DK_011,2,,,,,,,,,,,,,,,,,1818968
8967009,15-01-2026 04:11:00,55.33461600,7.13661600,,,LV,Sardina pilchardus,I4537,1,,4284,,1610024,1818969,DENMARK,26D4,4458,12366,12129,,,35.98,49061,,,,,,,,,,,,,,,,,,,,,,,,,,,41,,,,,,,MRN2,,2,,,,,,,,,,,,,,,,,,,,,,,1600,,,1445,,VISO,ETH,,,,,,126421,,,,,,,,2026DK_016,2,,,,,,,,,,,,,,,,,1818969
8967010,15-01-2026 04:11:00,55.33461600,7.13661600,,,LV,Sardina pilchardus,I4537,2,,4284,,1610024,1818970,DENMARK,26D4,4458,12366,12129,,,35.98,49061,,,,,,,,,,,,,,,,,,,,,,,,,,,41,,,,,,,MRN2,,2,,,,,,,,,,,,,,,,,,,,,,,1600,,,1445,,VISO,ETH,,,,,,126421,,,,,,,,2026DK_016,2,,,,,,,,,,,,,,,,,1818970
8967011,15-01-2026 17:27:00,54.91678300,6.47655000,,,LV,Sardina pilchardus,I4537,2,,3760,,1610025,1818971,DENMARK,26D4,4458,12366,12129,,,35.98,43058,,,,,,,,,,,,,,,,,,,,,,,,,,,48,,,,,,,MRN2,,2,,,,,,,,,,,,,,,,,,,,,,,1600,,,1093,,VISO,ETH,,,,,,126421,,,,,,,,2026DK_017,2,,,,,,,,,,,,,,,,,1818971
8967012,15-01-2026 17:27:00,54.91678300,6.47655000,,,LV,Sardina pilchardus,I4537,1,,3760,,1610025,1818972,DENMARK,26D4,4458,12366,12129,,,35.98,43058,,,,,,,,,,,,,,,,,,,,,,,,,,,48,,,,,,,MRN2,,2,,,,,,,,,,,,,,,,,,,,,,,1600,,,1093,,VISO,ETH,,,,,,126421,,,,,,,,2026DK_017,2,,,,,,,,,,,,,,,,,1818972
8967013,15-01-2026 17:27:00,54.91678300,6.47655000,,,LV,Sardina pilchardus,I4537,2,,3760,,1610025,1818973,DENMARK,26D4,4458,12366,12129,,,35.98,43058,,,,,,,,,,,,,,,,,,,,,,,,,,,48,,,,,,,MRN2,,2,,,,,,,,,,,,,,,,,,,,,,,1600,,,1093,,VISO,ETH,,,,,,126421,,,,,,,,2026DK_017,2,,,,,,,,,,,,,,,,,1818973
8967014,15-01-2026 17:27:00,54.91678300,6.47655000,,,LV,Sardina pilchardus,I4537,2,,3760,,1610025,1818962,DENMARK,26D4,4458,12366,12129,,,35.98,43058,,,,,,,,,,,,,,,,,,,,,,,,,,,48,,,,,,,MRN2,,2,,,,,,,,,,,,,,,,,,,,,,,1600,,,1093,,VISO,ETH,,,,,,126421,,,,,,,,2026DK_017,2,,,,,,,,,,,,,,,,,1818962
8967015,15-01-2026 17:27:00,54.91678300,6.47655000,,,LV,Sardina pilchardus,I4537,2,,3760,,1610025,1818963,DENMARK,26D4,4458,12366,12129,,,35.98,43058,,,,,,,,,,,,,,,,,,,,,,,,,,,48,,,,,,,MRN2,,2,,,,,,,,,,,,,,,,,,,,,,,1600,,,1093,,VISO,ETH,,,,,,126421,,,,,,,,2026DK_017,2,,,,,,,,,,,,,,,,,1818963
8967016,15-01-2026 17:27:00,54.91678300,6.47655000,,,LV,Sardina pilchardus,I4537,4,,3760,,1610025,1818964,DENMARK,26D4,4458,12366,12129,,,35.98,43058,,,,,,,,,,,,,,,,,,,,,,,,,,,48,,,,,,,MRN2,,2,,,,,,,,,,,,,,,,,,,,,,,1600,,,1093,,VISO,ETH,,,,,,126421,,,,,,,,2026DK_017,2,,,,,,,,,,,,,,,,,1818964
8967017,15-01-2026 17:27:00,54.91678300,6.47655000,,,LV,Sardina pilchardus,I4537,5,,3760,,1610025,1818965,DENMARK,26D4,4458,12366,12129,,,35.98,43058,,,,,,,,,,,,,,,,,,,,,,,,,,,48,,,,,,,MRN2,,2,,,,,,,,,,,,,,,,,,,,,,,1600,,,1093,,VISO,ETH,,,,,,126421,,,,,,,,2026DK_017,2,,,,,,,,,,,,,,,,,1818965
8967018,15-01-2026 17:27:00,54.91678300,6.47655000,,,LV,Sardina pilchardus,I4537,3,,3760,,1610025,1818966,DENMARK,26D4,4458,12366,12129,,,35.98,43058,,,,,,,,,,,,,,,,,,,,,,,,,,,48,,,,,,,MRN2,,2,,,,,,,,,,,,,,,,,,,,,,,1600,,,1093,,VISO,ETH,,,,,,126421,,,,,,,,2026DK_017,2,,,,,,,,,,,,,,,,,1818966
8967019,15-01-2026 17:27:00,54.91678300,6.47655000,,,LV,Sardina pilchardus,I4537,2,,3760,,1610025,1818967,DENMARK,26D4,4458,12366,12129,,,35.98,43058,,,,,,,,,,,,,,,,,,,,,,,,,,,48,,,,,,,MRN2,,2,,,,,,,,,,,,,,,,,,,,,,,1600,,,1093,,VISO,ETH,,,,,,126421,,,,,,,,2026DK_017,2,,,,,,,,,,,,,,,,,1818967
8967020,15-01-2026 17:27:00,54.91678300,6.47655000,,,LV,Sardina pilchardus,I4537,2,,3760,,1610025,1818956,DENMARK,26D4,4458,12366,12129,,,35.98,43058,,,,,,,,,,,,,,,,,,,,,,,,,,,48,,,,,,,MRN2,,2,,,,,,,,,,,,,,,,,,,,,,,1600,,,1093,,VISO,ETH,,,,,,126421,,,,,,,,2026DK_017,2,,,,,,,,,,,,,,,,,1818956
8967021,15-01-2026 17:27:00,54.91678300,6.47655000,,,LV,Sardina pilchardus,I4537,2,,3760,,1610025,1818957,DENMARK,26D4,4458,12366,12129,,,35.98,43058,,,,,,,,,,,,,,,,,,,,,,,,,,,48,,,,,,,MRN2,,2,,,,,,,,,,,,,,,,,,,,,,,1600,,,1093,,VISO,ETH,,,,,,126421,,,,,,,,2026DK_017,2,,,,,,,,,,,,,,,,,1818957
8967022,15-01-2026 17:27:00,54.91678300,6.47655000,,,LV,Sardina pilchardus,I4537,3,,3760,,1610025,1818958,DENMARK,26D4,4458,12366,12129,,,35.98,43058,,,,,,,,,,,,,,,,,,,,,,,,,,,48,,,,,,,MRN2,,2,,,,,,,,,,,,,,,,,,,,,,,1600,,,1093,,VISO,ETH,,,,,,126421,,,,,,,,2026DK_017,2,,,,,,,,,,,,,,,,,1818958
8967023,15-01-2026 18:54:00,54.91285000,6.15223300,,,LV,Sardina pilchardus,I4537,1,,6484,,1610026,1818959,DENMARK,26D4,4458,12366,12129,,,35.98,74257,,,,,,,,,,,,,,,,,,,,,,,,,,,49,,,,,,,MRN2,,2,,,,,,,,,,,,,,,,,,,,,,,1600,,,1778,,VISO,ETH,,,,,,126421,,,,,,,,2026DK_018,2,,,,,,,,,,,,,,,,,1818959
8967024,15-01-2026 18:54:00,54.91285000,6.15223300,,,LV,Sardina pilchardus,I4537,1,,6484,,1610026,1818960,DENMARK,26D4,4458,12366,12129,,,35.98,74257,,,,,,,,,,,,,,,,,,,,,,,,,,,49,,,,,,,MRN2,,2,,,,,,,,,,,,,,,,,,,,,,,1600,,,1778,,VISO,ETH,,,,,,126421,,,,,,,,2026DK_018,2,,,,,,,,,,,,,,,,,1818960
8967025,15-01-2026 18:54:00,54.91285000,6.15223300,,,LV,Sardina pilchardus,I4537,1,,6484,,1610026,1818961,DENMARK,26D4,4458,12366,12129,,,35.98,74257,,,,,,,,,,,,,,,,,,,,,,,,,,,49,,,,,,,MRN2,,2,,,,,,,,,,,,,,,,,,,,,,,1600,,,1778,,VISO,ETH,,,,,,126421,,,,,,,,2026DK_018,2,,,,,,,,,,,,,,,,,1818961
8967026,15-01-2026 18:54:00,54.91285000,6.15223300,,,LV,Sardina pilchardus,I4537,1,,6484,,1610026,1818950,DENMARK,26D4,4458,12366,12129,,,35.98,74257,,,,,,,,,,,,,,,,,,,,,,,,,,,49,,,,,,,MRN2,,2,,,,,,,,,,,,,,,,,,,,,,,1600,,,1778,,VISO,ETH,,,,,,126421,,,,,,,,2026DK_018,2,,,,,,,,,,,,,,,,,1818950
8967027,15-01-2026 18:54:00,54.91285000,6.15223300,,,LV,Sardina pilchardus,I4537,3,,6484,,1610026,1818951,DENMARK,26D4,4458,12366,12129,,,35.98,74257,,,,,,,,,,,,,,,,,,,,,,,,,,,49,,,,,,,MRN2,,2,,,,,,,,,,,,,,,,,,,,,,,1600,,,1778,,VISO,ETH,,,,,,126421,,,,,,,,2026DK_018,2,,,,,,,,,,,,,,,,,1818951
8967028,15-01-2026 18:54:00,54.91285000,6.15223300,,,LV,Sardina pilchardus,I4537,4,,6484,,1610026,1818952,DENMARK,26D4,4458,12366,12129,,,35.98,74257,,,,,,,,,,,,,,,,,,,,,,,,,,,49,,,,,,,MRN2,,2,,,,,,,,,,,,,,,,,,,,,,,1600,,,1778,,VISO,ETH,,,,,,126421,,,,,,,,2026DK_018,2,,,,,,,,,,,,,,,,,1818952
8967029,15-01-2026 18:54:00,54.91285000,6.15223300,,,LV,Sardina pilchardus,I4537,4,,6484,,1610026,1818953,DENMARK,26D4,4458,12366,12129,,,35.98,74257,,,,,,,,,,,,,,,,,,,,,,,,,,,49,,,,,,,MRN2,,2,,,,,,,,,,,,,,,,,,,,,,,1600,,,1778,,VISO,ETH,,,,,,126421,,,,,,,,2026DK_018,2,,,,,,,,,,,,,,,,,1818953
8967030,15-01-2026 18:54:00,54.91285000,6.15223300,,,LV,Sardina pilchardus,I4537,6,,6484,,1610026,1818954,DENMARK,26D4,4458,12366,12129,,,35.98,74257,,,,,,,,,,,,,,,,,,,,,,,,,,,49,,,,,,,MRN2,,2,,,,,,,,,,,,,,,,,,,,,,,1600,,,1778,,VISO,ETH,,,,,,126421,,,,,,,,2026DK_018,2,,,,,,,,,,,,,,,,,1818954
8967031,15-01-2026 18:54:00,54.91285000,6.15223300,,,LV,Sardina pilchardus,I4537,3,,6484,,1610026,1818955,DENMARK,26D4,4458,12366,12129,,,35.98,74257,,,,,,,,,,,,,,,,,,,,,,,,,,,49,,,,,,,MRN2,,2,,,,,,,,,,,,,,,,,,,,,,,1600,,,1778,,VISO,ETH,,,,,,126421,,,,,,,,2026DK_018,2,,,,,,,,,,,,,,,,,1818955
8967032,15-01-2026 18:54:00,54.91285000,6.15223300,,,LV,Sardina pilchardus,I4537,4,,6484,,1610026,1818944,DENMARK,26D4,4458,12366,12129,,,35.98,74257,,,,,,,,,,,,,,,,,,,,,,,,,,,49,,,,,,,MRN2,,2,,,,,,,,,,,,,,,,,,,,,,,1600,,,1778,,VISO,ETH,,,,,,126421,,,,,,,,2026DK_018,2,,,,,,,,,,,,,,,,,1818944
8967033,15-01-2026 18:54:00,54.91285000,6.15223300,,,LV,Sardina pilchardus,I4537,1,,6484,,1610026,1818945,DENMARK,26D4,4458,12366,12129,,,35.98,74257,,,,,,,,,,,,,,,,,,,,,,,,,,,49,,,,,,,MRN2,,2,,,,,,,,,,,,,,,,,,,,,,,1600,,,1778,,VISO,ETH,,,,,,126421,,,,,,,,2026DK_018,2,,,,,,,,,,,,,,,,,1818945
8967034,15-01-2026 18:54:00,54.91285000,6.15223300,,,LV,Sardina pilchardus,I4537,4,,6484,,1610026,1818946,DENMARK,26D4,4458,12366,12129,,,35.98,74257,,,,,,,,,,,,,,,,,,,,,,,,,,,49,,,,,,,MRN2,,2,,,,,,,,,,,,,,,,,,,,,,,1600,,,1778,,VISO,ETH,,,,,,126421,,,,,,,,2026DK_018,2,,,,,,,,,,,,,,,,,1818946
8967035,15-01-2026 20:41:00,55.09108300,5.85435000,,,LV,Sardina pilchardus,I4537,1,,3144,,1610027,1818947,DENMARK,26D4,4458,12366,12129,,,35.98,36012,,,,,,,,,,,,,,,,,,,,,,,,,,,50,,,,,,,MRN2,,2,,,,,,,,,,,,,,,,,,,,,,,1600,,,1093,,VISO,ETH,,,,,,126421,,,,,,,,2026DK_019,2,,,,,,,,,,,,,,,,,1818947
8967036,15-01-2026 20:41:00,55.09108300,5.85435000,,,LV,Sardina pilchardus,I4537,2,,3144,,1610027,1818948,DENMARK,26D4,4458,12366,12129,,,35.98,36012,,,,,,,,,,,,,,,,,,,,,,,,,,,50,,,,,,,MRN2,,2,,,,,,,,,,,,,,,,,,,,,,,1600,,,1093,,VISO,ETH,,,,,,126421,,,,,,,,2026DK_019,2,,,,,,,,,,,,,,,,,1818948
8967037,15-01-2026 20:41:00,55.09108300,5.85435000,,,LV,Sardina pilchardus,I4537,2,,3144,,1610027,1818949,DENMARK,26D4,4458,12366,12129,,,35.98,36012,,,,,,,,,,,,,,,,,,,,,,,,,,,50,,,,,,,MRN2,,2,,,,,,,,,,,,,,,,,,,,,,,1600,,,1093,,VISO,ETH,,,,,,126421,,,,,,,,2026DK_019,2,,,,,,,,,,,,,,,,,1818949
8967038,15-01-2026 20:41:00,55.09108300,5.85435000,,,LV,Sardina pilchardus,I4537,2,,3144,,1610027,1818938,DENMARK,26D4,4458,12366,12129,,,35.98,36012,,,,,,,,,,,,,,,,,,,,,,,,,,,50,,,,,,,MRN2,,2,,,,,,,,,,,,,,,,,,,,,,,1600,,,1093,,VISO,ETH,,,,,,126421,,,,,,,,2026DK_019,2,,,,,,,,,,,,,,,,,1818938
8967039,15-01-2026 20:41:00,55.09108300,5.85435000,,,LV,Sardina pilchardus,I4537,4,,3144,,1610027,1818939,DENMARK,26D4,4458,12366,12129,,,35.98,36012,,,,,,,,,,,,,,,,,,,,,,,,,,,50,,,,,,,MRN2,,2,,,,,,,,,,,,,,,,,,,,,,,1600,,,1093,,VISO,ETH,,,,,,126421,,,,,,,,2026DK_019,2,,,,,,,,,,,,,,,,,1818939
8967040,15-01-2026 20:41:00,55.09108300,5.85435000,,,LV,Sardina pilchardus,I4537,4,,3144,,1610027,1818940,DENMARK,26D4,4458,12366,12129,,,35.98,36012,,,,,,,,,,,,,,,,,,,,,,,,,,,50,,,,,,,MRN2,,2,,,,,,,,,,,,,,,,,,,,,,,1600,,,1093,,VISO,ETH,,,,,,126421,,,,,,,,2026DK_019,2,,,,,,,,,,,,,,,,,1818940
8967041,15-01-2026 20:41:00,55.09108300,5.85435000,,,LV,Sardina pilchardus,I4537,4,,3144,,1610027,1818941,DENMARK,26D4,4458,12366,12129,,,35.98,36012,,,,,,,,,,,,,,,,,,,,,,,,,,,50,,,,,,,MRN2,,2,,,,,,,,,,,,,,,,,,,,,,,1600,,,1093,,VISO,ETH,,,,,,126421,,,,,,,,2026DK_019,2,,,,,,,,,,,,,,,,,1818941
8967042,15-01-2026 20:41:00,55.09108300,5.85435000,,,LV,Sardina pilchardus,I4537,1,,3144,,1610027,1818942,DENMARK,26D4,4458,12366,12129,,,35.98,36012,,,,,,,,,,,,,,,,,,,,,,,,,,,50,,,,,,,MRN2,,2,,,,,,,,,,,,,,,,,,,,,,,1600,,,1093,,VISO,ETH,,,,,,126421,,,,,,,,2026DK_019,2,,,,,,,,,,,,,,,,,1818942
8967043,15-01-2026 20:41:00,55.09108300,5.85435000,,,LV,Sardina pilchardus,I4537,1,,3144,,1610027,1818943,DENMARK,26D4,4458,12366,12129,,,35.98,36012,,,,,,,,,,,,,,,,,,,,,,,,,,,50,,,,,,,MRN2,,2,,,,,,,,,,,,,,,,,,,,,,,1600,,,1093,,VISO,ETH,,,,,,126421,,,,,,,,2026DK_019,2,,,,,,,,,,,,,,,,,1818943
8967044,15-01-2026 20:41:00,55.09108300,5.85435000,,,LV,Sardina pilchardus,I4537,1,,3144,,1610027,1818932,DENMARK,26D4,4458,12366,12129,,,35.98,36012,,,,,,,,,,,,,,,,,,,,,,,,,,,50,,,,,,,MRN2,,2,,,,,,,,,,,,,,,,,,,,,,,1600,,,1093,,VISO,ETH,,,,,,126421,,,,,,,,2026DK_019,2,,,,,,,,,,,,,,,,,1818932
8967045,15-01-2026 20:41:00,55.09108300,5.85435000,,,LV,Sardina pilchardus,I4537,1,,3144,,1610027,1818933,DENMARK,26D4,4458,12366,12129,,,35.98,36012,,,,,,,,,,,,,,,,,,,,,,,,,,,50,,,,,,,MRN2,,2,,,,,,,,,,,,,,,,,,,,,,,1600,,,1093,,VISO,ETH,,,,,,126421,,,,,,,,2026DK_019,2,,,,,,,,,,,,,,,,,1818933
8967046,15-01-2026 20:41:00,55.09108300,5.85435000,,,LV,Sardina pilchardus,I4537,1,,3144,,1610027,1818934,DENMARK,26D4,4458,12366,12129,,,35.98,36012,,,,,,,,,,,,,,,,,,,,,,,,,,,50,,,,,,,MRN2,,2,,,,,,,,,,,,,,,,,,,,,,,1600,,,1093,,VISO,ETH,,,,,,126421,,,,,,,,2026DK_019,2,,,,,,,,,,,,,,,,,1818934
8967047,15-01-2026 21:51:00,55.25968300,5.85163300,,,LV,Sardina pilchardus,I4537,1,,3348,,1610028,1818935,DENMARK,26D4,4458,12366,12129,,,35.98,38341,,,,,,,,,,,,,,,,,,,,,,,,,,,51,,,,,,,MRN2,,2,,,,,,,,,,,,,,,,,,,,,,,1600,,,1315,,VISO,ETH,,,,,,126421,,,,,,,,2026DK_020,2,,,,,,,,,,,,,,,,,1818935
8967048,15-01-2026 23:59:00,55.34125000,6.20311600,,,LV,Sardina pilchardus,I4537,3,,4166,,1610029,1818936,DENMARK,26D4,4458,12366,12129,,,35.98,47717,,,,,,,,,,,,,,,,,,,,,,,,,,,52,,,,,,,MRN2,,2,,,,,,,,,,,,,,,,,,,,,,,1600,,,1296,,VISO,ETH,,,,,,126421,,,,,,,,2026DK_021,2,,,,,,,,,,,,,,,,,1818936
8967049,15-01-2026 23:59:00,55.34125000,6.20311600,,,LV,Sardina pilchardus,I4537,3,,4166,,1610029,1818937,DENMARK,26D4,4458,12366,12129,,,35.98,47717,,,,,,,,,,,,,,,,,,,,,,,,,,,52,,,,,,,MRN2,,2,,,,,,,,,,,,,,,,,,,,,,,1600,,,1296,,VISO,ETH,,,,,,126421,,,,,,,,2026DK_021,2,,,,,,,,,,,,,,,,,1818937
8967050,15-01-2026 23:59:00,55.34125000,6.20311600,,,LV,Sardina pilchardus,I4537,2,,4166,,1610029,1818926,DENMARK,26D4,4458,12366,12129,,,35.98,47717,,,,,,,,,,,,,,,,,,,,,,,,,,,52,,,,,,,MRN2,,2,,,,,,,,,,,,,,,,,,,,,,,1600,,,1296,,VISO,ETH,,,,,,126421,,,,,,,,2026DK_021,2,,,,,,,,,,,,,,,,,1818926
8967051,15-01-2026 23:59:00,55.34125000,6.20311600,,,LV,Sardina pilchardus,I4537,3,,4166,,1610029,1818927,DENMARK,26D4,4458,12366,12129,,,35.98,47717,,,,,,,,,,,,,,,,,,,,,,,,,,,52,,,,,,,MRN2,,2,,,,,,,,,,,,,,,,,,,,,,,1600,,,1296,,VISO,ETH,,,,,,126421,,,,,,,,2026DK_021,2,,,,,,,,,,,,,,,,,1818927
8967052,15-01-2026 23:59:00,55.34125000,6.20311600,,,LV,Sardina pilchardus,I4537,7,,4166,,1610029,1818928,DENMARK,26D4,4458,12366,12129,,,35.98,47717,,,,,,,,,,,,,,,,,,,,,,,,,,,52,,,,,,,MRN2,,2,,,,,,,,,,,,,,,,,,,,,,,1600,,,1296,,VISO,ETH,,,,,,126421,,,,,,,,2026DK_021,2,,,,,,,,,,,,,,,,,1818928
8967053,15-01-2026 23:59:00,55.34125000,6.20311600,,,LV,Sardina pilchardus,I4537,3,,4166,,1610029,1818929,DENMARK,26D4,4458,12366,12129,,,35.98,47717,,,,,,,,,,,,,,,,,,,,,,,,,,,52,,,,,,,MRN2,,2,,,,,,,,,,,,,,,,,,,,,,,1600,,,1296,,VISO,ETH,,,,,,126421,,,,,,,,2026DK_021,2,,,,,,,,,,,,,,,,,1818929
8967054,15-01-2026 23:59:00,55.34125000,6.20311600,,,LV,Sardina pilchardus,I4537,3,,4166,,1610029,1818930,DENMARK,26D4,4458,12366,12129,,,35.98,47717,,,,,,,,,,,,,,,,,,,,,,,,,,,52,,,,,,,MRN2,,2,,,,,,,,,,,,,,,,,,,,,,,1600,,,1296,,VISO,ETH,,,,,,126421,,,,,,,,2026DK_021,2,,,,,,,,,,,,,,,,,1818930
8967055,15-01-2026 23:59:00,55.34125000,6.20311600,,,LV,Sardina pilchardus,I4537,3,,4166,,1610029,1818931,DENMARK,26D4,4458,12366,12129,,,35.98,47717,,,,,,,,,,,,,,,,,,,,,,,,,,,52,,,,,,,MRN2,,2,,,,,,,,,,,,,,,,,,,,,,,1600,,,1296,,VISO,ETH,,,,,,126421,,,,,,,,2026DK_021,2,,,,,,,,,,,,,,,,,1818931
8967056,15-01-2026 23:59:00,55.34125000,6.20311600,,,LV,Sardina pilchardus,I4537,1,,4166,,1610029,1818920,DENMARK,26D4,4458,12366,12129,,,35.98,47717,,,,,,,,,,,,,,,,,,,,,,,,,,,52,,,,,,,MRN2,,2,,,,,,,,,,,,,,,,,,,,,,,1600,,,1296,,VISO,ETH,,,,,,126421,,,,,,,,2026DK_021,2,,,,,,,,,,,,,,,,,1818920
8967057,16-01-2026 01:16:00,55.41230000,6.48838300,,,LV,Sardina pilchardus,I4537,2,,4320,,1610030,1818921,DENMARK,26D4,4458,12366,12129,,,35.98,49480,,,,,,,,,,,,,,,,,,,,,,,,,,,53,,,,,,,MRN2,,2,,,,,,,,,,,,,,,,,,,,,,,1600,,,1482,,VISO,ETH,,,,,,126421,,,,,,,,2026DK_022,2,,,,,,,,,,,,,,,,,1818921
8967058,16-01-2026 01:16:00,55.41230000,6.48838300,,,LV,Sardina pilchardus,I4537,2,,4320,,1610030,1818922,DENMARK,26D4,4458,12366,12129,,,35.98,49480,,,,,,,,,,,,,,,,,,,,,,,,,,,53,,,,,,,MRN2,,2,,,,,,,,,,,,,,,,,,,,,,,1600,,,1482,,VISO,ETH,,,,,,126421,,,,,,,,2026DK_022,2,,,,,,,,,,,,,,,,,1818922
8967059,16-01-2026 01:16:00,55.41230000,6.48838300,,,LV,Sardina pilchardus,I4537,5,,4320,,1610030,1818923,DENMARK,26D4,4458,12366,12129,,,35.98,49480,,,,,,,,,,,,,,,,,,,,,,,,,,,53,,,,,,,MRN2,,2,,,,,,,,,,,,,,,,,,,,,,,1600,,,1482,,VISO,ETH,,,,,,126421,,,,,,,,2026DK_022,2,,,,,,,,,,,,,,,,,1818923
8967060,16-01-2026 01:16:00,55.41230000,6.48838300,,,LV,Sardina pilchardus,I4537,4,,4320,,1610030,1818924,DENMARK,26D4,4458,12366,12129,,,35.98,49480,,,,,,,,,,,,,,,,,,,,,,,,,,,53,,,,,,,MRN2,,2,,,,,,,,,,,,,,,,,,,,,,,1600,,,1482,,VISO,ETH,,,,,,126421,,,,,,,,2026DK_022,2,,,,,,,,,,,,,,,,,1818924
8967061,16-01-2026 01:16:00,55.41230000,6.48838300,,,LV,Sardina pilchardus,I4537,12,,4320,,1610030,1818925,DENMARK,26D4,4458,12366,12129,,,35.98,49480,,,,,,,,,,,,,,,,,,,,,,,,,,,53,,,,,,,MRN2,,2,,,,,,,,,,,,,,,,,,,,,,,1600,,,1482,,VISO,ETH,,,,,,126421,,,,,,,,2026DK_022,2,,,,,,,,,,,,,,,,,1818925
8967062,16-01-2026 01:16:00,55.41230000,6.48838300,,,LV,Sardina pilchardus,I4537,12,,4320,,1610030,1818914,DENMARK,26D4,4458,12366,12129,,,35.98,49480,,,,,,,,,,,,,,,,,,,,,,,,,,,53,,,,,,,MRN2,,2,,,,,,,,,,,,,,,,,,,,,,,1600,,,1482,,VISO,ETH,,,,,,126421,,,,,,,,2026DK_022,2,,,,,,,,,,,,,,,,,1818914
8967063,16-01-2026 01:16:00,55.41230000,6.48838300,,,LV,Sardina pilchardus,I4537,2,,4320,,1610030,1818915,DENMARK,26D4,4458,12366,12129,,,35.98,49480,,,,,,,,,,,,,,,,,,,,,,,,,,,53,,,,,,,MRN2,,2,,,,,,,,,,,,,,,,,,,,,,,1600,,,1482,,VISO,ETH,,,,,,126421,,,,,,,,2026DK_022,2,,,,,,,,,,,,,,,,,1818915
8967064,16-01-2026 01:16:00,55.41230000,6.48838300,,,LV,Sardina pilchardus,I4537,3,,4320,,1610030,1818916,DENMARK,26D4,4458,12366,12129,,,35.98,49480,,,,,,,,,,,,,,,,,,,,,,,,,,,53,,,,,,,MRN2,,2,,,,,,,,,,,,,,,,,,,,,,,1600,,,1482,,VISO,ETH,,,,,,126421,,,,,,,,2026DK_022,2,,,,,,,,,,,,,,,,,1818916
8967065,16-01-2026 01:16:00,55.41230000,6.48838300,,,LV,Sardina pilchardus,I4537,1,,4320,,1610030,1818917,DENMARK,26D4,4458,12366,12129,,,35.98,49480,,,,,,,,,,,,,,,,,,,,,,,,,,,53,,,,,,,MRN2,,2,,,,,,,,,,,,,,,,,,,,,,,1600,,,1482,,VISO,ETH,,,,,,126421,,,,,,,,2026DK_022,2,,,,,,,,,,,,,,,,,1818917
8967066,16-01-2026 01:16:00,55.41230000,6.48838300,,,LV,Sardina pilchardus,I4537,1,,4320,,1610030,1818918,DENMARK,26D4,4458,12366,12129,,,35.98,49480,,,,,,,,,,,,,,,,,,,,,,,,,,,53,,,,,,,MRN2,,2,,,,,,,,,,,,,,,,,,,,,,,1600,,,1482,,VISO,ETH,,,,,,126421,,,,,,,,2026DK_022,2,,,,,,,,,,,,,,,,,1818918
8967067,16-01-2026 01:16:00,55.41230000,6.48838300,,,LV,Sardina pilchardus,I4537,3,,4320,,1610030,1818919,DENMARK,26D4,4458,12366,12129,,,35.98,49480,,,,,,,,,,,,,,,,,,,,,,,,,,,53,,,,,,,MRN2,,2,,,,,,,,,,,,,,,,,,,,,,,1600,,,1482,,VISO,ETH,,,,,,126421,,,,,,,,2026DK_022,2,,,,,,,,,,,,,,,,,1818919
8967068,16-01-2026 01:16:00,55.41230000,6.48838300,,,LV,Sardina pilchardus,I4537,4,,4320,,1610030,1818908,DENMARK,26D4,4458,12366,12129,,,35.98,49480,,,,,,,,,,,,,,,,,,,,,,,,,,,53,,,,,,,MRN2,,2,,,,,,,,,,,,,,,,,,,,,,,1600,,,1482,,VISO,ETH,,,,,,126421,,,,,,,,2026DK_022,2,,,,,,,,,,,,,,,,,1818908
8967069,16-01-2026 01:16:00,55.41230000,6.48838300,,,LV,Sardina pilchardus,I4537,2,,4320,,1610030,1818909,DENMARK,26D4,4458,12366,12129,,,35.98,49480,,,,,,,,,,,,,,,,,,,,,,,,,,,53,,,,,,,MRN2,,2,,,,,,,,,,,,,,,,,,,,,,,1600,,,1482,,VISO,ETH,,,,,,126421,,,,,,,,2026DK_022,2,,,,,,,,,,,,,,,,,1818909
8967070,16-01-2026 01:16:00,55.41230000,6.48838300,,,LV,Sardina pilchardus,I4537,1,,4320,,1610030,1818910,DENMARK,26D4,4458,12366,12129,,,35.98,49480,,,,,,,,,,,,,,,,,,,,,,,,,,,53,,,,,,,MRN2,,2,,,,,,,,,,,,,,,,,,,,,,,1600,,,1482,,VISO,ETH,,,,,,126421,,,,,,,,2026DK_022,2,,,,,,,,,,,,,,,,,1818910
8967071,16-01-2026 02:51:00,55.59198300,6.78556600,,,LV,Sardina pilchardus,I4537,1,,3318,,1610031,1818911,DENMARK,26D4,4458,12366,12129,,,35.98,38004,,,,,,,,,,,,,,,,,,,,,,,,,,,54,,,,,,,MRN2,,2,,,,,,,,,,,,,,,,,,,,,,,1600,,,1204,,VISO,ETH,,,,,,126421,,,,,,,,2026DK_023,2,,,,,,,,,,,,,,,,,1818911
8967072,16-01-2026 02:51:00,55.59198300,6.78556600,,,LV,Sardina pilchardus,I4537,1,,3318,,1610031,1818912,DENMARK,26D4,4458,12366,12129,,,35.98,38004,,,,,,,,,,,,,,,,,,,,,,,,,,,54,,,,,,,MRN2,,2,,,,,,,,,,,,,,,,,,,,,,,1600,,,1204,,VISO,ETH,,,,,,126421,,,,,,,,2026DK_023,2,,,,,,,,,,,,,,,,,1818912
8967073,16-01-2026 02:51:00,55.59198300,6.78556600,,,LV,Sardina pilchardus,I4537,1,,3318,,1610031,1818913,DENMARK,26D4,4458,12366,12129,,,35.98,38004,,,,,,,,,,,,,,,,,,,,,,,,,,,54,,,,,,,MRN2,,2,,,,,,,,,,,,,,,,,,,,,,,1600,,,1204,,VISO,ETH,,,,,,126421,,,,,,,,2026DK_023,2,,,,,,,,,,,,,,,,,1818913
8967074,16-01-2026 02:51:00,55.59198300,6.78556600,,,LV,Sardina pilchardus,I4537,1,,3318,,1610031,1818902,DENMARK,26D4,4458,12366,12129,,,35.98,38004,,,,,,,,,,,,,,,,,,,,,,,,,,,54,,,,,,,MRN2,,2,,,,,,,,,,,,,,,,,,,,,,,1600,,,1204,,VISO,ETH,,,,,,126421,,,,,,,,2026DK_023,2,,,,,,,,,,,,,,,,,1818902
8967075,16-01-2026 02:51:00,55.59198300,6.78556600,,,LV,Sardina pilchardus,I4537,1,,3318,,1610031,1818903,DENMARK,26D4,4458,12366,12129,,,35.98,38004,,,,,,,,,,,,,,,,,,,,,,,,,,,54,,,,,,,MRN2,,2,,,,,,,,,,,,,,,,,,,,,,,1600,,,1204,,VISO,ETH,,,,,,126421,,,,,,,,2026DK_023,2,,,,,,,,,,,,,,,,,1818903
8967076,17-01-2026 00:50:00,55.62603300,6.20560000,,,LV,Sardina pilchardus,I4537,1,,4319,,1610032,1818904,DENMARK,26D4,4458,12366,12129,,,35.98,49461,,,,,,,,,,,,,,,,,,,,,,,,,,,71,,,,,,,MRN2,,2,,,,,,,,,,,,,,,,,,,,,,,1600,,,1445,,VISO,ETH,,,,,,126421,,,,,,,,2026DK_024,2,,,,,,,,,,,,,,,,,1818904
8967077,17-01-2026 00:50:00,55.62603300,6.20560000,,,LV,Sardina pilchardus,I4537,1,,4319,,1610032,1818905,DENMARK,26D4,4458,12366,12129,,,35.98,49461,,,,,,,,,,,,,,,,,,,,,,,,,,,71,,,,,,,MRN2,,2,,,,,,,,,,,,,,,,,,,,,,,1600,,,1445,,VISO,ETH,,,,,,126421,,,,,,,,2026DK_024,2,,,,,,,,,,,,,,,,,1818905
8967078,17-01-2026 00:50:00,55.62603300,6.20560000,,,LV,Sardina pilchardus,I4537,1,,4319,,1610032,1818906,DENMARK,26D4,4458,12366,12129,,,35.98,49461,,,,,,,,,,,,,,,,,,,,,,,,,,,71,,,,,,,MRN2,,2,,,,,,,,,,,,,,,,,,,,,,,1600,,,1445,,VISO,ETH,,,,,,126421,,,,,,,,2026DK_024,2,,,,,,,,,,,,,,,,,1818906
8967079,17-01-2026 00:50:00,55.62603300,6.20560000,,,LV,Sardina pilchardus,I4537,2,,4319,,1610032,1818907,DENMARK,26D4,4458,12366,12129,,,35.98,49461,,,,,,,,,,,,,,,,,,,,,,,,,,,71,,,,,,,MRN2,,2,,,,,,,,,,,,,,,,,,,,,,,1600,,,1445,,VISO,ETH,,,,,,126421,,,,,,,,2026DK_024,2,,,,,,,,,,,,,,,,,1818907
8967080,17-01-2026 00:50:00,55.62603300,6.20560000,,,LV,Sardina pilchardus,I4537,2,,4319,,1610032,1818896,DENMARK,26D4,4458,12366,12129,,,35.98,49461,,,,,,,,,,,,,,,,,,,,,,,,,,,71,,,,,,,MRN2,,2,,,,,,,,,,,,,,,,,,,,,,,1600,,,1445,,VISO,ETH,,,,,,126421,,,,,,,,2026DK_024,2,,,,,,,,,,,,,,,,,1818896
8967081,17-01-2026 00:50:00,55.62603300,6.20560000,,,LV,Sardina pilchardus,I4537,3,,4319,,1610032,1818897,DENMARK,26D4,4458,12366,12129,,,35.98,49461,,,,,,,,,,,,,,,,,,,,,,,,,,,71,,,,,,,MRN2,,2,,,,,,,,,,,,,,,,,,,,,,,1600,,,1445,,VISO,ETH,,,,,,126421,,,,,,,,2026DK_024,2,,,,,,,,,,,,,,,,,1818897
8967082,17-01-2026 00:50:00,55.62603300,6.20560000,,,LV,Sardina pilchardus,I4537,3,,4319,,1610032,1818898,DENMARK,26D4,4458,12366,12129,,,35.98,49461,,,,,,,,,,,,,,,,,,,,,,,,,,,71,,,,,,,MRN2,,2,,,,,,,,,,,,,,,,,,,,,,,1600,,,1445,,VISO,ETH,,,,,,126421,,,,,,,,2026DK_024,2,,,,,,,,,,,,,,,,,1818898
8967083,17-01-2026 00:50:00,55.62603300,6.20560000,,,LV,Sardina pilchardus,I4537,2,,4319,,1610032,1818899,DENMARK,26D4,4458,12366,12129,,,35.98,49461,,,,,,,,,,,,,,,,,,,,,,,,,,,71,,,,,,,MRN2,,2,,,,,,,,,,,,,,,,,,,,,,,1600,,,1445,,VISO,ETH,,,,,,126421,,,,,,,,2026DK_024,2,,,,,,,,,,,,,,,,,1818899
8967084,17-01-2026 00:50:00,55.62603300,6.20560000,,,LV,Sardina pilchardus,I4537,1,,4319,,1610032,1818900,DENMARK,26D4,4458,12366,12129,,,35.98,49461,,,,,,,,,,,,,,,,,,,,,,,,,,,71,,,,,,,MRN2,,2,,,,,,,,,,,,,,,,,,,,,,,1600,,,1445,,VISO,ETH,,,,,,126421,,,,,,,,2026DK_024,2,,,,,,,,,,,,,,,,,1818900
8967085,17-01-2026 00:50:00,55.62603300,6.20560000,,,LV,Sardina pilchardus,I4537,1,,4319,,1610032,1818901,DENMARK,26D4,4458,12366,12129,,,35.98,49461,,,,,,,,,,,,,,,,,,,,,,,,,,,71,,,,,,,MRN2,,2,,,,,,,,,,,,,,,,,,,,,,,1600,,,1445,,VISO,ETH,,,,,,126421,,,,,,,,2026DK_024,2,,,,,,,,,,,,,,,,,1818901
8967086,17-01-2026 02:19:00,55.63770000,5.81686600,,,LV,Sardina pilchardus,I4537,1,,4404,,1610033,1818890,DENMARK,26D4,4458,12366,12129,,,35.98,50437,,,,,,,,,,,,,,,,,,,,,,,,,,,72,,,,,,,MRN2,,2,,,,,,,,,,,,,,,,,,,,,,,1600,,,1593,,VISO,ETH,,,,,,126421,,,,,,,,2026DK_025,2,,,,,,,,,,,,,,,,,1818890
8967087,17-01-2026 02:19:00,55.63770000,5.81686600,,,LV,Sardina pilchardus,I4537,1,,4404,,1610033,1818891,DENMARK,26D4,4458,12366,12129,,,35.98,50437,,,,,,,,,,,,,,,,,,,,,,,,,,,72,,,,,,,MRN2,,2,,,,,,,,,,,,,,,,,,,,,,,1600,,,1593,,VISO,ETH,,,,,,126421,,,,,,,,2026DK_025,2,,,,,,,,,,,,,,,,,1818891
8967088,17-01-2026 02:19:00,55.63770000,5.81686600,,,LV,Sardina pilchardus,I4537,1,,4404,,1610033,1818892,DENMARK,26D4,4458,12366,12129,,,35.98,50437,,,,,,,,,,,,,,,,,,,,,,,,,,,72,,,,,,,MRN2,,2,,,,,,,,,,,,,,,,,,,,,,,1600,,,1593,,VISO,ETH,,,,,,126421,,,,,,,,2026DK_025,2,,,,,,,,,,,,,,,,,1818892
8967089,17-01-2026 02:19:00,55.63770000,5.81686600,,,LV,Sardina pilchardus,I4537,3,,4404,,1610033,1818893,DENMARK,26D4,4458,12366,12129,,,35.98,50437,,,,,,,,,,,,,,,,,,,,,,,,,,,72,,,,,,,MRN2,,2,,,,,,,,,,,,,,,,,,,,,,,1600,,,1593,,VISO,ETH,,,,,,126421,,,,,,,,2026DK_025,2,,,,,,,,,,,,,,,,,1818893
8967090,17-01-2026 02:19:00,55.63770000,5.81686600,,,LV,Sardina pilchardus,I4537,1,,4404,,1610033,1818894,DENMARK,26D4,4458,12366,12129,,,35.98,50437,,,,,,,,,,,,,,,,,,,,,,,,,,,72,,,,,,,MRN2,,2,,,,,,,,,,,,,,,,,,,,,,,1600,,,1593,,VISO,ETH,,,,,,126421,,,,,,,,2026DK_025,2,,,,,,,,,,,,,,,,,1818894
8967091,17-01-2026 02:19:00,55.63770000,5.81686600,,,LV,Sardina pilchardus,I4537,1,,4404,,1610033,1818895,DENMARK,26D4,4458,12366,12129,,,35.98,50437,,,,,,,,,,,,,,,,,,,,,,,,,,,72,,,,,,,MRN2,,2,,,,,,,,,,,,,,,,,,,,,,,1600,,,1593,,VISO,ETH,,,,,,126421,,,,,,,,2026DK_025,2,,,,,,,,,,,,,,,,,1818895
8967092,17-01-2026 03:37:00,55.81446600,5.79900000,,,LV,Sardina pilchardus,I4537,1,,3921,,1610034,1818884,DENMARK,26D4,4458,12366,12129,,,35.98,44901,,,,,,,,,,,,,,,,,,,,,,,,,,,73,,,,,,,MRN2,,2,,,,,,,,,,,,,,,,,,,,,,,1600,,,1204,,VISO,ETH,,,,,,126421,,,,,,,,2026DK_026,2,,,,,,,,,,,,,,,,,1818884
8967093,17-01-2026 03:37:00,55.81446600,5.79900000,,,LV,Sardina pilchardus,I4537,1,,3921,,1610034,1818885,DENMARK,26D4,4458,12366,12129,,,35.98,44901,,,,,,,,,,,,,,,,,,,,,,,,,,,73,,,,,,,MRN2,,2,,,,,,,,,,,,,,,,,,,,,,,1600,,,1204,,VISO,ETH,,,,,,126421,,,,,,,,2026DK_026,2,,,,,,,,,,,,,,,,,1818885
8967094,17-01-2026 03:37:00,55.81446600,5.79900000,,,LV,Sardina pilchardus,I4537,1,,3921,,1610034,1818886,DENMARK,26D4,4458,12366,12129,,,35.98,44901,,,,,,,,,,,,,,,,,,,,,,,,,,,73,,,,,,,MRN2,,2,,,,,,,,,,,,,,,,,,,,,,,1600,,,1204,,VISO,ETH,,,,,,126421,,,,,,,,2026DK_026,2,,,,,,,,,,,,,,,,,1818886
8967095,17-01-2026 03:37:00,55.81446600,5.79900000,,,LV,Sardina pilchardus,I4537,1,,3921,,1610034,1818887,DENMARK,26D4,4458,12366,12129,,,35.98,44901,,,,,,,,,,,,,,,,,,,,,,,,,,,73,,,,,,,MRN2,,2,,,,,,,,,,,,,,,,,,,,,,,1600,,,1204,,VISO,ETH,,,,,,126421,,,,,,,,2026DK_026,2,,,,,,,,,,,,,,,,,1818887
8967096,17-01-2026 20:32:00,55.84940000,4.84358300,,,LV,Sardina pilchardus,I4537,1,,4311,,1610036,1818888,DENMARK,26D4,4458,12366,12129,,,35.98,49377,,,,,,,,,,,,,,,,,,,,,,,,,,,84,,,,,,,MRN2,,2,,,,,,,,,,,,,,,,,,,,,,,1600,,,1370,,VISO,ETH,,,,,,126421,,,,,,,,2026DK_028,2,,,,,,,,,,,,,,,,,1818888
8967097,17-01-2026 23:42:00,55.40618300,4.53656600,,,LV,Sardina pilchardus,I4537,1,,4994,,1610038,1818889,DENMARK,26D4,4458,12366,12129,,,35.98,57199,,,,,,,,,,,,,,,,,,,,,,,,,,,86,,,,,,,MRN2,,2,,,,,,,,,,,,,,,,,,,,,,,1600,,,1519,,VISO,ETH,,,,,,126421,,,,,,,,2026DK_030,2,,,,,,,,,,,,,,,,,1818889
8967098,18-01-2026 18:24:00,55.24270000,3.85783300,,,LV,Sardina pilchardus,I4537,1,,4460,,1610040,1818878,DENMARK,26D4,4458,12366,12129,,,35.98,51081,,,,,,,,,,,,,,,,,,,,,,,,,,,96,,,,,,,MRN2,,2,,,,,,,,,,,,,,,,,,,,,,,1600,,,1463,,VISO,ETH,,,,,,126421,,,,,,,,2026DK_032,2,,,,,,,,,,,,,,,,,1818878
8967099,19-01-2026 00:07:00,56.08565000,3.82485000,,,LV,Sardina pilchardus,I4537,1,,7815,,1610044,1818879,DENMARK,26D4,4458,12366,12129,,,35.98,89502,,,,,,,,,,,,,,,,,,,,,,,,,,,100,,,,,,,MRN2,,2,,,,,,,,,,,,,,,,,,,,,,,1600,,,2482,,VISO,ETH,,,,,,126421,,,,,,,,2026DK_036,2,,,,,,,,,,,,,,,,,1818879
8967100,19-01-2026 03:09:00,56.24863300,4.12855000,,,LV,Sardina pilchardus,I4537,1,,6324,,1610046,1818880,DENMARK,26D4,4458,12366,12129,,,35.98,72430,,,,,,,,,,,,,,,,,,,,,,,,,,,102,,,,,,,MRN2,,2,,,,,,,,,,,,,,,,,,,,,,,1600,,,1926,,VISO,ETH,,,,,,126421,,,,,,,,2026DK_038,2,,,,,,,,,,,,,,,,,1818880
8967101,20-01-2026 18:14:00,54.42810000,3.48163300,,,LV,Sardina pilchardus,I4537,1,,3983,,1610055,1818881,DENMARK,26D4,4458,12366,12129,,,35.98,45616,,,,,,,,,,,,,,,,,,,,,,,,,,,127,,,,,,,MRN2,,2,,,,,,,,,,,,,,,,,,,,,,,1600,,,1296,,VISO,ETH,,,,,,126421,,,,,,,,2026DK_047,2,,,,,,,,,,,,,,,,,1818881
8967102,27-01-2026 02:50:00,54.59405000,4.21976600,,,LV,Sardina pilchardus,I4537,1,,4786,,1610062,1818882,DENMARK,26D4,4458,12366,12129,,,35.98,54817,,,,,,,,,,,,,,,,,,,,,,,,,,,144,,,,,,,MRN2,,2,,,,,,,,,,,,,,,,,,,,,,,1600,,,1648,,VISO,ETH,,,,,,126421,,,,,,,,2026DK_054,2,,,,,,,,,,,,,,,,,1818882
8967103,27-01-2026 02:50:00,54.59405000,4.21976600,,,LV,Sardina pilchardus,I4537,1,,4786,,1610062,1818883,DENMARK,26D4,4458,12366,12129,,,35.98,54817,,,,,,,,,,,,,,,,,,,,,,,,,,,144,,,,,,,MRN2,,2,,,,,,,,,,,,,,,,,,,,,,,1600,,,1648,,VISO,ETH,,,,,,126421,,,,,,,,2026DK_054,2,,,,,,,,,,,,,,,,,1818883
8967104,27-01-2026 02:50:00,54.59405000,4.21976600,,,LV,Sardina pilchardus,I4537,2,,4786,,1610062,1818872,DENMARK,26D4,4458,12366,12129,,,35.98,54817,,,,,,,,,,,,,,,,,,,,,,,,,,,144,,,,,,,MRN2,,2,,,,,,,,,,,,,,,,,,,,,,,1600,,,1648,,VISO,ETH,,,,,,126421,,,,,,,,2026DK_054,2,,,,,,,,,,,,,,,,,1818872
8967105,27-01-2026 02:50:00,54.59405000,4.21976600,,,LV,Sardina pilchardus,I4537,2,,4786,,1610062,1818873,DENMARK,26D4,4458,12366,12129,,,35.98,54817,,,,,,,,,,,,,,,,,,,,,,,,,,,144,,,,,,,MRN2,,2,,,,,,,,,,,,,,,,,,,,,,,1600,,,1648,,VISO,ETH,,,,,,126421,,,,,,,,2026DK_054,2,,,,,,,,,,,,,,,,,1818873
8967106,27-01-2026 02:50:00,54.59405000,4.21976600,,,LV,Sardina pilchardus,I4537,2,,4786,,1610062,1818874,DENMARK,26D4,4458,12366,12129,,,35.98,54817,,,,,,,,,,,,,,,,,,,,,,,,,,,144,,,,,,,MRN2,,2,,,,,,,,,,,,,,,,,,,,,,,1600,,,1648,,VISO,ETH,,,,,,126421,,,,,,,,2026DK_054,2,,,,,,,,,,,,,,,,,1818874
8967107,27-01-2026 02:50:00,54.59405000,4.21976600,,,LV,Sardina pilchardus,I4537,4,,4786,,1610062,1818875,DENMARK,26D4,4458,12366,12129,,,35.98,54817,,,,,,,,,,,,,,,,,,,,,,,,,,,144,,,,,,,MRN2,,2,,,,,,,,,,,,,,,,,,,,,,,1600,,,1648,,VISO,ETH,,,,,,126421,,,,,,,,2026DK_054,2,,,,,,,,,,,,,,,,,1818875
8967108,27-01-2026 02:50:00,54.59405000,4.21976600,,,LV,Sardina pilchardus,I4537,5,,4786,,1610062,1818876,DENMARK,26D4,4458,12366,12129,,,35.98,54817,,,,,,,,,,,,,,,,,,,,,,,,,,,144,,,,,,,MRN2,,2,,,,,,,,,,,,,,,,,,,,,,,1600,,,1648,,VISO,ETH,,,,,,126421,,,,,,,,2026DK_054,2,,,,,,,,,,,,,,,,,1818876
8967109,27-01-2026 02:50:00,54.59405000,4.21976600,,,LV,Sardina pilchardus,I4537,7,,4786,,1610062,1818877,DENMARK,26D4,4458,12366,12129,,,35.98,54817,,,,,,,,,,,,,,,,,,,,,,,,,,,144,,,,,,,MRN2,,2,,,,,,,,,,,,,,,,,,,,,,,1600,,,1648,,VISO,ETH,,,,,,126421,,,,,,,,2026DK_054,2,,,,,,,,,,,,,,,,,1818877
8967110,27-01-2026 02:50:00,54.59405000,4.21976600,,,LV,Sardina pilchardus,I4537,1,,4786,,1610062,1818866,DENMARK,26D4,4458,12366,12129,,,35.98,54817,,,,,,,,,,,,,,,,,,,,,,,,,,,144,,,,,,,MRN2,,2,,,,,,,,,,,,,,,,,,,,,,,1600,,,1648,,VISO,ETH,,,,,,126421,,,,,,,,2026DK_054,2,,,,,,,,,,,,,,,,,1818866
8967111,27-01-2026 02:50:00,54.59405000,4.21976600,,,LV,Sardina pilchardus,I4537,2,,4786,,1610062,1818867,DENMARK,26D4,4458,12366,12129,,,35.98,54817,,,,,,,,,,,,,,,,,,,,,,,,,,,144,,,,,,,MRN2,,2,,,,,,,,,,,,,,,,,,,,,,,1600,,,1648,,VISO,ETH,,,,,,126421,,,,,,,,2026DK_054,2,,,,,,,,,,,,,,,,,1818867
8967112,27-01-2026 02:50:00,54.59405000,4.21976600,,,LV,Sardina pilchardus,I4537,2,,4786,,1610062,1818868,DENMARK,26D4,4458,12366,12129,,,35.98,54817,,,,,,,,,,,,,,,,,,,,,,,,,,,144,,,,,,,MRN2,,2,,,,,,,,,,,,,,,,,,,,,,,1600,,,1648,,VISO,ETH,,,,,,126421,,,,,,,,2026DK_054,2,,,,,,,,,,,,,,,,,1818868
8967113,27-01-2026 02:50:00,54.59405000,4.21976600,,,LV,Sardina pilchardus,I4537,3,,4786,,1610062,1818869,DENMARK,26D4,4458,12366,12129,,,35.98,54817,,,,,,,,,,,,,,,,,,,,,,,,,,,144,,,,,,,MRN2,,2,,,,,,,,,,,,,,,,,,,,,,,1600,,,1648,,VISO,ETH,,,,,,126421,,,,,,,,2026DK_054,2,,,,,,,,,,,,,,,,,1818869
8967114,27-01-2026 02:50:00,54.59405000,4.21976600,,,LV,Sardina pilchardus,I4537,2,,4786,,1610062,1818870,DENMARK,26D4,4458,12366,12129,,,35.98,54817,,,,,,,,,,,,,,,,,,,,,,,,,,,144,,,,,,,MRN2,,2,,,,,,,,,,,,,,,,,,,,,,,1600,,,1648,,VISO,ETH,,,,,,126421,,,,,,,,2026DK_054,2,,,,,,,,,,,,,,,,,1818870
8967115,27-01-2026 02:50:00,54.59405000,4.21976600,,,LV,Sardina pilchardus,I4537,1,,4786,,1610062,1818871,DENMARK,26D4,4458,12366,12129,,,35.98,54817,,,,,,,,,,,,,,,,,,,,,,,,,,,144,,,,,,,MRN2,,2,,,,,,,,,,,,,,,,,,,,,,,1600,,,1648,,VISO,ETH,,,,,,126421,,,,,,,,2026DK_054,2,,,,,,,,,,,,,,,,,1818871
8967116,27-01-2026 04:15:00,54.72723300,4.41965000,,,LV,Sardina pilchardus,I4537,2,,4508,,1610063,1818860,DENMARK,26D4,4458,12366,12129,,,35.98,51631,,,,,,,,,,,,,,,,,,,,,,,,,,,145,,,,,,,MRN2,,2,,,,,,,,,,,,,,,,,,,,,,,1600,,,1519,,VISO,ETH,,,,,,126421,,,,,,,,2026DK_055,2,,,,,,,,,,,,,,,,,1818860
8967117,27-01-2026 04:15:00,54.72723300,4.41965000,,,LV,Sardina pilchardus,I4537,1,,4508,,1610063,1818861,DENMARK,26D4,4458,12366,12129,,,35.98,51631,,,,,,,,,,,,,,,,,,,,,,,,,,,145,,,,,,,MRN2,,2,,,,,,,,,,,,,,,,,,,,,,,1600,,,1519,,VISO,ETH,,,,,,126421,,,,,,,,2026DK_055,2,,,,,,,,,,,,,,,,,1818861
8967118,27-01-2026 04:15:00,54.72723300,4.41965000,,,LV,Sardina pilchardus,I4537,1,,4508,,1610063,1818862,DENMARK,26D4,4458,12366,12129,,,35.98,51631,,,,,,,,,,,,,,,,,,,,,,,,,,,145,,,,,,,MRN2,,2,,,,,,,,,,,,,,,,,,,,,,,1600,,,1519,,VISO,ETH,,,,,,126421,,,,,,,,2026DK_055,2,,,,,,,,,,,,,,,,,1818862
8967119,27-01-2026 04:15:00,54.72723300,4.41965000,,,LV,Sardina pilchardus,I4537,1,,4508,,1610063,1818863,DENMARK,26D4,4458,12366,12129,,,35.98,51631,,,,,,,,,,,,,,,,,,,,,,,,,,,145,,,,,,,MRN2,,2,,,,,,,,,,,,,,,,,,,,,,,1600,,,1519,,VISO,ETH,,,,,,126421,,,,,,,,2026DK_055,2,,,,,,,,,,,,,,,,,1818863
8967120,27-01-2026 04:15:00,54.72723300,4.41965000,,,LV,Sardina pilchardus,I4537,1,,4508,,1610063,1818864,DENMARK,26D4,4458,12366,12129,,,35.98,51631,,,,,,,,,,,,,,,,,,,,,,,,,,,145,,,,,,,MRN2,,2,,,,,,,,,,,,,,,,,,,,,,,1600,,,1519,,VISO,ETH,,,,,,126421,,,,,,,,2026DK_055,2,,,,,,,,,,,,,,,,,1818864
8967121,27-01-2026 04:15:00,54.72723300,4.41965000,,,LV,Sardina pilchardus,I4537,1,,4508,,1610063,1818865,DENMARK,26D4,4458,12366,12129,,,35.98,51631,,,,,,,,,,,,,,,,,,,,,,,,,,,145,,,,,,,MRN2,,2,,,,,,,,,,,,,,,,,,,,,,,1600,,,1519,,VISO,ETH,,,,,,126421,,,,,,,,2026DK_055,2,,,,,,,,,,,,,,,,,1818865
8967122,27-01-2026 04:15:00,54.72723300,4.41965000,,,LV,Sardina pilchardus,I4537,1,,4508,,1610063,1818854,DENMARK,26D4,4458,12366,12129,,,35.98,51631,,,,,,,,,,,,,,,,,,,,,,,,,,,145,,,,,,,MRN2,,2,,,,,,,,,,,,,,,,,,,,,,,1600,,,1519,,VISO,ETH,,,,,,126421,,,,,,,,2026DK_055,2,,,,,,,,,,,,,,,,,1818854
8967123,27-01-2026 04:15:00,54.72723300,4.41965000,,,LV,Sardina pilchardus,I4537,4,,4508,,1610063,1818855,DENMARK,26D4,4458,12366,12129,,,35.98,51631,,,,,,,,,,,,,,,,,,,,,,,,,,,145,,,,,,,MRN2,,2,,,,,,,,,,,,,,,,,,,,,,,1600,,,1519,,VISO,ETH,,,,,,126421,,,,,,,,2026DK_055,2,,,,,,,,,,,,,,,,,1818855
8967124,27-01-2026 04:15:00,54.72723300,4.41965000,,,LV,Sardina pilchardus,I4537,5,,4508,,1610063,1818856,DENMARK,26D4,4458,12366,12129,,,35.98,51631,,,,,,,,,,,,,,,,,,,,,,,,,,,145,,,,,,,MRN2,,2,,,,,,,,,,,,,,,,,,,,,,,1600,,,1519,,VISO,ETH,,,,,,126421,,,,,,,,2026DK_055,2,,,,,,,,,,,,,,,,,1818856
8967125,27-01-2026 04:15:00,54.72723300,4.41965000,,,LV,Sardina pilchardus,I4537,3,,4508,,1610063,1818857,DENMARK,26D4,4458,12366,12129,,,35.98,51631,,,,,,,,,,,,,,,,,,,,,,,,,,,145,,,,,,,MRN2,,2,,,,,,,,,,,,,,,,,,,,,,,1600,,,1519,,VISO,ETH,,,,,,126421,,,,,,,,2026DK_055,2,,,,,,,,,,,,,,,,,1818857
8967126,27-01-2026 04:15:00,54.72723300,4.41965000,,,LV,Sardina pilchardus,I4537,1,,4508,,1610063,1818858,DENMARK,26D4,4458,12366,12129,,,35.98,51631,,,,,,,,,,,,,,,,,,,,,,,,,,,145,,,,,,,MRN2,,2,,,,,,,,,,,,,,,,,,,,,,,1600,,,1519,,VISO,ETH,,,,,,126421,,,,,,,,2026DK_055,2,,,,,,,,,,,,,,,,,1818858
8967127,27-01-2026 04:15:00,54.72723300,4.41965000,,,LV,Sardina pilchardus,I4537,2,,4508,,1610063,1818859,DENMARK,26D4,4458,12366,12129,,,35.98,51631,,,,,,,,,,,,,,,,,,,,,,,,,,,145,,,,,,,MRN2,,2,,,,,,,,,,,,,,,,,,,,,,,1600,,,1519,,VISO,ETH,,,,,,126421,,,,,,,,2026DK_055,2,,,,,,,,,,,,,,,,,1818859
8967128,27-01-2026 04:15:00,54.72723300,4.41965000,,,LV,Sardina pilchardus,I4537,3,,4508,,1610063,1818848,DENMARK,26D4,4458,12366,12129,,,35.98,51631,,,,,,,,,,,,,,,,,,,,,,,,,,,145,,,,,,,MRN2,,2,,,,,,,,,,,,,,,,,,,,,,,1600,,,1519,,VISO,ETH,,,,,,126421,,,,,,,,2026DK_055,2,,,,,,,,,,,,,,,,,1818848
8967129,27-01-2026 04:15:00,54.72723300,4.41965000,,,LV,Sardina pilchardus,I4537,3,,4508,,1610063,1818849,DENMARK,26D4,4458,12366,12129,,,35.98,51631,,,,,,,,,,,,,,,,,,,,,,,,,,,145,,,,,,,MRN2,,2,,,,,,,,,,,,,,,,,,,,,,,1600,,,1519,,VISO,ETH,,,,,,126421,,,,,,,,2026DK_055,2,,,,,,,,,,,,,,,,,1818849
8967130,27-01-2026 04:15:00,54.72723300,4.41965000,,,LV,Sardina pilchardus,I4537,3,,4508,,1610063,1818850,DENMARK,26D4,4458,12366,12129,,,35.98,51631,,,,,,,,,,,,,,,,,,,,,,,,,,,145,,,,,,,MRN2,,2,,,,,,,,,,,,,,,,,,,,,,,1600,,,1519,,VISO,ETH,,,,,,126421,,,,,,,,2026DK_055,2,,,,,,,,,,,,,,,,,1818850
8967131,27-01-2026 04:15:00,54.72723300,4.41965000,,,LV,Sardina pilchardus,I4537,1,,4508,,1610063,1818851,DENMARK,26D4,4458,12366,12129,,,35.98,51631,,,,,,,,,,,,,,,,,,,,,,,,,,,145,,,,,,,MRN2,,2,,,,,,,,,,,,,,,,,,,,,,,1600,,,1519,,VISO,ETH,,,,,,126421,,,,,,,,2026DK_055,2,,,,,,,,,,,,,,,,,1818851
8967132,28-01-2026 23:56:00,56.58525000,5.84625000,,,LV,Sardina pilchardus,I4537,1,,4794,,1610068,1818852,DENMARK,26D4,4458,12366,12129,,,35.98,54908,,,,,,,,,,,,,,,,,,,,,,,,,,,164,,,,,,,MRN2,,2,,,,,,,,,,,,,,,,,,,,,,,1600,,,1463,,VISO,ETH,,,,,,126421,,,,,,,,2026DK_060,2,,,,,,,,,,,,,,,,,1818852
8967133,28-01-2026 23:56:00,56.58525000,5.84625000,,,LV,Sardina pilchardus,I4537,2,,4794,,1610068,1818853,DENMARK,26D4,4458,12366,12129,,,35.98,54908,,,,,,,,,,,,,,,,,,,,,,,,,,,164,,,,,,,MRN2,,2,,,,,,,,,,,,,,,,,,,,,,,1600,,,1463,,VISO,ETH,,,,,,126421,,,,,,,,2026DK_060,2,,,,,,,,,,,,,,,,,1818853
8967134,29-01-2026 01:34:00,56.38740000,5.84776600,,,LV,Sardina pilchardus,I4537,1,,3784,,1610069,1818842,DENMARK,26D4,4458,12366,12129,,,35.98,43339,,,,,,,,,,,,,,,,,,,,,,,,,,,165,,,,,,,MRN2,,2,,,,,,,,,,,,,,,,,,,,,,,1600,,,1148,,VISO,ETH,,,,,,126421,,,,,,,,2026DK_061,2,,,,,,,,,,,,,,,,,1818842
8967135,29-01-2026 01:34:00,56.38740000,5.84776600,,,LV,Sardina pilchardus,I4537,3,,3784,,1610069,1818843,DENMARK,26D4,4458,12366,12129,,,35.98,43339,,,,,,,,,,,,,,,,,,,,,,,,,,,165,,,,,,,MRN2,,2,,,,,,,,,,,,,,,,,,,,,,,1600,,,1148,,VISO,ETH,,,,,,126421,,,,,,,,2026DK_061,2,,,,,,,,,,,,,,,,,1818843
8967136,29-01-2026 01:34:00,56.38740000,5.84776600,,,LV,Sardina pilchardus,I4537,2,,3784,,1610069,1818844,DENMARK,26D4,4458,12366,12129,,,35.98,43339,,,,,,,,,,,,,,,,,,,,,,,,,,,165,,,,,,,MRN2,,2,,,,,,,,,,,,,,,,,,,,,,,1600,,,1148,,VISO,ETH,,,,,,126421,,,,,,,,2026DK_061,2,,,,,,,,,,,,,,,,,1818844
8967137,29-01-2026 01:34:00,56.38740000,5.84776600,,,LV,Sardina pilchardus,I4537,1,,3784,,1610069,1818845,DENMARK,26D4,4458,12366,12129,,,35.98,43339,,,,,,,,,,,,,,,,,,,,,,,,,,,165,,,,,,,MRN2,,2,,,,,,,,,,,,,,,,,,,,,,,1600,,,1148,,VISO,ETH,,,,,,126421,,,,,,,,2026DK_061,2,,,,,,,,,,,,,,,,,1818845
8967138,29-01-2026 01:34:00,56.38740000,5.84776600,,,LV,Sardina pilchardus,I4537,1,,3784,,1610069,1818846,DENMARK,26D4,4458,12366,12129,,,35.98,43339,,,,,,,,,,,,,,,,,,,,,,,,,,,165,,,,,,,MRN2,,2,,,,,,,,,,,,,,,,,,,,,,,1600,,,1148,,VISO,ETH,,,,,,126421,,,,,,,,2026DK_061,2,,,,,,,,,,,,,,,,,1818846
8967139,29-01-2026 03:23:00,56.38711600,6.15846600,,,LV,Sardina pilchardus,I4537,2,,4991,,1610070,1818847,DENMARK,26D4,4458,12366,12129,,,35.98,57163,,,,,,,,,,,,,,,,,,,,,,,,,,,166,,,,,,,MRN2,,2,,,,,,,,,,,,,,,,,,,,,,,1600,,,1630,,VISO,ETH,,,,,,126421,,,,,,,,2026DK_062,2,,,,,,,,,,,,,,,,,1818847
8967140,29-01-2026 03:23:00,56.38711600,6.15846600,,,LV,Sardina pilchardus,I4537,1,,4991,,1610070,1818836,DENMARK,26D4,4458,12366,12129,,,35.98,57163,,,,,,,,,,,,,,,,,,,,,,,,,,,166,,,,,,,MRN2,,2,,,,,,,,,,,,,,,,,,,,,,,1600,,,1630,,VISO,ETH,,,,,,126421,,,,,,,,2026DK_062,2,,,,,,,,,,,,,,,,,1818836
8967141,29-01-2026 04:47:00,56.21141600,6.15905000,,,LV,Sardina pilchardus,I4537,2,,5796,,1610071,1818837,DENMARK,26D4,4458,12366,12129,,,35.98,66378,,,,,,,,,,,,,,,,,,,,,,,,,,,167,,,,,,,MRN2,,2,,,,,,,,,,,,,,,,,,,,,,,1600,,,1908,,VISO,ETH,,,,,,126421,,,,,,,,2026DK_063,2,,,,,,,,,,,,,,,,,1818837
8967142,29-01-2026 04:47:00,56.21141600,6.15905000,,,LV,Sardina pilchardus,I4537,1,,5796,,1610071,1818838,DENMARK,26D4,4458,12366,12129,,,35.98,66378,,,,,,,,,,,,,,,,,,,,,,,,,,,167,,,,,,,MRN2,,2,,,,,,,,,,,,,,,,,,,,,,,1600,,,1908,,VISO,ETH,,,,,,126421,,,,,,,,2026DK_063,2,,,,,,,,,,,,,,,,,1818838
8967143,29-01-2026 04:47:00,56.21141600,6.15905000,,,LV,Sardina pilchardus,I4537,1,,5796,,1610071,1818839,DENMARK,26D4,4458,12366,12129,,,35.98,66378,,,,,,,,,,,,,,,,,,,,,,,,,,,167,,,,,,,MRN2,,2,,,,,,,,,,,,,,,,,,,,,,,1600,,,1908,,VISO,ETH,,,,,,126421,,,,,,,,2026DK_063,2,,,,,,,,,,,,,,,,,1818839
8967144,29-01-2026 04:47:00,56.21141600,6.15905000,,,LV,Sardina pilchardus,I4537,1,,5796,,1610071,1818840,DENMARK,26D4,4458,12366,12129,,,35.98,66378,,,,,,,,,,,,,,,,,,,,,,,,,,,167,,,,,,,MRN2,,2,,,,,,,,,,,,,,,,,,,,,,,1600,,,1908,,VISO,ETH,,,,,,126421,,,,,,,,2026DK_063,2,,,,,,,,,,,,,,,,,1818840
8967145,29-01-2026 04:47:00,56.21141600,6.15905000,,,LV,Sardina pilchardus,I4537,1,,5796,,1610071,1818841,DENMARK,26D4,4458,12366,12129,,,35.98,66378,,,,,,,,,,,,,,,,,,,,,,,,,,,167,,,,,,,MRN2,,2,,,,,,,,,,,,,,,,,,,,,,,1600,,,1908,,VISO,ETH,,,,,,126421,,,,,,,,2026DK_063,2,,,,,,,,,,,,,,,,,1818841
8967146,29-01-2026 04:47:00,56.21141600,6.15905000,,,LV,Sardina pilchardus,I4537,1,,5796,,1610071,1818835,DENMARK,26D4,4458,12366,12129,,,35.98,66378,,,,,,,,,,,,,,,,,,,,,,,,,,,167,,,,,,,MRN2,,2,,,,,,,,,,,,,,,,,,,,,,,1600,,,1908,,VISO,ETH,,,,,,126421,,,,,,,,2026DK_063,2,,,,,,,,,,,,,,,,,1818835
8967159,13-01-2026 23:45:00,57.11290000,7.52840000,,,LV,Microstomus kitt,I4537,1,,7826,,1610021,1818823,DENMARK,26D4,4458,12366,12120,,,35.98,89630,,,,,,,,,,,,,,,,,,,,,,,,,,,24,,,,,,,MRN2,,2,,,,,,,,,,,,,,,,,,,,,,,1600,,,1889,,VISO,ETH,,,,,,127140,,,,,,,,2026DK_008,2,,,,,,,,,,,,,,,,,1818823
8967160,13-01-2026 23:45:00,57.11290000,7.52840000,,,LV,Microstomus kitt,I4537,1,,7826,,1610021,1818824,DENMARK,26D4,4458,12366,12120,,,35.98,89630,,,,,,,,,,,,,,,,,,,,,,,,,,,24,,,,,,,MRN2,,2,,,,,,,,,,,,,,,,,,,,,,,1600,,,1889,,VISO,ETH,,,,,,127140,,,,,,,,2026DK_008,2,,,,,,,,,,,,,,,,,1818824
8967161,20-01-2026 00:37:00,54.90755000,2.85436600,,,LV,Microstomus kitt,I4537,1,,4450,,1610052,1818825,DENMARK,26D4,4458,12366,12120,,,35.98,50962,,,,,,,,,,,,,,,,,,,,,,,,,,,118,,,,,,,MRN2,,2,,,,,,,,,,,,,,,,,,,,,,,1600,,,1111,,VISO,ETH,,,,,,127140,,,,,,,,2026DK_044,2,,,,,,,,,,,,,,,,,1818825
8967162,20-01-2026 01:59:00,54.90853300,3.16831600,,,LV,Microstomus kitt,I4537,1,,3560,,1610053,1818826,DENMARK,26D4,4458,12366,12120,,,35.98,40767,,,,,,,,,,,,,,,,,,,,,,,,,,,119,,,,,,,MRN2,,2,,,,,,,,,,,,,,,,,,,,,,,1600,,,982,,VISO,ETH,,,,,,127140,,,,,,,,2026DK_045,2,,,,,,,,,,,,,,,,,1818826
8967163,20-01-2026 18:14:00,54.42810000,3.48163300,,,LV,Microstomus kitt,I4537,1,,3983,,1610055,1818827,DENMARK,26D4,4458,12366,12120,,,35.98,45616,,,,,,,,,,,,,,,,,,,,,,,,,,,127,,,,,,,MRN2,,2,,,,,,,,,,,,,,,,,,,,,,,1600,,,1296,,VISO,ETH,,,,,,127140,,,,,,,,2026DK_047,2,,,,,,,,,,,,,,,,,1818827
8967164,20-01-2026 19:39:00,54.40920000,3.15980000,,,LV,Microstomus kitt,I4537,1,,4988,,1610056,1818828,DENMARK,26D4,4458,12366,12120,,,35.98,57131,,,,,,,,,,,,,,,,,,,,,,,,,,,128,,,,,,,MRN2,,2,,,,,,,,,,,,,,,,,,,,,,,1600,,,1408,,VISO,ETH,,,,,,127140,,,,,,,,2026DK_048,2,,,,,,,,,,,,,,,,,1818828
8967165,12-01-2026 21:58:00,57.38950000,9.50000000,,,JV,Sprattus sprattus,I4537,1,,3261,,1610014,1818992,DENMARK,26D4,4893,12366,12134,,,35.98,37353,,,,,,,,,,,,,,,,,,,,,,,,,,,9,,,,,,,MRN2,,2,,,,,,,,,,,,,,,,,,,,,,,1600,,,959,,VISO,NON,,,,,,126425,,,,,,,,2026DK_001,2,,,,,,,,,,,,,,,,,1818992
8967166,12-01-2026 21:58:00,57.38950000,9.50000000,,,JV,Sprattus sprattus,I4537,1,,3261,,1610014,1818993,DENMARK,26D4,4893,12366,12134,,,35.98,37353,,,,,,,,,,,,,,,,,,,,,,,,,,,9,,,,,,,MRN2,,2,,,,,,,,,,,,,,,,,,,,,,,1600,,,959,,VISO,NON,,,,,,126425,,,,,,,,2026DK_001,2,,,,,,,,,,,,,,,,,1818993
8967167,12-01-2026 21:58:00,57.38950000,9.50000000,,,JV,Sprattus sprattus,I4537,1,,3261,,1610014,1818994,DENMARK,26D4,4893,12366,12134,,,35.98,37353,,,,,,,,,,,,,,,,,,,,,,,,,,,9,,,,,,,MRN2,,2,,,,,,,,,,,,,,,,,,,,,,,1600,,,959,,VISO,NON,,,,,,126425,,,,,,,,2026DK_001,2,,,,,,,,,,,,,,,,,1818994
8967168,14-01-2026 21:25:00,56.16458300,7.42590000,,,JV,Sprattus sprattus,I4537,1,,2663,,1610074,1818995,DENMARK,26D4,4893,12366,12134,,,35.98,30500,,,,,,,,,,,,,,,,,,,,,,,,,,,37,,,,,,,MRN2,,2,,,,,,,,,,,,,,,,,,,,,,,1600,,,833,,VISO,NON,,,,,,126425,,,,,,,,2026DK_012,2,,,,,,,,,,,,,,,,,1818995
8967169,15-01-2026 01:27:00,55.59401600,7.31211600,,,JV,Sprattus sprattus,I4537,1,,4809,,1610076,1818996,DENMARK,26D4,4893,12366,12134,,,35.98,55071,,,,,,,,,,,,,,,,,,,,,,,,,,,39,,,,,,,MRN2,,2,,,,,,,,,,,,,,,,,,,,,,,1600,,,1408,,VISO,NON,,,,,,126425,,,,,,,,2026DK_014,2,,,,,,,,,,,,,,,,,1818996
8967170,15-01-2026 01:27:00,55.59401600,7.31211600,,,JV,Sprattus sprattus,I4537,1,,4809,,1610076,1818997,DENMARK,26D4,4893,12366,12134,,,35.98,55071,,,,,,,,,,,,,,,,,,,,,,,,,,,39,,,,,,,MRN2,,2,,,,,,,,,,,,,,,,,,,,,,,1600,,,1408,,VISO,NON,,,,,,126425,,,,,,,,2026DK_014,2,,,,,,,,,,,,,,,,,1818997
8967171,15-01-2026 18:54:00,54.91285000,6.15223300,,,JV,Sprattus sprattus,I4537,1,,6484,,1610026,1819008,DENMARK,26D4,4893,12366,12134,,,35.98,74257,,,,,,,,,,,,,,,,,,,,,,,,,,,49,,,,,,,MRN2,,2,,,,,,,,,,,,,,,,,,,,,,,1600,,,1778,,VISO,NON,,,,,,126425,,,,,,,,2026DK_018,2,,,,,,,,,,,,,,,,,1819008
8967172,15-01-2026 18:54:00,54.91285000,6.15223300,,,JV,Sprattus sprattus,I4537,1,,6484,,1610026,1819009,DENMARK,26D4,4893,12366,12134,,,35.98,74257,,,,,,,,,,,,,,,,,,,,,,,,,,,49,,,,,,,MRN2,,2,,,,,,,,,,,,,,,,,,,,,,,1600,,,1778,,VISO,NON,,,,,,126425,,,,,,,,2026DK_018,2,,,,,,,,,,,,,,,,,1819009
8967173,15-01-2026 18:54:00,54.91285000,6.15223300,,,JV,Sprattus sprattus,I4537,2,,6484,,1610026,1819010,DENMARK,26D4,4893,12366,12134,,,35.98,74257,,,,,,,,,,,,,,,,,,,,,,,,,,,49,,,,,,,MRN2,,2,,,,,,,,,,,,,,,,,,,,,,,1600,,,1778,,VISO,NON,,,,,,126425,,,,,,,,2026DK_018,2,,,,,,,,,,,,,,,,,1819010
8967174,15-01-2026 18:54:00,54.91285000,6.15223300,,,JV,Sprattus sprattus,I4537,1,,6484,,1610026,1819011,DENMARK,26D4,4893,12366,12134,,,35.98,74257,,,,,,,,,,,,,,,,,,,,,,,,,,,49,,,,,,,MRN2,,2,,,,,,,,,,,,,,,,,,,,,,,1600,,,1778,,VISO,NON,,,,,,126425,,,,,,,,2026DK_018,2,,,,,,,,,,,,,,,,,1819011
8967175,15-01-2026 18:54:00,54.91285000,6.15223300,,,JV,Sprattus sprattus,I4537,2,,6484,,1610026,1819012,DENMARK,26D4,4893,12366,12134,,,35.98,74257,,,,,,,,,,,,,,,,,,,,,,,,,,,49,,,,,,,MRN2,,2,,,,,,,,,,,,,,,,,,,,,,,1600,,,1778,,VISO,NON,,,,,,126425,,,,,,,,2026DK_018,2,,,,,,,,,,,,,,,,,1819012
8967176,15-01-2026 18:54:00,54.91285000,6.15223300,,,JV,Sprattus sprattus,I4537,1,,6484,,1610026,1819013,DENMARK,26D4,4893,12366,12134,,,35.98,74257,,,,,,,,,,,,,,,,,,,,,,,,,,,49,,,,,,,MRN2,,2,,,,,,,,,,,,,,,,,,,,,,,1600,,,1778,,VISO,NON,,,,,,126425,,,,,,,,2026DK_018,2,,,,,,,,,,,,,,,,,1819013
8967177,15-01-2026 18:54:00,54.91285000,6.15223300,,,JV,Sprattus sprattus,I4537,3,,6484,,1610026,1819002,DENMARK,26D4,4893,12366,12134,,,35.98,74257,,,,,,,,,,,,,,,,,,,,,,,,,,,49,,,,,,,MRN2,,2,,,,,,,,,,,,,,,,,,,,,,,1600,,,1778,,VISO,NON,,,,,,126425,,,,,,,,2026DK_018,2,,,,,,,,,,,,,,,,,1819002
8967178,15-01-2026 18:54:00,54.91285000,6.15223300,,,JV,Sprattus sprattus,I4537,1,,6484,,1610026,1819003,DENMARK,26D4,4893,12366,12134,,,35.98,74257,,,,,,,,,,,,,,,,,,,,,,,,,,,49,,,,,,,MRN2,,2,,,,,,,,,,,,,,,,,,,,,,,1600,,,1778,,VISO,NON,,,,,,126425,,,,,,,,2026DK_018,2,,,,,,,,,,,,,,,,,1819003
8967179,15-01-2026 18:54:00,54.91285000,6.15223300,,,JV,Sprattus sprattus,I4537,3,,6484,,1610026,1819004,DENMARK,26D4,4893,12366,12134,,,35.98,74257,,,,,,,,,,,,,,,,,,,,,,,,,,,49,,,,,,,MRN2,,2,,,,,,,,,,,,,,,,,,,,,,,1600,,,1778,,VISO,NON,,,,,,126425,,,,,,,,2026DK_018,2,,,,,,,,,,,,,,,,,1819004
8967180,15-01-2026 18:54:00,54.91285000,6.15223300,,,JV,Sprattus sprattus,I4537,1,,6484,,1610026,1819005,DENMARK,26D4,4893,12366,12134,,,35.98,74257,,,,,,,,,,,,,,,,,,,,,,,,,,,49,,,,,,,MRN2,,2,,,,,,,,,,,,,,,,,,,,,,,1600,,,1778,,VISO,NON,,,,,,126425,,,,,,,,2026DK_018,2,,,,,,,,,,,,,,,,,1819005
8967181,15-01-2026 18:54:00,54.91285000,6.15223300,,,JV,Sprattus sprattus,I4537,1,,6484,,1610026,1819006,DENMARK,26D4,4893,12366,12134,,,35.98,74257,,,,,,,,,,,,,,,,,,,,,,,,,,,49,,,,,,,MRN2,,2,,,,,,,,,,,,,,,,,,,,,,,1600,,,1778,,VISO,NON,,,,,,126425,,,,,,,,2026DK_018,2,,,,,,,,,,,,,,,,,1819006
8967182,15-01-2026 18:54:00,54.91285000,6.15223300,,,JV,Sprattus sprattus,I4537,1,,6484,,1610026,1819007,DENMARK,26D4,4893,12366,12134,,,35.98,74257,,,,,,,,,,,,,,,,,,,,,,,,,,,49,,,,,,,MRN2,,2,,,,,,,,,,,,,,,,,,,,,,,1600,,,1778,,VISO,NON,,,,,,126425,,,,,,,,2026DK_018,2,,,,,,,,,,,,,,,,,1819007
8967183,15-01-2026 20:41:00,55.09108300,5.85435000,,,JV,Sprattus sprattus,I4537,1,,3144,,1610027,1818998,DENMARK,26D4,4893,12366,12134,,,35.98,36012,,,,,,,,,,,,,,,,,,,,,,,,,,,50,,,,,,,MRN2,,2,,,,,,,,,,,,,,,,,,,,,,,1600,,,1093,,VISO,NON,,,,,,126425,,,,,,,,2026DK_019,2,,,,,,,,,,,,,,,,,1818998
8967184,27-01-2026 02:50:00,54.59405000,4.21976600,,,JV,Sprattus sprattus,I4537,1,,4786,,1610062,1818999,DENMARK,26D4,4893,12366,12134,,,35.98,54817,,,,,,,,,,,,,,,,,,,,,,,,,,,144,,,,,,,MRN2,,2,,,,,,,,,,,,,,,,,,,,,,,1600,,,1648,,VISO,NON,,,,,,126425,,,,,,,,2026DK_054,2,,,,,,,,,,,,,,,,,1818999
8967185,29-01-2026 18:23:00,56.35405000,6.84155000,,,JV,Sprattus sprattus,I4537,1,,3872,,1610072,1819000,DENMARK,26D4,4893,12366,12134,,,35.98,44342,,,,,,,,,,,,,,,,,,,,,,,,,,,176,,,,,,,MRN2,,2,,,,,,,,,,,,,,,,,,,,,,,1600,,,1519,,VISO,NON,,,,,,126425,,,,,,,,2026DK_064,2,,,,,,,,,,,,,,,,,1819000
8967186,29-01-2026 18:23:00,56.35405000,6.84155000,,,JV,Sprattus sprattus,I4537,1,,3872,,1610072,1819001,DENMARK,26D4,4893,12366,12134,,,35.98,44342,,,,,,,,,,,,,,,,,,,,,,,,,,,176,,,,,,,MRN2,,2,,,,,,,,,,,,,,,,,,,,,,,1600,,,1519,,VISO,NON,,,,,,126425,,,,,,,,2026DK_064,2,,,,,,,,,,,,,,,,,1819001
8967187,13-01-2026 00:50:00,57.60000000,9.36216600,,,LV,Clupea harengus,I4537,1,,3346,,1610016,1818494,DENMARK,26D4,4458,12366,12105,,,35.98,38317,,,,,,,,,,,,,,,,,,,,,,,,,,,11,,,,,,,MRN2,,2,,,,,,,,,,,,,,,,,,,,,,,1600,,,1345,,VISO,ETH,,,,,,126417,,,,,,,,2026DK_003,2,,,,,,,,,,,,,,,,,1818494
8967188,13-01-2026 02:18:00,57.74316600,9.51650000,,,LV,Clupea harengus,I4537,1,,3632,,1610017,1818495,DENMARK,26D4,4458,12366,12105,,,35.98,41599,,,,,,,,,,,,,,,,,,,,,,,,,,,12,,,,,,,MRN2,,2,,,,,,,,,,,,,,,,,,,,,,,1600,,,1369,,VISO,ETH,,,,,,126417,,,,,,,,2026DK_004,2,,,,,,,,,,,,,,,,,1818495
8967189,13-01-2026 18:49:00,57.42791600,8.28091600,,,LV,Clupea harengus,I4537,1,,12543,,1610018,1818496,DENMARK,26D4,4458,12366,12105,,,35.98,143650,,,,,,,,,,,,,,,,,,,,,,,,,,,21,,,,,,,MRN2,,2,,,,,,,,,,,,,,,,,,,,,,,1600,,,2871,,VISO,ETH,,,,,,126417,,,,,,,,2026DK_005,2,,,,,,,,,,,,,,,,,1818496
8967190,13-01-2026 22:12:00,57.18601600,7.81023300,,,LV,Clupea harengus,I4537,1,,6834,,1610020,1818497,DENMARK,26D4,4458,12366,12105,,,35.98,78266,,,,,,,,,,,,,,,,,,,,,,,,,,,23,,,,,,,MRN2,,2,,,,,,,,,,,,,,,,,,,,,,,1600,,,1630,,VISO,ETH,,,,,,126417,,,,,,,,2026DK_007,2,,,,,,,,,,,,,,,,,1818497
8967191,13-01-2026 22:12:00,57.18601600,7.81023300,,,LV,Clupea harengus,I4537,1,,6834,,1610020,1818498,DENMARK,26D4,4458,12366,12105,,,35.98,78266,,,,,,,,,,,,,,,,,,,,,,,,,,,23,,,,,,,MRN2,,2,,,,,,,,,,,,,,,,,,,,,,,1600,,,1630,,VISO,ETH,,,,,,126417,,,,,,,,2026DK_007,2,,,,,,,,,,,,,,,,,1818498
8967192,13-01-2026 22:12:00,57.18601600,7.81023300,,,LV,Clupea harengus,I4537,1,,6834,,1610020,1818499,DENMARK,26D4,4458,12366,12105,,,35.98,78266,,,,,,,,,,,,,,,,,,,,,,,,,,,23,,,,,,,MRN2,,2,,,,,,,,,,,,,,,,,,,,,,,1600,,,1630,,VISO,ETH,,,,,,126417,,,,,,,,2026DK_007,2,,,,,,,,,,,,,,,,,1818499
8967193,13-01-2026 23:45:00,57.11290000,7.52840000,,,LV,Clupea harengus,I4537,1,,7826,,1610021,1818817,DENMARK,26D4,4458,12366,12105,,,35.98,89630,,,,,,,,,,,,,,,,,,,,,,,,,,,24,,,,,,,MRN2,,2,,,,,,,,,,,,,,,,,,,,,,,1600,,,1889,,VISO,ETH,,,,,,126417,,,,,,,,2026DK_008,2,,,,,,,,,,,,,,,,,1818817
8967194,13-01-2026 23:45:00,57.11290000,7.52840000,,,LV,Clupea harengus,I4537,1,,7826,,1610021,1818818,DENMARK,26D4,4458,12366,12105,,,35.98,89630,,,,,,,,,,,,,,,,,,,,,,,,,,,24,,,,,,,MRN2,,2,,,,,,,,,,,,,,,,,,,,,,,1600,,,1889,,VISO,ETH,,,,,,126417,,,,,,,,2026DK_008,2,,,,,,,,,,,,,,,,,1818818
8967195,14-01-2026 02:31:00,56.90736600,7.52056600,,,LV,Clupea harengus,I4537,1,,2371,,1610022,1818819,DENMARK,26D4,4458,12366,12105,,,35.98,27157,,,,,,,,,,,,,,,,,,,,,,,,,,,26,,,,,,,MRN2,,2,,,,,,,,,,,,,,,,,,,,,,,1600,,,1056,,VISO,ETH,,,,,,126417,,,,,,,,2026DK_009,2,,,,,,,,,,,,,,,,,1818819
8967196,14-01-2026 03:42:00,56.89696600,7.81070000,,,LV,Clupea harengus,I4537,1,,2809,,1610023,1818820,DENMARK,26D4,4458,12366,12105,,,35.98,32172,,,,,,,,,,,,,,,,,,,,,,,,,,,27,,,,,,,MRN2,,2,,,,,,,,,,,,,,,,,,,,,,,1600,,,1296,,VISO,ETH,,,,,,126417,,,,,,,,2026DK_010,2,,,,,,,,,,,,,,,,,1818820
8967197,14-01-2026 19:52:00,56.38976600,7.41665000,,,LV,Clupea harengus,I4537,1,,3250,,1610073,1818821,DENMARK,26D4,4458,12366,12105,,,35.98,37218,,,,,,,,,,,,,,,,,,,,,,,,,,,36,,,,,,,MRN2,,2,,,,,,,,,,,,,,,,,,,,,,,1600,,,1056,,VISO,ETH,,,,,,126417,,,,,,,,2026DK_011,2,,,,,,,,,,,,,,,,,1818821
8967198,15-01-2026 01:27:00,55.59401600,7.31211600,,,LV,Clupea harengus,I4537,1,,4809,,1610076,1818822,DENMARK,26D4,4458,12366,12105,,,35.98,55071,,,,,,,,,,,,,,,,,,,,,,,,,,,39,,,,,,,MRN2,,2,,,,,,,,,,,,,,,,,,,,,,,1600,,,1408,,VISO,ETH,,,,,,126417,,,,,,,,2026DK_014,2,,,,,,,,,,,,,,,,,1818822
8967199,15-01-2026 02:44:00,55.42568300,7.38895000,,,LV,Clupea harengus,I4537,1,,5513,,1610077,1818811,DENMARK,26D4,4458,12366,12105,,,35.98,63142,,,,,,,,,,,,,,,,,,,,,,,,,,,40,,,,,,,MRN2,,2,,,,,,,,,,,,,,,,,,,,,,,1600,,,1704,,VISO,ETH,,,,,,126417,,,,,,,,2026DK_015,2,,,,,,,,,,,,,,,,,1818811
8967200,15-01-2026 17:27:00,54.91678300,6.47655000,,,LV,Clupea harengus,I4537,3,,3760,,1610025,1818812,DENMARK,26D4,4458,12366,12105,,,35.98,43058,,,,,,,,,,,,,,,,,,,,,,,,,,,48,,,,,,,MRN2,,2,,,,,,,,,,,,,,,,,,,,,,,1600,,,1093,,VISO,ETH,,,,,,126417,,,,,,,,2026DK_017,2,,,,,,,,,,,,,,,,,1818812
8967201,15-01-2026 17:27:00,54.91678300,6.47655000,,,LV,Clupea harengus,I4537,1,,3760,,1610025,1818813,DENMARK,26D4,4458,12366,12105,,,35.98,43058,,,,,,,,,,,,,,,,,,,,,,,,,,,48,,,,,,,MRN2,,2,,,,,,,,,,,,,,,,,,,,,,,1600,,,1093,,VISO,ETH,,,,,,126417,,,,,,,,2026DK_017,2,,,,,,,,,,,,,,,,,1818813
8967202,15-01-2026 17:27:00,54.91678300,6.47655000,,,LV,Clupea harengus,I4537,2,,3760,,1610025,1818814,DENMARK,26D4,4458,12366,12105,,,35.98,43058,,,,,,,,,,,,,,,,,,,,,,,,,,,48,,,,,,,MRN2,,2,,,,,,,,,,,,,,,,,,,,,,,1600,,,1093,,VISO,ETH,,,,,,126417,,,,,,,,2026DK_017,2,,,,,,,,,,,,,,,,,1818814
8967203,15-01-2026 17:27:00,54.91678300,6.47655000,,,LV,Clupea harengus,I4537,1,,3760,,1610025,1818815,DENMARK,26D4,4458,12366,12105,,,35.98,43058,,,,,,,,,,,,,,,,,,,,,,,,,,,48,,,,,,,MRN2,,2,,,,,,,,,,,,,,,,,,,,,,,1600,,,1093,,VISO,ETH,,,,,,126417,,,,,,,,2026DK_017,2,,,,,,,,,,,,,,,,,1818815
8967204,15-01-2026 17:27:00,54.91678300,6.47655000,,,LV,Clupea harengus,I4537,1,,3760,,1610025,1818816,DENMARK,26D4,4458,12366,12105,,,35.98,43058,,,,,,,,,,,,,,,,,,,,,,,,,,,48,,,,,,,MRN2,,2,,,,,,,,,,,,,,,,,,,,,,,1600,,,1093,,VISO,ETH,,,,,,126417,,,,,,,,2026DK_017,2,,,,,,,,,,,,,,,,,1818816
8967205,15-01-2026 18:54:00,54.91285000,6.15223300,,,LV,Clupea harengus,I4537,1,,6484,,1610026,1818805,DENMARK,26D4,4458,12366,12105,,,35.98,74257,,,,,,,,,,,,,,,,,,,,,,,,,,,49,,,,,,,MRN2,,2,,,,,,,,,,,,,,,,,,,,,,,1600,,,1778,,VISO,ETH,,,,,,126417,,,,,,,,2026DK_018,2,,,,,,,,,,,,,,,,,1818805
8967206,15-01-2026 18:54:00,54.91285000,6.15223300,,,LV,Clupea harengus,I4537,1,,6484,,1610026,1818806,DENMARK,26D4,4458,12366,12105,,,35.98,74257,,,,,,,,,,,,,,,,,,,,,,,,,,,49,,,,,,,MRN2,,2,,,,,,,,,,,,,,,,,,,,,,,1600,,,1778,,VISO,ETH,,,,,,126417,,,,,,,,2026DK_018,2,,,,,,,,,,,,,,,,,1818806
8967207,15-01-2026 18:54:00,54.91285000,6.15223300,,,LV,Clupea harengus,I4537,1,,6484,,1610026,1818807,DENMARK,26D4,4458,12366,12105,,,35.98,74257,,,,,,,,,,,,,,,,,,,,,,,,,,,49,,,,,,,MRN2,,2,,,,,,,,,,,,,,,,,,,,,,,1600,,,1778,,VISO,ETH,,,,,,126417,,,,,,,,2026DK_018,2,,,,,,,,,,,,,,,,,1818807
8967208,15-01-2026 18:54:00,54.91285000,6.15223300,,,LV,Clupea harengus,I4537,1,,6484,,1610026,1818808,DENMARK,26D4,4458,12366,12105,,,35.98,74257,,,,,,,,,,,,,,,,,,,,,,,,,,,49,,,,,,,MRN2,,2,,,,,,,,,,,,,,,,,,,,,,,1600,,,1778,,VISO,ETH,,,,,,126417,,,,,,,,2026DK_018,2,,,,,,,,,,,,,,,,,1818808
8967209,15-01-2026 18:54:00,54.91285000,6.15223300,,,LV,Clupea harengus,I4537,3,,6484,,1610026,1818809,DENMARK,26D4,4458,12366,12105,,,35.98,74257,,,,,,,,,,,,,,,,,,,,,,,,,,,49,,,,,,,MRN2,,2,,,,,,,,,,,,,,,,,,,,,,,1600,,,1778,,VISO,ETH,,,,,,126417,,,,,,,,2026DK_018,2,,,,,,,,,,,,,,,,,1818809
8967210,15-01-2026 18:54:00,54.91285000,6.15223300,,,LV,Clupea harengus,I4537,1,,6484,,1610026,1818810,DENMARK,26D4,4458,12366,12105,,,35.98,74257,,,,,,,,,,,,,,,,,,,,,,,,,,,49,,,,,,,MRN2,,2,,,,,,,,,,,,,,,,,,,,,,,1600,,,1778,,VISO,ETH,,,,,,126417,,,,,,,,2026DK_018,2,,,,,,,,,,,,,,,,,1818810
8967211,15-01-2026 20:41:00,55.09108300,5.85435000,,,LV,Clupea harengus,I4537,1,,3144,,1610027,1818799,DENMARK,26D4,4458,12366,12105,,,35.98,36012,,,,,,,,,,,,,,,,,,,,,,,,,,,50,,,,,,,MRN2,,2,,,,,,,,,,,,,,,,,,,,,,,1600,,,1093,,VISO,ETH,,,,,,126417,,,,,,,,2026DK_019,2,,,,,,,,,,,,,,,,,1818799
8967212,15-01-2026 20:41:00,55.09108300,5.85435000,,,LV,Clupea harengus,I4537,1,,3144,,1610027,1818800,DENMARK,26D4,4458,12366,12105,,,35.98,36012,,,,,,,,,,,,,,,,,,,,,,,,,,,50,,,,,,,MRN2,,2,,,,,,,,,,,,,,,,,,,,,,,1600,,,1093,,VISO,ETH,,,,,,126417,,,,,,,,2026DK_019,2,,,,,,,,,,,,,,,,,1818800
8967213,15-01-2026 20:41:00,55.09108300,5.85435000,,,LV,Clupea harengus,I4537,1,,3144,,1610027,1818801,DENMARK,26D4,4458,12366,12105,,,35.98,36012,,,,,,,,,,,,,,,,,,,,,,,,,,,50,,,,,,,MRN2,,2,,,,,,,,,,,,,,,,,,,,,,,1600,,,1093,,VISO,ETH,,,,,,126417,,,,,,,,2026DK_019,2,,,,,,,,,,,,,,,,,1818801
8967214,15-01-2026 20:41:00,55.09108300,5.85435000,,,LV,Clupea harengus,I4537,1,,3144,,1610027,1818802,DENMARK,26D4,4458,12366,12105,,,35.98,36012,,,,,,,,,,,,,,,,,,,,,,,,,,,50,,,,,,,MRN2,,2,,,,,,,,,,,,,,,,,,,,,,,1600,,,1093,,VISO,ETH,,,,,,126417,,,,,,,,2026DK_019,2,,,,,,,,,,,,,,,,,1818802
8967215,15-01-2026 20:41:00,55.09108300,5.85435000,,,LV,Clupea harengus,I4537,1,,3144,,1610027,1818746,DENMARK,26D4,4458,12366,12105,,,35.98,36012,,,,,,,,,,,,,,,,,,,,,,,,,,,50,,,,,,,MRN2,,2,,,,,,,,,,,,,,,,,,,,,,,1600,,,1093,,VISO,ETH,,,,,,126417,,,,,,,,2026DK_019,2,,,,,,,,,,,,,,,,,1818746
8967216,15-01-2026 20:41:00,55.09108300,5.85435000,,,LV,Clupea harengus,I4537,1,,3144,,1610027,1818747,DENMARK,26D4,4458,12366,12105,,,35.98,36012,,,,,,,,,,,,,,,,,,,,,,,,,,,50,,,,,,,MRN2,,2,,,,,,,,,,,,,,,,,,,,,,,1600,,,1093,,VISO,ETH,,,,,,126417,,,,,,,,2026DK_019,2,,,,,,,,,,,,,,,,,1818747
8967217,15-01-2026 21:51:00,55.25968300,5.85163300,,,LV,Clupea harengus,I4537,1,,3348,,1610028,1818748,DENMARK,26D4,4458,12366,12105,,,35.98,38341,,,,,,,,,,,,,,,,,,,,,,,,,,,51,,,,,,,MRN2,,2,,,,,,,,,,,,,,,,,,,,,,,1600,,,1315,,VISO,ETH,,,,,,126417,,,,,,,,2026DK_020,2,,,,,,,,,,,,,,,,,1818748
8967218,15-01-2026 21:51:00,55.25968300,5.85163300,,,LV,Clupea harengus,I4537,1,,3348,,1610028,1818749,DENMARK,26D4,4458,12366,12105,,,35.98,38341,,,,,,,,,,,,,,,,,,,,,,,,,,,51,,,,,,,MRN2,,2,,,,,,,,,,,,,,,,,,,,,,,1600,,,1315,,VISO,ETH,,,,,,126417,,,,,,,,2026DK_020,2,,,,,,,,,,,,,,,,,1818749
8967219,15-01-2026 21:51:00,55.25968300,5.85163300,,,LV,Clupea harengus,I4537,1,,3348,,1610028,1818750,DENMARK,26D4,4458,12366,12105,,,35.98,38341,,,,,,,,,,,,,,,,,,,,,,,,,,,51,,,,,,,MRN2,,2,,,,,,,,,,,,,,,,,,,,,,,1600,,,1315,,VISO,ETH,,,,,,126417,,,,,,,,2026DK_020,2,,,,,,,,,,,,,,,,,1818750
8967220,15-01-2026 21:51:00,55.25968300,5.85163300,,,LV,Clupea harengus,I4537,3,,3348,,1610028,1818739,DENMARK,26D4,4458,12366,12105,,,35.98,38341,,,,,,,,,,,,,,,,,,,,,,,,,,,51,,,,,,,MRN2,,2,,,,,,,,,,,,,,,,,,,,,,,1600,,,1315,,VISO,ETH,,,,,,126417,,,,,,,,2026DK_020,2,,,,,,,,,,,,,,,,,1818739
8967221,15-01-2026 21:51:00,55.25968300,5.85163300,,,LV,Clupea harengus,I4537,1,,3348,,1610028,1818740,DENMARK,26D4,4458,12366,12105,,,35.98,38341,,,,,,,,,,,,,,,,,,,,,,,,,,,51,,,,,,,MRN2,,2,,,,,,,,,,,,,,,,,,,,,,,1600,,,1315,,VISO,ETH,,,,,,126417,,,,,,,,2026DK_020,2,,,,,,,,,,,,,,,,,1818740
8969571,31-01-2026 22:28:00,50.33924000,1.35836000,,,LV,Clupea harengus,I4537,4,,,,1610401,1822034,FRANCE,35HT,4458,12366,12105,,,3.33333333333333,3985,,,,,,,,,,,,,,,,,,,,,,,,,,,E2006,,,,,,,MRN2,,,,,,,,,,,,,,,,,,,,,,,,,1600,,,749,,VISO,FOR,,,,,,126417,,,,,,,,2026FR_002,,,,,,,,,,,,,,,,,,1822034
8969572,31-01-2026 22:28:00,50.33924000,1.35836000,,,LV,Clupea harengus,I4537,1,,,,1610401,1822035,FRANCE,35HT,4458,12366,12105,,,3.33333333333333,3985,,,,,,,,,,,,,,,,,,,,,,,,,,,E2006,,,,,,,MRN2,,,,,,,,,,,,,,,,,,,,,,,,,1600,,,749,,VISO,FOR,,,,,,126417,,,,,,,,2026FR_002,,,,,,,,,,,,,,,,,,1822035
8969573,31-01-2026 22:28:00,50.33924000,1.35836000,,,LV,Clupea harengus,I4537,2,,,,1610401,1822036,FRANCE,35HT,4458,12366,12105,,,3.33333333333333,3985,,,,,,,,,,,,,,,,,,,,,,,,,,,E2006,,,,,,,MRN2,,,,,,,,,,,,,,,,,,,,,,,,,1600,,,749,,VISO,FOR,,,,,,126417,,,,,,,,2026FR_002,,,,,,,,,,,,,,,,,,1822036
8969574,31-01-2026 22:28:00,50.33924000,1.35836000,,,LV,Clupea harengus,I4537,2,,,,1610401,1822025,FRANCE,35HT,4458,12366,12105,,,3.33333333333333,3985,,,,,,,,,,,,,,,,,,,,,,,,,,,E2006,,,,,,,MRN2,,,,,,,,,,,,,,,,,,,,,,,,,1600,,,749,,VISO,FOR,,,,,,126417,,,,,,,,2026FR_002,,,,,,,,,,,,,,,,,,1822025
8969575,31-01-2026 22:28:00,50.33924000,1.35836000,,,LV,Clupea harengus,I4537,1,,,,1610401,1822026,FRANCE,35HT,4458,12366,12105,,,3.33333333333333,3985,,,,,,,,,,,,,,,,,,,,,,,,,,,E2006,,,,,,,MRN2,,,,,,,,,,,,,,,,,,,,,,,,,1600,,,749,,VISO,FOR,,,,,,126417,,,,,,,,2026FR_002,,,,,,,,,,,,,,,,,,1822026
8969576,31-01-2026 22:28:00,50.33924000,1.35836000,,,LV,Clupea harengus,I4537,44,,,,1610401,1822027,FRANCE,35HT,4458,12366,12105,,,3.33333333333333,3985,,,,,,,,,,,,,,,,,,,,,,,,,,,E2006,,,,,,,MRN2,,,,,,,,,,,,,,,,,,,,,,,,,1600,,,749,,VISO,FOR,,,,,,126417,,,,,,,,2026FR_002,,,,,,,,,,,,,,,,,,1822027
8969577,31-01-2026 22:28:00,50.33924000,1.35836000,,,LV,Clupea harengus,I4537,24,,,,1610401,1822028,FRANCE,35HT,4458,12366,12105,,,3.33333333333333,3985,,,,,,,,,,,,,,,,,,,,,,,,,,,E2006,,,,,,,MRN2,,,,,,,,,,,,,,,,,,,,,,,,,1600,,,749,,VISO,FOR,,,,,,126417,,,,,,,,2026FR_002,,,,,,,,,,,,,,,,,,1822028
8969578,31-01-2026 22:28:00,50.33924000,1.35836000,,,LV,Clupea harengus,I4537,6,,,,1610401,1822029,FRANCE,35HT,4458,12366,12105,,,3.33333333333333,3985,,,,,,,,,,,,,,,,,,,,,,,,,,,E2006,,,,,,,MRN2,,,,,,,,,,,,,,,,,,,,,,,,,1600,,,749,,VISO,FOR,,,,,,126417,,,,,,,,2026FR_002,,,,,,,,,,,,,,,,,,1822029
8969579,31-01-2026 22:28:00,50.33924000,1.35836000,,,LV,Clupea harengus,I4537,58,,,,1610401,1822030,FRANCE,35HT,4458,12366,12105,,,3.33333333333333,3985,,,,,,,,,,,,,,,,,,,,,,,,,,,E2006,,,,,,,MRN2,,,,,,,,,,,,,,,,,,,,,,,,,1600,,,749,,VISO,FOR,,,,,,126417,,,,,,,,2026FR_002,,,,,,,,,,,,,,,,,,1822030
8969580,31-01-2026 00:37:00,50.27271500,1.14140100,,,LV,Clupea harengus,I4537,2,,,,1610402,1822019,FRANCE,35HT,4458,12366,12105,,,3.33333333333333,4221,,,,,,,,,,,,,,,,,,,,,,,,,,,E2007,,,,,,,MRN2,,,,,,,,,,,,,,,,,,,,,,,,,1600,,,2026,,VISO,FOR,,,,,,126417,,,,,,,,2026FR_003,,,,,,,,,,,,,,,,,,1822019
8969581,31-01-2026 00:37:00,50.27271500,1.14140100,,,LV,Clupea harengus,I4537,4,,,,1610402,1822020,FRANCE,35HT,4458,12366,12105,,,3.33333333333333,4221,,,,,,,,,,,,,,,,,,,,,,,,,,,E2007,,,,,,,MRN2,,,,,,,,,,,,,,,,,,,,,,,,,1600,,,2026,,VISO,FOR,,,,,,126417,,,,,,,,2026FR_003,,,,,,,,,,,,,,,,,,1822020
8969582,31-01-2026 00:37:00,50.27271500,1.14140100,,,LV,Clupea harengus,I4537,1,,,,1610402,1822021,FRANCE,35HT,4458,12366,12105,,,3.33333333333333,4221,,,,,,,,,,,,,,,,,,,,,,,,,,,E2007,,,,,,,MRN2,,,,,,,,,,,,,,,,,,,,,,,,,1600,,,2026,,VISO,FOR,,,,,,126417,,,,,,,,2026FR_003,,,,,,,,,,,,,,,,,,1822021
8969583,31-01-2026 00:37:00,50.27271500,1.14140100,,,LV,Clupea harengus,I4537,3,,,,1610402,1822022,FRANCE,35HT,4458,12366,12105,,,3.33333333333333,4221,,,,,,,,,,,,,,,,,,,,,,,,,,,E2007,,,,,,,MRN2,,,,,,,,,,,,,,,,,,,,,,,,,1600,,,2026,,VISO,FOR,,,,,,126417,,,,,,,,2026FR_003,,,,,,,,,,,,,,,,,,1822022
8969584,31-01-2026 00:37:00,50.27271500,1.14140100,,,LV,Clupea harengus,I4537,3,,,,1610402,1822023,FRANCE,35HT,4458,12366,12105,,,3.33333333333333,4221,,,,,,,,,,,,,,,,,,,,,,,,,,,E2007,,,,,,,MRN2,,,,,,,,,,,,,,,,,,,,,,,,,1600,,,2026,,VISO,FOR,,,,,,126417,,,,,,,,2026FR_003,,,,,,,,,,,,,,,,,,1822023
8969585,31-01-2026 00:37:00,50.27271500,1.14140100,,,LV,Clupea harengus,I4537,2,,,,1610402,1822024,FRANCE,35HT,4458,12366,12105,,,3.33333333333333,4221,,,,,,,,,,,,,,,,,,,,,,,,,,,E2007,,,,,,,MRN2,,,,,,,,,,,,,,,,,,,,,,,,,1600,,,2026,,VISO,FOR,,,,,,126417,,,,,,,,2026FR_003,,,,,,,,,,,,,,,,,,1822024
8969586,31-01-2026 00:37:00,50.27271500,1.14140100,,,LV,Clupea harengus,I4537,30,,,,1610402,1822013,FRANCE,35HT,4458,12366,12105,,,3.33333333333333,4221,,,,,,,,,,,,,,,,,,,,,,,,,,,E2007,,,,,,,MRN2,,,,,,,,,,,,,,,,,,,,,,,,,1600,,,2026,,VISO,FOR,,,,,,126417,,,,,,,,2026FR_003,,,,,,,,,,,,,,,,,,1822013
8969587,31-01-2026 00:37:00,50.27271500,1.14140100,,,LV,Clupea harengus,I4537,14,,,,1610402,1822014,FRANCE,35HT,4458,12366,12105,,,3.33333333333333,4221,,,,,,,,,,,,,,,,,,,,,,,,,,,E2007,,,,,,,MRN2,,,,,,,,,,,,,,,,,,,,,,,,,1600,,,2026,,VISO,FOR,,,,,,126417,,,,,,,,2026FR_003,,,,,,,,,,,,,,,,,,1822014
8969588,31-01-2026 00:37:00,50.27271500,1.14140100,,,LV,Clupea harengus,I4537,50,,,,1610402,1822015,FRANCE,35HT,4458,12366,12105,,,3.33333333333333,4221,,,,,,,,,,,,,,,,,,,,,,,,,,,E2007,,,,,,,MRN2,,,,,,,,,,,,,,,,,,,,,,,,,1600,,,2026,,VISO,FOR,,,,,,126417,,,,,,,,2026FR_003,,,,,,,,,,,,,,,,,,1822015
8969589,31-01-2026 00:37:00,50.27271500,1.14140100,,,LV,Clupea harengus,I4537,20,,,,1610402,1822016,FRANCE,35HT,4458,12366,12105,,,3.33333333333333,4221,,,,,,,,,,,,,,,,,,,,,,,,,,,E2007,,,,,,,MRN2,,,,,,,,,,,,,,,,,,,,,,,,,1600,,,2026,,VISO,FOR,,,,,,126417,,,,,,,,2026FR_003,,,,,,,,,,,,,,,,,,1822016
8969590,31-01-2026 00:37:00,50.27271500,1.14140100,,,LV,Sardina pilchardus,I4537,1,,,,1610402,1822039,FRANCE,35HT,4458,12366,12129,,,3.33333333333333,4221,,,,,,,,,,,,,,,,,,,,,,,,,,,E2007,,,,,,,MRN2,,,,,,,,,,,,,,,,,,,,,,,,,1600,,,2026,,VISO,FOR,,,,,,126421,,,,,,,,2026FR_003,,,,,,,,,,,,,,,,,,1822039
8969591,31-01-2026 00:37:00,50.27271500,1.14140100,,,LV,Sardina pilchardus,I4537,1,,,,1610402,1822040,FRANCE,35HT,4458,12366,12129,,,3.33333333333333,4221,,,,,,,,,,,,,,,,,,,,,,,,,,,E2007,,,,,,,MRN2,,,,,,,,,,,,,,,,,,,,,,,,,1600,,,2026,,VISO,FOR,,,,,,126421,,,,,,,,2026FR_003,,,,,,,,,,,,,,,,,,1822040
8969592,31-01-2026 04:43:00,50.15842800,0.85498600,,,LV,Clupea harengus,I4537,1,,,,1610403,1822017,FRANCE,35HT,4458,12366,12105,,,3.33333333333333,5509,,,,,,,,,,,,,,,,,,,,,,,,,,,E2008,,,,,,,MRN2,,,,,,,,,,,,,,,,,,,,,,,,,1600,,,1761,,VISO,FOR,,,,,,126417,,,,,,,,2026FR_004,,,,,,,,,,,,,,,,,,1822017
8969593,31-01-2026 04:43:00,50.15842800,0.85498600,,,LV,Clupea harengus,I4537,1,,,,1610403,1822018,FRANCE,35HT,4458,12366,12105,,,3.33333333333333,5509,,,,,,,,,,,,,,,,,,,,,,,,,,,E2008,,,,,,,MRN2,,,,,,,,,,,,,,,,,,,,,,,,,1600,,,1761,,VISO,FOR,,,,,,126417,,,,,,,,2026FR_004,,,,,,,,,,,,,,,,,,1822018
8969594,31-01-2026 04:43:00,50.15842800,0.85498600,,,LV,Clupea harengus,I4537,3,,,,1610403,1822007,FRANCE,35HT,4458,12366,12105,,,3.33333333333333,5509,,,,,,,,,,,,,,,,,,,,,,,,,,,E2008,,,,,,,MRN2,,,,,,,,,,,,,,,,,,,,,,,,,1600,,,1761,,VISO,FOR,,,,,,126417,,,,,,,,2026FR_004,,,,,,,,,,,,,,,,,,1822007
8969595,31-01-2026 04:43:00,50.15842800,0.85498600,,,LV,Clupea harengus,I4537,3,,,,1610403,1822008,FRANCE,35HT,4458,12366,12105,,,3.33333333333333,5509,,,,,,,,,,,,,,,,,,,,,,,,,,,E2008,,,,,,,MRN2,,,,,,,,,,,,,,,,,,,,,,,,,1600,,,1761,,VISO,FOR,,,,,,126417,,,,,,,,2026FR_004,,,,,,,,,,,,,,,,,,1822008
8969596,31-01-2026 04:43:00,50.15842800,0.85498600,,,LV,Clupea harengus,I4537,1,,,,1610403,1822009,FRANCE,35HT,4458,12366,12105,,,3.33333333333333,5509,,,,,,,,,,,,,,,,,,,,,,,,,,,E2008,,,,,,,MRN2,,,,,,,,,,,,,,,,,,,,,,,,,1600,,,1761,,VISO,FOR,,,,,,126417,,,,,,,,2026FR_004,,,,,,,,,,,,,,,,,,1822009
8969597,31-01-2026 04:43:00,50.15842800,0.85498600,,,LV,Clupea harengus,I4537,2,,,,1610403,1822010,FRANCE,35HT,4458,12366,12105,,,3.33333333333333,5509,,,,,,,,,,,,,,,,,,,,,,,,,,,E2008,,,,,,,MRN2,,,,,,,,,,,,,,,,,,,,,,,,,1600,,,1761,,VISO,FOR,,,,,,126417,,,,,,,,2026FR_004,,,,,,,,,,,,,,,,,,1822010
8969598,31-01-2026 04:43:00,50.15842800,0.85498600,,,LV,Clupea harengus,I4537,22,,,,1610403,1822011,FRANCE,35HT,4458,12366,12105,,,3.33333333333333,5509,,,,,,,,,,,,,,,,,,,,,,,,,,,E2008,,,,,,,MRN2,,,,,,,,,,,,,,,,,,,,,,,,,1600,,,1761,,VISO,FOR,,,,,,126417,,,,,,,,2026FR_004,,,,,,,,,,,,,,,,,,1822011
8969599,31-01-2026 04:43:00,50.15842800,0.85498600,,,LV,Clupea harengus,I4537,2,,,,1610403,1822012,FRANCE,35HT,4458,12366,12105,,,3.33333333333333,5509,,,,,,,,,,,,,,,,,,,,,,,,,,,E2008,,,,,,,MRN2,,,,,,,,,,,,,,,,,,,,,,,,,1600,,,1761,,VISO,FOR,,,,,,126417,,,,,,,,2026FR_004,,,,,,,,,,,,,,,,,,1822012
8969600,31-01-2026 04:43:00,50.15842800,0.85498600,,,LV,Clupea harengus,I4537,2,,,,1610403,1822001,FRANCE,35HT,4458,12366,12105,,,3.33333333333333,5509,,,,,,,,,,,,,,,,,,,,,,,,,,,E2008,,,,,,,MRN2,,,,,,,,,,,,,,,,,,,,,,,,,1600,,,1761,,VISO,FOR,,,,,,126417,,,,,,,,2026FR_004,,,,,,,,,,,,,,,,,,1822001
8969601,31-01-2026 04:43:00,50.15842800,0.85498600,,,LV,Clupea harengus,I4537,14,,,,1610403,1822002,FRANCE,35HT,4458,12366,12105,,,3.33333333333333,5509,,,,,,,,,,,,,,,,,,,,,,,,,,,E2008,,,,,,,MRN2,,,,,,,,,,,,,,,,,,,,,,,,,1600,,,1761,,VISO,FOR,,,,,,126417,,,,,,,,2026FR_004,,,,,,,,,,,,,,,,,,1822002
8969602,31-01-2026 04:43:00,50.15842800,0.85498600,,,LV,Clupea harengus,I4537,34,,,,1610403,1822003,FRANCE,35HT,4458,12366,12105,,,3.33333333333333,5509,,,,,,,,,,,,,,,,,,,,,,,,,,,E2008,,,,,,,MRN2,,,,,,,,,,,,,,,,,,,,,,,,,1600,,,1761,,VISO,FOR,,,,,,126417,,,,,,,,2026FR_004,,,,,,,,,,,,,,,,,,1822003
8969603,31-01-2026 04:43:00,50.15842800,0.85498600,,,LV,Clupea harengus,I4537,30,,,,1610403,1822004,FRANCE,35HT,4458,12366,12105,,,3.33333333333333,5509,,,,,,,,,,,,,,,,,,,,,,,,,,,E2008,,,,,,,MRN2,,,,,,,,,,,,,,,,,,,,,,,,,1600,,,1761,,VISO,FOR,,,,,,126417,,,,,,,,2026FR_004,,,,,,,,,,,,,,,,,,1822004
8969604,31-01-2026 04:43:00,50.15842800,0.85498600,,,LV,Sardina pilchardus,I4537,1,,,,1610403,1822041,FRANCE,35HT,4458,12366,12129,,,3.33333333333333,5509,,,,,,,,,,,,,,,,,,,,,,,,,,,E2008,,,,,,,MRN2,,,,,,,,,,,,,,,,,,,,,,,,,1600,,,1761,,VISO,FOR,,,,,,126421,,,,,,,,2026FR_004,,,,,,,,,,,,,,,,,,1822041
8969605,31-01-2026 04:43:00,50.15842800,0.85498600,,,LV,Sardina pilchardus,I4537,1,,,,1610403,1822042,FRANCE,35HT,4458,12366,12129,,,3.33333333333333,5509,,,,,,,,,,,,,,,,,,,,,,,,,,,E2008,,,,,,,MRN2,,,,,,,,,,,,,,,,,,,,,,,,,1600,,,1761,,VISO,FOR,,,,,,126421,,,,,,,,2026FR_004,,,,,,,,,,,,,,,,,,1822042
8969606,31-01-2026 19:37:00,49.77956100,0.14302500,,,LV,Clupea harengus,I4537,2,,,,1610404,1822005,FRANCE,35HT,4458,12366,12105,,,3.33333333333333,5384,,,,,,,,,,,,,,,,,,,,,,,,,,,E2012,,,,,,,MRN2,,,,,,,,,,,,,,,,,,,,,,,,,1600,,,596,,VISO,FOR,,,,,,126417,,,,,,,,2026FR_005,,,,,,,,,,,,,,,,,,1822005
8969607,31-01-2026 19:37:00,49.77956100,0.14302500,,,LV,Clupea harengus,I4537,9,,,,1610404,1822006,FRANCE,35HT,4458,12366,12105,,,3.33333333333333,5384,,,,,,,,,,,,,,,,,,,,,,,,,,,E2012,,,,,,,MRN2,,,,,,,,,,,,,,,,,,,,,,,,,1600,,,596,,VISO,FOR,,,,,,126417,,,,,,,,2026FR_005,,,,,,,,,,,,,,,,,,1822006
8969608,31-01-2026 19:37:00,49.77956100,0.14302500,,,LV,Clupea harengus,I4537,1,,,,1610404,1821995,FRANCE,35HT,4458,12366,12105,,,3.33333333333333,5384,,,,,,,,,,,,,,,,,,,,,,,,,,,E2012,,,,,,,MRN2,,,,,,,,,,,,,,,,,,,,,,,,,1600,,,596,,VISO,FOR,,,,,,126417,,,,,,,,2026FR_005,,,,,,,,,,,,,,,,,,1821995
8969609,31-01-2026 19:37:00,49.77956100,0.14302500,,,LV,Clupea harengus,I4537,1,,,,1610404,1821996,FRANCE,35HT,4458,12366,12105,,,3.33333333333333,5384,,,,,,,,,,,,,,,,,,,,,,,,,,,E2012,,,,,,,MRN2,,,,,,,,,,,,,,,,,,,,,,,,,1600,,,596,,VISO,FOR,,,,,,126417,,,,,,,,2026FR_005,,,,,,,,,,,,,,,,,,1821996
8969610,31-01-2026 19:37:00,49.77956100,0.14302500,,,LV,Clupea harengus,I4537,1,,,,1610404,1821997,FRANCE,35HT,4458,12366,12105,,,3.33333333333333,5384,,,,,,,,,,,,,,,,,,,,,,,,,,,E2012,,,,,,,MRN2,,,,,,,,,,,,,,,,,,,,,,,,,1600,,,596,,VISO,FOR,,,,,,126417,,,,,,,,2026FR_005,,,,,,,,,,,,,,,,,,1821997
8969611,31-01-2026 19:37:00,49.77956100,0.14302500,,,LV,Clupea harengus,I4537,1,,,,1610404,1821998,FRANCE,35HT,4458,12366,12105,,,3.33333333333333,5384,,,,,,,,,,,,,,,,,,,,,,,,,,,E2012,,,,,,,MRN2,,,,,,,,,,,,,,,,,,,,,,,,,1600,,,596,,VISO,FOR,,,,,,126417,,,,,,,,2026FR_005,,,,,,,,,,,,,,,,,,1821998
8969612,31-01-2026 19:37:00,49.77956100,0.14302500,,,LV,Clupea harengus,I4537,1,,,,1610404,1821999,FRANCE,35HT,4458,12366,12105,,,3.33333333333333,5384,,,,,,,,,,,,,,,,,,,,,,,,,,,E2012,,,,,,,MRN2,,,,,,,,,,,,,,,,,,,,,,,,,1600,,,596,,VISO,FOR,,,,,,126417,,,,,,,,2026FR_005,,,,,,,,,,,,,,,,,,1821999
8969613,31-01-2026 19:37:00,49.77956100,0.14302500,,,LV,Sardina pilchardus,I4537,1,,,,1610404,1822043,FRANCE,35HT,4458,12366,12129,,,3.33333333333333,5384,,,,,,,,,,,,,,,,,,,,,,,,,,,E2012,,,,,,,MRN2,,,,,,,,,,,,,,,,,,,,,,,,,1600,,,596,,VISO,FOR,,,,,,126421,,,,,,,,2026FR_005,,,,,,,,,,,,,,,,,,1822043
8969614,31-01-2026 19:37:00,49.77956100,0.14302500,,,LV,Sardina pilchardus,I4537,1,,,,1610404,1822044,FRANCE,35HT,4458,12366,12129,,,3.33333333333333,5384,,,,,,,,,,,,,,,,,,,,,,,,,,,E2012,,,,,,,MRN2,,,,,,,,,,,,,,,,,,,,,,,,,1600,,,596,,VISO,FOR,,,,,,126421,,,,,,,,2026FR_005,,,,,,,,,,,,,,,,,,1822044
8969615,31-01-2026 19:37:00,49.77956100,0.14302500,,,LV,Sardina pilchardus,I4537,2,,,,1610404,1822178,FRANCE,35HT,4458,12366,12129,,,3.33333333333333,5384,,,,,,,,,,,,,,,,,,,,,,,,,,,E2012,,,,,,,MRN2,,,,,,,,,,,,,,,,,,,,,,,,,1600,,,596,,VISO,FOR,,,,,,126421,,,,,,,,2026FR_005,,,,,,,,,,,,,,,,,,1822178
8969616,31-01-2026 19:37:00,49.77956100,0.14302500,,,LV,Sardina pilchardus,I4537,1,,,,1610404,1822179,FRANCE,35HT,4458,12366,12129,,,3.33333333333333,5384,,,,,,,,,,,,,,,,,,,,,,,,,,,E2012,,,,,,,MRN2,,,,,,,,,,,,,,,,,,,,,,,,,1600,,,596,,VISO,FOR,,,,,,126421,,,,,,,,2026FR_005,,,,,,,,,,,,,,,,,,1822179
8969617,31-01-2026 19:37:00,49.77956100,0.14302500,,,LV,Sardina pilchardus,I4537,1,,,,1610404,1822180,FRANCE,35HT,4458,12366,12129,,,3.33333333333333,5384,,,,,,,,,,,,,,,,,,,,,,,,,,,E2012,,,,,,,MRN2,,,,,,,,,,,,,,,,,,,,,,,,,1600,,,596,,VISO,FOR,,,,,,126421,,,,,,,,2026FR_005,,,,,,,,,,,,,,,,,,1822180
8969618,31-01-2026 19:37:00,49.77956100,0.14302500,,,LV,Sardina pilchardus,I4537,1,,,,1610404,1822181,FRANCE,35HT,4458,12366,12129,,,3.33333333333333,5384,,,,,,,,,,,,,,,,,,,,,,,,,,,E2012,,,,,,,MRN2,,,,,,,,,,,,,,,,,,,,,,,,,1600,,,596,,VISO,FOR,,,,,,126421,,,,,,,,2026FR_005,,,,,,,,,,,,,,,,,,1822181
8969619,31-01-2026 19:37:00,49.77956100,0.14302500,,,LV,Sardina pilchardus,I4537,1,,,,1610404,1822182,FRANCE,35HT,4458,12366,12129,,,3.33333333333333,5384,,,,,,,,,,,,,,,,,,,,,,,,,,,E2012,,,,,,,MRN2,,,,,,,,,,,,,,,,,,,,,,,,,1600,,,596,,VISO,FOR,,,,,,126421,,,,,,,,2026FR_005,,,,,,,,,,,,,,,,,,1822182
8969620,31-01-2026 19:37:00,49.77956100,0.14302500,,,LV,Sardina pilchardus,I4537,1,,,,1610404,1822183,FRANCE,35HT,4458,12366,12129,,,3.33333333333333,5384,,,,,,,,,,,,,,,,,,,,,,,,,,,E2012,,,,,,,MRN2,,,,,,,,,,,,,,,,,,,,,,,,,1600,,,596,,VISO,FOR,,,,,,126421,,,,,,,,2026FR_005,,,,,,,,,,,,,,,,,,1822183
8969621,31-01-2026 19:37:00,49.77956100,0.14302500,,,LV,Sardina pilchardus,I4537,1,,,,1610404,1822172,FRANCE,35HT,4458,12366,12129,,,3.33333333333333,5384,,,,,,,,,,,,,,,,,,,,,,,,,,,E2012,,,,,,,MRN2,,,,,,,,,,,,,,,,,,,,,,,,,1600,,,596,,VISO,FOR,,,,,,126421,,,,,,,,2026FR_005,,,,,,,,,,,,,,,,,,1822172
8969622,31-01-2026 21:31:00,49.88018600,0.48441500,,,LV,Clupea harengus,I4537,1,,,,1610405,1822000,FRANCE,35HT,4458,12366,12105,,,3.33333333333333,4557,,,,,,,,,,,,,,,,,,,,,,,,,,,E2013,,,,,,,MRN2,,,,,,,,,,,,,,,,,,,,,,,,,1600,,,492,,VISO,FOR,,,,,,126417,,,,,,,,2026FR_006,,,,,,,,,,,,,,,,,,1822000
8969623,31-01-2026 21:31:00,49.88018600,0.48441500,,,LV,Clupea harengus,I4537,2,,,,1610405,1821989,FRANCE,35HT,4458,12366,12105,,,3.33333333333333,4557,,,,,,,,,,,,,,,,,,,,,,,,,,,E2013,,,,,,,MRN2,,,,,,,,,,,,,,,,,,,,,,,,,1600,,,492,,VISO,FOR,,,,,,126417,,,,,,,,2026FR_006,,,,,,,,,,,,,,,,,,1821989
8969624,31-01-2026 21:31:00,49.88018600,0.48441500,,,LV,Clupea harengus,I4537,1,,,,1610405,1821990,FRANCE,35HT,4458,12366,12105,,,3.33333333333333,4557,,,,,,,,,,,,,,,,,,,,,,,,,,,E2013,,,,,,,MRN2,,,,,,,,,,,,,,,,,,,,,,,,,1600,,,492,,VISO,FOR,,,,,,126417,,,,,,,,2026FR_006,,,,,,,,,,,,,,,,,,1821990
8969625,31-01-2026 21:31:00,49.88018600,0.48441500,,,LV,Sardina pilchardus,I4537,1,,,,1610405,1822173,FRANCE,35HT,4458,12366,12129,,,3.33333333333333,4557,,,,,,,,,,,,,,,,,,,,,,,,,,,E2013,,,,,,,MRN2,,,,,,,,,,,,,,,,,,,,,,,,,1600,,,492,,VISO,FOR,,,,,,126421,,,,,,,,2026FR_006,,,,,,,,,,,,,,,,,,1822173
8969626,31-01-2026 21:31:00,49.88018600,0.48441500,,,LV,Sardina pilchardus,I4537,2,,,,1610405,1822174,FRANCE,35HT,4458,12366,12129,,,3.33333333333333,4557,,,,,,,,,,,,,,,,,,,,,,,,,,,E2013,,,,,,,MRN2,,,,,,,,,,,,,,,,,,,,,,,,,1600,,,492,,VISO,FOR,,,,,,126421,,,,,,,,2026FR_006,,,,,,,,,,,,,,,,,,1822174
8969627,31-01-2026 21:31:00,49.88018600,0.48441500,,,LV,Sardina pilchardus,I4537,1,,,,1610405,1822175,FRANCE,35HT,4458,12366,12129,,,3.33333333333333,4557,,,,,,,,,,,,,,,,,,,,,,,,,,,E2013,,,,,,,MRN2,,,,,,,,,,,,,,,,,,,,,,,,,1600,,,492,,VISO,FOR,,,,,,126421,,,,,,,,2026FR_006,,,,,,,,,,,,,,,,,,1822175
8969628,31-01-2026 21:31:00,49.88018600,0.48441500,,,LV,Sardina pilchardus,I4537,1,,,,1610405,1822176,FRANCE,35HT,4458,12366,12129,,,3.33333333333333,4557,,,,,,,,,,,,,,,,,,,,,,,,,,,E2013,,,,,,,MRN2,,,,,,,,,,,,,,,,,,,,,,,,,1600,,,492,,VISO,FOR,,,,,,126421,,,,,,,,2026FR_006,,,,,,,,,,,,,,,,,,1822176
8969629,31-01-2026 23:31:00,50.11731600,0.67253500,,,LV,Clupea harengus,I4537,1,,,,1610406,1821991,FRANCE,35HT,4458,12366,12105,,,3.33333333333333,4470,,,,,,,,,,,,,,,,,,,,,,,,,,,E2015,,,,,,,MRN2,,,,,,,,,,,,,,,,,,,,,,,,,1600,,,1119,,VISO,FOR,,,,,,126417,,,,,,,,2026FR_007,,,,,,,,,,,,,,,,,,1821991
8969630,31-01-2026 23:31:00,50.11731600,0.67253500,,,LV,Clupea harengus,I4537,6,,,,1610406,1821992,FRANCE,35HT,4458,12366,12105,,,3.33333333333333,4470,,,,,,,,,,,,,,,,,,,,,,,,,,,E2015,,,,,,,MRN2,,,,,,,,,,,,,,,,,,,,,,,,,1600,,,1119,,VISO,FOR,,,,,,126417,,,,,,,,2026FR_007,,,,,,,,,,,,,,,,,,1821992
8969631,31-01-2026 23:31:00,50.11731600,0.67253500,,,LV,Clupea harengus,I4537,1,,,,1610406,1821993,FRANCE,35HT,4458,12366,12105,,,3.33333333333333,4470,,,,,,,,,,,,,,,,,,,,,,,,,,,E2015,,,,,,,MRN2,,,,,,,,,,,,,,,,,,,,,,,,,1600,,,1119,,VISO,FOR,,,,,,126417,,,,,,,,2026FR_007,,,,,,,,,,,,,,,,,,1821993
8969632,31-01-2026 23:31:00,50.11731600,0.67253500,,,LV,Clupea harengus,I4537,4,,,,1610406,1821994,FRANCE,35HT,4458,12366,12105,,,3.33333333333333,4470,,,,,,,,,,,,,,,,,,,,,,,,,,,E2015,,,,,,,MRN2,,,,,,,,,,,,,,,,,,,,,,,,,1600,,,1119,,VISO,FOR,,,,,,126417,,,,,,,,2026FR_007,,,,,,,,,,,,,,,,,,1821994
8969633,31-01-2026 23:31:00,50.11731600,0.67253500,,,LV,Clupea harengus,I4537,7,,,,1610406,1821983,FRANCE,35HT,4458,12366,12105,,,3.33333333333333,4470,,,,,,,,,,,,,,,,,,,,,,,,,,,E2015,,,,,,,MRN2,,,,,,,,,,,,,,,,,,,,,,,,,1600,,,1119,,VISO,FOR,,,,,,126417,,,,,,,,2026FR_007,,,,,,,,,,,,,,,,,,1821983
8969634,31-01-2026 23:31:00,50.11731600,0.67253500,,,LV,Clupea harengus,I4537,1,,,,1610406,1821984,FRANCE,35HT,4458,12366,12105,,,3.33333333333333,4470,,,,,,,,,,,,,,,,,,,,,,,,,,,E2015,,,,,,,MRN2,,,,,,,,,,,,,,,,,,,,,,,,,1600,,,1119,,VISO,FOR,,,,,,126417,,,,,,,,2026FR_007,,,,,,,,,,,,,,,,,,1821984
8969635,31-01-2026 23:31:00,50.11731600,0.67253500,,,LV,Clupea harengus,I4537,40,,,,1610406,1821985,FRANCE,35HT,4458,12366,12105,,,3.33333333333333,4470,,,,,,,,,,,,,,,,,,,,,,,,,,,E2015,,,,,,,MRN2,,,,,,,,,,,,,,,,,,,,,,,,,1600,,,1119,,VISO,FOR,,,,,,126417,,,,,,,,2026FR_007,,,,,,,,,,,,,,,,,,1821985
8969636,31-01-2026 23:31:00,50.11731600,0.67253500,,,LV,Clupea harengus,I4537,32,,,,1610406,1821986,FRANCE,35HT,4458,12366,12105,,,3.33333333333333,4470,,,,,,,,,,,,,,,,,,,,,,,,,,,E2015,,,,,,,MRN2,,,,,,,,,,,,,,,,,,,,,,,,,1600,,,1119,,VISO,FOR,,,,,,126417,,,,,,,,2026FR_007,,,,,,,,,,,,,,,,,,1821986
8969637,31-01-2026 23:31:00,50.11731600,0.67253500,,,LV,Clupea harengus,I4537,2,,,,1610406,1821987,FRANCE,35HT,4458,12366,12105,,,3.33333333333333,4470,,,,,,,,,,,,,,,,,,,,,,,,,,,E2015,,,,,,,MRN2,,,,,,,,,,,,,,,,,,,,,,,,,1600,,,1119,,VISO,FOR,,,,,,126417,,,,,,,,2026FR_007,,,,,,,,,,,,,,,,,,1821987
8969638,31-01-2026 23:31:00,50.11731600,0.67253500,,,LV,Clupea harengus,I4537,1,,,,1610406,1821988,FRANCE,35HT,4458,12366,12105,,,3.33333333333333,4470,,,,,,,,,,,,,,,,,,,,,,,,,,,E2015,,,,,,,MRN2,,,,,,,,,,,,,,,,,,,,,,,,,1600,,,1119,,VISO,FOR,,,,,,126417,,,,,,,,2026FR_007,,,,,,,,,,,,,,,,,,1821988
8969639,31-01-2026 23:31:00,50.11731600,0.67253500,,,LV,Clupea harengus,I4537,1,,,,1610406,1821977,FRANCE,35HT,4458,12366,12105,,,3.33333333333333,4470,,,,,,,,,,,,,,,,,,,,,,,,,,,E2015,,,,,,,MRN2,,,,,,,,,,,,,,,,,,,,,,,,,1600,,,1119,,VISO,FOR,,,,,,126417,,,,,,,,2026FR_007,,,,,,,,,,,,,,,,,,1821977
8969640,31-01-2026 23:31:00,50.11731600,0.67253500,,,LV,Clupea harengus,I4537,4,,,,1610406,1821978,FRANCE,35HT,4458,12366,12105,,,3.33333333333333,4470,,,,,,,,,,,,,,,,,,,,,,,,,,,E2015,,,,,,,MRN2,,,,,,,,,,,,,,,,,,,,,,,,,1600,,,1119,,VISO,FOR,,,,,,126417,,,,,,,,2026FR_007,,,,,,,,,,,,,,,,,,1821978
8969641,01-02-2026 01:55:00,50.27523400,0.40786400,,,LV,Clupea harengus,I4537,2,,,,1610407,1821979,FRANCE,35HT,4458,12366,12105,,,3.33333333333333,5165,,,,,,,,,,,,,,,,,,,,,,,,,,,E2016,,,,,,,MRN2,,,,,,,,,,,,,,,,,,,,,,,,,1600,,,1964,,VISO,FOR,,,,,,126417,,,,,,,,2026FR_008,,,,,,,,,,,,,,,,,,1821979
8969642,01-02-2026 01:55:00,50.27523400,0.40786400,,,LV,Clupea harengus,I4537,2,,,,1610407,1821980,FRANCE,35HT,4458,12366,12105,,,3.33333333333333,5165,,,,,,,,,,,,,,,,,,,,,,,,,,,E2016,,,,,,,MRN2,,,,,,,,,,,,,,,,,,,,,,,,,1600,,,1964,,VISO,FOR,,,,,,126417,,,,,,,,2026FR_008,,,,,,,,,,,,,,,,,,1821980
8969643,01-02-2026 01:55:00,50.27523400,0.40786400,,,LV,Clupea harengus,I4537,3,,,,1610407,1821981,FRANCE,35HT,4458,12366,12105,,,3.33333333333333,5165,,,,,,,,,,,,,,,,,,,,,,,,,,,E2016,,,,,,,MRN2,,,,,,,,,,,,,,,,,,,,,,,,,1600,,,1964,,VISO,FOR,,,,,,126417,,,,,,,,2026FR_008,,,,,,,,,,,,,,,,,,1821981
8969644,01-02-2026 01:55:00,50.27523400,0.40786400,,,LV,Clupea harengus,I4537,4,,,,1610407,1821982,FRANCE,35HT,4458,12366,12105,,,3.33333333333333,5165,,,,,,,,,,,,,,,,,,,,,,,,,,,E2016,,,,,,,MRN2,,,,,,,,,,,,,,,,,,,,,,,,,1600,,,1964,,VISO,FOR,,,,,,126417,,,,,,,,2026FR_008,,,,,,,,,,,,,,,,,,1821982
8969645,01-02-2026 01:55:00,50.27523400,0.40786400,,,LV,Clupea harengus,I4537,12,,,,1610407,1821971,FRANCE,35HT,4458,12366,12105,,,3.33333333333333,5165,,,,,,,,,,,,,,,,,,,,,,,,,,,E2016,,,,,,,MRN2,,,,,,,,,,,,,,,,,,,,,,,,,1600,,,1964,,VISO,FOR,,,,,,126417,,,,,,,,2026FR_008,,,,,,,,,,,,,,,,,,1821971
8969646,01-02-2026 01:55:00,50.27523400,0.40786400,,,LV,Clupea harengus,I4537,14,,,,1610407,1821972,FRANCE,35HT,4458,12366,12105,,,3.33333333333333,5165,,,,,,,,,,,,,,,,,,,,,,,,,,,E2016,,,,,,,MRN2,,,,,,,,,,,,,,,,,,,,,,,,,1600,,,1964,,VISO,FOR,,,,,,126417,,,,,,,,2026FR_008,,,,,,,,,,,,,,,,,,1821972
8969647,01-02-2026 01:55:00,50.27523400,0.40786400,,,LV,Clupea harengus,I4537,72,,,,1610407,1821973,FRANCE,35HT,4458,12366,12105,,,3.33333333333333,5165,,,,,,,,,,,,,,,,,,,,,,,,,,,E2016,,,,,,,MRN2,,,,,,,,,,,,,,,,,,,,,,,,,1600,,,1964,,VISO,FOR,,,,,,126417,,,,,,,,2026FR_008,,,,,,,,,,,,,,,,,,1821973
8969648,01-02-2026 05:01:00,50.38845200,0.79761600,,,LV,Clupea harengus,I4537,46,,,,1610408,1821974,FRANCE,35HT,4458,12366,12105,,,3.33333333333333,4593,,,,,,,,,,,,,,,,,,,,,,,,,,,E2017,,,,,,,MRN2,,,,,,,,,,,,,,,,,,,,,,,,,1600,,,1913,,VISO,FOR,,,,,,126417,,,,,,,,2026FR_009,,,,,,,,,,,,,,,,,,1821974
8969649,01-02-2026 05:01:00,50.38845200,0.79761600,,,LV,Clupea harengus,I4537,10,,,,1610408,1821975,FRANCE,35HT,4458,12366,12105,,,3.33333333333333,4593,,,,,,,,,,,,,,,,,,,,,,,,,,,E2017,,,,,,,MRN2,,,,,,,,,,,,,,,,,,,,,,,,,1600,,,1913,,VISO,FOR,,,,,,126417,,,,,,,,2026FR_009,,,,,,,,,,,,,,,,,,1821975
8969650,01-02-2026 05:01:00,50.38845200,0.79761600,,,LV,Clupea harengus,I4537,2,,,,1610408,1821976,FRANCE,35HT,4458,12366,12105,,,3.33333333333333,4593,,,,,,,,,,,,,,,,,,,,,,,,,,,E2017,,,,,,,MRN2,,,,,,,,,,,,,,,,,,,,,,,,,1600,,,1913,,VISO,FOR,,,,,,126417,,,,,,,,2026FR_009,,,,,,,,,,,,,,,,,,1821976
8969651,01-02-2026 05:01:00,50.38845200,0.79761600,,,LV,Clupea harengus,I4537,24,,,,1610408,1821965,FRANCE,35HT,4458,12366,12105,,,3.33333333333333,4593,,,,,,,,,,,,,,,,,,,,,,,,,,,E2017,,,,,,,MRN2,,,,,,,,,,,,,,,,,,,,,,,,,1600,,,1913,,VISO,FOR,,,,,,126417,,,,,,,,2026FR_009,,,,,,,,,,,,,,,,,,1821965
8969652,01-02-2026 05:01:00,50.38845200,0.79761600,,,LV,Clupea harengus,I4537,1,,,,1610408,1821966,FRANCE,35HT,4458,12366,12105,,,3.33333333333333,4593,,,,,,,,,,,,,,,,,,,,,,,,,,,E2017,,,,,,,MRN2,,,,,,,,,,,,,,,,,,,,,,,,,1600,,,1913,,VISO,FOR,,,,,,126417,,,,,,,,2026FR_009,,,,,,,,,,,,,,,,,,1821966
8969653,01-02-2026 05:01:00,50.38845200,0.79761600,,,LV,Clupea harengus,I4537,1,,,,1610408,1821967,FRANCE,35HT,4458,12366,12105,,,3.33333333333333,4593,,,,,,,,,,,,,,,,,,,,,,,,,,,E2017,,,,,,,MRN2,,,,,,,,,,,,,,,,,,,,,,,,,1600,,,1913,,VISO,FOR,,,,,,126417,,,,,,,,2026FR_009,,,,,,,,,,,,,,,,,,1821967
8969654,01-02-2026 05:01:00,50.38845200,0.79761600,,,LV,Clupea harengus,I4537,24,,,,1610408,1821968,FRANCE,35HT,4458,12366,12105,,,3.33333333333333,4593,,,,,,,,,,,,,,,,,,,,,,,,,,,E2017,,,,,,,MRN2,,,,,,,,,,,,,,,,,,,,,,,,,1600,,,1913,,VISO,FOR,,,,,,126417,,,,,,,,2026FR_009,,,,,,,,,,,,,,,,,,1821968
8969655,01-02-2026 19:19:00,50.70904100,0.14005700,,,LV,Sardina pilchardus,I4537,1,,,,1610409,1822177,FRANCE,35HT,4458,12366,12129,,,3.33333333333333,6739,,,,,,,,,,,,,,,,,,,,,,,,,,,E2020,,,,,,,MRN2,,,,,,,,,,,,,,,,,,,,,,,,,1600,,,2278,,VISO,FOR,,,,,,126421,,,,,,,,2026FR_010,,,,,,,,,,,,,,,,,,1822177
8969656,01-02-2026 19:19:00,50.70904100,0.14005700,,,LV,Sardina pilchardus,I4537,3,,,,1610409,1822166,FRANCE,35HT,4458,12366,12129,,,3.33333333333333,6739,,,,,,,,,,,,,,,,,,,,,,,,,,,E2020,,,,,,,MRN2,,,,,,,,,,,,,,,,,,,,,,,,,1600,,,2278,,VISO,FOR,,,,,,126421,,,,,,,,2026FR_010,,,,,,,,,,,,,,,,,,1822166
8969657,01-02-2026 20:36:00,50.62678300,0.37028200,,,LV,Sardina pilchardus,I4537,1,,,,1610410,1822167,FRANCE,35HT,4458,12366,12129,,,3.33333333333333,9150,,,,,,,,,,,,,,,,,,,,,,,,,,,E2021,,,,,,,MRN2,,,,,,,,,,,,,,,,,,,,,,,,,1600,,,4410,,VISO,FOR,,,,,,126421,,,,,,,,2026FR_011,,,,,,,,,,,,,,,,,,1822167
8969658,02-02-2026 17:50:00,50.91201600,1.57621900,,,LV,Clupea harengus,I4537,1,,,,1610414,1821969,FRANCE,35HT,4458,12366,12105,,,3.33333333333333,5244,,,,,,,,,,,,,,,,,,,,,,,,,,,E2027,,,,,,,MRN2,,,,,,,,,,,,,,,,,,,,,,,,,1600,,,1784,,VISO,FOR,,,,,,126417,,,,,,,,2026FR_015,,,,,,,,,,,,,,,,,,1821969
8969659,02-02-2026 17:50:00,50.91201600,1.57621900,,,LV,Clupea harengus,I4537,3,,,,1610414,1821970,FRANCE,35HT,4458,12366,12105,,,3.33333333333333,5244,,,,,,,,,,,,,,,,,,,,,,,,,,,E2027,,,,,,,MRN2,,,,,,,,,,,,,,,,,,,,,,,,,1600,,,1784,,VISO,FOR,,,,,,126417,,,,,,,,2026FR_015,,,,,,,,,,,,,,,,,,1821970
8969660,02-02-2026 17:50:00,50.91201600,1.57621900,,,LV,Clupea harengus,I4537,2,,,,1610414,1821959,FRANCE,35HT,4458,12366,12105,,,3.33333333333333,5244,,,,,,,,,,,,,,,,,,,,,,,,,,,E2027,,,,,,,MRN2,,,,,,,,,,,,,,,,,,,,,,,,,1600,,,1784,,VISO,FOR,,,,,,126417,,,,,,,,2026FR_015,,,,,,,,,,,,,,,,,,1821959
8969661,02-02-2026 17:50:00,50.91201600,1.57621900,,,LV,Clupea harengus,I4537,3,,,,1610414,1821960,FRANCE,35HT,4458,12366,12105,,,3.33333333333333,5244,,,,,,,,,,,,,,,,,,,,,,,,,,,E2027,,,,,,,MRN2,,,,,,,,,,,,,,,,,,,,,,,,,1600,,,1784,,VISO,FOR,,,,,,126417,,,,,,,,2026FR_015,,,,,,,,,,,,,,,,,,1821960
8969662,02-02-2026 17:50:00,50.91201600,1.57621900,,,LV,Clupea harengus,I4537,2,,,,1610414,1821961,FRANCE,35HT,4458,12366,12105,,,3.33333333333333,5244,,,,,,,,,,,,,,,,,,,,,,,,,,,E2027,,,,,,,MRN2,,,,,,,,,,,,,,,,,,,,,,,,,1600,,,1784,,VISO,FOR,,,,,,126417,,,,,,,,2026FR_015,,,,,,,,,,,,,,,,,,1821961
8969663,02-02-2026 17:50:00,50.91201600,1.57621900,,,LV,Clupea harengus,I4537,1,,,,1610414,1821962,FRANCE,35HT,4458,12366,12105,,,3.33333333333333,5244,,,,,,,,,,,,,,,,,,,,,,,,,,,E2027,,,,,,,MRN2,,,,,,,,,,,,,,,,,,,,,,,,,1600,,,1784,,VISO,FOR,,,,,,126417,,,,,,,,2026FR_015,,,,,,,,,,,,,,,,,,1821962
8969664,02-02-2026 17:50:00,50.91201600,1.57621900,,,LV,Clupea harengus,I4537,2,,,,1610414,1821963,FRANCE,35HT,4458,12366,12105,,,3.33333333333333,5244,,,,,,,,,,,,,,,,,,,,,,,,,,,E2027,,,,,,,MRN2,,,,,,,,,,,,,,,,,,,,,,,,,1600,,,1784,,VISO,FOR,,,,,,126417,,,,,,,,2026FR_015,,,,,,,,,,,,,,,,,,1821963
8969665,02-02-2026 17:50:00,50.91201600,1.57621900,,,LV,Clupea harengus,I4537,2,,,,1610414,1821964,FRANCE,35HT,4458,12366,12105,,,3.33333333333333,5244,,,,,,,,,,,,,,,,,,,,,,,,,,,E2027,,,,,,,MRN2,,,,,,,,,,,,,,,,,,,,,,,,,1600,,,1784,,VISO,FOR,,,,,,126417,,,,,,,,2026FR_015,,,,,,,,,,,,,,,,,,1821964
8969666,02-02-2026 17:50:00,50.91201600,1.57621900,,,LV,Clupea harengus,I4537,2,,,,1610414,1821953,FRANCE,35HT,4458,12366,12105,,,3.33333333333333,5244,,,,,,,,,,,,,,,,,,,,,,,,,,,E2027,,,,,,,MRN2,,,,,,,,,,,,,,,,,,,,,,,,,1600,,,1784,,VISO,FOR,,,,,,126417,,,,,,,,2026FR_015,,,,,,,,,,,,,,,,,,1821953
8969667,02-02-2026 17:50:00,50.91201600,1.57621900,,,LV,Clupea harengus,I4537,19,,,,1610414,1821954,FRANCE,35HT,4458,12366,12105,,,3.33333333333333,5244,,,,,,,,,,,,,,,,,,,,,,,,,,,E2027,,,,,,,MRN2,,,,,,,,,,,,,,,,,,,,,,,,,1600,,,1784,,VISO,FOR,,,,,,126417,,,,,,,,2026FR_015,,,,,,,,,,,,,,,,,,1821954
8969668,02-02-2026 17:50:00,50.91201600,1.57621900,,,LV,Clupea harengus,I4537,42,,,,1610414,1821955,FRANCE,35HT,4458,12366,12105,,,3.33333333333333,5244,,,,,,,,,,,,,,,,,,,,,,,,,,,E2027,,,,,,,MRN2,,,,,,,,,,,,,,,,,,,,,,,,,1600,,,1784,,VISO,FOR,,,,,,126417,,,,,,,,2026FR_015,,,,,,,,,,,,,,,,,,1821955
8969669,02-02-2026 17:50:00,50.91201600,1.57621900,,,LV,Clupea harengus,I4537,29,,,,1610414,1821956,FRANCE,35HT,4458,12366,12105,,,3.33333333333333,5244,,,,,,,,,,,,,,,,,,,,,,,,,,,E2027,,,,,,,MRN2,,,,,,,,,,,,,,,,,,,,,,,,,1600,,,1784,,VISO,FOR,,,,,,126417,,,,,,,,2026FR_015,,,,,,,,,,,,,,,,,,1821956
8969670,02-02-2026 17:50:00,50.91201600,1.57621900,,,LV,Sardina pilchardus,I4537,1,,,,1610414,1822168,FRANCE,35HT,4458,12366,12129,,,3.33333333333333,5244,,,,,,,,,,,,,,,,,,,,,,,,,,,E2027,,,,,,,MRN2,,,,,,,,,,,,,,,,,,,,,,,,,1600,,,1784,,VISO,FOR,,,,,,126421,,,,,,,,2026FR_015,,,,,,,,,,,,,,,,,,1822168
8969671,02-02-2026 21:34:00,51.09316300,1.79409900,,,LV,Clupea harengus,I4537,14,,,,1610415,1821957,FRANCE,35HT,4458,12366,12105,,,3.33333333333333,4020,,,,,,,,,,,,,,,,,,,,,,,,,,,E2028,,,,,,,MRN2,,,,,,,,,,,,,,,,,,,,,,,,,1600,,,798,,VISO,FOR,,,,,,126417,,,,,,,,2026FR_016,,,,,,,,,,,,,,,,,,1821957
8969672,02-02-2026 21:34:00,51.09316300,1.79409900,,,LV,Clupea harengus,I4537,1,,,,1610415,1821958,FRANCE,35HT,4458,12366,12105,,,3.33333333333333,4020,,,,,,,,,,,,,,,,,,,,,,,,,,,E2028,,,,,,,MRN2,,,,,,,,,,,,,,,,,,,,,,,,,1600,,,798,,VISO,FOR,,,,,,126417,,,,,,,,2026FR_016,,,,,,,,,,,,,,,,,,1821958
8969673,02-02-2026 21:34:00,51.09316300,1.79409900,,,LV,Clupea harengus,I4537,1,,,,1610415,1821947,FRANCE,35HT,4458,12366,12105,,,3.33333333333333,4020,,,,,,,,,,,,,,,,,,,,,,,,,,,E2028,,,,,,,MRN2,,,,,,,,,,,,,,,,,,,,,,,,,1600,,,798,,VISO,FOR,,,,,,126417,,,,,,,,2026FR_016,,,,,,,,,,,,,,,,,,1821947
8969674,02-02-2026 21:34:00,51.09316300,1.79409900,,,LV,Clupea harengus,I4537,3,,,,1610415,1821948,FRANCE,35HT,4458,12366,12105,,,3.33333333333333,4020,,,,,,,,,,,,,,,,,,,,,,,,,,,E2028,,,,,,,MRN2,,,,,,,,,,,,,,,,,,,,,,,,,1600,,,798,,VISO,FOR,,,,,,126417,,,,,,,,2026FR_016,,,,,,,,,,,,,,,,,,1821948
8969675,02-02-2026 21:34:00,51.09316300,1.79409900,,,LV,Clupea harengus,I4537,2,,,,1610415,1821949,FRANCE,35HT,4458,12366,12105,,,3.33333333333333,4020,,,,,,,,,,,,,,,,,,,,,,,,,,,E2028,,,,,,,MRN2,,,,,,,,,,,,,,,,,,,,,,,,,1600,,,798,,VISO,FOR,,,,,,126417,,,,,,,,2026FR_016,,,,,,,,,,,,,,,,,,1821949
8969676,02-02-2026 21:34:00,51.09316300,1.79409900,,,LV,Clupea harengus,I4537,2,,,,1610415,1821950,FRANCE,35HT,4458,12366,12105,,,3.33333333333333,4020,,,,,,,,,,,,,,,,,,,,,,,,,,,E2028,,,,,,,MRN2,,,,,,,,,,,,,,,,,,,,,,,,,1600,,,798,,VISO,FOR,,,,,,126417,,,,,,,,2026FR_016,,,,,,,,,,,,,,,,,,1821950
8969677,02-02-2026 21:34:00,51.09316300,1.79409900,,,LV,Clupea harengus,I4537,7,,,,1610415,1821951,FRANCE,35HT,4458,12366,12105,,,3.33333333333333,4020,,,,,,,,,,,,,,,,,,,,,,,,,,,E2028,,,,,,,MRN2,,,,,,,,,,,,,,,,,,,,,,,,,1600,,,798,,VISO,FOR,,,,,,126417,,,,,,,,2026FR_016,,,,,,,,,,,,,,,,,,1821951
8969678,02-02-2026 21:34:00,51.09316300,1.79409900,,,LV,Clupea harengus,I4537,20,,,,1610415,1821952,FRANCE,35HT,4458,12366,12105,,,3.33333333333333,4020,,,,,,,,,,,,,,,,,,,,,,,,,,,E2028,,,,,,,MRN2,,,,,,,,,,,,,,,,,,,,,,,,,1600,,,798,,VISO,FOR,,,,,,126417,,,,,,,,2026FR_016,,,,,,,,,,,,,,,,,,1821952
8969679,02-02-2026 23:49:00,51.13423100,2.15016400,,,LV,Clupea harengus,I4537,2,,,,1610416,1821941,FRANCE,35HT,4458,12366,12105,,,3.33333333333333,3350,,,,,,,,,,,,,,,,,,,,,,,,,,,E2029,,,,,,,MRN2,,,,,,,,,,,,,,,,,,,,,,,,,1600,,,1397,,VISO,FOR,,,,,,126417,,,,,,,,2026FR_017,,,,,,,,,,,,,,,,,,1821941
8969680,02-02-2026 23:49:00,51.13423100,2.15016400,,,LV,Clupea harengus,I4537,1,,,,1610416,1821942,FRANCE,35HT,4458,12366,12105,,,3.33333333333333,3350,,,,,,,,,,,,,,,,,,,,,,,,,,,E2029,,,,,,,MRN2,,,,,,,,,,,,,,,,,,,,,,,,,1600,,,1397,,VISO,FOR,,,,,,126417,,,,,,,,2026FR_017,,,,,,,,,,,,,,,,,,1821942
8969681,02-02-2026 23:49:00,51.13423100,2.15016400,,,LV,Clupea harengus,I4537,1,,,,1610416,1821943,FRANCE,35HT,4458,12366,12105,,,3.33333333333333,3350,,,,,,,,,,,,,,,,,,,,,,,,,,,E2029,,,,,,,MRN2,,,,,,,,,,,,,,,,,,,,,,,,,1600,,,1397,,VISO,FOR,,,,,,126417,,,,,,,,2026FR_017,,,,,,,,,,,,,,,,,,1821943
8969682,02-02-2026 23:49:00,51.13423100,2.15016400,,,LV,Clupea harengus,I4537,1,,,,1610416,1821944,FRANCE,35HT,4458,12366,12105,,,3.33333333333333,3350,,,,,,,,,,,,,,,,,,,,,,,,,,,E2029,,,,,,,MRN2,,,,,,,,,,,,,,,,,,,,,,,,,1600,,,1397,,VISO,FOR,,,,,,126417,,,,,,,,2026FR_017,,,,,,,,,,,,,,,,,,1821944
8969683,02-02-2026 23:49:00,51.13423100,2.15016400,,,LV,Clupea harengus,I4537,1,,,,1610416,1821945,FRANCE,35HT,4458,12366,12105,,,3.33333333333333,3350,,,,,,,,,,,,,,,,,,,,,,,,,,,E2029,,,,,,,MRN2,,,,,,,,,,,,,,,,,,,,,,,,,1600,,,1397,,VISO,FOR,,,,,,126417,,,,,,,,2026FR_017,,,,,,,,,,,,,,,,,,1821945
8969684,02-02-2026 23:49:00,51.13423100,2.15016400,,,LV,Clupea harengus,I4537,1,,,,1610416,1821946,FRANCE,35HT,4458,12366,12105,,,3.33333333333333,3350,,,,,,,,,,,,,,,,,,,,,,,,,,,E2029,,,,,,,MRN2,,,,,,,,,,,,,,,,,,,,,,,,,1600,,,1397,,VISO,FOR,,,,,,126417,,,,,,,,2026FR_017,,,,,,,,,,,,,,,,,,1821946
8969685,02-02-2026 23:49:00,51.13423100,2.15016400,,,LV,Clupea harengus,I4537,13,,,,1610416,1821935,FRANCE,35HT,4458,12366,12105,,,3.33333333333333,3350,,,,,,,,,,,,,,,,,,,,,,,,,,,E2029,,,,,,,MRN2,,,,,,,,,,,,,,,,,,,,,,,,,1600,,,1397,,VISO,FOR,,,,,,126417,,,,,,,,2026FR_017,,,,,,,,,,,,,,,,,,1821935
8969686,02-02-2026 23:49:00,51.13423100,2.15016400,,,LV,Clupea harengus,I4537,8,,,,1610416,1821936,FRANCE,35HT,4458,12366,12105,,,3.33333333333333,3350,,,,,,,,,,,,,,,,,,,,,,,,,,,E2029,,,,,,,MRN2,,,,,,,,,,,,,,,,,,,,,,,,,1600,,,1397,,VISO,FOR,,,,,,126417,,,,,,,,2026FR_017,,,,,,,,,,,,,,,,,,1821936
8969687,02-02-2026 23:49:00,51.13423100,2.15016400,,,LV,Clupea harengus,I4537,3,,,,1610416,1821937,FRANCE,35HT,4458,12366,12105,,,3.33333333333333,3350,,,,,,,,,,,,,,,,,,,,,,,,,,,E2029,,,,,,,MRN2,,,,,,,,,,,,,,,,,,,,,,,,,1600,,,1397,,VISO,FOR,,,,,,126417,,,,,,,,2026FR_017,,,,,,,,,,,,,,,,,,1821937
8969688,02-02-2026 23:49:00,51.13423100,2.15016400,,,LV,Clupea harengus,I4537,17,,,,1610416,1821938,FRANCE,35HT,4458,12366,12105,,,3.33333333333333,3350,,,,,,,,,,,,,,,,,,,,,,,,,,,E2029,,,,,,,MRN2,,,,,,,,,,,,,,,,,,,,,,,,,1600,,,1397,,VISO,FOR,,,,,,126417,,,,,,,,2026FR_017,,,,,,,,,,,,,,,,,,1821938
8969689,02-02-2026 23:49:00,51.13423100,2.15016400,,,LV,Clupea harengus,I4537,1,,,,1610416,1821939,FRANCE,35HT,4458,12366,12105,,,3.33333333333333,3350,,,,,,,,,,,,,,,,,,,,,,,,,,,E2029,,,,,,,MRN2,,,,,,,,,,,,,,,,,,,,,,,,,1600,,,1397,,VISO,FOR,,,,,,126417,,,,,,,,2026FR_017,,,,,,,,,,,,,,,,,,1821939
8969690,02-02-2026 23:49:00,51.13423100,2.15016400,,,LV,Clupea harengus,I4537,7,,,,1610416,1821940,FRANCE,35HT,4458,12366,12105,,,3.33333333333333,3350,,,,,,,,,,,,,,,,,,,,,,,,,,,E2029,,,,,,,MRN2,,,,,,,,,,,,,,,,,,,,,,,,,1600,,,1397,,VISO,FOR,,,,,,126417,,,,,,,,2026FR_017,,,,,,,,,,,,,,,,,,1821940
8969691,02-02-2026 23:49:00,51.13423100,2.15016400,,,LV,Sardina pilchardus,I4537,1,,,,1610416,1822169,FRANCE,35HT,4458,12366,12129,,,3.33333333333333,3350,,,,,,,,,,,,,,,,,,,,,,,,,,,E2029,,,,,,,MRN2,,,,,,,,,,,,,,,,,,,,,,,,,1600,,,1397,,VISO,FOR,,,,,,126421,,,,,,,,2026FR_017,,,,,,,,,,,,,,,,,,1822169
8969692,03-02-2026 01:56:00,51.24969700,2.45555200,,,LV,Clupea harengus,I4537,1,,,,1610417,1821929,FRANCE,35HT,4458,12366,12105,,,3.33333333333333,3661,,,,,,,,,,,,,,,,,,,,,,,,,,,E2030,,,,,,,MRN2,,,,,,,,,,,,,,,,,,,,,,,,,1600,,,2080,,VISO,FOR,,,,,,126417,,,,,,,,2026FR_018,,,,,,,,,,,,,,,,,,1821929
8969693,03-02-2026 01:56:00,51.24969700,2.45555200,,,LV,Clupea harengus,I4537,1,,,,1610417,1821930,FRANCE,35HT,4458,12366,12105,,,3.33333333333333,3661,,,,,,,,,,,,,,,,,,,,,,,,,,,E2030,,,,,,,MRN2,,,,,,,,,,,,,,,,,,,,,,,,,1600,,,2080,,VISO,FOR,,,,,,126417,,,,,,,,2026FR_018,,,,,,,,,,,,,,,,,,1821930
8969694,03-02-2026 01:56:00,51.24969700,2.45555200,,,LV,Clupea harengus,I4537,2,,,,1610417,1821931,FRANCE,35HT,4458,12366,12105,,,3.33333333333333,3661,,,,,,,,,,,,,,,,,,,,,,,,,,,E2030,,,,,,,MRN2,,,,,,,,,,,,,,,,,,,,,,,,,1600,,,2080,,VISO,FOR,,,,,,126417,,,,,,,,2026FR_018,,,,,,,,,,,,,,,,,,1821931
8969695,03-02-2026 01:56:00,51.24969700,2.45555200,,,LV,Clupea harengus,I4537,1,,,,1610417,1821932,FRANCE,35HT,4458,12366,12105,,,3.33333333333333,3661,,,,,,,,,,,,,,,,,,,,,,,,,,,E2030,,,,,,,MRN2,,,,,,,,,,,,,,,,,,,,,,,,,1600,,,2080,,VISO,FOR,,,,,,126417,,,,,,,,2026FR_018,,,,,,,,,,,,,,,,,,1821932
8969696,03-02-2026 01:56:00,51.24969700,2.45555200,,,LV,Clupea harengus,I4537,12,,,,1610417,1821933,FRANCE,35HT,4458,12366,12105,,,3.33333333333333,3661,,,,,,,,,,,,,,,,,,,,,,,,,,,E2030,,,,,,,MRN2,,,,,,,,,,,,,,,,,,,,,,,,,1600,,,2080,,VISO,FOR,,,,,,126417,,,,,,,,2026FR_018,,,,,,,,,,,,,,,,,,1821933
8969697,03-02-2026 01:56:00,51.24969700,2.45555200,,,LV,Clupea harengus,I4537,29,,,,1610417,1821934,FRANCE,35HT,4458,12366,12105,,,3.33333333333333,3661,,,,,,,,,,,,,,,,,,,,,,,,,,,E2030,,,,,,,MRN2,,,,,,,,,,,,,,,,,,,,,,,,,1600,,,2080,,VISO,FOR,,,,,,126417,,,,,,,,2026FR_018,,,,,,,,,,,,,,,,,,1821934
8969698,03-02-2026 01:56:00,51.24969700,2.45555200,,,LV,Clupea harengus,I4537,4,,,,1610417,1821923,FRANCE,35HT,4458,12366,12105,,,3.33333333333333,3661,,,,,,,,,,,,,,,,,,,,,,,,,,,E2030,,,,,,,MRN2,,,,,,,,,,,,,,,,,,,,,,,,,1600,,,2080,,VISO,FOR,,,,,,126417,,,,,,,,2026FR_018,,,,,,,,,,,,,,,,,,1821923
8969699,03-02-2026 01:56:00,51.24969700,2.45555200,,,LV,Clupea harengus,I4537,2,,,,1610417,1821924,FRANCE,35HT,4458,12366,12105,,,3.33333333333333,3661,,,,,,,,,,,,,,,,,,,,,,,,,,,E2030,,,,,,,MRN2,,,,,,,,,,,,,,,,,,,,,,,,,1600,,,2080,,VISO,FOR,,,,,,126417,,,,,,,,2026FR_018,,,,,,,,,,,,,,,,,,1821924
8969700,03-02-2026 01:56:00,51.24969700,2.45555200,,,LV,Clupea harengus,I4537,1,,,,1610417,1821925,FRANCE,35HT,4458,12366,12105,,,3.33333333333333,3661,,,,,,,,,,,,,,,,,,,,,,,,,,,E2030,,,,,,,MRN2,,,,,,,,,,,,,,,,,,,,,,,,,1600,,,2080,,VISO,FOR,,,,,,126417,,,,,,,,2026FR_018,,,,,,,,,,,,,,,,,,1821925
8969701,03-02-2026 01:56:00,51.24969700,2.45555200,,,LV,Clupea harengus,I4537,1,,,,1610417,1821926,FRANCE,35HT,4458,12366,12105,,,3.33333333333333,3661,,,,,,,,,,,,,,,,,,,,,,,,,,,E2030,,,,,,,MRN2,,,,,,,,,,,,,,,,,,,,,,,,,1600,,,2080,,VISO,FOR,,,,,,126417,,,,,,,,2026FR_018,,,,,,,,,,,,,,,,,,1821926
8969702,03-02-2026 01:56:00,51.24969700,2.45555200,,,LV,Clupea harengus,I4537,10,,,,1610417,1821927,FRANCE,35HT,4458,12366,12105,,,3.33333333333333,3661,,,,,,,,,,,,,,,,,,,,,,,,,,,E2030,,,,,,,MRN2,,,,,,,,,,,,,,,,,,,,,,,,,1600,,,2080,,VISO,FOR,,,,,,126417,,,,,,,,2026FR_018,,,,,,,,,,,,,,,,,,1821927
8969703,03-02-2026 01:56:00,51.24969700,2.45555200,,,LV,Clupea harengus,I4537,20,,,,1610417,1821928,FRANCE,35HT,4458,12366,12105,,,3.33333333333333,3661,,,,,,,,,,,,,,,,,,,,,,,,,,,E2030,,,,,,,MRN2,,,,,,,,,,,,,,,,,,,,,,,,,1600,,,2080,,VISO,FOR,,,,,,126417,,,,,,,,2026FR_018,,,,,,,,,,,,,,,,,,1821928
8969704,03-02-2026 01:56:00,51.24969700,2.45555200,,,LV,Clupea harengus,I4537,20,,,,1610417,1821917,FRANCE,35HT,4458,12366,12105,,,3.33333333333333,3661,,,,,,,,,,,,,,,,,,,,,,,,,,,E2030,,,,,,,MRN2,,,,,,,,,,,,,,,,,,,,,,,,,1600,,,2080,,VISO,FOR,,,,,,126417,,,,,,,,2026FR_018,,,,,,,,,,,,,,,,,,1821917
8969705,03-02-2026 01:56:00,51.24969700,2.45555200,,,LV,Sardina pilchardus,I4537,1,,,,1610417,1822170,FRANCE,35HT,4458,12366,12129,,,3.33333333333333,3661,,,,,,,,,,,,,,,,,,,,,,,,,,,E2030,,,,,,,MRN2,,,,,,,,,,,,,,,,,,,,,,,,,1600,,,2080,,VISO,FOR,,,,,,126421,,,,,,,,2026FR_018,,,,,,,,,,,,,,,,,,1822170
8969706,03-02-2026 01:56:00,51.24969700,2.45555200,,,LV,Sardina pilchardus,I4537,1,,,,1610417,1822171,FRANCE,35HT,4458,12366,12129,,,3.33333333333333,3661,,,,,,,,,,,,,,,,,,,,,,,,,,,E2030,,,,,,,MRN2,,,,,,,,,,,,,,,,,,,,,,,,,1600,,,2080,,VISO,FOR,,,,,,126421,,,,,,,,2026FR_018,,,,,,,,,,,,,,,,,,1822171
8969707,03-02-2026 04:19:00,51.40673400,2.68708800,,,LV,Clupea harengus,I4537,1,,,,1610418,1821918,FRANCE,35HT,4458,12366,12105,,,3.33333333333333,4476,,,,,,,,,,,,,,,,,,,,,,,,,,,E2031,,,,,,,MRN2,,,,,,,,,,,,,,,,,,,,,,,,,1600,,,1744,,VISO,FOR,,,,,,126417,,,,,,,,2026FR_019,,,,,,,,,,,,,,,,,,1821918
8969708,03-02-2026 04:19:00,51.40673400,2.68708800,,,LV,Clupea harengus,I4537,1,,,,1610418,1821919,FRANCE,35HT,4458,12366,12105,,,3.33333333333333,4476,,,,,,,,,,,,,,,,,,,,,,,,,,,E2031,,,,,,,MRN2,,,,,,,,,,,,,,,,,,,,,,,,,1600,,,1744,,VISO,FOR,,,,,,126417,,,,,,,,2026FR_019,,,,,,,,,,,,,,,,,,1821919
8969709,03-02-2026 04:19:00,51.40673400,2.68708800,,,LV,Clupea harengus,I4537,1,,,,1610418,1821920,FRANCE,35HT,4458,12366,12105,,,3.33333333333333,4476,,,,,,,,,,,,,,,,,,,,,,,,,,,E2031,,,,,,,MRN2,,,,,,,,,,,,,,,,,,,,,,,,,1600,,,1744,,VISO,FOR,,,,,,126417,,,,,,,,2026FR_019,,,,,,,,,,,,,,,,,,1821920
8969710,03-02-2026 04:19:00,51.40673400,2.68708800,,,LV,Clupea harengus,I4537,16,,,,1610418,1821921,FRANCE,35HT,4458,12366,12105,,,3.33333333333333,4476,,,,,,,,,,,,,,,,,,,,,,,,,,,E2031,,,,,,,MRN2,,,,,,,,,,,,,,,,,,,,,,,,,1600,,,1744,,VISO,FOR,,,,,,126417,,,,,,,,2026FR_019,,,,,,,,,,,,,,,,,,1821921
8969711,03-02-2026 04:19:00,51.40673400,2.68708800,,,LV,Clupea harengus,I4537,2,,,,1610418,1821922,FRANCE,35HT,4458,12366,12105,,,3.33333333333333,4476,,,,,,,,,,,,,,,,,,,,,,,,,,,E2031,,,,,,,MRN2,,,,,,,,,,,,,,,,,,,,,,,,,1600,,,1744,,VISO,FOR,,,,,,126417,,,,,,,,2026FR_019,,,,,,,,,,,,,,,,,,1821922
8969712,03-02-2026 04:19:00,51.40673400,2.68708800,,,LV,Clupea harengus,I4537,55,,,,1610418,1821911,FRANCE,35HT,4458,12366,12105,,,3.33333333333333,4476,,,,,,,,,,,,,,,,,,,,,,,,,,,E2031,,,,,,,MRN2,,,,,,,,,,,,,,,,,,,,,,,,,1600,,,1744,,VISO,FOR,,,,,,126417,,,,,,,,2026FR_019,,,,,,,,,,,,,,,,,,1821911
8969713,03-02-2026 04:19:00,51.40673400,2.68708800,,,LV,Clupea harengus,I4537,30,,,,1610418,1821912,FRANCE,35HT,4458,12366,12105,,,3.33333333333333,4476,,,,,,,,,,,,,,,,,,,,,,,,,,,E2031,,,,,,,MRN2,,,,,,,,,,,,,,,,,,,,,,,,,1600,,,1744,,VISO,FOR,,,,,,126417,,,,,,,,2026FR_019,,,,,,,,,,,,,,,,,,1821912
8969714,03-02-2026 04:19:00,51.40673400,2.68708800,,,LV,Clupea harengus,I4537,25,,,,1610418,1821913,FRANCE,35HT,4458,12366,12105,,,3.33333333333333,4476,,,,,,,,,,,,,,,,,,,,,,,,,,,E2031,,,,,,,MRN2,,,,,,,,,,,,,,,,,,,,,,,,,1600,,,1744,,VISO,FOR,,,,,,126417,,,,,,,,2026FR_019,,,,,,,,,,,,,,,,,,1821913
8969715,03-02-2026 04:19:00,51.40673400,2.68708800,,,LV,Clupea harengus,I4537,3,,,,1610418,1821914,FRANCE,35HT,4458,12366,12105,,,3.33333333333333,4476,,,,,,,,,,,,,,,,,,,,,,,,,,,E2031,,,,,,,MRN2,,,,,,,,,,,,,,,,,,,,,,,,,1600,,,1744,,VISO,FOR,,,,,,126417,,,,,,,,2026FR_019,,,,,,,,,,,,,,,,,,1821914
8969716,03-02-2026 04:19:00,51.40673400,2.68708800,,,LV,Clupea harengus,I4537,1,,,,1610418,1821915,FRANCE,35HT,4458,12366,12105,,,3.33333333333333,4476,,,,,,,,,,,,,,,,,,,,,,,,,,,E2031,,,,,,,MRN2,,,,,,,,,,,,,,,,,,,,,,,,,1600,,,1744,,VISO,FOR,,,,,,126417,,,,,,,,2026FR_019,,,,,,,,,,,,,,,,,,1821915
8969717,03-02-2026 04:19:00,51.40673400,2.68708800,,,LV,Clupea harengus,I4537,1,,,,1610418,1821916,FRANCE,35HT,4458,12366,12105,,,3.33333333333333,4476,,,,,,,,,,,,,,,,,,,,,,,,,,,E2031,,,,,,,MRN2,,,,,,,,,,,,,,,,,,,,,,,,,1600,,,1744,,VISO,FOR,,,,,,126417,,,,,,,,2026FR_019,,,,,,,,,,,,,,,,,,1821916
8969718,03-02-2026 04:19:00,51.40673400,2.68708800,,,LV,Clupea harengus,I4537,1,,,,1610418,1821905,FRANCE,35HT,4458,12366,12105,,,3.33333333333333,4476,,,,,,,,,,,,,,,,,,,,,,,,,,,E2031,,,,,,,MRN2,,,,,,,,,,,,,,,,,,,,,,,,,1600,,,1744,,VISO,FOR,,,,,,126417,,,,,,,,2026FR_019,,,,,,,,,,,,,,,,,,1821905
8969719,03-02-2026 04:19:00,51.40673400,2.68708800,,,LV,Sardina pilchardus,I4537,1,,,,1610418,1822160,FRANCE,35HT,4458,12366,12129,,,3.33333333333333,4476,,,,,,,,,,,,,,,,,,,,,,,,,,,E2031,,,,,,,MRN2,,,,,,,,,,,,,,,,,,,,,,,,,1600,,,1744,,VISO,FOR,,,,,,126421,,,,,,,,2026FR_019,,,,,,,,,,,,,,,,,,1822160
8969720,03-02-2026 04:19:00,51.40673400,2.68708800,,,LV,Sardina pilchardus,I4537,1,,,,1610418,1822161,FRANCE,35HT,4458,12366,12129,,,3.33333333333333,4476,,,,,,,,,,,,,,,,,,,,,,,,,,,E2031,,,,,,,MRN2,,,,,,,,,,,,,,,,,,,,,,,,,1600,,,1744,,VISO,FOR,,,,,,126421,,,,,,,,2026FR_019,,,,,,,,,,,,,,,,,,1822161
8969721,03-02-2026 04:19:00,51.40673400,2.68708800,,,LV,Sardina pilchardus,I4537,1,,,,1610418,1822162,FRANCE,35HT,4458,12366,12129,,,3.33333333333333,4476,,,,,,,,,,,,,,,,,,,,,,,,,,,E2031,,,,,,,MRN2,,,,,,,,,,,,,,,,,,,,,,,,,1600,,,1744,,VISO,FOR,,,,,,126421,,,,,,,,2026FR_019,,,,,,,,,,,,,,,,,,1822162
8969722,03-02-2026 06:33:00,51.59636200,2.78276200,,,LV,Clupea harengus,I4537,1,,,,1610419,1821906,FRANCE,35HT,4458,12366,12105,,,3.33333333333333,5181,,,,,,,,,,,,,,,,,,,,,,,,,,,E2032,,,,,,,MRN2,,,,,,,,,,,,,,,,,,,,,,,,,1600,,,1593,,VISO,FOR,,,,,,126417,,,,,,,,2026FR_020,,,,,,,,,,,,,,,,,,1821906
8969723,03-02-2026 06:33:00,51.59636200,2.78276200,,,LV,Clupea harengus,I4537,2,,,,1610419,1821907,FRANCE,35HT,4458,12366,12105,,,3.33333333333333,5181,,,,,,,,,,,,,,,,,,,,,,,,,,,E2032,,,,,,,MRN2,,,,,,,,,,,,,,,,,,,,,,,,,1600,,,1593,,VISO,FOR,,,,,,126417,,,,,,,,2026FR_020,,,,,,,,,,,,,,,,,,1821907
8969724,03-02-2026 06:33:00,51.59636200,2.78276200,,,LV,Clupea harengus,I4537,1,,,,1610419,1821908,FRANCE,35HT,4458,12366,12105,,,3.33333333333333,5181,,,,,,,,,,,,,,,,,,,,,,,,,,,E2032,,,,,,,MRN2,,,,,,,,,,,,,,,,,,,,,,,,,1600,,,1593,,VISO,FOR,,,,,,126417,,,,,,,,2026FR_020,,,,,,,,,,,,,,,,,,1821908
8969725,03-02-2026 06:33:00,51.59636200,2.78276200,,,LV,Clupea harengus,I4537,2,,,,1610419,1821909,FRANCE,35HT,4458,12366,12105,,,3.33333333333333,5181,,,,,,,,,,,,,,,,,,,,,,,,,,,E2032,,,,,,,MRN2,,,,,,,,,,,,,,,,,,,,,,,,,1600,,,1593,,VISO,FOR,,,,,,126417,,,,,,,,2026FR_020,,,,,,,,,,,,,,,,,,1821909
8969726,03-02-2026 06:33:00,51.59636200,2.78276200,,,LV,Clupea harengus,I4537,10,,,,1610419,1821910,FRANCE,35HT,4458,12366,12105,,,3.33333333333333,5181,,,,,,,,,,,,,,,,,,,,,,,,,,,E2032,,,,,,,MRN2,,,,,,,,,,,,,,,,,,,,,,,,,1600,,,1593,,VISO,FOR,,,,,,126417,,,,,,,,2026FR_020,,,,,,,,,,,,,,,,,,1821910
8969727,03-02-2026 06:33:00,51.59636200,2.78276200,,,LV,Clupea harengus,I4537,2,,,,1610419,1821899,FRANCE,35HT,4458,12366,12105,,,3.33333333333333,5181,,,,,,,,,,,,,,,,,,,,,,,,,,,E2032,,,,,,,MRN2,,,,,,,,,,,,,,,,,,,,,,,,,1600,,,1593,,VISO,FOR,,,,,,126417,,,,,,,,2026FR_020,,,,,,,,,,,,,,,,,,1821899
8969728,03-02-2026 06:33:00,51.59636200,2.78276200,,,LV,Clupea harengus,I4537,34,,,,1610419,1821900,FRANCE,35HT,4458,12366,12105,,,3.33333333333333,5181,,,,,,,,,,,,,,,,,,,,,,,,,,,E2032,,,,,,,MRN2,,,,,,,,,,,,,,,,,,,,,,,,,1600,,,1593,,VISO,FOR,,,,,,126417,,,,,,,,2026FR_020,,,,,,,,,,,,,,,,,,1821900
8969729,03-02-2026 06:33:00,51.59636200,2.78276200,,,LV,Clupea harengus,I4537,3,,,,1610419,1821901,FRANCE,35HT,4458,12366,12105,,,3.33333333333333,5181,,,,,,,,,,,,,,,,,,,,,,,,,,,E2032,,,,,,,MRN2,,,,,,,,,,,,,,,,,,,,,,,,,1600,,,1593,,VISO,FOR,,,,,,126417,,,,,,,,2026FR_020,,,,,,,,,,,,,,,,,,1821901
8969730,03-02-2026 06:33:00,51.59636200,2.78276200,,,LV,Clupea harengus,I4537,9,,,,1610419,1821902,FRANCE,35HT,4458,12366,12105,,,3.33333333333333,5181,,,,,,,,,,,,,,,,,,,,,,,,,,,E2032,,,,,,,MRN2,,,,,,,,,,,,,,,,,,,,,,,,,1600,,,1593,,VISO,FOR,,,,,,126417,,,,,,,,2026FR_020,,,,,,,,,,,,,,,,,,1821902
8969731,03-02-2026 06:33:00,51.59636200,2.78276200,,,LV,Clupea harengus,I4537,1,,,,1610419,1821903,FRANCE,35HT,4458,12366,12105,,,3.33333333333333,5181,,,,,,,,,,,,,,,,,,,,,,,,,,,E2032,,,,,,,MRN2,,,,,,,,,,,,,,,,,,,,,,,,,1600,,,1593,,VISO,FOR,,,,,,126417,,,,,,,,2026FR_020,,,,,,,,,,,,,,,,,,1821903
8969732,03-02-2026 06:33:00,51.59636200,2.78276200,,,LV,Clupea harengus,I4537,61,,,,1610419,1821904,FRANCE,35HT,4458,12366,12105,,,3.33333333333333,5181,,,,,,,,,,,,,,,,,,,,,,,,,,,E2032,,,,,,,MRN2,,,,,,,,,,,,,,,,,,,,,,,,,1600,,,1593,,VISO,FOR,,,,,,126417,,,,,,,,2026FR_020,,,,,,,,,,,,,,,,,,1821904
8969733,03-02-2026 06:33:00,51.59636200,2.78276200,,,LV,Clupea harengus,I4537,27,,,,1610419,1821893,FRANCE,35HT,4458,12366,12105,,,3.33333333333333,5181,,,,,,,,,,,,,,,,,,,,,,,,,,,E2032,,,,,,,MRN2,,,,,,,,,,,,,,,,,,,,,,,,,1600,,,1593,,VISO,FOR,,,,,,126417,,,,,,,,2026FR_020,,,,,,,,,,,,,,,,,,1821893
8969734,03-02-2026 06:33:00,51.59636200,2.78276200,,,LV,Sardina pilchardus,I4537,2,,,,1610419,1822163,FRANCE,35HT,4458,12366,12129,,,3.33333333333333,5181,,,,,,,,,,,,,,,,,,,,,,,,,,,E2032,,,,,,,MRN2,,,,,,,,,,,,,,,,,,,,,,,,,1600,,,1593,,VISO,FOR,,,,,,126421,,,,,,,,2026FR_020,,,,,,,,,,,,,,,,,,1822163
8969735,03-02-2026 06:33:00,51.59636200,2.78276200,,,LV,Sardina pilchardus,I4537,1,,,,1610419,1822164,FRANCE,35HT,4458,12366,12129,,,3.33333333333333,5181,,,,,,,,,,,,,,,,,,,,,,,,,,,E2032,,,,,,,MRN2,,,,,,,,,,,,,,,,,,,,,,,,,1600,,,1593,,VISO,FOR,,,,,,126421,,,,,,,,2026FR_020,,,,,,,,,,,,,,,,,,1822164
8969736,03-02-2026 06:33:00,51.59636200,2.78276200,,,LV,Sardina pilchardus,I4537,1,,,,1610419,1822165,FRANCE,35HT,4458,12366,12129,,,3.33333333333333,5181,,,,,,,,,,,,,,,,,,,,,,,,,,,E2032,,,,,,,MRN2,,,,,,,,,,,,,,,,,,,,,,,,,1600,,,1593,,VISO,FOR,,,,,,126421,,,,,,,,2026FR_020,,,,,,,,,,,,,,,,,,1822165
8969737,03-02-2026 18:50:00,52.20164000,3.52351700,,,LV,Clupea harengus,I4537,5,,,,1610420,1821894,FRANCE,35HT,4458,12366,12105,,,3.33333333333333,4292,,,,,,,,,,,,,,,,,,,,,,,,,,,E2035,,,,,,,MRN2,,,,,,,,,,,,,,,,,,,,,,,,,1600,,,1285,,VISO,FOR,,,,,,126417,,,,,,,,2026FR_021,,,,,,,,,,,,,,,,,,1821894
8969738,03-02-2026 18:50:00,52.20164000,3.52351700,,,LV,Clupea harengus,I4537,14,,,,1610420,1821895,FRANCE,35HT,4458,12366,12105,,,3.33333333333333,4292,,,,,,,,,,,,,,,,,,,,,,,,,,,E2035,,,,,,,MRN2,,,,,,,,,,,,,,,,,,,,,,,,,1600,,,1285,,VISO,FOR,,,,,,126417,,,,,,,,2026FR_021,,,,,,,,,,,,,,,,,,1821895
8969739,03-02-2026 18:50:00,52.20164000,3.52351700,,,LV,Clupea harengus,I4537,13,,,,1610420,1821896,FRANCE,35HT,4458,12366,12105,,,3.33333333333333,4292,,,,,,,,,,,,,,,,,,,,,,,,,,,E2035,,,,,,,MRN2,,,,,,,,,,,,,,,,,,,,,,,,,1600,,,1285,,VISO,FOR,,,,,,126417,,,,,,,,2026FR_021,,,,,,,,,,,,,,,,,,1821896
8969740,03-02-2026 18:50:00,52.20164000,3.52351700,,,LV,Clupea harengus,I4537,5,,,,1610420,1821897,FRANCE,35HT,4458,12366,12105,,,3.33333333333333,4292,,,,,,,,,,,,,,,,,,,,,,,,,,,E2035,,,,,,,MRN2,,,,,,,,,,,,,,,,,,,,,,,,,1600,,,1285,,VISO,FOR,,,,,,126417,,,,,,,,2026FR_021,,,,,,,,,,,,,,,,,,1821897
8969741,03-02-2026 18:50:00,52.20164000,3.52351700,,,LV,Clupea harengus,I4537,14,,,,1610420,1821898,FRANCE,35HT,4458,12366,12105,,,3.33333333333333,4292,,,,,,,,,,,,,,,,,,,,,,,,,,,E2035,,,,,,,MRN2,,,,,,,,,,,,,,,,,,,,,,,,,1600,,,1285,,VISO,FOR,,,,,,126417,,,,,,,,2026FR_021,,,,,,,,,,,,,,,,,,1821898
8969742,03-02-2026 18:50:00,52.20164000,3.52351700,,,LV,Clupea harengus,I4537,5,,,,1610420,1821887,FRANCE,35HT,4458,12366,12105,,,3.33333333333333,4292,,,,,,,,,,,,,,,,,,,,,,,,,,,E2035,,,,,,,MRN2,,,,,,,,,,,,,,,,,,,,,,,,,1600,,,1285,,VISO,FOR,,,,,,126417,,,,,,,,2026FR_021,,,,,,,,,,,,,,,,,,1821887
8969743,03-02-2026 18:50:00,52.20164000,3.52351700,,,LV,Clupea harengus,I4537,13,,,,1610420,1821888,FRANCE,35HT,4458,12366,12105,,,3.33333333333333,4292,,,,,,,,,,,,,,,,,,,,,,,,,,,E2035,,,,,,,MRN2,,,,,,,,,,,,,,,,,,,,,,,,,1600,,,1285,,VISO,FOR,,,,,,126417,,,,,,,,2026FR_021,,,,,,,,,,,,,,,,,,1821888
8969744,03-02-2026 18:50:00,52.20164000,3.52351700,,,LV,Clupea harengus,I4537,10,,,,1610420,1821889,FRANCE,35HT,4458,12366,12105,,,3.33333333333333,4292,,,,,,,,,,,,,,,,,,,,,,,,,,,E2035,,,,,,,MRN2,,,,,,,,,,,,,,,,,,,,,,,,,1600,,,1285,,VISO,FOR,,,,,,126417,,,,,,,,2026FR_021,,,,,,,,,,,,,,,,,,1821889
8969745,03-02-2026 18:50:00,52.20164000,3.52351700,,,LV,Clupea harengus,I4537,9,,,,1610420,1821890,FRANCE,35HT,4458,12366,12105,,,3.33333333333333,4292,,,,,,,,,,,,,,,,,,,,,,,,,,,E2035,,,,,,,MRN2,,,,,,,,,,,,,,,,,,,,,,,,,1600,,,1285,,VISO,FOR,,,,,,126417,,,,,,,,2026FR_021,,,,,,,,,,,,,,,,,,1821890
8969746,03-02-2026 18:50:00,52.20164000,3.52351700,,,LV,Clupea harengus,I4537,13,,,,1610420,1821891,FRANCE,35HT,4458,12366,12105,,,3.33333333333333,4292,,,,,,,,,,,,,,,,,,,,,,,,,,,E2035,,,,,,,MRN2,,,,,,,,,,,,,,,,,,,,,,,,,1600,,,1285,,VISO,FOR,,,,,,126417,,,,,,,,2026FR_021,,,,,,,,,,,,,,,,,,1821891
8969747,03-02-2026 18:50:00,52.20164000,3.52351700,,,LV,Clupea harengus,I4537,16,,,,1610420,1821892,FRANCE,35HT,4458,12366,12105,,,3.33333333333333,4292,,,,,,,,,,,,,,,,,,,,,,,,,,,E2035,,,,,,,MRN2,,,,,,,,,,,,,,,,,,,,,,,,,1600,,,1285,,VISO,FOR,,,,,,126417,,,,,,,,2026FR_021,,,,,,,,,,,,,,,,,,1821892
8969748,03-02-2026 18:50:00,52.20164000,3.52351700,,,LV,Clupea harengus,I4537,15,,,,1610420,1821881,FRANCE,35HT,4458,12366,12105,,,3.33333333333333,4292,,,,,,,,,,,,,,,,,,,,,,,,,,,E2035,,,,,,,MRN2,,,,,,,,,,,,,,,,,,,,,,,,,1600,,,1285,,VISO,FOR,,,,,,126417,,,,,,,,2026FR_021,,,,,,,,,,,,,,,,,,1821881
8969749,03-02-2026 18:50:00,52.20164000,3.52351700,,,LV,Clupea harengus,I4537,18,,,,1610420,1821882,FRANCE,35HT,4458,12366,12105,,,3.33333333333333,4292,,,,,,,,,,,,,,,,,,,,,,,,,,,E2035,,,,,,,MRN2,,,,,,,,,,,,,,,,,,,,,,,,,1600,,,1285,,VISO,FOR,,,,,,126417,,,,,,,,2026FR_021,,,,,,,,,,,,,,,,,,1821882
8969750,03-02-2026 18:50:00,52.20164000,3.52351700,,,LV,Clupea harengus,I4537,14,,,,1610420,1821883,FRANCE,35HT,4458,12366,12105,,,3.33333333333333,4292,,,,,,,,,,,,,,,,,,,,,,,,,,,E2035,,,,,,,MRN2,,,,,,,,,,,,,,,,,,,,,,,,,1600,,,1285,,VISO,FOR,,,,,,126417,,,,,,,,2026FR_021,,,,,,,,,,,,,,,,,,1821883
8969751,03-02-2026 18:50:00,52.20164000,3.52351700,,,LV,Clupea harengus,I4537,2,,,,1610420,1821884,FRANCE,35HT,4458,12366,12105,,,3.33333333333333,4292,,,,,,,,,,,,,,,,,,,,,,,,,,,E2035,,,,,,,MRN2,,,,,,,,,,,,,,,,,,,,,,,,,1600,,,1285,,VISO,FOR,,,,,,126417,,,,,,,,2026FR_021,,,,,,,,,,,,,,,,,,1821884
8969752,03-02-2026 18:50:00,52.20164000,3.52351700,,,LV,Clupea harengus,I4537,14,,,,1610420,1821885,FRANCE,35HT,4458,12366,12105,,,3.33333333333333,4292,,,,,,,,,,,,,,,,,,,,,,,,,,,E2035,,,,,,,MRN2,,,,,,,,,,,,,,,,,,,,,,,,,1600,,,1285,,VISO,FOR,,,,,,126417,,,,,,,,2026FR_021,,,,,,,,,,,,,,,,,,1821885
8969753,03-02-2026 18:50:00,52.20164000,3.52351700,,,LV,Clupea harengus,I4537,5,,,,1610420,1821886,FRANCE,35HT,4458,12366,12105,,,3.33333333333333,4292,,,,,,,,,,,,,,,,,,,,,,,,,,,E2035,,,,,,,MRN2,,,,,,,,,,,,,,,,,,,,,,,,,1600,,,1285,,VISO,FOR,,,,,,126417,,,,,,,,2026FR_021,,,,,,,,,,,,,,,,,,1821886
8969754,03-02-2026 18:50:00,52.20164000,3.52351700,,,LV,Clupea harengus,I4537,18,,,,1610420,1821875,FRANCE,35HT,4458,12366,12105,,,3.33333333333333,4292,,,,,,,,,,,,,,,,,,,,,,,,,,,E2035,,,,,,,MRN2,,,,,,,,,,,,,,,,,,,,,,,,,1600,,,1285,,VISO,FOR,,,,,,126417,,,,,,,,2026FR_021,,,,,,,,,,,,,,,,,,1821875
8969755,03-02-2026 18:50:00,52.20164000,3.52351700,,,LV,Sardina pilchardus,I4537,1,,,,1610420,1822154,FRANCE,35HT,4458,12366,12129,,,3.33333333333333,4292,,,,,,,,,,,,,,,,,,,,,,,,,,,E2035,,,,,,,MRN2,,,,,,,,,,,,,,,,,,,,,,,,,1600,,,1285,,VISO,FOR,,,,,,126421,,,,,,,,2026FR_021,,,,,,,,,,,,,,,,,,1822154
8969756,03-02-2026 20:58:00,52.39545400,3.56220400,,,LV,Clupea harengus,I4537,12,,,,1610421,1821876,FRANCE,35HT,4458,12366,12105,,,3.33333333333333,4324,,,,,,,,,,,,,,,,,,,,,,,,,,,E2036,,,,,,,MRN2,,,,,,,,,,,,,,,,,,,,,,,,,1600,,,1289,,VISO,FOR,,,,,,126417,,,,,,,,2026FR_022,,,,,,,,,,,,,,,,,,1821876
8969757,03-02-2026 20:58:00,52.39545400,3.56220400,,,LV,Clupea harengus,I4537,3,,,,1610421,1821877,FRANCE,35HT,4458,12366,12105,,,3.33333333333333,4324,,,,,,,,,,,,,,,,,,,,,,,,,,,E2036,,,,,,,MRN2,,,,,,,,,,,,,,,,,,,,,,,,,1600,,,1289,,VISO,FOR,,,,,,126417,,,,,,,,2026FR_022,,,,,,,,,,,,,,,,,,1821877
8969758,03-02-2026 20:58:00,52.39545400,3.56220400,,,LV,Clupea harengus,I4537,11,,,,1610421,1821878,FRANCE,35HT,4458,12366,12105,,,3.33333333333333,4324,,,,,,,,,,,,,,,,,,,,,,,,,,,E2036,,,,,,,MRN2,,,,,,,,,,,,,,,,,,,,,,,,,1600,,,1289,,VISO,FOR,,,,,,126417,,,,,,,,2026FR_022,,,,,,,,,,,,,,,,,,1821878
8969759,03-02-2026 20:58:00,52.39545400,3.56220400,,,LV,Clupea harengus,I4537,4,,,,1610421,1821879,FRANCE,35HT,4458,12366,12105,,,3.33333333333333,4324,,,,,,,,,,,,,,,,,,,,,,,,,,,E2036,,,,,,,MRN2,,,,,,,,,,,,,,,,,,,,,,,,,1600,,,1289,,VISO,FOR,,,,,,126417,,,,,,,,2026FR_022,,,,,,,,,,,,,,,,,,1821879
8969760,03-02-2026 20:58:00,52.39545400,3.56220400,,,LV,Clupea harengus,I4537,10,,,,1610421,1821880,FRANCE,35HT,4458,12366,12105,,,3.33333333333333,4324,,,,,,,,,,,,,,,,,,,,,,,,,,,E2036,,,,,,,MRN2,,,,,,,,,,,,,,,,,,,,,,,,,1600,,,1289,,VISO,FOR,,,,,,126417,,,,,,,,2026FR_022,,,,,,,,,,,,,,,,,,1821880
8969761,03-02-2026 20:58:00,52.39545400,3.56220400,,,LV,Clupea harengus,I4537,3,,,,1610421,1821869,FRANCE,35HT,4458,12366,12105,,,3.33333333333333,4324,,,,,,,,,,,,,,,,,,,,,,,,,,,E2036,,,,,,,MRN2,,,,,,,,,,,,,,,,,,,,,,,,,1600,,,1289,,VISO,FOR,,,,,,126417,,,,,,,,2026FR_022,,,,,,,,,,,,,,,,,,1821869
8969762,03-02-2026 20:58:00,52.39545400,3.56220400,,,LV,Clupea harengus,I4537,11,,,,1610421,1821870,FRANCE,35HT,4458,12366,12105,,,3.33333333333333,4324,,,,,,,,,,,,,,,,,,,,,,,,,,,E2036,,,,,,,MRN2,,,,,,,,,,,,,,,,,,,,,,,,,1600,,,1289,,VISO,FOR,,,,,,126417,,,,,,,,2026FR_022,,,,,,,,,,,,,,,,,,1821870
8969763,03-02-2026 20:58:00,52.39545400,3.56220400,,,LV,Clupea harengus,I4537,15,,,,1610421,1821871,FRANCE,35HT,4458,12366,12105,,,3.33333333333333,4324,,,,,,,,,,,,,,,,,,,,,,,,,,,E2036,,,,,,,MRN2,,,,,,,,,,,,,,,,,,,,,,,,,1600,,,1289,,VISO,FOR,,,,,,126417,,,,,,,,2026FR_022,,,,,,,,,,,,,,,,,,1821871
8969764,03-02-2026 20:58:00,52.39545400,3.56220400,,,LV,Clupea harengus,I4537,7,,,,1610421,1821872,FRANCE,35HT,4458,12366,12105,,,3.33333333333333,4324,,,,,,,,,,,,,,,,,,,,,,,,,,,E2036,,,,,,,MRN2,,,,,,,,,,,,,,,,,,,,,,,,,1600,,,1289,,VISO,FOR,,,,,,126417,,,,,,,,2026FR_022,,,,,,,,,,,,,,,,,,1821872
8969765,03-02-2026 20:58:00,52.39545400,3.56220400,,,LV,Clupea harengus,I4537,2,,,,1610421,1821873,FRANCE,35HT,4458,12366,12105,,,3.33333333333333,4324,,,,,,,,,,,,,,,,,,,,,,,,,,,E2036,,,,,,,MRN2,,,,,,,,,,,,,,,,,,,,,,,,,1600,,,1289,,VISO,FOR,,,,,,126417,,,,,,,,2026FR_022,,,,,,,,,,,,,,,,,,1821873
8969766,03-02-2026 20:58:00,52.39545400,3.56220400,,,LV,Clupea harengus,I4537,5,,,,1610421,1821874,FRANCE,35HT,4458,12366,12105,,,3.33333333333333,4324,,,,,,,,,,,,,,,,,,,,,,,,,,,E2036,,,,,,,MRN2,,,,,,,,,,,,,,,,,,,,,,,,,1600,,,1289,,VISO,FOR,,,,,,126417,,,,,,,,2026FR_022,,,,,,,,,,,,,,,,,,1821874
8969767,03-02-2026 20:58:00,52.39545400,3.56220400,,,LV,Clupea harengus,I4537,20,,,,1610421,1821863,FRANCE,35HT,4458,12366,12105,,,3.33333333333333,4324,,,,,,,,,,,,,,,,,,,,,,,,,,,E2036,,,,,,,MRN2,,,,,,,,,,,,,,,,,,,,,,,,,1600,,,1289,,VISO,FOR,,,,,,126417,,,,,,,,2026FR_022,,,,,,,,,,,,,,,,,,1821863
8969768,03-02-2026 20:58:00,52.39545400,3.56220400,,,LV,Clupea harengus,I4537,3,,,,1610421,1821864,FRANCE,35HT,4458,12366,12105,,,3.33333333333333,4324,,,,,,,,,,,,,,,,,,,,,,,,,,,E2036,,,,,,,MRN2,,,,,,,,,,,,,,,,,,,,,,,,,1600,,,1289,,VISO,FOR,,,,,,126417,,,,,,,,2026FR_022,,,,,,,,,,,,,,,,,,1821864
8969769,03-02-2026 20:58:00,52.39545400,3.56220400,,,LV,Clupea harengus,I4537,16,,,,1610421,1821865,FRANCE,35HT,4458,12366,12105,,,3.33333333333333,4324,,,,,,,,,,,,,,,,,,,,,,,,,,,E2036,,,,,,,MRN2,,,,,,,,,,,,,,,,,,,,,,,,,1600,,,1289,,VISO,FOR,,,,,,126417,,,,,,,,2026FR_022,,,,,,,,,,,,,,,,,,1821865
8969770,03-02-2026 20:58:00,52.39545400,3.56220400,,,LV,Clupea harengus,I4537,4,,,,1610421,1821866,FRANCE,35HT,4458,12366,12105,,,3.33333333333333,4324,,,,,,,,,,,,,,,,,,,,,,,,,,,E2036,,,,,,,MRN2,,,,,,,,,,,,,,,,,,,,,,,,,1600,,,1289,,VISO,FOR,,,,,,126417,,,,,,,,2026FR_022,,,,,,,,,,,,,,,,,,1821866
8969771,03-02-2026 20:58:00,52.39545400,3.56220400,,,LV,Clupea harengus,I4537,3,,,,1610421,1821867,FRANCE,35HT,4458,12366,12105,,,3.33333333333333,4324,,,,,,,,,,,,,,,,,,,,,,,,,,,E2036,,,,,,,MRN2,,,,,,,,,,,,,,,,,,,,,,,,,1600,,,1289,,VISO,FOR,,,,,,126417,,,,,,,,2026FR_022,,,,,,,,,,,,,,,,,,1821867
8969772,03-02-2026 20:58:00,52.39545400,3.56220400,,,LV,Clupea harengus,I4537,1,,,,1610421,1821868,FRANCE,35HT,4458,12366,12105,,,3.33333333333333,4324,,,,,,,,,,,,,,,,,,,,,,,,,,,E2036,,,,,,,MRN2,,,,,,,,,,,,,,,,,,,,,,,,,1600,,,1289,,VISO,FOR,,,,,,126417,,,,,,,,2026FR_022,,,,,,,,,,,,,,,,,,1821868
8969773,03-02-2026 20:58:00,52.39545400,3.56220400,,,LV,Clupea harengus,I4537,1,,,,1610421,1821857,FRANCE,35HT,4458,12366,12105,,,3.33333333333333,4324,,,,,,,,,,,,,,,,,,,,,,,,,,,E2036,,,,,,,MRN2,,,,,,,,,,,,,,,,,,,,,,,,,1600,,,1289,,VISO,FOR,,,,,,126417,,,,,,,,2026FR_022,,,,,,,,,,,,,,,,,,1821857
8969774,03-02-2026 20:58:00,52.39545400,3.56220400,,,LV,Clupea harengus,I4537,23,,,,1610421,1821858,FRANCE,35HT,4458,12366,12105,,,3.33333333333333,4324,,,,,,,,,,,,,,,,,,,,,,,,,,,E2036,,,,,,,MRN2,,,,,,,,,,,,,,,,,,,,,,,,,1600,,,1289,,VISO,FOR,,,,,,126417,,,,,,,,2026FR_022,,,,,,,,,,,,,,,,,,1821858
8969775,03-02-2026 20:58:00,52.39545400,3.56220400,,,LV,Clupea harengus,I4537,2,,,,1610421,1821859,FRANCE,35HT,4458,12366,12105,,,3.33333333333333,4324,,,,,,,,,,,,,,,,,,,,,,,,,,,E2036,,,,,,,MRN2,,,,,,,,,,,,,,,,,,,,,,,,,1600,,,1289,,VISO,FOR,,,,,,126417,,,,,,,,2026FR_022,,,,,,,,,,,,,,,,,,1821859
8969776,03-02-2026 20:58:00,52.39545400,3.56220400,,,LV,Sardina pilchardus,I4537,3,,,,1610421,1822155,FRANCE,35HT,4458,12366,12129,,,3.33333333333333,4324,,,,,,,,,,,,,,,,,,,,,,,,,,,E2036,,,,,,,MRN2,,,,,,,,,,,,,,,,,,,,,,,,,1600,,,1289,,VISO,FOR,,,,,,126421,,,,,,,,2026FR_022,,,,,,,,,,,,,,,,,,1822155
8969777,03-02-2026 20:58:00,52.39545400,3.56220400,,,LV,Sardina pilchardus,I4537,1,,,,1610421,1822156,FRANCE,35HT,4458,12366,12129,,,3.33333333333333,4324,,,,,,,,,,,,,,,,,,,,,,,,,,,E2036,,,,,,,MRN2,,,,,,,,,,,,,,,,,,,,,,,,,1600,,,1289,,VISO,FOR,,,,,,126421,,,,,,,,2026FR_022,,,,,,,,,,,,,,,,,,1822156
8969778,03-02-2026 20:58:00,52.39545400,3.56220400,,,LV,Sardina pilchardus,I4537,1,,,,1610421,1822157,FRANCE,35HT,4458,12366,12129,,,3.33333333333333,4324,,,,,,,,,,,,,,,,,,,,,,,,,,,E2036,,,,,,,MRN2,,,,,,,,,,,,,,,,,,,,,,,,,1600,,,1289,,VISO,FOR,,,,,,126421,,,,,,,,2026FR_022,,,,,,,,,,,,,,,,,,1822157
8969779,03-02-2026 20:58:00,52.39545400,3.56220400,,,LV,Sardina pilchardus,I4537,1,,,,1610421,1822158,FRANCE,35HT,4458,12366,12129,,,3.33333333333333,4324,,,,,,,,,,,,,,,,,,,,,,,,,,,E2036,,,,,,,MRN2,,,,,,,,,,,,,,,,,,,,,,,,,1600,,,1289,,VISO,FOR,,,,,,126421,,,,,,,,2026FR_022,,,,,,,,,,,,,,,,,,1822158
8969780,03-02-2026 20:58:00,52.39545400,3.56220400,,,LV,Sardina pilchardus,I4537,1,,,,1610421,1822159,FRANCE,35HT,4458,12366,12129,,,3.33333333333333,4324,,,,,,,,,,,,,,,,,,,,,,,,,,,E2036,,,,,,,MRN2,,,,,,,,,,,,,,,,,,,,,,,,,1600,,,1289,,VISO,FOR,,,,,,126421,,,,,,,,2026FR_022,,,,,,,,,,,,,,,,,,1822159
8969781,03-02-2026 20:58:00,52.39545400,3.56220400,,,LV,Sardina pilchardus,I4537,2,,,,1610421,1822148,FRANCE,35HT,4458,12366,12129,,,3.33333333333333,4324,,,,,,,,,,,,,,,,,,,,,,,,,,,E2036,,,,,,,MRN2,,,,,,,,,,,,,,,,,,,,,,,,,1600,,,1289,,VISO,FOR,,,,,,126421,,,,,,,,2026FR_022,,,,,,,,,,,,,,,,,,1822148
8969782,03-02-2026 23:41:00,52.58398900,3.37781600,,,LV,Clupea harengus,I4537,4,,,,1610422,1821860,FRANCE,35HT,4458,12366,12105,,,3.33333333333333,5016,,,,,,,,,,,,,,,,,,,,,,,,,,,E2037,,,,,,,MRN2,,,,,,,,,,,,,,,,,,,,,,,,,1600,,,2027,,VISO,FOR,,,,,,126417,,,,,,,,2026FR_023,,,,,,,,,,,,,,,,,,1821860
8969783,03-02-2026 23:41:00,52.58398900,3.37781600,,,LV,Clupea harengus,I4537,5,,,,1610422,1821861,FRANCE,35HT,4458,12366,12105,,,3.33333333333333,5016,,,,,,,,,,,,,,,,,,,,,,,,,,,E2037,,,,,,,MRN2,,,,,,,,,,,,,,,,,,,,,,,,,1600,,,2027,,VISO,FOR,,,,,,126417,,,,,,,,2026FR_023,,,,,,,,,,,,,,,,,,1821861
8969784,03-02-2026 23:41:00,52.58398900,3.37781600,,,LV,Clupea harengus,I4537,11,,,,1610422,1821862,FRANCE,35HT,4458,12366,12105,,,3.33333333333333,5016,,,,,,,,,,,,,,,,,,,,,,,,,,,E2037,,,,,,,MRN2,,,,,,,,,,,,,,,,,,,,,,,,,1600,,,2027,,VISO,FOR,,,,,,126417,,,,,,,,2026FR_023,,,,,,,,,,,,,,,,,,1821862
8969785,03-02-2026 23:41:00,52.58398900,3.37781600,,,LV,Clupea harengus,I4537,5,,,,1610422,1821851,FRANCE,35HT,4458,12366,12105,,,3.33333333333333,5016,,,,,,,,,,,,,,,,,,,,,,,,,,,E2037,,,,,,,MRN2,,,,,,,,,,,,,,,,,,,,,,,,,1600,,,2027,,VISO,FOR,,,,,,126417,,,,,,,,2026FR_023,,,,,,,,,,,,,,,,,,1821851
8969786,03-02-2026 23:41:00,52.58398900,3.37781600,,,LV,Clupea harengus,I4537,7,,,,1610422,1821852,FRANCE,35HT,4458,12366,12105,,,3.33333333333333,5016,,,,,,,,,,,,,,,,,,,,,,,,,,,E2037,,,,,,,MRN2,,,,,,,,,,,,,,,,,,,,,,,,,1600,,,2027,,VISO,FOR,,,,,,126417,,,,,,,,2026FR_023,,,,,,,,,,,,,,,,,,1821852
8969787,03-02-2026 23:41:00,52.58398900,3.37781600,,,LV,Clupea harengus,I4537,1,,,,1610422,1821853,FRANCE,35HT,4458,12366,12105,,,3.33333333333333,5016,,,,,,,,,,,,,,,,,,,,,,,,,,,E2037,,,,,,,MRN2,,,,,,,,,,,,,,,,,,,,,,,,,1600,,,2027,,VISO,FOR,,,,,,126417,,,,,,,,2026FR_023,,,,,,,,,,,,,,,,,,1821853
8969788,03-02-2026 23:41:00,52.58398900,3.37781600,,,LV,Clupea harengus,I4537,9,,,,1610422,1821854,FRANCE,35HT,4458,12366,12105,,,3.33333333333333,5016,,,,,,,,,,,,,,,,,,,,,,,,,,,E2037,,,,,,,MRN2,,,,,,,,,,,,,,,,,,,,,,,,,1600,,,2027,,VISO,FOR,,,,,,126417,,,,,,,,2026FR_023,,,,,,,,,,,,,,,,,,1821854
8969789,03-02-2026 23:41:00,52.58398900,3.37781600,,,LV,Clupea harengus,I4537,6,,,,1610422,1821855,FRANCE,35HT,4458,12366,12105,,,3.33333333333333,5016,,,,,,,,,,,,,,,,,,,,,,,,,,,E2037,,,,,,,MRN2,,,,,,,,,,,,,,,,,,,,,,,,,1600,,,2027,,VISO,FOR,,,,,,126417,,,,,,,,2026FR_023,,,,,,,,,,,,,,,,,,1821855
8969790,03-02-2026 23:41:00,52.58398900,3.37781600,,,LV,Clupea harengus,I4537,10,,,,1610422,1821856,FRANCE,35HT,4458,12366,12105,,,3.33333333333333,5016,,,,,,,,,,,,,,,,,,,,,,,,,,,E2037,,,,,,,MRN2,,,,,,,,,,,,,,,,,,,,,,,,,1600,,,2027,,VISO,FOR,,,,,,126417,,,,,,,,2026FR_023,,,,,,,,,,,,,,,,,,1821856
8969791,03-02-2026 23:41:00,52.58398900,3.37781600,,,LV,Clupea harengus,I4537,14,,,,1610422,1821845,FRANCE,35HT,4458,12366,12105,,,3.33333333333333,5016,,,,,,,,,,,,,,,,,,,,,,,,,,,E2037,,,,,,,MRN2,,,,,,,,,,,,,,,,,,,,,,,,,1600,,,2027,,VISO,FOR,,,,,,126417,,,,,,,,2026FR_023,,,,,,,,,,,,,,,,,,1821845
8969792,03-02-2026 23:41:00,52.58398900,3.37781600,,,LV,Clupea harengus,I4537,14,,,,1610422,1821846,FRANCE,35HT,4458,12366,12105,,,3.33333333333333,5016,,,,,,,,,,,,,,,,,,,,,,,,,,,E2037,,,,,,,MRN2,,,,,,,,,,,,,,,,,,,,,,,,,1600,,,2027,,VISO,FOR,,,,,,126417,,,,,,,,2026FR_023,,,,,,,,,,,,,,,,,,1821846
8969793,03-02-2026 23:41:00,52.58398900,3.37781600,,,LV,Clupea harengus,I4537,9,,,,1610422,1821847,FRANCE,35HT,4458,12366,12105,,,3.33333333333333,5016,,,,,,,,,,,,,,,,,,,,,,,,,,,E2037,,,,,,,MRN2,,,,,,,,,,,,,,,,,,,,,,,,,1600,,,2027,,VISO,FOR,,,,,,126417,,,,,,,,2026FR_023,,,,,,,,,,,,,,,,,,1821847
8969794,03-02-2026 23:41:00,52.58398900,3.37781600,,,LV,Clupea harengus,I4537,4,,,,1610422,1821848,FRANCE,35HT,4458,12366,12105,,,3.33333333333333,5016,,,,,,,,,,,,,,,,,,,,,,,,,,,E2037,,,,,,,MRN2,,,,,,,,,,,,,,,,,,,,,,,,,1600,,,2027,,VISO,FOR,,,,,,126417,,,,,,,,2026FR_023,,,,,,,,,,,,,,,,,,1821848
8969795,03-02-2026 23:41:00,52.58398900,3.37781600,,,LV,Clupea harengus,I4537,5,,,,1610422,1821849,FRANCE,35HT,4458,12366,12105,,,3.33333333333333,5016,,,,,,,,,,,,,,,,,,,,,,,,,,,E2037,,,,,,,MRN2,,,,,,,,,,,,,,,,,,,,,,,,,1600,,,2027,,VISO,FOR,,,,,,126417,,,,,,,,2026FR_023,,,,,,,,,,,,,,,,,,1821849
8969796,03-02-2026 23:41:00,52.58398900,3.37781600,,,LV,Clupea harengus,I4537,17,,,,1610422,1821850,FRANCE,35HT,4458,12366,12105,,,3.33333333333333,5016,,,,,,,,,,,,,,,,,,,,,,,,,,,E2037,,,,,,,MRN2,,,,,,,,,,,,,,,,,,,,,,,,,1600,,,2027,,VISO,FOR,,,,,,126417,,,,,,,,2026FR_023,,,,,,,,,,,,,,,,,,1821850
8969797,03-02-2026 23:41:00,52.58398900,3.37781600,,,LV,Clupea harengus,I4537,7,,,,1610422,1821839,FRANCE,35HT,4458,12366,12105,,,3.33333333333333,5016,,,,,,,,,,,,,,,,,,,,,,,,,,,E2037,,,,,,,MRN2,,,,,,,,,,,,,,,,,,,,,,,,,1600,,,2027,,VISO,FOR,,,,,,126417,,,,,,,,2026FR_023,,,,,,,,,,,,,,,,,,1821839
8969798,03-02-2026 23:41:00,52.58398900,3.37781600,,,LV,Clupea harengus,I4537,6,,,,1610422,1821840,FRANCE,35HT,4458,12366,12105,,,3.33333333333333,5016,,,,,,,,,,,,,,,,,,,,,,,,,,,E2037,,,,,,,MRN2,,,,,,,,,,,,,,,,,,,,,,,,,1600,,,2027,,VISO,FOR,,,,,,126417,,,,,,,,2026FR_023,,,,,,,,,,,,,,,,,,1821840
8969799,03-02-2026 23:41:00,52.58398900,3.37781600,,,LV,Clupea harengus,I4537,18,,,,1610422,1821841,FRANCE,35HT,4458,12366,12105,,,3.33333333333333,5016,,,,,,,,,,,,,,,,,,,,,,,,,,,E2037,,,,,,,MRN2,,,,,,,,,,,,,,,,,,,,,,,,,1600,,,2027,,VISO,FOR,,,,,,126417,,,,,,,,2026FR_023,,,,,,,,,,,,,,,,,,1821841
8969800,03-02-2026 23:41:00,52.58398900,3.37781600,,,LV,Clupea harengus,I4537,4,,,,1610422,1821842,FRANCE,35HT,4458,12366,12105,,,3.33333333333333,5016,,,,,,,,,,,,,,,,,,,,,,,,,,,E2037,,,,,,,MRN2,,,,,,,,,,,,,,,,,,,,,,,,,1600,,,2027,,VISO,FOR,,,,,,126417,,,,,,,,2026FR_023,,,,,,,,,,,,,,,,,,1821842
8969801,03-02-2026 23:41:00,52.58398900,3.37781600,,,LV,Clupea harengus,I4537,2,,,,1610422,1821843,FRANCE,35HT,4458,12366,12105,,,3.33333333333333,5016,,,,,,,,,,,,,,,,,,,,,,,,,,,E2037,,,,,,,MRN2,,,,,,,,,,,,,,,,,,,,,,,,,1600,,,2027,,VISO,FOR,,,,,,126417,,,,,,,,2026FR_023,,,,,,,,,,,,,,,,,,1821843
8969802,03-02-2026 23:41:00,52.58398900,3.37781600,,,LV,Clupea harengus,I4537,14,,,,1610422,1821844,FRANCE,35HT,4458,12366,12105,,,3.33333333333333,5016,,,,,,,,,,,,,,,,,,,,,,,,,,,E2037,,,,,,,MRN2,,,,,,,,,,,,,,,,,,,,,,,,,1600,,,2027,,VISO,FOR,,,,,,126417,,,,,,,,2026FR_023,,,,,,,,,,,,,,,,,,1821844
8969803,03-02-2026 23:41:00,52.58398900,3.37781600,,,LV,Sardina pilchardus,I4537,3,,,,1610422,1822149,FRANCE,35HT,4458,12366,12129,,,3.33333333333333,5016,,,,,,,,,,,,,,,,,,,,,,,,,,,E2037,,,,,,,MRN2,,,,,,,,,,,,,,,,,,,,,,,,,1600,,,2027,,VISO,FOR,,,,,,126421,,,,,,,,2026FR_023,,,,,,,,,,,,,,,,,,1822149
8969804,03-02-2026 23:41:00,52.58398900,3.37781600,,,LV,Sardina pilchardus,I4537,11,,,,1610422,1822150,FRANCE,35HT,4458,12366,12129,,,3.33333333333333,5016,,,,,,,,,,,,,,,,,,,,,,,,,,,E2037,,,,,,,MRN2,,,,,,,,,,,,,,,,,,,,,,,,,1600,,,2027,,VISO,FOR,,,,,,126421,,,,,,,,2026FR_023,,,,,,,,,,,,,,,,,,1822150
8969805,03-02-2026 23:41:00,52.58398900,3.37781600,,,LV,Sardina pilchardus,I4537,1,,,,1610422,1822151,FRANCE,35HT,4458,12366,12129,,,3.33333333333333,5016,,,,,,,,,,,,,,,,,,,,,,,,,,,E2037,,,,,,,MRN2,,,,,,,,,,,,,,,,,,,,,,,,,1600,,,2027,,VISO,FOR,,,,,,126421,,,,,,,,2026FR_023,,,,,,,,,,,,,,,,,,1822151
8969806,03-02-2026 23:41:00,52.58398900,3.37781600,,,LV,Sardina pilchardus,I4537,10,,,,1610422,1822152,FRANCE,35HT,4458,12366,12129,,,3.33333333333333,5016,,,,,,,,,,,,,,,,,,,,,,,,,,,E2037,,,,,,,MRN2,,,,,,,,,,,,,,,,,,,,,,,,,1600,,,2027,,VISO,FOR,,,,,,126421,,,,,,,,2026FR_023,,,,,,,,,,,,,,,,,,1822152
8969807,03-02-2026 23:41:00,52.58398900,3.37781600,,,LV,Sardina pilchardus,I4537,16,,,,1610422,1822153,FRANCE,35HT,4458,12366,12129,,,3.33333333333333,5016,,,,,,,,,,,,,,,,,,,,,,,,,,,E2037,,,,,,,MRN2,,,,,,,,,,,,,,,,,,,,,,,,,1600,,,2027,,VISO,FOR,,,,,,126421,,,,,,,,2026FR_023,,,,,,,,,,,,,,,,,,1822153
8969808,03-02-2026 23:41:00,52.58398900,3.37781600,,,LV,Sardina pilchardus,I4537,28,,,,1610422,1822142,FRANCE,35HT,4458,12366,12129,,,3.33333333333333,5016,,,,,,,,,,,,,,,,,,,,,,,,,,,E2037,,,,,,,MRN2,,,,,,,,,,,,,,,,,,,,,,,,,1600,,,2027,,VISO,FOR,,,,,,126421,,,,,,,,2026FR_023,,,,,,,,,,,,,,,,,,1822142
8969809,03-02-2026 23:41:00,52.58398900,3.37781600,,,LV,Sardina pilchardus,I4537,8,,,,1610422,1822143,FRANCE,35HT,4458,12366,12129,,,3.33333333333333,5016,,,,,,,,,,,,,,,,,,,,,,,,,,,E2037,,,,,,,MRN2,,,,,,,,,,,,,,,,,,,,,,,,,1600,,,2027,,VISO,FOR,,,,,,126421,,,,,,,,2026FR_023,,,,,,,,,,,,,,,,,,1822143
8969810,03-02-2026 23:41:00,52.58398900,3.37781600,,,LV,Sardina pilchardus,I4537,1,,,,1610422,1822144,FRANCE,35HT,4458,12366,12129,,,3.33333333333333,5016,,,,,,,,,,,,,,,,,,,,,,,,,,,E2037,,,,,,,MRN2,,,,,,,,,,,,,,,,,,,,,,,,,1600,,,2027,,VISO,FOR,,,,,,126421,,,,,,,,2026FR_023,,,,,,,,,,,,,,,,,,1822144
8969811,03-02-2026 23:41:00,52.58398900,3.37781600,,,LV,Sardina pilchardus,I4537,1,,,,1610422,1822145,FRANCE,35HT,4458,12366,12129,,,3.33333333333333,5016,,,,,,,,,,,,,,,,,,,,,,,,,,,E2037,,,,,,,MRN2,,,,,,,,,,,,,,,,,,,,,,,,,1600,,,2027,,VISO,FOR,,,,,,126421,,,,,,,,2026FR_023,,,,,,,,,,,,,,,,,,1822145
8969812,03-02-2026 23:41:00,52.58398900,3.37781600,,,LV,Sardina pilchardus,I4537,1,,,,1610422,1822146,FRANCE,35HT,4458,12366,12129,,,3.33333333333333,5016,,,,,,,,,,,,,,,,,,,,,,,,,,,E2037,,,,,,,MRN2,,,,,,,,,,,,,,,,,,,,,,,,,1600,,,2027,,VISO,FOR,,,,,,126421,,,,,,,,2026FR_023,,,,,,,,,,,,,,,,,,1822146
8969813,03-02-2026 23:41:00,52.58398900,3.37781600,,,LV,Sardina pilchardus,I4537,8,,,,1610422,1822147,FRANCE,35HT,4458,12366,12129,,,3.33333333333333,5016,,,,,,,,,,,,,,,,,,,,,,,,,,,E2037,,,,,,,MRN2,,,,,,,,,,,,,,,,,,,,,,,,,1600,,,2027,,VISO,FOR,,,,,,126421,,,,,,,,2026FR_023,,,,,,,,,,,,,,,,,,1822147
8969814,03-02-2026 23:41:00,52.58398900,3.37781600,,,LV,Sardina pilchardus,I4537,13,,,,1610422,1822136,FRANCE,35HT,4458,12366,12129,,,3.33333333333333,5016,,,,,,,,,,,,,,,,,,,,,,,,,,,E2037,,,,,,,MRN2,,,,,,,,,,,,,,,,,,,,,,,,,1600,,,2027,,VISO,FOR,,,,,,126421,,,,,,,,2026FR_023,,,,,,,,,,,,,,,,,,1822136
8969815,04-02-2026 02:12:00,52.79833200,3.64845500,,,LV,Clupea harengus,I4537,5,,,,1610423,1821833,FRANCE,35HT,4458,12366,12105,,,3.33333333333333,3435,,,,,,,,,,,,,,,,,,,,,,,,,,,E2038,,,,,,,MRN2,,,,,,,,,,,,,,,,,,,,,,,,,1600,,,964,,VISO,FOR,,,,,,126417,,,,,,,,2026FR_024,,,,,,,,,,,,,,,,,,1821833
8969816,04-02-2026 02:12:00,52.79833200,3.64845500,,,LV,Clupea harengus,I4537,6,,,,1610423,1821834,FRANCE,35HT,4458,12366,12105,,,3.33333333333333,3435,,,,,,,,,,,,,,,,,,,,,,,,,,,E2038,,,,,,,MRN2,,,,,,,,,,,,,,,,,,,,,,,,,1600,,,964,,VISO,FOR,,,,,,126417,,,,,,,,2026FR_024,,,,,,,,,,,,,,,,,,1821834
8969817,04-02-2026 02:12:00,52.79833200,3.64845500,,,LV,Clupea harengus,I4537,4,,,,1610423,1821835,FRANCE,35HT,4458,12366,12105,,,3.33333333333333,3435,,,,,,,,,,,,,,,,,,,,,,,,,,,E2038,,,,,,,MRN2,,,,,,,,,,,,,,,,,,,,,,,,,1600,,,964,,VISO,FOR,,,,,,126417,,,,,,,,2026FR_024,,,,,,,,,,,,,,,,,,1821835
8969818,04-02-2026 02:12:00,52.79833200,3.64845500,,,LV,Clupea harengus,I4537,4,,,,1610423,1821836,FRANCE,35HT,4458,12366,12105,,,3.33333333333333,3435,,,,,,,,,,,,,,,,,,,,,,,,,,,E2038,,,,,,,MRN2,,,,,,,,,,,,,,,,,,,,,,,,,1600,,,964,,VISO,FOR,,,,,,126417,,,,,,,,2026FR_024,,,,,,,,,,,,,,,,,,1821836
8969819,04-02-2026 02:12:00,52.79833200,3.64845500,,,LV,Clupea harengus,I4537,1,,,,1610423,1821837,FRANCE,35HT,4458,12366,12105,,,3.33333333333333,3435,,,,,,,,,,,,,,,,,,,,,,,,,,,E2038,,,,,,,MRN2,,,,,,,,,,,,,,,,,,,,,,,,,1600,,,964,,VISO,FOR,,,,,,126417,,,,,,,,2026FR_024,,,,,,,,,,,,,,,,,,1821837
8969820,04-02-2026 02:12:00,52.79833200,3.64845500,,,LV,Clupea harengus,I4537,1,,,,1610423,1821838,FRANCE,35HT,4458,12366,12105,,,3.33333333333333,3435,,,,,,,,,,,,,,,,,,,,,,,,,,,E2038,,,,,,,MRN2,,,,,,,,,,,,,,,,,,,,,,,,,1600,,,964,,VISO,FOR,,,,,,126417,,,,,,,,2026FR_024,,,,,,,,,,,,,,,,,,1821838
8969821,04-02-2026 02:12:00,52.79833200,3.64845500,,,LV,Clupea harengus,I4537,8,,,,1610423,1821827,FRANCE,35HT,4458,12366,12105,,,3.33333333333333,3435,,,,,,,,,,,,,,,,,,,,,,,,,,,E2038,,,,,,,MRN2,,,,,,,,,,,,,,,,,,,,,,,,,1600,,,964,,VISO,FOR,,,,,,126417,,,,,,,,2026FR_024,,,,,,,,,,,,,,,,,,1821827
8969822,04-02-2026 02:12:00,52.79833200,3.64845500,,,LV,Clupea harengus,I4537,12,,,,1610423,1821828,FRANCE,35HT,4458,12366,12105,,,3.33333333333333,3435,,,,,,,,,,,,,,,,,,,,,,,,,,,E2038,,,,,,,MRN2,,,,,,,,,,,,,,,,,,,,,,,,,1600,,,964,,VISO,FOR,,,,,,126417,,,,,,,,2026FR_024,,,,,,,,,,,,,,,,,,1821828
8969823,04-02-2026 02:12:00,52.79833200,3.64845500,,,LV,Clupea harengus,I4537,8,,,,1610423,1821829,FRANCE,35HT,4458,12366,12105,,,3.33333333333333,3435,,,,,,,,,,,,,,,,,,,,,,,,,,,E2038,,,,,,,MRN2,,,,,,,,,,,,,,,,,,,,,,,,,1600,,,964,,VISO,FOR,,,,,,126417,,,,,,,,2026FR_024,,,,,,,,,,,,,,,,,,1821829
8969824,04-02-2026 02:12:00,52.79833200,3.64845500,,,LV,Clupea harengus,I4537,32,,,,1610423,1821830,FRANCE,35HT,4458,12366,12105,,,3.33333333333333,3435,,,,,,,,,,,,,,,,,,,,,,,,,,,E2038,,,,,,,MRN2,,,,,,,,,,,,,,,,,,,,,,,,,1600,,,964,,VISO,FOR,,,,,,126417,,,,,,,,2026FR_024,,,,,,,,,,,,,,,,,,1821830
8969825,04-02-2026 02:12:00,52.79833200,3.64845500,,,LV,Clupea harengus,I4537,2,,,,1610423,1821831,FRANCE,35HT,4458,12366,12105,,,3.33333333333333,3435,,,,,,,,,,,,,,,,,,,,,,,,,,,E2038,,,,,,,MRN2,,,,,,,,,,,,,,,,,,,,,,,,,1600,,,964,,VISO,FOR,,,,,,126417,,,,,,,,2026FR_024,,,,,,,,,,,,,,,,,,1821831
8969826,04-02-2026 02:12:00,52.79833200,3.64845500,,,LV,Clupea harengus,I4537,3,,,,1610423,1821832,FRANCE,35HT,4458,12366,12105,,,3.33333333333333,3435,,,,,,,,,,,,,,,,,,,,,,,,,,,E2038,,,,,,,MRN2,,,,,,,,,,,,,,,,,,,,,,,,,1600,,,964,,VISO,FOR,,,,,,126417,,,,,,,,2026FR_024,,,,,,,,,,,,,,,,,,1821832
8969827,04-02-2026 02:12:00,52.79833200,3.64845500,,,LV,Clupea harengus,I4537,5,,,,1610423,1821821,FRANCE,35HT,4458,12366,12105,,,3.33333333333333,3435,,,,,,,,,,,,,,,,,,,,,,,,,,,E2038,,,,,,,MRN2,,,,,,,,,,,,,,,,,,,,,,,,,1600,,,964,,VISO,FOR,,,,,,126417,,,,,,,,2026FR_024,,,,,,,,,,,,,,,,,,1821821
8969828,04-02-2026 02:12:00,52.79833200,3.64845500,,,LV,Clupea harengus,I4537,16,,,,1610423,1821822,FRANCE,35HT,4458,12366,12105,,,3.33333333333333,3435,,,,,,,,,,,,,,,,,,,,,,,,,,,E2038,,,,,,,MRN2,,,,,,,,,,,,,,,,,,,,,,,,,1600,,,964,,VISO,FOR,,,,,,126417,,,,,,,,2026FR_024,,,,,,,,,,,,,,,,,,1821822
8969829,04-02-2026 02:12:00,52.79833200,3.64845500,,,LV,Clupea harengus,I4537,1,,,,1610423,1821823,FRANCE,35HT,4458,12366,12105,,,3.33333333333333,3435,,,,,,,,,,,,,,,,,,,,,,,,,,,E2038,,,,,,,MRN2,,,,,,,,,,,,,,,,,,,,,,,,,1600,,,964,,VISO,FOR,,,,,,126417,,,,,,,,2026FR_024,,,,,,,,,,,,,,,,,,1821823
8969830,04-02-2026 02:12:00,52.79833200,3.64845500,,,LV,Clupea harengus,I4537,6,,,,1610423,1821824,FRANCE,35HT,4458,12366,12105,,,3.33333333333333,3435,,,,,,,,,,,,,,,,,,,,,,,,,,,E2038,,,,,,,MRN2,,,,,,,,,,,,,,,,,,,,,,,,,1600,,,964,,VISO,FOR,,,,,,126417,,,,,,,,2026FR_024,,,,,,,,,,,,,,,,,,1821824
8969831,04-02-2026 02:12:00,52.79833200,3.64845500,,,LV,Clupea harengus,I4537,16,,,,1610423,1821825,FRANCE,35HT,4458,12366,12105,,,3.33333333333333,3435,,,,,,,,,,,,,,,,,,,,,,,,,,,E2038,,,,,,,MRN2,,,,,,,,,,,,,,,,,,,,,,,,,1600,,,964,,VISO,FOR,,,,,,126417,,,,,,,,2026FR_024,,,,,,,,,,,,,,,,,,1821825
8969832,04-02-2026 02:12:00,52.79833200,3.64845500,,,LV,Sardina pilchardus,I4537,1,,,,1610423,1822137,FRANCE,35HT,4458,12366,12129,,,3.33333333333333,3435,,,,,,,,,,,,,,,,,,,,,,,,,,,E2038,,,,,,,MRN2,,,,,,,,,,,,,,,,,,,,,,,,,1600,,,964,,VISO,FOR,,,,,,126421,,,,,,,,2026FR_024,,,,,,,,,,,,,,,,,,1822137
8969833,04-02-2026 02:12:00,52.79833200,3.64845500,,,LV,Sardina pilchardus,I4537,3,,,,1610423,1822138,FRANCE,35HT,4458,12366,12129,,,3.33333333333333,3435,,,,,,,,,,,,,,,,,,,,,,,,,,,E2038,,,,,,,MRN2,,,,,,,,,,,,,,,,,,,,,,,,,1600,,,964,,VISO,FOR,,,,,,126421,,,,,,,,2026FR_024,,,,,,,,,,,,,,,,,,1822138
8969834,04-02-2026 02:12:00,52.79833200,3.64845500,,,LV,Sardina pilchardus,I4537,1,,,,1610423,1822139,FRANCE,35HT,4458,12366,12129,,,3.33333333333333,3435,,,,,,,,,,,,,,,,,,,,,,,,,,,E2038,,,,,,,MRN2,,,,,,,,,,,,,,,,,,,,,,,,,1600,,,964,,VISO,FOR,,,,,,126421,,,,,,,,2026FR_024,,,,,,,,,,,,,,,,,,1822139
8969835,04-02-2026 02:12:00,52.79833200,3.64845500,,,LV,Sardina pilchardus,I4537,3,,,,1610423,1822140,FRANCE,35HT,4458,12366,12129,,,3.33333333333333,3435,,,,,,,,,,,,,,,,,,,,,,,,,,,E2038,,,,,,,MRN2,,,,,,,,,,,,,,,,,,,,,,,,,1600,,,964,,VISO,FOR,,,,,,126421,,,,,,,,2026FR_024,,,,,,,,,,,,,,,,,,1822140
8969836,04-02-2026 02:12:00,52.79833200,3.64845500,,,LV,Sardina pilchardus,I4537,5,,,,1610423,1822141,FRANCE,35HT,4458,12366,12129,,,3.33333333333333,3435,,,,,,,,,,,,,,,,,,,,,,,,,,,E2038,,,,,,,MRN2,,,,,,,,,,,,,,,,,,,,,,,,,1600,,,964,,VISO,FOR,,,,,,126421,,,,,,,,2026FR_024,,,,,,,,,,,,,,,,,,1822141
8969837,04-02-2026 02:12:00,52.79833200,3.64845500,,,LV,Sardina pilchardus,I4537,1,,,,1610423,1822130,FRANCE,35HT,4458,12366,12129,,,3.33333333333333,3435,,,,,,,,,,,,,,,,,,,,,,,,,,,E2038,,,,,,,MRN2,,,,,,,,,,,,,,,,,,,,,,,,,1600,,,964,,VISO,FOR,,,,,,126421,,,,,,,,2026FR_024,,,,,,,,,,,,,,,,,,1822130
8969838,04-02-2026 02:12:00,52.79833200,3.64845500,,,LV,Sardina pilchardus,I4537,3,,,,1610423,1822131,FRANCE,35HT,4458,12366,12129,,,3.33333333333333,3435,,,,,,,,,,,,,,,,,,,,,,,,,,,E2038,,,,,,,MRN2,,,,,,,,,,,,,,,,,,,,,,,,,1600,,,964,,VISO,FOR,,,,,,126421,,,,,,,,2026FR_024,,,,,,,,,,,,,,,,,,1822131
8969839,04-02-2026 02:12:00,52.79833200,3.64845500,,,LV,Sardina pilchardus,I4537,3,,,,1610423,1822132,FRANCE,35HT,4458,12366,12129,,,3.33333333333333,3435,,,,,,,,,,,,,,,,,,,,,,,,,,,E2038,,,,,,,MRN2,,,,,,,,,,,,,,,,,,,,,,,,,1600,,,964,,VISO,FOR,,,,,,126421,,,,,,,,2026FR_024,,,,,,,,,,,,,,,,,,1822132
8969840,04-02-2026 02:12:00,52.79833200,3.64845500,,,LV,Sardina pilchardus,I4537,3,,,,1610423,1822133,FRANCE,35HT,4458,12366,12129,,,3.33333333333333,3435,,,,,,,,,,,,,,,,,,,,,,,,,,,E2038,,,,,,,MRN2,,,,,,,,,,,,,,,,,,,,,,,,,1600,,,964,,VISO,FOR,,,,,,126421,,,,,,,,2026FR_024,,,,,,,,,,,,,,,,,,1822133
8969841,04-02-2026 02:12:00,52.79833200,3.64845500,,,LV,Sardina pilchardus,I4537,1,,,,1610423,1822134,FRANCE,35HT,4458,12366,12129,,,3.33333333333333,3435,,,,,,,,,,,,,,,,,,,,,,,,,,,E2038,,,,,,,MRN2,,,,,,,,,,,,,,,,,,,,,,,,,1600,,,964,,VISO,FOR,,,,,,126421,,,,,,,,2026FR_024,,,,,,,,,,,,,,,,,,1822134
8969842,04-02-2026 02:12:00,52.79833200,3.64845500,,,LV,Sardina pilchardus,I4537,3,,,,1610423,1822135,FRANCE,35HT,4458,12366,12129,,,3.33333333333333,3435,,,,,,,,,,,,,,,,,,,,,,,,,,,E2038,,,,,,,MRN2,,,,,,,,,,,,,,,,,,,,,,,,,1600,,,964,,VISO,FOR,,,,,,126421,,,,,,,,2026FR_024,,,,,,,,,,,,,,,,,,1822135
8969843,04-02-2026 02:12:00,52.79833200,3.64845500,,,LV,Sardina pilchardus,I4537,1,,,,1610423,1822124,FRANCE,35HT,4458,12366,12129,,,3.33333333333333,3435,,,,,,,,,,,,,,,,,,,,,,,,,,,E2038,,,,,,,MRN2,,,,,,,,,,,,,,,,,,,,,,,,,1600,,,964,,VISO,FOR,,,,,,126421,,,,,,,,2026FR_024,,,,,,,,,,,,,,,,,,1822124
8969844,04-02-2026 04:52:00,53.09811500,3.89780200,,,LV,Clupea harengus,I4537,23,,,,1610424,1821826,FRANCE,35HT,4458,12366,12105,,,3.33333333333333,5662,,,,,,,,,,,,,,,,,,,,,,,,,,,E2039,,,,,,,MRN2,,,,,,,,,,,,,,,,,,,,,,,,,1600,,,1486,,VISO,FOR,,,,,,126417,,,,,,,,2026FR_025,,,,,,,,,,,,,,,,,,1821826
8969845,04-02-2026 04:52:00,53.09811500,3.89780200,,,LV,Clupea harengus,I4537,1,,,,1610424,1821815,FRANCE,35HT,4458,12366,12105,,,3.33333333333333,5662,,,,,,,,,,,,,,,,,,,,,,,,,,,E2039,,,,,,,MRN2,,,,,,,,,,,,,,,,,,,,,,,,,1600,,,1486,,VISO,FOR,,,,,,126417,,,,,,,,2026FR_025,,,,,,,,,,,,,,,,,,1821815
8969846,04-02-2026 04:52:00,53.09811500,3.89780200,,,LV,Clupea harengus,I4537,7,,,,1610424,1821816,FRANCE,35HT,4458,12366,12105,,,3.33333333333333,5662,,,,,,,,,,,,,,,,,,,,,,,,,,,E2039,,,,,,,MRN2,,,,,,,,,,,,,,,,,,,,,,,,,1600,,,1486,,VISO,FOR,,,,,,126417,,,,,,,,2026FR_025,,,,,,,,,,,,,,,,,,1821816
8969847,04-02-2026 04:52:00,53.09811500,3.89780200,,,LV,Clupea harengus,I4537,2,,,,1610424,1821817,FRANCE,35HT,4458,12366,12105,,,3.33333333333333,5662,,,,,,,,,,,,,,,,,,,,,,,,,,,E2039,,,,,,,MRN2,,,,,,,,,,,,,,,,,,,,,,,,,1600,,,1486,,VISO,FOR,,,,,,126417,,,,,,,,2026FR_025,,,,,,,,,,,,,,,,,,1821817
8969848,04-02-2026 04:52:00,53.09811500,3.89780200,,,LV,Clupea harengus,I4537,9,,,,1610424,1821818,FRANCE,35HT,4458,12366,12105,,,3.33333333333333,5662,,,,,,,,,,,,,,,,,,,,,,,,,,,E2039,,,,,,,MRN2,,,,,,,,,,,,,,,,,,,,,,,,,1600,,,1486,,VISO,FOR,,,,,,126417,,,,,,,,2026FR_025,,,,,,,,,,,,,,,,,,1821818
8969849,04-02-2026 04:52:00,53.09811500,3.89780200,,,LV,Clupea harengus,I4537,1,,,,1610424,1821819,FRANCE,35HT,4458,12366,12105,,,3.33333333333333,5662,,,,,,,,,,,,,,,,,,,,,,,,,,,E2039,,,,,,,MRN2,,,,,,,,,,,,,,,,,,,,,,,,,1600,,,1486,,VISO,FOR,,,,,,126417,,,,,,,,2026FR_025,,,,,,,,,,,,,,,,,,1821819
8969850,04-02-2026 04:52:00,53.09811500,3.89780200,,,LV,Clupea harengus,I4537,5,,,,1610424,1821820,FRANCE,35HT,4458,12366,12105,,,3.33333333333333,5662,,,,,,,,,,,,,,,,,,,,,,,,,,,E2039,,,,,,,MRN2,,,,,,,,,,,,,,,,,,,,,,,,,1600,,,1486,,VISO,FOR,,,,,,126417,,,,,,,,2026FR_025,,,,,,,,,,,,,,,,,,1821820
8969851,04-02-2026 04:52:00,53.09811500,3.89780200,,,LV,Clupea harengus,I4537,1,,,,1610424,1821809,FRANCE,35HT,4458,12366,12105,,,3.33333333333333,5662,,,,,,,,,,,,,,,,,,,,,,,,,,,E2039,,,,,,,MRN2,,,,,,,,,,,,,,,,,,,,,,,,,1600,,,1486,,VISO,FOR,,,,,,126417,,,,,,,,2026FR_025,,,,,,,,,,,,,,,,,,1821809
8969852,04-02-2026 04:52:00,53.09811500,3.89780200,,,LV,Clupea harengus,I4537,2,,,,1610424,1821810,FRANCE,35HT,4458,12366,12105,,,3.33333333333333,5662,,,,,,,,,,,,,,,,,,,,,,,,,,,E2039,,,,,,,MRN2,,,,,,,,,,,,,,,,,,,,,,,,,1600,,,1486,,VISO,FOR,,,,,,126417,,,,,,,,2026FR_025,,,,,,,,,,,,,,,,,,1821810
8969853,04-02-2026 04:52:00,53.09811500,3.89780200,,,LV,Clupea harengus,I4537,3,,,,1610424,1821811,FRANCE,35HT,4458,12366,12105,,,3.33333333333333,5662,,,,,,,,,,,,,,,,,,,,,,,,,,,E2039,,,,,,,MRN2,,,,,,,,,,,,,,,,,,,,,,,,,1600,,,1486,,VISO,FOR,,,,,,126417,,,,,,,,2026FR_025,,,,,,,,,,,,,,,,,,1821811
8969854,04-02-2026 04:52:00,53.09811500,3.89780200,,,LV,Clupea harengus,I4537,1,,,,1610424,1821812,FRANCE,35HT,4458,12366,12105,,,3.33333333333333,5662,,,,,,,,,,,,,,,,,,,,,,,,,,,E2039,,,,,,,MRN2,,,,,,,,,,,,,,,,,,,,,,,,,1600,,,1486,,VISO,FOR,,,,,,126417,,,,,,,,2026FR_025,,,,,,,,,,,,,,,,,,1821812
8969855,04-02-2026 04:52:00,53.09811500,3.89780200,,,LV,Clupea harengus,I4537,2,,,,1610424,1821813,FRANCE,35HT,4458,12366,12105,,,3.33333333333333,5662,,,,,,,,,,,,,,,,,,,,,,,,,,,E2039,,,,,,,MRN2,,,,,,,,,,,,,,,,,,,,,,,,,1600,,,1486,,VISO,FOR,,,,,,126417,,,,,,,,2026FR_025,,,,,,,,,,,,,,,,,,1821813
8969856,04-02-2026 04:52:00,53.09811500,3.89780200,,,LV,Clupea harengus,I4537,2,,,,1610424,1821814,FRANCE,35HT,4458,12366,12105,,,3.33333333333333,5662,,,,,,,,,,,,,,,,,,,,,,,,,,,E2039,,,,,,,MRN2,,,,,,,,,,,,,,,,,,,,,,,,,1600,,,1486,,VISO,FOR,,,,,,126417,,,,,,,,2026FR_025,,,,,,,,,,,,,,,,,,1821814
8969857,04-02-2026 04:52:00,53.09811500,3.89780200,,,LV,Clupea harengus,I4537,3,,,,1610424,1821803,FRANCE,35HT,4458,12366,12105,,,3.33333333333333,5662,,,,,,,,,,,,,,,,,,,,,,,,,,,E2039,,,,,,,MRN2,,,,,,,,,,,,,,,,,,,,,,,,,1600,,,1486,,VISO,FOR,,,,,,126417,,,,,,,,2026FR_025,,,,,,,,,,,,,,,,,,1821803
8969858,04-02-2026 04:52:00,53.09811500,3.89780200,,,LV,Clupea harengus,I4537,4,,,,1610424,1821804,FRANCE,35HT,4458,12366,12105,,,3.33333333333333,5662,,,,,,,,,,,,,,,,,,,,,,,,,,,E2039,,,,,,,MRN2,,,,,,,,,,,,,,,,,,,,,,,,,1600,,,1486,,VISO,FOR,,,,,,126417,,,,,,,,2026FR_025,,,,,,,,,,,,,,,,,,1821804
8969859,04-02-2026 04:52:00,53.09811500,3.89780200,,,LV,Clupea harengus,I4537,9,,,,1610424,1821805,FRANCE,35HT,4458,12366,12105,,,3.33333333333333,5662,,,,,,,,,,,,,,,,,,,,,,,,,,,E2039,,,,,,,MRN2,,,,,,,,,,,,,,,,,,,,,,,,,1600,,,1486,,VISO,FOR,,,,,,126417,,,,,,,,2026FR_025,,,,,,,,,,,,,,,,,,1821805
8969860,04-02-2026 04:52:00,53.09811500,3.89780200,,,LV,Sardina pilchardus,I4537,1,,,,1610424,1822125,FRANCE,35HT,4458,12366,12129,,,3.33333333333333,5662,,,,,,,,,,,,,,,,,,,,,,,,,,,E2039,,,,,,,MRN2,,,,,,,,,,,,,,,,,,,,,,,,,1600,,,1486,,VISO,FOR,,,,,,126421,,,,,,,,2026FR_025,,,,,,,,,,,,,,,,,,1822125
8969861,04-02-2026 04:52:00,53.09811500,3.89780200,,,LV,Sardina pilchardus,I4537,1,,,,1610424,1822126,FRANCE,35HT,4458,12366,12129,,,3.33333333333333,5662,,,,,,,,,,,,,,,,,,,,,,,,,,,E2039,,,,,,,MRN2,,,,,,,,,,,,,,,,,,,,,,,,,1600,,,1486,,VISO,FOR,,,,,,126421,,,,,,,,2026FR_025,,,,,,,,,,,,,,,,,,1822126
8969862,04-02-2026 04:52:00,53.09811500,3.89780200,,,LV,Sardina pilchardus,I4537,2,,,,1610424,1822127,FRANCE,35HT,4458,12366,12129,,,3.33333333333333,5662,,,,,,,,,,,,,,,,,,,,,,,,,,,E2039,,,,,,,MRN2,,,,,,,,,,,,,,,,,,,,,,,,,1600,,,1486,,VISO,FOR,,,,,,126421,,,,,,,,2026FR_025,,,,,,,,,,,,,,,,,,1822127
8969863,04-02-2026 04:52:00,53.09811500,3.89780200,,,LV,Sardina pilchardus,I4537,1,,,,1610424,1822128,FRANCE,35HT,4458,12366,12129,,,3.33333333333333,5662,,,,,,,,,,,,,,,,,,,,,,,,,,,E2039,,,,,,,MRN2,,,,,,,,,,,,,,,,,,,,,,,,,1600,,,1486,,VISO,FOR,,,,,,126421,,,,,,,,2026FR_025,,,,,,,,,,,,,,,,,,1822128
8969864,04-02-2026 04:52:00,53.09811500,3.89780200,,,LV,Sardina pilchardus,I4537,1,,,,1610424,1822129,FRANCE,35HT,4458,12366,12129,,,3.33333333333333,5662,,,,,,,,,,,,,,,,,,,,,,,,,,,E2039,,,,,,,MRN2,,,,,,,,,,,,,,,,,,,,,,,,,1600,,,1486,,VISO,FOR,,,,,,126421,,,,,,,,2026FR_025,,,,,,,,,,,,,,,,,,1822129
8969865,04-02-2026 04:52:00,53.09811500,3.89780200,,,LV,Sardina pilchardus,I4537,2,,,,1610424,1822118,FRANCE,35HT,4458,12366,12129,,,3.33333333333333,5662,,,,,,,,,,,,,,,,,,,,,,,,,,,E2039,,,,,,,MRN2,,,,,,,,,,,,,,,,,,,,,,,,,1600,,,1486,,VISO,FOR,,,,,,126421,,,,,,,,2026FR_025,,,,,,,,,,,,,,,,,,1822118
8969866,04-02-2026 04:52:00,53.09811500,3.89780200,,,LV,Sardina pilchardus,I4537,3,,,,1610424,1822119,FRANCE,35HT,4458,12366,12129,,,3.33333333333333,5662,,,,,,,,,,,,,,,,,,,,,,,,,,,E2039,,,,,,,MRN2,,,,,,,,,,,,,,,,,,,,,,,,,1600,,,1486,,VISO,FOR,,,,,,126421,,,,,,,,2026FR_025,,,,,,,,,,,,,,,,,,1822119
8969867,04-02-2026 04:52:00,53.09811500,3.89780200,,,LV,Sardina pilchardus,I4537,1,,,,1610424,1822120,FRANCE,35HT,4458,12366,12129,,,3.33333333333333,5662,,,,,,,,,,,,,,,,,,,,,,,,,,,E2039,,,,,,,MRN2,,,,,,,,,,,,,,,,,,,,,,,,,1600,,,1486,,VISO,FOR,,,,,,126421,,,,,,,,2026FR_025,,,,,,,,,,,,,,,,,,1822120
8969868,04-02-2026 04:52:00,53.09811500,3.89780200,,,LV,Sardina pilchardus,I4537,1,,,,1610424,1822121,FRANCE,35HT,4458,12366,12129,,,3.33333333333333,5662,,,,,,,,,,,,,,,,,,,,,,,,,,,E2039,,,,,,,MRN2,,,,,,,,,,,,,,,,,,,,,,,,,1600,,,1486,,VISO,FOR,,,,,,126421,,,,,,,,2026FR_025,,,,,,,,,,,,,,,,,,1822121
8969869,04-02-2026 06:28:00,53.27838400,3.76691200,,,LV,Clupea harengus,I4537,1,,,,1610425,1821806,FRANCE,35HT,4458,12366,12105,,,3.33333333333333,5541,,,,,,,,,,,,,,,,,,,,,,,,,,,E2040,,,,,,,MRN2,,,,,,,,,,,,,,,,,,,,,,,,,1600,,,1376,,VISO,FOR,,,,,,126417,,,,,,,,2026FR_026,,,,,,,,,,,,,,,,,,1821806
8969870,04-02-2026 06:28:00,53.27838400,3.76691200,,,LV,Clupea harengus,I4537,5,,,,1610425,1821807,FRANCE,35HT,4458,12366,12105,,,3.33333333333333,5541,,,,,,,,,,,,,,,,,,,,,,,,,,,E2040,,,,,,,MRN2,,,,,,,,,,,,,,,,,,,,,,,,,1600,,,1376,,VISO,FOR,,,,,,126417,,,,,,,,2026FR_026,,,,,,,,,,,,,,,,,,1821807
8969871,04-02-2026 06:28:00,53.27838400,3.76691200,,,LV,Clupea harengus,I4537,25,,,,1610425,1821808,FRANCE,35HT,4458,12366,12105,,,3.33333333333333,5541,,,,,,,,,,,,,,,,,,,,,,,,,,,E2040,,,,,,,MRN2,,,,,,,,,,,,,,,,,,,,,,,,,1600,,,1376,,VISO,FOR,,,,,,126417,,,,,,,,2026FR_026,,,,,,,,,,,,,,,,,,1821808
8969872,04-02-2026 06:28:00,53.27838400,3.76691200,,,LV,Clupea harengus,I4537,7,,,,1610425,1821797,FRANCE,35HT,4458,12366,12105,,,3.33333333333333,5541,,,,,,,,,,,,,,,,,,,,,,,,,,,E2040,,,,,,,MRN2,,,,,,,,,,,,,,,,,,,,,,,,,1600,,,1376,,VISO,FOR,,,,,,126417,,,,,,,,2026FR_026,,,,,,,,,,,,,,,,,,1821797
8969873,04-02-2026 06:28:00,53.27838400,3.76691200,,,LV,Clupea harengus,I4537,8,,,,1610425,1821798,FRANCE,35HT,4458,12366,12105,,,3.33333333333333,5541,,,,,,,,,,,,,,,,,,,,,,,,,,,E2040,,,,,,,MRN2,,,,,,,,,,,,,,,,,,,,,,,,,1600,,,1376,,VISO,FOR,,,,,,126417,,,,,,,,2026FR_026,,,,,,,,,,,,,,,,,,1821798
8969874,04-02-2026 06:28:00,53.27838400,3.76691200,,,LV,Clupea harengus,I4537,29,,,,1610425,1821799,FRANCE,35HT,4458,12366,12105,,,3.33333333333333,5541,,,,,,,,,,,,,,,,,,,,,,,,,,,E2040,,,,,,,MRN2,,,,,,,,,,,,,,,,,,,,,,,,,1600,,,1376,,VISO,FOR,,,,,,126417,,,,,,,,2026FR_026,,,,,,,,,,,,,,,,,,1821799
8969875,04-02-2026 06:28:00,53.27838400,3.76691200,,,LV,Clupea harengus,I4537,2,,,,1610425,1821800,FRANCE,35HT,4458,12366,12105,,,3.33333333333333,5541,,,,,,,,,,,,,,,,,,,,,,,,,,,E2040,,,,,,,MRN2,,,,,,,,,,,,,,,,,,,,,,,,,1600,,,1376,,VISO,FOR,,,,,,126417,,,,,,,,2026FR_026,,,,,,,,,,,,,,,,,,1821800
8969876,04-02-2026 06:28:00,53.27838400,3.76691200,,,LV,Clupea harengus,I4537,17,,,,1610425,1821801,FRANCE,35HT,4458,12366,12105,,,3.33333333333333,5541,,,,,,,,,,,,,,,,,,,,,,,,,,,E2040,,,,,,,MRN2,,,,,,,,,,,,,,,,,,,,,,,,,1600,,,1376,,VISO,FOR,,,,,,126417,,,,,,,,2026FR_026,,,,,,,,,,,,,,,,,,1821801
8969877,04-02-2026 06:28:00,53.27838400,3.76691200,,,LV,Clupea harengus,I4537,2,,,,1610425,1821802,FRANCE,35HT,4458,12366,12105,,,3.33333333333333,5541,,,,,,,,,,,,,,,,,,,,,,,,,,,E2040,,,,,,,MRN2,,,,,,,,,,,,,,,,,,,,,,,,,1600,,,1376,,VISO,FOR,,,,,,126417,,,,,,,,2026FR_026,,,,,,,,,,,,,,,,,,1821802
8969878,04-02-2026 06:28:00,53.27838400,3.76691200,,,LV,Clupea harengus,I4537,2,,,,1610425,1821791,FRANCE,35HT,4458,12366,12105,,,3.33333333333333,5541,,,,,,,,,,,,,,,,,,,,,,,,,,,E2040,,,,,,,MRN2,,,,,,,,,,,,,,,,,,,,,,,,,1600,,,1376,,VISO,FOR,,,,,,126417,,,,,,,,2026FR_026,,,,,,,,,,,,,,,,,,1821791
8969879,04-02-2026 06:28:00,53.27838400,3.76691200,,,LV,Clupea harengus,I4537,4,,,,1610425,1821792,FRANCE,35HT,4458,12366,12105,,,3.33333333333333,5541,,,,,,,,,,,,,,,,,,,,,,,,,,,E2040,,,,,,,MRN2,,,,,,,,,,,,,,,,,,,,,,,,,1600,,,1376,,VISO,FOR,,,,,,126417,,,,,,,,2026FR_026,,,,,,,,,,,,,,,,,,1821792
8969880,04-02-2026 06:28:00,53.27838400,3.76691200,,,LV,Clupea harengus,I4537,4,,,,1610425,1821793,FRANCE,35HT,4458,12366,12105,,,3.33333333333333,5541,,,,,,,,,,,,,,,,,,,,,,,,,,,E2040,,,,,,,MRN2,,,,,,,,,,,,,,,,,,,,,,,,,1600,,,1376,,VISO,FOR,,,,,,126417,,,,,,,,2026FR_026,,,,,,,,,,,,,,,,,,1821793
8969881,04-02-2026 06:28:00,53.27838400,3.76691200,,,LV,Sardina pilchardus,I4537,1,,,,1610425,1822122,FRANCE,35HT,4458,12366,12129,,,3.33333333333333,5541,,,,,,,,,,,,,,,,,,,,,,,,,,,E2040,,,,,,,MRN2,,,,,,,,,,,,,,,,,,,,,,,,,1600,,,1376,,VISO,FOR,,,,,,126421,,,,,,,,2026FR_026,,,,,,,,,,,,,,,,,,1822122
8969882,04-02-2026 06:28:00,53.27838400,3.76691200,,,LV,Sardina pilchardus,I4537,1,,,,1610425,1822123,FRANCE,35HT,4458,12366,12129,,,3.33333333333333,5541,,,,,,,,,,,,,,,,,,,,,,,,,,,E2040,,,,,,,MRN2,,,,,,,,,,,,,,,,,,,,,,,,,1600,,,1376,,VISO,FOR,,,,,,126421,,,,,,,,2026FR_026,,,,,,,,,,,,,,,,,,1822123
8969883,04-02-2026 06:28:00,53.27838400,3.76691200,,,LV,Sardina pilchardus,I4537,1,,,,1610425,1822112,FRANCE,35HT,4458,12366,12129,,,3.33333333333333,5541,,,,,,,,,,,,,,,,,,,,,,,,,,,E2040,,,,,,,MRN2,,,,,,,,,,,,,,,,,,,,,,,,,1600,,,1376,,VISO,FOR,,,,,,126421,,,,,,,,2026FR_026,,,,,,,,,,,,,,,,,,1822112
8969884,04-02-2026 06:28:00,53.27838400,3.76691200,,,LV,Sardina pilchardus,I4537,1,,,,1610425,1822113,FRANCE,35HT,4458,12366,12129,,,3.33333333333333,5541,,,,,,,,,,,,,,,,,,,,,,,,,,,E2040,,,,,,,MRN2,,,,,,,,,,,,,,,,,,,,,,,,,1600,,,1376,,VISO,FOR,,,,,,126421,,,,,,,,2026FR_026,,,,,,,,,,,,,,,,,,1822113
8969885,04-02-2026 06:28:00,53.27838400,3.76691200,,,LV,Sardina pilchardus,I4537,1,,,,1610425,1822114,FRANCE,35HT,4458,12366,12129,,,3.33333333333333,5541,,,,,,,,,,,,,,,,,,,,,,,,,,,E2040,,,,,,,MRN2,,,,,,,,,,,,,,,,,,,,,,,,,1600,,,1376,,VISO,FOR,,,,,,126421,,,,,,,,2026FR_026,,,,,,,,,,,,,,,,,,1822114
8969886,05-02-2026 20:35:00,53.81557000,5.63871500,,,LV,Clupea harengus,I4537,5,,,,1610426,1821794,FRANCE,35HT,4458,12366,12105,,,3.33333333333333,3843,,,,,,,,,,,,,,,,,,,,,,,,,,,E2047,,,,,,,MRN2,,,,,,,,,,,,,,,,,,,,,,,,,1600,,,1446,,VISO,FOR,,,,,,126417,,,,,,,,2026FR_027,,,,,,,,,,,,,,,,,,1821794
8969887,05-02-2026 20:35:00,53.81557000,5.63871500,,,LV,Clupea harengus,I4537,2,,,,1610426,1821795,FRANCE,35HT,4458,12366,12105,,,3.33333333333333,3843,,,,,,,,,,,,,,,,,,,,,,,,,,,E2047,,,,,,,MRN2,,,,,,,,,,,,,,,,,,,,,,,,,1600,,,1446,,VISO,FOR,,,,,,126417,,,,,,,,2026FR_027,,,,,,,,,,,,,,,,,,1821795
8969888,05-02-2026 20:35:00,53.81557000,5.63871500,,,LV,Clupea harengus,I4537,2,,,,1610426,1821796,FRANCE,35HT,4458,12366,12105,,,3.33333333333333,3843,,,,,,,,,,,,,,,,,,,,,,,,,,,E2047,,,,,,,MRN2,,,,,,,,,,,,,,,,,,,,,,,,,1600,,,1446,,VISO,FOR,,,,,,126417,,,,,,,,2026FR_027,,,,,,,,,,,,,,,,,,1821796
8969889,05-02-2026 20:35:00,53.81557000,5.63871500,,,LV,Clupea harengus,I4537,1,,,,1610426,1821785,FRANCE,35HT,4458,12366,12105,,,3.33333333333333,3843,,,,,,,,,,,,,,,,,,,,,,,,,,,E2047,,,,,,,MRN2,,,,,,,,,,,,,,,,,,,,,,,,,1600,,,1446,,VISO,FOR,,,,,,126417,,,,,,,,2026FR_027,,,,,,,,,,,,,,,,,,1821785
8969890,05-02-2026 20:35:00,53.81557000,5.63871500,,,LV,Clupea harengus,I4537,4,,,,1610426,1821786,FRANCE,35HT,4458,12366,12105,,,3.33333333333333,3843,,,,,,,,,,,,,,,,,,,,,,,,,,,E2047,,,,,,,MRN2,,,,,,,,,,,,,,,,,,,,,,,,,1600,,,1446,,VISO,FOR,,,,,,126417,,,,,,,,2026FR_027,,,,,,,,,,,,,,,,,,1821786
8969891,05-02-2026 20:35:00,53.81557000,5.63871500,,,LV,Clupea harengus,I4537,5,,,,1610426,1821787,FRANCE,35HT,4458,12366,12105,,,3.33333333333333,3843,,,,,,,,,,,,,,,,,,,,,,,,,,,E2047,,,,,,,MRN2,,,,,,,,,,,,,,,,,,,,,,,,,1600,,,1446,,VISO,FOR,,,,,,126417,,,,,,,,2026FR_027,,,,,,,,,,,,,,,,,,1821787
8969892,05-02-2026 20:35:00,53.81557000,5.63871500,,,LV,Clupea harengus,I4537,2,,,,1610426,1821788,FRANCE,35HT,4458,12366,12105,,,3.33333333333333,3843,,,,,,,,,,,,,,,,,,,,,,,,,,,E2047,,,,,,,MRN2,,,,,,,,,,,,,,,,,,,,,,,,,1600,,,1446,,VISO,FOR,,,,,,126417,,,,,,,,2026FR_027,,,,,,,,,,,,,,,,,,1821788
8969893,05-02-2026 20:35:00,53.81557000,5.63871500,,,LV,Clupea harengus,I4537,7,,,,1610426,1821789,FRANCE,35HT,4458,12366,12105,,,3.33333333333333,3843,,,,,,,,,,,,,,,,,,,,,,,,,,,E2047,,,,,,,MRN2,,,,,,,,,,,,,,,,,,,,,,,,,1600,,,1446,,VISO,FOR,,,,,,126417,,,,,,,,2026FR_027,,,,,,,,,,,,,,,,,,1821789
8969894,05-02-2026 20:35:00,53.81557000,5.63871500,,,LV,Clupea harengus,I4537,4,,,,1610426,1821790,FRANCE,35HT,4458,12366,12105,,,3.33333333333333,3843,,,,,,,,,,,,,,,,,,,,,,,,,,,E2047,,,,,,,MRN2,,,,,,,,,,,,,,,,,,,,,,,,,1600,,,1446,,VISO,FOR,,,,,,126417,,,,,,,,2026FR_027,,,,,,,,,,,,,,,,,,1821790
8969895,05-02-2026 20:35:00,53.81557000,5.63871500,,,LV,Clupea harengus,I4537,1,,,,1610426,1821779,FRANCE,35HT,4458,12366,12105,,,3.33333333333333,3843,,,,,,,,,,,,,,,,,,,,,,,,,,,E2047,,,,,,,MRN2,,,,,,,,,,,,,,,,,,,,,,,,,1600,,,1446,,VISO,FOR,,,,,,126417,,,,,,,,2026FR_027,,,,,,,,,,,,,,,,,,1821779
8969896,05-02-2026 20:35:00,53.81557000,5.63871500,,,LV,Clupea harengus,I4537,1,,,,1610426,1821780,FRANCE,35HT,4458,12366,12105,,,3.33333333333333,3843,,,,,,,,,,,,,,,,,,,,,,,,,,,E2047,,,,,,,MRN2,,,,,,,,,,,,,,,,,,,,,,,,,1600,,,1446,,VISO,FOR,,,,,,126417,,,,,,,,2026FR_027,,,,,,,,,,,,,,,,,,1821780
8969897,05-02-2026 20:35:00,53.81557000,5.63871500,,,LV,Clupea harengus,I4537,5,,,,1610426,1821781,FRANCE,35HT,4458,12366,12105,,,3.33333333333333,3843,,,,,,,,,,,,,,,,,,,,,,,,,,,E2047,,,,,,,MRN2,,,,,,,,,,,,,,,,,,,,,,,,,1600,,,1446,,VISO,FOR,,,,,,126417,,,,,,,,2026FR_027,,,,,,,,,,,,,,,,,,1821781
8969898,05-02-2026 23:52:00,53.59873800,5.78478500,,,LV,Sardina pilchardus,I4537,1,,,,1610427,1822115,FRANCE,35HT,4458,12366,12129,,,3.33333333333333,4374,,,,,,,,,,,,,,,,,,,,,,,,,,,E2048,,,,,,,MRN2,,,,,,,,,,,,,,,,,,,,,,,,,1600,,,1541,,VISO,FOR,,,,,,126421,,,,,,,,2026FR_028,,,,,,,,,,,,,,,,,,1822115
8969899,05-02-2026 23:52:00,53.59873800,5.78478500,,,LV,Sardina pilchardus,I4537,1,,,,1610427,1822116,FRANCE,35HT,4458,12366,12129,,,3.33333333333333,4374,,,,,,,,,,,,,,,,,,,,,,,,,,,E2048,,,,,,,MRN2,,,,,,,,,,,,,,,,,,,,,,,,,1600,,,1541,,VISO,FOR,,,,,,126421,,,,,,,,2026FR_028,,,,,,,,,,,,,,,,,,1822116
8969900,05-02-2026 23:52:00,53.59873800,5.78478500,,,LV,Sardina pilchardus,I4537,1,,,,1610427,1822117,FRANCE,35HT,4458,12366,12129,,,3.33333333333333,4374,,,,,,,,,,,,,,,,,,,,,,,,,,,E2048,,,,,,,MRN2,,,,,,,,,,,,,,,,,,,,,,,,,1600,,,1541,,VISO,FOR,,,,,,126421,,,,,,,,2026FR_028,,,,,,,,,,,,,,,,,,1822117
8969901,06-02-2026 02:09:00,53.69516100,6.26614900,,,LV,Sardina pilchardus,I4537,1,,,,1610428,1822106,FRANCE,35HT,4458,12366,12129,,,3.33333333333333,5108,,,,,,,,,,,,,,,,,,,,,,,,,,,E2049,,,,,,,MRN2,,,,,,,,,,,,,,,,,,,,,,,,,1600,,,1412,,VISO,FOR,,,,,,126421,,,,,,,,2026FR_029,,,,,,,,,,,,,,,,,,1822106
8969902,06-02-2026 02:09:00,53.69516100,6.26614900,,,LV,Sardina pilchardus,I4537,1,,,,1610428,1822107,FRANCE,35HT,4458,12366,12129,,,3.33333333333333,5108,,,,,,,,,,,,,,,,,,,,,,,,,,,E2049,,,,,,,MRN2,,,,,,,,,,,,,,,,,,,,,,,,,1600,,,1412,,VISO,FOR,,,,,,126421,,,,,,,,2026FR_029,,,,,,,,,,,,,,,,,,1822107
8969903,06-02-2026 04:11:00,53.87533500,6.17900300,,,LV,Clupea harengus,I4537,3,,,,1610429,1821782,FRANCE,35HT,4458,12366,12105,,,3.33333333333333,3659,,,,,,,,,,,,,,,,,,,,,,,,,,,E2050,,,,,,,MRN2,,,,,,,,,,,,,,,,,,,,,,,,,1600,,,759,,VISO,FOR,,,,,,126417,,,,,,,,2026FR_030,,,,,,,,,,,,,,,,,,1821782
8969904,06-02-2026 04:11:00,53.87533500,6.17900300,,,LV,Clupea harengus,I4537,5,,,,1610429,1821783,FRANCE,35HT,4458,12366,12105,,,3.33333333333333,3659,,,,,,,,,,,,,,,,,,,,,,,,,,,E2050,,,,,,,MRN2,,,,,,,,,,,,,,,,,,,,,,,,,1600,,,759,,VISO,FOR,,,,,,126417,,,,,,,,2026FR_030,,,,,,,,,,,,,,,,,,1821783
8969905,06-02-2026 04:11:00,53.87533500,6.17900300,,,LV,Clupea harengus,I4537,2,,,,1610429,1821784,FRANCE,35HT,4458,12366,12105,,,3.33333333333333,3659,,,,,,,,,,,,,,,,,,,,,,,,,,,E2050,,,,,,,MRN2,,,,,,,,,,,,,,,,,,,,,,,,,1600,,,759,,VISO,FOR,,,,,,126417,,,,,,,,2026FR_030,,,,,,,,,,,,,,,,,,1821784
8969906,06-02-2026 04:11:00,53.87533500,6.17900300,,,LV,Clupea harengus,I4537,3,,,,1610429,1821773,FRANCE,35HT,4458,12366,12105,,,3.33333333333333,3659,,,,,,,,,,,,,,,,,,,,,,,,,,,E2050,,,,,,,MRN2,,,,,,,,,,,,,,,,,,,,,,,,,1600,,,759,,VISO,FOR,,,,,,126417,,,,,,,,2026FR_030,,,,,,,,,,,,,,,,,,1821773
8969907,06-02-2026 04:11:00,53.87533500,6.17900300,,,LV,Clupea harengus,I4537,1,,,,1610429,1821774,FRANCE,35HT,4458,12366,12105,,,3.33333333333333,3659,,,,,,,,,,,,,,,,,,,,,,,,,,,E2050,,,,,,,MRN2,,,,,,,,,,,,,,,,,,,,,,,,,1600,,,759,,VISO,FOR,,,,,,126417,,,,,,,,2026FR_030,,,,,,,,,,,,,,,,,,1821774
8969908,06-02-2026 04:11:00,53.87533500,6.17900300,,,LV,Clupea harengus,I4537,3,,,,1610429,1821775,FRANCE,35HT,4458,12366,12105,,,3.33333333333333,3659,,,,,,,,,,,,,,,,,,,,,,,,,,,E2050,,,,,,,MRN2,,,,,,,,,,,,,,,,,,,,,,,,,1600,,,759,,VISO,FOR,,,,,,126417,,,,,,,,2026FR_030,,,,,,,,,,,,,,,,,,1821775
8969909,06-02-2026 04:11:00,53.87533500,6.17900300,,,LV,Clupea harengus,I4537,1,,,,1610429,1821776,FRANCE,35HT,4458,12366,12105,,,3.33333333333333,3659,,,,,,,,,,,,,,,,,,,,,,,,,,,E2050,,,,,,,MRN2,,,,,,,,,,,,,,,,,,,,,,,,,1600,,,759,,VISO,FOR,,,,,,126417,,,,,,,,2026FR_030,,,,,,,,,,,,,,,,,,1821776
8969910,06-02-2026 04:11:00,53.87533500,6.17900300,,,LV,Clupea harengus,I4537,1,,,,1610429,1821777,FRANCE,35HT,4458,12366,12105,,,3.33333333333333,3659,,,,,,,,,,,,,,,,,,,,,,,,,,,E2050,,,,,,,MRN2,,,,,,,,,,,,,,,,,,,,,,,,,1600,,,759,,VISO,FOR,,,,,,126417,,,,,,,,2026FR_030,,,,,,,,,,,,,,,,,,1821777
8969911,06-02-2026 04:11:00,53.87533500,6.17900300,,,LV,Clupea harengus,I4537,1,,,,1610429,1821778,FRANCE,35HT,4458,12366,12105,,,3.33333333333333,3659,,,,,,,,,,,,,,,,,,,,,,,,,,,E2050,,,,,,,MRN2,,,,,,,,,,,,,,,,,,,,,,,,,1600,,,759,,VISO,FOR,,,,,,126417,,,,,,,,2026FR_030,,,,,,,,,,,,,,,,,,1821778
8969912,06-02-2026 20:58:00,54.30707500,5.14857500,,,LV,Clupea harengus,I4537,1,,,,1610430,1821767,FRANCE,35HT,4458,12366,12105,,,3.33333333333333,4370,,,,,,,,,,,,,,,,,,,,,,,,,,,E2053,,,,,,,MRN2,,,,,,,,,,,,,,,,,,,,,,,,,1600,,,1405,,VISO,FOR,,,,,,126417,,,,,,,,2026FR_031,,,,,,,,,,,,,,,,,,1821767
8969913,06-02-2026 20:58:00,54.30707500,5.14857500,,,LV,Clupea harengus,I4537,1,,,,1610430,1821768,FRANCE,35HT,4458,12366,12105,,,3.33333333333333,4370,,,,,,,,,,,,,,,,,,,,,,,,,,,E2053,,,,,,,MRN2,,,,,,,,,,,,,,,,,,,,,,,,,1600,,,1405,,VISO,FOR,,,,,,126417,,,,,,,,2026FR_031,,,,,,,,,,,,,,,,,,1821768
8969914,06-02-2026 20:58:00,54.30707500,5.14857500,,,LV,Clupea harengus,I4537,1,,,,1610430,1821769,FRANCE,35HT,4458,12366,12105,,,3.33333333333333,4370,,,,,,,,,,,,,,,,,,,,,,,,,,,E2053,,,,,,,MRN2,,,,,,,,,,,,,,,,,,,,,,,,,1600,,,1405,,VISO,FOR,,,,,,126417,,,,,,,,2026FR_031,,,,,,,,,,,,,,,,,,1821769
8969915,06-02-2026 20:58:00,54.30707500,5.14857500,,,LV,Clupea harengus,I4537,1,,,,1610430,1821770,FRANCE,35HT,4458,12366,12105,,,3.33333333333333,4370,,,,,,,,,,,,,,,,,,,,,,,,,,,E2053,,,,,,,MRN2,,,,,,,,,,,,,,,,,,,,,,,,,1600,,,1405,,VISO,FOR,,,,,,126417,,,,,,,,2026FR_031,,,,,,,,,,,,,,,,,,1821770
8969916,06-02-2026 20:58:00,54.30707500,5.14857500,,,LV,Clupea harengus,I4537,1,,,,1610430,1821771,FRANCE,35HT,4458,12366,12105,,,3.33333333333333,4370,,,,,,,,,,,,,,,,,,,,,,,,,,,E2053,,,,,,,MRN2,,,,,,,,,,,,,,,,,,,,,,,,,1600,,,1405,,VISO,FOR,,,,,,126417,,,,,,,,2026FR_031,,,,,,,,,,,,,,,,,,1821771
8969917,06-02-2026 20:58:00,54.30707500,5.14857500,,,LV,Clupea harengus,I4537,1,,,,1610430,1821772,FRANCE,35HT,4458,12366,12105,,,3.33333333333333,4370,,,,,,,,,,,,,,,,,,,,,,,,,,,E2053,,,,,,,MRN2,,,,,,,,,,,,,,,,,,,,,,,,,1600,,,1405,,VISO,FOR,,,,,,126417,,,,,,,,2026FR_031,,,,,,,,,,,,,,,,,,1821772
8969918,06-02-2026 20:58:00,54.30707500,5.14857500,,,LV,Clupea harengus,I4537,1,,,,1610430,1821761,FRANCE,35HT,4458,12366,12105,,,3.33333333333333,4370,,,,,,,,,,,,,,,,,,,,,,,,,,,E2053,,,,,,,MRN2,,,,,,,,,,,,,,,,,,,,,,,,,1600,,,1405,,VISO,FOR,,,,,,126417,,,,,,,,2026FR_031,,,,,,,,,,,,,,,,,,1821761
8969919,06-02-2026 20:58:00,54.30707500,5.14857500,,,LV,Clupea harengus,I4537,2,,,,1610430,1821762,FRANCE,35HT,4458,12366,12105,,,3.33333333333333,4370,,,,,,,,,,,,,,,,,,,,,,,,,,,E2053,,,,,,,MRN2,,,,,,,,,,,,,,,,,,,,,,,,,1600,,,1405,,VISO,FOR,,,,,,126417,,,,,,,,2026FR_031,,,,,,,,,,,,,,,,,,1821762
8969920,06-02-2026 20:58:00,54.30707500,5.14857500,,,LV,Sardina pilchardus,I4537,1,,,,1610430,1822108,FRANCE,35HT,4458,12366,12129,,,3.33333333333333,4370,,,,,,,,,,,,,,,,,,,,,,,,,,,E2053,,,,,,,MRN2,,,,,,,,,,,,,,,,,,,,,,,,,1600,,,1405,,VISO,FOR,,,,,,126421,,,,,,,,2026FR_031,,,,,,,,,,,,,,,,,,1822108
8969921,06-02-2026 20:58:00,54.30707500,5.14857500,,,LV,Sardina pilchardus,I4537,1,,,,1610430,1822109,FRANCE,35HT,4458,12366,12129,,,3.33333333333333,4370,,,,,,,,,,,,,,,,,,,,,,,,,,,E2053,,,,,,,MRN2,,,,,,,,,,,,,,,,,,,,,,,,,1600,,,1405,,VISO,FOR,,,,,,126421,,,,,,,,2026FR_031,,,,,,,,,,,,,,,,,,1822109
8969922,06-02-2026 22:52:00,54.12628500,5.16821100,,,LV,Clupea harengus,I4537,4,,,,1610431,1821763,FRANCE,35HT,4458,12366,12105,,,3.33333333333333,5255,,,,,,,,,,,,,,,,,,,,,,,,,,,E2054,,,,,,,MRN2,,,,,,,,,,,,,,,,,,,,,,,,,1600,,,1913,,VISO,FOR,,,,,,126417,,,,,,,,2026FR_032,,,,,,,,,,,,,,,,,,1821763
8969923,06-02-2026 22:52:00,54.12628500,5.16821100,,,LV,Clupea harengus,I4537,2,,,,1610431,1821764,FRANCE,35HT,4458,12366,12105,,,3.33333333333333,5255,,,,,,,,,,,,,,,,,,,,,,,,,,,E2054,,,,,,,MRN2,,,,,,,,,,,,,,,,,,,,,,,,,1600,,,1913,,VISO,FOR,,,,,,126417,,,,,,,,2026FR_032,,,,,,,,,,,,,,,,,,1821764
8969924,06-02-2026 22:52:00,54.12628500,5.16821100,,,LV,Clupea harengus,I4537,4,,,,1610431,1821765,FRANCE,35HT,4458,12366,12105,,,3.33333333333333,5255,,,,,,,,,,,,,,,,,,,,,,,,,,,E2054,,,,,,,MRN2,,,,,,,,,,,,,,,,,,,,,,,,,1600,,,1913,,VISO,FOR,,,,,,126417,,,,,,,,2026FR_032,,,,,,,,,,,,,,,,,,1821765
8969925,06-02-2026 22:52:00,54.12628500,5.16821100,,,LV,Clupea harengus,I4537,4,,,,1610431,1821766,FRANCE,35HT,4458,12366,12105,,,3.33333333333333,5255,,,,,,,,,,,,,,,,,,,,,,,,,,,E2054,,,,,,,MRN2,,,,,,,,,,,,,,,,,,,,,,,,,1600,,,1913,,VISO,FOR,,,,,,126417,,,,,,,,2026FR_032,,,,,,,,,,,,,,,,,,1821766
8969926,06-02-2026 22:52:00,54.12628500,5.16821100,,,LV,Clupea harengus,I4537,3,,,,1610431,1821755,FRANCE,35HT,4458,12366,12105,,,3.33333333333333,5255,,,,,,,,,,,,,,,,,,,,,,,,,,,E2054,,,,,,,MRN2,,,,,,,,,,,,,,,,,,,,,,,,,1600,,,1913,,VISO,FOR,,,,,,126417,,,,,,,,2026FR_032,,,,,,,,,,,,,,,,,,1821755
8969927,06-02-2026 22:52:00,54.12628500,5.16821100,,,LV,Clupea harengus,I4537,2,,,,1610431,1821756,FRANCE,35HT,4458,12366,12105,,,3.33333333333333,5255,,,,,,,,,,,,,,,,,,,,,,,,,,,E2054,,,,,,,MRN2,,,,,,,,,,,,,,,,,,,,,,,,,1600,,,1913,,VISO,FOR,,,,,,126417,,,,,,,,2026FR_032,,,,,,,,,,,,,,,,,,1821756
8969928,06-02-2026 22:52:00,54.12628500,5.16821100,,,LV,Clupea harengus,I4537,1,,,,1610431,1821757,FRANCE,35HT,4458,12366,12105,,,3.33333333333333,5255,,,,,,,,,,,,,,,,,,,,,,,,,,,E2054,,,,,,,MRN2,,,,,,,,,,,,,,,,,,,,,,,,,1600,,,1913,,VISO,FOR,,,,,,126417,,,,,,,,2026FR_032,,,,,,,,,,,,,,,,,,1821757
8969929,06-02-2026 22:52:00,54.12628500,5.16821100,,,LV,Clupea harengus,I4537,1,,,,1610431,1821758,FRANCE,35HT,4458,12366,12105,,,3.33333333333333,5255,,,,,,,,,,,,,,,,,,,,,,,,,,,E2054,,,,,,,MRN2,,,,,,,,,,,,,,,,,,,,,,,,,1600,,,1913,,VISO,FOR,,,,,,126417,,,,,,,,2026FR_032,,,,,,,,,,,,,,,,,,1821758
8969930,06-02-2026 22:52:00,54.12628500,5.16821100,,,LV,Clupea harengus,I4537,1,,,,1610431,1821759,FRANCE,35HT,4458,12366,12105,,,3.33333333333333,5255,,,,,,,,,,,,,,,,,,,,,,,,,,,E2054,,,,,,,MRN2,,,,,,,,,,,,,,,,,,,,,,,,,1600,,,1913,,VISO,FOR,,,,,,126417,,,,,,,,2026FR_032,,,,,,,,,,,,,,,,,,1821759
8969931,06-02-2026 22:52:00,54.12628500,5.16821100,,,LV,Sardina pilchardus,I4537,1,,,,1610431,1822110,FRANCE,35HT,4458,12366,12129,,,3.33333333333333,5255,,,,,,,,,,,,,,,,,,,,,,,,,,,E2054,,,,,,,MRN2,,,,,,,,,,,,,,,,,,,,,,,,,1600,,,1913,,VISO,FOR,,,,,,126421,,,,,,,,2026FR_032,,,,,,,,,,,,,,,,,,1822110
8969932,06-02-2026 22:52:00,54.12628500,5.16821100,,,LV,Sardina pilchardus,I4537,1,,,,1610431,1822111,FRANCE,35HT,4458,12366,12129,,,3.33333333333333,5255,,,,,,,,,,,,,,,,,,,,,,,,,,,E2054,,,,,,,MRN2,,,,,,,,,,,,,,,,,,,,,,,,,1600,,,1913,,VISO,FOR,,,,,,126421,,,,,,,,2026FR_032,,,,,,,,,,,,,,,,,,1822111
8969933,06-02-2026 22:52:00,54.12628500,5.16821100,,,LV,Sardina pilchardus,I4537,1,,,,1610431,1822100,FRANCE,35HT,4458,12366,12129,,,3.33333333333333,5255,,,,,,,,,,,,,,,,,,,,,,,,,,,E2054,,,,,,,MRN2,,,,,,,,,,,,,,,,,,,,,,,,,1600,,,1913,,VISO,FOR,,,,,,126421,,,,,,,,2026FR_032,,,,,,,,,,,,,,,,,,1822100
8969934,06-02-2026 22:52:00,54.12628500,5.16821100,,,LV,Sardina pilchardus,I4537,3,,,,1610431,1822101,FRANCE,35HT,4458,12366,12129,,,3.33333333333333,5255,,,,,,,,,,,,,,,,,,,,,,,,,,,E2054,,,,,,,MRN2,,,,,,,,,,,,,,,,,,,,,,,,,1600,,,1913,,VISO,FOR,,,,,,126421,,,,,,,,2026FR_032,,,,,,,,,,,,,,,,,,1822101
8969935,06-02-2026 22:52:00,54.12628500,5.16821100,,,LV,Sardina pilchardus,I4537,2,,,,1610431,1822102,FRANCE,35HT,4458,12366,12129,,,3.33333333333333,5255,,,,,,,,,,,,,,,,,,,,,,,,,,,E2054,,,,,,,MRN2,,,,,,,,,,,,,,,,,,,,,,,,,1600,,,1913,,VISO,FOR,,,,,,126421,,,,,,,,2026FR_032,,,,,,,,,,,,,,,,,,1822102
8969936,06-02-2026 22:52:00,54.12628500,5.16821100,,,LV,Sardina pilchardus,I4537,3,,,,1610431,1822103,FRANCE,35HT,4458,12366,12129,,,3.33333333333333,5255,,,,,,,,,,,,,,,,,,,,,,,,,,,E2054,,,,,,,MRN2,,,,,,,,,,,,,,,,,,,,,,,,,1600,,,1913,,VISO,FOR,,,,,,126421,,,,,,,,2026FR_032,,,,,,,,,,,,,,,,,,1822103
8969937,06-02-2026 22:52:00,54.12628500,5.16821100,,,LV,Sardina pilchardus,I4537,1,,,,1610431,1822104,FRANCE,35HT,4458,12366,12129,,,3.33333333333333,5255,,,,,,,,,,,,,,,,,,,,,,,,,,,E2054,,,,,,,MRN2,,,,,,,,,,,,,,,,,,,,,,,,,1600,,,1913,,VISO,FOR,,,,,,126421,,,,,,,,2026FR_032,,,,,,,,,,,,,,,,,,1822104
8969938,06-02-2026 22:52:00,54.12628500,5.16821100,,,LV,Sardina pilchardus,I4537,1,,,,1610431,1822105,FRANCE,35HT,4458,12366,12129,,,3.33333333333333,5255,,,,,,,,,,,,,,,,,,,,,,,,,,,E2054,,,,,,,MRN2,,,,,,,,,,,,,,,,,,,,,,,,,1600,,,1913,,VISO,FOR,,,,,,126421,,,,,,,,2026FR_032,,,,,,,,,,,,,,,,,,1822105
8969939,06-02-2026 22:52:00,54.12628500,5.16821100,,,LV,Sardina pilchardus,I4537,1,,,,1610431,1822094,FRANCE,35HT,4458,12366,12129,,,3.33333333333333,5255,,,,,,,,,,,,,,,,,,,,,,,,,,,E2054,,,,,,,MRN2,,,,,,,,,,,,,,,,,,,,,,,,,1600,,,1913,,VISO,FOR,,,,,,126421,,,,,,,,2026FR_032,,,,,,,,,,,,,,,,,,1822094
8969940,07-02-2026 01:15:00,54.10198200,4.81412400,,,LV,Clupea harengus,I4537,1,,,,1610432,1821760,FRANCE,35HT,4458,12366,12105,,,3.33333333333333,4583,,,,,,,,,,,,,,,,,,,,,,,,,,,E2055,,,,,,,MRN2,,,,,,,,,,,,,,,,,,,,,,,,,1600,,,1492,,VISO,FOR,,,,,,126417,,,,,,,,2026FR_033,,,,,,,,,,,,,,,,,,1821760
8969941,07-02-2026 01:15:00,54.10198200,4.81412400,,,LV,Clupea harengus,I4537,1,,,,1610432,1821749,FRANCE,35HT,4458,12366,12105,,,3.33333333333333,4583,,,,,,,,,,,,,,,,,,,,,,,,,,,E2055,,,,,,,MRN2,,,,,,,,,,,,,,,,,,,,,,,,,1600,,,1492,,VISO,FOR,,,,,,126417,,,,,,,,2026FR_033,,,,,,,,,,,,,,,,,,1821749
8969942,07-02-2026 03:28:00,54.11112700,4.46414600,,,LV,Clupea harengus,I4537,2,,,,1610433,1821750,FRANCE,35HT,4458,12366,12105,,,3.33333333333333,4021,,,,,,,,,,,,,,,,,,,,,,,,,,,E2056,,,,,,,MRN2,,,,,,,,,,,,,,,,,,,,,,,,,1600,,,979,,VISO,FOR,,,,,,126417,,,,,,,,2026FR_034,,,,,,,,,,,,,,,,,,1821750
8969943,07-02-2026 03:28:00,54.11112700,4.46414600,,,LV,Clupea harengus,I4537,2,,,,1610433,1821751,FRANCE,35HT,4458,12366,12105,,,3.33333333333333,4021,,,,,,,,,,,,,,,,,,,,,,,,,,,E2056,,,,,,,MRN2,,,,,,,,,,,,,,,,,,,,,,,,,1600,,,979,,VISO,FOR,,,,,,126417,,,,,,,,2026FR_034,,,,,,,,,,,,,,,,,,1821751
8969944,07-02-2026 03:28:00,54.11112700,4.46414600,,,LV,Clupea harengus,I4537,1,,,,1610433,1821752,FRANCE,35HT,4458,12366,12105,,,3.33333333333333,4021,,,,,,,,,,,,,,,,,,,,,,,,,,,E2056,,,,,,,MRN2,,,,,,,,,,,,,,,,,,,,,,,,,1600,,,979,,VISO,FOR,,,,,,126417,,,,,,,,2026FR_034,,,,,,,,,,,,,,,,,,1821752
8969945,07-02-2026 03:28:00,54.11112700,4.46414600,,,LV,Clupea harengus,I4537,1,,,,1610433,1821753,FRANCE,35HT,4458,12366,12105,,,3.33333333333333,4021,,,,,,,,,,,,,,,,,,,,,,,,,,,E2056,,,,,,,MRN2,,,,,,,,,,,,,,,,,,,,,,,,,1600,,,979,,VISO,FOR,,,,,,126417,,,,,,,,2026FR_034,,,,,,,,,,,,,,,,,,1821753
8969946,07-02-2026 03:28:00,54.11112700,4.46414600,,,LV,Clupea harengus,I4537,1,,,,1610433,1821754,FRANCE,35HT,4458,12366,12105,,,3.33333333333333,4021,,,,,,,,,,,,,,,,,,,,,,,,,,,E2056,,,,,,,MRN2,,,,,,,,,,,,,,,,,,,,,,,,,1600,,,979,,VISO,FOR,,,,,,126417,,,,,,,,2026FR_034,,,,,,,,,,,,,,,,,,1821754
8969947,07-02-2026 03:28:00,54.11112700,4.46414600,,,LV,Clupea harengus,I4537,1,,,,1610433,1821743,FRANCE,35HT,4458,12366,12105,,,3.33333333333333,4021,,,,,,,,,,,,,,,,,,,,,,,,,,,E2056,,,,,,,MRN2,,,,,,,,,,,,,,,,,,,,,,,,,1600,,,979,,VISO,FOR,,,,,,126417,,,,,,,,2026FR_034,,,,,,,,,,,,,,,,,,1821743
8969948,06-02-2026 07:16:00,53.80263100,4.52223800,,,LV,Sardina pilchardus,I4537,2,,,,1610435,1822095,FRANCE,35HT,4458,12366,12129,,,3.33333333333333,5042,,,,,,,,,,,,,,,,,,,,,,,,,,,E2058,,,,,,,MRN2,,,,,,,,,,,,,,,,,,,,,,,,,1600,,,1209,,VISO,FOR,,,,,,126421,,,,,,,,2026FR_036,,,,,,,,,,,,,,,,,,1822095
8969949,06-02-2026 07:16:00,53.80263100,4.52223800,,,LV,Sardina pilchardus,I4537,1,,,,1610435,1822096,FRANCE,35HT,4458,12366,12129,,,3.33333333333333,5042,,,,,,,,,,,,,,,,,,,,,,,,,,,E2058,,,,,,,MRN2,,,,,,,,,,,,,,,,,,,,,,,,,1600,,,1209,,VISO,FOR,,,,,,126421,,,,,,,,2026FR_036,,,,,,,,,,,,,,,,,,1822096
8969950,06-02-2026 07:16:00,53.80263100,4.52223800,,,LV,Sardina pilchardus,I4537,1,,,,1610435,1822097,FRANCE,35HT,4458,12366,12129,,,3.33333333333333,5042,,,,,,,,,,,,,,,,,,,,,,,,,,,E2058,,,,,,,MRN2,,,,,,,,,,,,,,,,,,,,,,,,,1600,,,1209,,VISO,FOR,,,,,,126421,,,,,,,,2026FR_036,,,,,,,,,,,,,,,,,,1822097
8969951,06-02-2026 07:16:00,53.80263100,4.52223800,,,LV,Sardina pilchardus,I4537,1,,,,1610435,1822098,FRANCE,35HT,4458,12366,12129,,,3.33333333333333,5042,,,,,,,,,,,,,,,,,,,,,,,,,,,E2058,,,,,,,MRN2,,,,,,,,,,,,,,,,,,,,,,,,,1600,,,1209,,VISO,FOR,,,,,,126421,,,,,,,,2026FR_036,,,,,,,,,,,,,,,,,,1822098
8969952,06-02-2026 07:16:00,53.80263100,4.52223800,,,LV,Sardina pilchardus,I4537,1,,,,1610435,1822099,FRANCE,35HT,4458,12366,12129,,,3.33333333333333,5042,,,,,,,,,,,,,,,,,,,,,,,,,,,E2058,,,,,,,MRN2,,,,,,,,,,,,,,,,,,,,,,,,,1600,,,1209,,VISO,FOR,,,,,,126421,,,,,,,,2026FR_036,,,,,,,,,,,,,,,,,,1822099
8969953,07-02-2026 19:07:00,53.38865500,4.40535300,,,LV,Clupea harengus,I4537,1,,,,1610436,1821744,FRANCE,35HT,4458,12366,12105,,,3.33333333333333,4115,,,,,,,,,,,,,,,,,,,,,,,,,,,E2060,,,,,,,MRN2,,,,,,,,,,,,,,,,,,,,,,,,,1600,,,1077,,VISO,FOR,,,,,,126417,,,,,,,,2026FR_037,,,,,,,,,,,,,,,,,,1821744
8969954,07-02-2026 19:07:00,53.38865500,4.40535300,,,LV,Clupea harengus,I4537,6,,,,1610436,1821745,FRANCE,35HT,4458,12366,12105,,,3.33333333333333,4115,,,,,,,,,,,,,,,,,,,,,,,,,,,E2060,,,,,,,MRN2,,,,,,,,,,,,,,,,,,,,,,,,,1600,,,1077,,VISO,FOR,,,,,,126417,,,,,,,,2026FR_037,,,,,,,,,,,,,,,,,,1821745
8969955,07-02-2026 19:07:00,53.38865500,4.40535300,,,LV,Clupea harengus,I4537,15,,,,1610436,1821746,FRANCE,35HT,4458,12366,12105,,,3.33333333333333,4115,,,,,,,,,,,,,,,,,,,,,,,,,,,E2060,,,,,,,MRN2,,,,,,,,,,,,,,,,,,,,,,,,,1600,,,1077,,VISO,FOR,,,,,,126417,,,,,,,,2026FR_037,,,,,,,,,,,,,,,,,,1821746
8969956,07-02-2026 19:07:00,53.38865500,4.40535300,,,LV,Clupea harengus,I4537,3,,,,1610436,1821747,FRANCE,35HT,4458,12366,12105,,,3.33333333333333,4115,,,,,,,,,,,,,,,,,,,,,,,,,,,E2060,,,,,,,MRN2,,,,,,,,,,,,,,,,,,,,,,,,,1600,,,1077,,VISO,FOR,,,,,,126417,,,,,,,,2026FR_037,,,,,,,,,,,,,,,,,,1821747
8969957,07-02-2026 19:07:00,53.38865500,4.40535300,,,LV,Clupea harengus,I4537,7,,,,1610436,1821748,FRANCE,35HT,4458,12366,12105,,,3.33333333333333,4115,,,,,,,,,,,,,,,,,,,,,,,,,,,E2060,,,,,,,MRN2,,,,,,,,,,,,,,,,,,,,,,,,,1600,,,1077,,VISO,FOR,,,,,,126417,,,,,,,,2026FR_037,,,,,,,,,,,,,,,,,,1821748
8969958,07-02-2026 19:07:00,53.38865500,4.40535300,,,LV,Clupea harengus,I4537,17,,,,1610436,1821737,FRANCE,35HT,4458,12366,12105,,,3.33333333333333,4115,,,,,,,,,,,,,,,,,,,,,,,,,,,E2060,,,,,,,MRN2,,,,,,,,,,,,,,,,,,,,,,,,,1600,,,1077,,VISO,FOR,,,,,,126417,,,,,,,,2026FR_037,,,,,,,,,,,,,,,,,,1821737
8969959,07-02-2026 19:07:00,53.38865500,4.40535300,,,LV,Clupea harengus,I4537,1,,,,1610436,1821738,FRANCE,35HT,4458,12366,12105,,,3.33333333333333,4115,,,,,,,,,,,,,,,,,,,,,,,,,,,E2060,,,,,,,MRN2,,,,,,,,,,,,,,,,,,,,,,,,,1600,,,1077,,VISO,FOR,,,,,,126417,,,,,,,,2026FR_037,,,,,,,,,,,,,,,,,,1821738
8969960,07-02-2026 19:07:00,53.38865500,4.40535300,,,LV,Clupea harengus,I4537,2,,,,1610436,1821739,FRANCE,35HT,4458,12366,12105,,,3.33333333333333,4115,,,,,,,,,,,,,,,,,,,,,,,,,,,E2060,,,,,,,MRN2,,,,,,,,,,,,,,,,,,,,,,,,,1600,,,1077,,VISO,FOR,,,,,,126417,,,,,,,,2026FR_037,,,,,,,,,,,,,,,,,,1821739
8969961,07-02-2026 19:07:00,53.38865500,4.40535300,,,LV,Clupea harengus,I4537,3,,,,1610436,1821740,FRANCE,35HT,4458,12366,12105,,,3.33333333333333,4115,,,,,,,,,,,,,,,,,,,,,,,,,,,E2060,,,,,,,MRN2,,,,,,,,,,,,,,,,,,,,,,,,,1600,,,1077,,VISO,FOR,,,,,,126417,,,,,,,,2026FR_037,,,,,,,,,,,,,,,,,,1821740
8969962,07-02-2026 19:07:00,53.38865500,4.40535300,,,LV,Clupea harengus,I4537,1,,,,1610436,1821741,FRANCE,35HT,4458,12366,12105,,,3.33333333333333,4115,,,,,,,,,,,,,,,,,,,,,,,,,,,E2060,,,,,,,MRN2,,,,,,,,,,,,,,,,,,,,,,,,,1600,,,1077,,VISO,FOR,,,,,,126417,,,,,,,,2026FR_037,,,,,,,,,,,,,,,,,,1821741
8969963,07-02-2026 19:07:00,53.38865500,4.40535300,,,LV,Clupea harengus,I4537,4,,,,1610436,1821742,FRANCE,35HT,4458,12366,12105,,,3.33333333333333,4115,,,,,,,,,,,,,,,,,,,,,,,,,,,E2060,,,,,,,MRN2,,,,,,,,,,,,,,,,,,,,,,,,,1600,,,1077,,VISO,FOR,,,,,,126417,,,,,,,,2026FR_037,,,,,,,,,,,,,,,,,,1821742
8969964,07-02-2026 19:07:00,53.38865500,4.40535300,,,LV,Clupea harengus,I4537,2,,,,1610436,1821731,FRANCE,35HT,4458,12366,12105,,,3.33333333333333,4115,,,,,,,,,,,,,,,,,,,,,,,,,,,E2060,,,,,,,MRN2,,,,,,,,,,,,,,,,,,,,,,,,,1600,,,1077,,VISO,FOR,,,,,,126417,,,,,,,,2026FR_037,,,,,,,,,,,,,,,,,,1821731
8969965,07-02-2026 19:07:00,53.38865500,4.40535300,,,LV,Clupea harengus,I4537,17,,,,1610436,1821732,FRANCE,35HT,4458,12366,12105,,,3.33333333333333,4115,,,,,,,,,,,,,,,,,,,,,,,,,,,E2060,,,,,,,MRN2,,,,,,,,,,,,,,,,,,,,,,,,,1600,,,1077,,VISO,FOR,,,,,,126417,,,,,,,,2026FR_037,,,,,,,,,,,,,,,,,,1821732
8969966,07-02-2026 19:07:00,53.38865500,4.40535300,,,LV,Clupea harengus,I4537,9,,,,1610436,1821733,FRANCE,35HT,4458,12366,12105,,,3.33333333333333,4115,,,,,,,,,,,,,,,,,,,,,,,,,,,E2060,,,,,,,MRN2,,,,,,,,,,,,,,,,,,,,,,,,,1600,,,1077,,VISO,FOR,,,,,,126417,,,,,,,,2026FR_037,,,,,,,,,,,,,,,,,,1821733
8969967,07-02-2026 19:07:00,53.38865500,4.40535300,,,LV,Clupea harengus,I4537,22,,,,1610436,1821734,FRANCE,35HT,4458,12366,12105,,,3.33333333333333,4115,,,,,,,,,,,,,,,,,,,,,,,,,,,E2060,,,,,,,MRN2,,,,,,,,,,,,,,,,,,,,,,,,,1600,,,1077,,VISO,FOR,,,,,,126417,,,,,,,,2026FR_037,,,,,,,,,,,,,,,,,,1821734
8969968,07-02-2026 19:07:00,53.38865500,4.40535300,,,LV,Clupea harengus,I4537,27,,,,1610436,1821735,FRANCE,35HT,4458,12366,12105,,,3.33333333333333,4115,,,,,,,,,,,,,,,,,,,,,,,,,,,E2060,,,,,,,MRN2,,,,,,,,,,,,,,,,,,,,,,,,,1600,,,1077,,VISO,FOR,,,,,,126417,,,,,,,,2026FR_037,,,,,,,,,,,,,,,,,,1821735
8969969,07-02-2026 19:07:00,53.38865500,4.40535300,,,LV,Sardina pilchardus,I4537,1,,,,1610436,1822088,FRANCE,35HT,4458,12366,12129,,,3.33333333333333,4115,,,,,,,,,,,,,,,,,,,,,,,,,,,E2060,,,,,,,MRN2,,,,,,,,,,,,,,,,,,,,,,,,,1600,,,1077,,VISO,FOR,,,,,,126421,,,,,,,,2026FR_037,,,,,,,,,,,,,,,,,,1822088
8969970,07-02-2026 19:07:00,53.38865500,4.40535300,,,LV,Sardina pilchardus,I4537,2,,,,1610436,1822089,FRANCE,35HT,4458,12366,12129,,,3.33333333333333,4115,,,,,,,,,,,,,,,,,,,,,,,,,,,E2060,,,,,,,MRN2,,,,,,,,,,,,,,,,,,,,,,,,,1600,,,1077,,VISO,FOR,,,,,,126421,,,,,,,,2026FR_037,,,,,,,,,,,,,,,,,,1822089
8969971,07-02-2026 19:07:00,53.38865500,4.40535300,,,LV,Sardina pilchardus,I4537,2,,,,1610436,1822090,FRANCE,35HT,4458,12366,12129,,,3.33333333333333,4115,,,,,,,,,,,,,,,,,,,,,,,,,,,E2060,,,,,,,MRN2,,,,,,,,,,,,,,,,,,,,,,,,,1600,,,1077,,VISO,FOR,,,,,,126421,,,,,,,,2026FR_037,,,,,,,,,,,,,,,,,,1822090
8969972,07-02-2026 19:07:00,53.38865500,4.40535300,,,LV,Sardina pilchardus,I4537,1,,,,1610436,1822091,FRANCE,35HT,4458,12366,12129,,,3.33333333333333,4115,,,,,,,,,,,,,,,,,,,,,,,,,,,E2060,,,,,,,MRN2,,,,,,,,,,,,,,,,,,,,,,,,,1600,,,1077,,VISO,FOR,,,,,,126421,,,,,,,,2026FR_037,,,,,,,,,,,,,,,,,,1822091
8969973,07-02-2026 19:07:00,53.38865500,4.40535300,,,LV,Sardina pilchardus,I4537,2,,,,1610436,1822092,FRANCE,35HT,4458,12366,12129,,,3.33333333333333,4115,,,,,,,,,,,,,,,,,,,,,,,,,,,E2060,,,,,,,MRN2,,,,,,,,,,,,,,,,,,,,,,,,,1600,,,1077,,VISO,FOR,,,,,,126421,,,,,,,,2026FR_037,,,,,,,,,,,,,,,,,,1822092
8969974,07-02-2026 19:07:00,53.38865500,4.40535300,,,LV,Sardina pilchardus,I4537,1,,,,1610436,1822093,FRANCE,35HT,4458,12366,12129,,,3.33333333333333,4115,,,,,,,,,,,,,,,,,,,,,,,,,,,E2060,,,,,,,MRN2,,,,,,,,,,,,,,,,,,,,,,,,,1600,,,1077,,VISO,FOR,,,,,,126421,,,,,,,,2026FR_037,,,,,,,,,,,,,,,,,,1822093
8969975,07-02-2026 19:07:00,53.38865500,4.40535300,,,LV,Sardina pilchardus,I4537,2,,,,1610436,1822082,FRANCE,35HT,4458,12366,12129,,,3.33333333333333,4115,,,,,,,,,,,,,,,,,,,,,,,,,,,E2060,,,,,,,MRN2,,,,,,,,,,,,,,,,,,,,,,,,,1600,,,1077,,VISO,FOR,,,,,,126421,,,,,,,,2026FR_037,,,,,,,,,,,,,,,,,,1822082
8969976,07-02-2026 19:07:00,53.38865500,4.40535300,,,LV,Sardina pilchardus,I4537,1,,,,1610436,1822083,FRANCE,35HT,4458,12366,12129,,,3.33333333333333,4115,,,,,,,,,,,,,,,,,,,,,,,,,,,E2060,,,,,,,MRN2,,,,,,,,,,,,,,,,,,,,,,,,,1600,,,1077,,VISO,FOR,,,,,,126421,,,,,,,,2026FR_037,,,,,,,,,,,,,,,,,,1822083
8969977,07-02-2026 19:07:00,53.38865500,4.40535300,,,LV,Sardina pilchardus,I4537,1,,,,1610436,1822084,FRANCE,35HT,4458,12366,12129,,,3.33333333333333,4115,,,,,,,,,,,,,,,,,,,,,,,,,,,E2060,,,,,,,MRN2,,,,,,,,,,,,,,,,,,,,,,,,,1600,,,1077,,VISO,FOR,,,,,,126421,,,,,,,,2026FR_037,,,,,,,,,,,,,,,,,,1822084
8969978,07-02-2026 19:07:00,53.38865500,4.40535300,,,LV,Sardina pilchardus,I4537,2,,,,1610436,1822085,FRANCE,35HT,4458,12366,12129,,,3.33333333333333,4115,,,,,,,,,,,,,,,,,,,,,,,,,,,E2060,,,,,,,MRN2,,,,,,,,,,,,,,,,,,,,,,,,,1600,,,1077,,VISO,FOR,,,,,,126421,,,,,,,,2026FR_037,,,,,,,,,,,,,,,,,,1822085
8969979,07-02-2026 19:07:00,53.38865500,4.40535300,,,LV,Sardina pilchardus,I4537,2,,,,1610436,1822086,FRANCE,35HT,4458,12366,12129,,,3.33333333333333,4115,,,,,,,,,,,,,,,,,,,,,,,,,,,E2060,,,,,,,MRN2,,,,,,,,,,,,,,,,,,,,,,,,,1600,,,1077,,VISO,FOR,,,,,,126421,,,,,,,,2026FR_037,,,,,,,,,,,,,,,,,,1822086
8969980,07-02-2026 21:16:00,53.20632900,4.32330800,,,LV,Clupea harengus,I4537,10,,,,1610437,1821736,FRANCE,35HT,4458,12366,12105,,,3.33333333333333,7002,,,,,,,,,,,,,,,,,,,,,,,,,,,E2061,,,,,,,MRN2,,,,,,,,,,,,,,,,,,,,,,,,,1600,,,1896,,VISO,FOR,,,,,,126417,,,,,,,,2026FR_038,,,,,,,,,,,,,,,,,,1821736
8969981,07-02-2026 21:16:00,53.20632900,4.32330800,,,LV,Clupea harengus,I4537,18,,,,1610437,1821725,FRANCE,35HT,4458,12366,12105,,,3.33333333333333,7002,,,,,,,,,,,,,,,,,,,,,,,,,,,E2061,,,,,,,MRN2,,,,,,,,,,,,,,,,,,,,,,,,,1600,,,1896,,VISO,FOR,,,,,,126417,,,,,,,,2026FR_038,,,,,,,,,,,,,,,,,,1821725
8969982,07-02-2026 21:16:00,53.20632900,4.32330800,,,LV,Clupea harengus,I4537,2,,,,1610437,1821726,FRANCE,35HT,4458,12366,12105,,,3.33333333333333,7002,,,,,,,,,,,,,,,,,,,,,,,,,,,E2061,,,,,,,MRN2,,,,,,,,,,,,,,,,,,,,,,,,,1600,,,1896,,VISO,FOR,,,,,,126417,,,,,,,,2026FR_038,,,,,,,,,,,,,,,,,,1821726
8969983,07-02-2026 21:16:00,53.20632900,4.32330800,,,LV,Clupea harengus,I4537,3,,,,1610437,1821727,FRANCE,35HT,4458,12366,12105,,,3.33333333333333,7002,,,,,,,,,,,,,,,,,,,,,,,,,,,E2061,,,,,,,MRN2,,,,,,,,,,,,,,,,,,,,,,,,,1600,,,1896,,VISO,FOR,,,,,,126417,,,,,,,,2026FR_038,,,,,,,,,,,,,,,,,,1821727
8969984,07-02-2026 21:16:00,53.20632900,4.32330800,,,LV,Clupea harengus,I4537,1,,,,1610437,1821728,FRANCE,35HT,4458,12366,12105,,,3.33333333333333,7002,,,,,,,,,,,,,,,,,,,,,,,,,,,E2061,,,,,,,MRN2,,,,,,,,,,,,,,,,,,,,,,,,,1600,,,1896,,VISO,FOR,,,,,,126417,,,,,,,,2026FR_038,,,,,,,,,,,,,,,,,,1821728
8969985,07-02-2026 21:16:00,53.20632900,4.32330800,,,LV,Clupea harengus,I4537,15,,,,1610437,1821729,FRANCE,35HT,4458,12366,12105,,,3.33333333333333,7002,,,,,,,,,,,,,,,,,,,,,,,,,,,E2061,,,,,,,MRN2,,,,,,,,,,,,,,,,,,,,,,,,,1600,,,1896,,VISO,FOR,,,,,,126417,,,,,,,,2026FR_038,,,,,,,,,,,,,,,,,,1821729
8969986,07-02-2026 21:16:00,53.20632900,4.32330800,,,LV,Clupea harengus,I4537,4,,,,1610437,1821730,FRANCE,35HT,4458,12366,12105,,,3.33333333333333,7002,,,,,,,,,,,,,,,,,,,,,,,,,,,E2061,,,,,,,MRN2,,,,,,,,,,,,,,,,,,,,,,,,,1600,,,1896,,VISO,FOR,,,,,,126417,,,,,,,,2026FR_038,,,,,,,,,,,,,,,,,,1821730
8969987,07-02-2026 21:16:00,53.20632900,4.32330800,,,LV,Clupea harengus,I4537,11,,,,1610437,1821719,FRANCE,35HT,4458,12366,12105,,,3.33333333333333,7002,,,,,,,,,,,,,,,,,,,,,,,,,,,E2061,,,,,,,MRN2,,,,,,,,,,,,,,,,,,,,,,,,,1600,,,1896,,VISO,FOR,,,,,,126417,,,,,,,,2026FR_038,,,,,,,,,,,,,,,,,,1821719
8969988,07-02-2026 21:16:00,53.20632900,4.32330800,,,LV,Clupea harengus,I4537,4,,,,1610437,1821720,FRANCE,35HT,4458,12366,12105,,,3.33333333333333,7002,,,,,,,,,,,,,,,,,,,,,,,,,,,E2061,,,,,,,MRN2,,,,,,,,,,,,,,,,,,,,,,,,,1600,,,1896,,VISO,FOR,,,,,,126417,,,,,,,,2026FR_038,,,,,,,,,,,,,,,,,,1821720
8969989,07-02-2026 21:16:00,53.20632900,4.32330800,,,LV,Clupea harengus,I4537,1,,,,1610437,1821721,FRANCE,35HT,4458,12366,12105,,,3.33333333333333,7002,,,,,,,,,,,,,,,,,,,,,,,,,,,E2061,,,,,,,MRN2,,,,,,,,,,,,,,,,,,,,,,,,,1600,,,1896,,VISO,FOR,,,,,,126417,,,,,,,,2026FR_038,,,,,,,,,,,,,,,,,,1821721
8969990,07-02-2026 21:16:00,53.20632900,4.32330800,,,LV,Clupea harengus,I4537,4,,,,1610437,1821722,FRANCE,35HT,4458,12366,12105,,,3.33333333333333,7002,,,,,,,,,,,,,,,,,,,,,,,,,,,E2061,,,,,,,MRN2,,,,,,,,,,,,,,,,,,,,,,,,,1600,,,1896,,VISO,FOR,,,,,,126417,,,,,,,,2026FR_038,,,,,,,,,,,,,,,,,,1821722
8969991,07-02-2026 21:16:00,53.20632900,4.32330800,,,LV,Clupea harengus,I4537,14,,,,1610437,1821723,FRANCE,35HT,4458,12366,12105,,,3.33333333333333,7002,,,,,,,,,,,,,,,,,,,,,,,,,,,E2061,,,,,,,MRN2,,,,,,,,,,,,,,,,,,,,,,,,,1600,,,1896,,VISO,FOR,,,,,,126417,,,,,,,,2026FR_038,,,,,,,,,,,,,,,,,,1821723
8969992,07-02-2026 21:16:00,53.20632900,4.32330800,,,LV,Clupea harengus,I4537,3,,,,1610437,1821724,FRANCE,35HT,4458,12366,12105,,,3.33333333333333,7002,,,,,,,,,,,,,,,,,,,,,,,,,,,E2061,,,,,,,MRN2,,,,,,,,,,,,,,,,,,,,,,,,,1600,,,1896,,VISO,FOR,,,,,,126417,,,,,,,,2026FR_038,,,,,,,,,,,,,,,,,,1821724
8969993,07-02-2026 21:16:00,53.20632900,4.32330800,,,LV,Clupea harengus,I4537,14,,,,1610437,1821713,FRANCE,35HT,4458,12366,12105,,,3.33333333333333,7002,,,,,,,,,,,,,,,,,,,,,,,,,,,E2061,,,,,,,MRN2,,,,,,,,,,,,,,,,,,,,,,,,,1600,,,1896,,VISO,FOR,,,,,,126417,,,,,,,,2026FR_038,,,,,,,,,,,,,,,,,,1821713
8969994,07-02-2026 21:16:00,53.20632900,4.32330800,,,LV,Clupea harengus,I4537,2,,,,1610437,1821714,FRANCE,35HT,4458,12366,12105,,,3.33333333333333,7002,,,,,,,,,,,,,,,,,,,,,,,,,,,E2061,,,,,,,MRN2,,,,,,,,,,,,,,,,,,,,,,,,,1600,,,1896,,VISO,FOR,,,,,,126417,,,,,,,,2026FR_038,,,,,,,,,,,,,,,,,,1821714
8969995,07-02-2026 21:16:00,53.20632900,4.32330800,,,LV,Clupea harengus,I4537,2,,,,1610437,1821715,FRANCE,35HT,4458,12366,12105,,,3.33333333333333,7002,,,,,,,,,,,,,,,,,,,,,,,,,,,E2061,,,,,,,MRN2,,,,,,,,,,,,,,,,,,,,,,,,,1600,,,1896,,VISO,FOR,,,,,,126417,,,,,,,,2026FR_038,,,,,,,,,,,,,,,,,,1821715
8969996,07-02-2026 21:16:00,53.20632900,4.32330800,,,LV,Clupea harengus,I4537,8,,,,1610437,1821716,FRANCE,35HT,4458,12366,12105,,,3.33333333333333,7002,,,,,,,,,,,,,,,,,,,,,,,,,,,E2061,,,,,,,MRN2,,,,,,,,,,,,,,,,,,,,,,,,,1600,,,1896,,VISO,FOR,,,,,,126417,,,,,,,,2026FR_038,,,,,,,,,,,,,,,,,,1821716
8969997,07-02-2026 21:16:00,53.20632900,4.32330800,,,LV,Clupea harengus,I4537,14,,,,1610437,1821717,FRANCE,35HT,4458,12366,12105,,,3.33333333333333,7002,,,,,,,,,,,,,,,,,,,,,,,,,,,E2061,,,,,,,MRN2,,,,,,,,,,,,,,,,,,,,,,,,,1600,,,1896,,VISO,FOR,,,,,,126417,,,,,,,,2026FR_038,,,,,,,,,,,,,,,,,,1821717
8969998,07-02-2026 21:16:00,53.20632900,4.32330800,,,LV,Clupea harengus,I4537,5,,,,1610437,1821718,FRANCE,35HT,4458,12366,12105,,,3.33333333333333,7002,,,,,,,,,,,,,,,,,,,,,,,,,,,E2061,,,,,,,MRN2,,,,,,,,,,,,,,,,,,,,,,,,,1600,,,1896,,VISO,FOR,,,,,,126417,,,,,,,,2026FR_038,,,,,,,,,,,,,,,,,,1821718
8969999,07-02-2026 21:16:00,53.20632900,4.32330800,,,LV,Clupea harengus,I4537,4,,,,1610437,1821707,FRANCE,35HT,4458,12366,12105,,,3.33333333333333,7002,,,,,,,,,,,,,,,,,,,,,,,,,,,E2061,,,,,,,MRN2,,,,,,,,,,,,,,,,,,,,,,,,,1600,,,1896,,VISO,FOR,,,,,,126417,,,,,,,,2026FR_038,,,,,,,,,,,,,,,,,,1821707
8970000,07-02-2026 21:16:00,53.20632900,4.32330800,,,LV,Clupea harengus,I4537,5,,,,1610437,1821708,FRANCE,35HT,4458,12366,12105,,,3.33333333333333,7002,,,,,,,,,,,,,,,,,,,,,,,,,,,E2061,,,,,,,MRN2,,,,,,,,,,,,,,,,,,,,,,,,,1600,,,1896,,VISO,FOR,,,,,,126417,,,,,,,,2026FR_038,,,,,,,,,,,,,,,,,,1821708
8970001,07-02-2026 21:16:00,53.20632900,4.32330800,,,LV,Clupea harengus,I4537,23,,,,1610437,1821709,FRANCE,35HT,4458,12366,12105,,,3.33333333333333,7002,,,,,,,,,,,,,,,,,,,,,,,,,,,E2061,,,,,,,MRN2,,,,,,,,,,,,,,,,,,,,,,,,,1600,,,1896,,VISO,FOR,,,,,,126417,,,,,,,,2026FR_038,,,,,,,,,,,,,,,,,,1821709
8970002,07-02-2026 21:16:00,53.20632900,4.32330800,,,LV,Clupea harengus,I4537,21,,,,1610437,1821710,FRANCE,35HT,4458,12366,12105,,,3.33333333333333,7002,,,,,,,,,,,,,,,,,,,,,,,,,,,E2061,,,,,,,MRN2,,,,,,,,,,,,,,,,,,,,,,,,,1600,,,1896,,VISO,FOR,,,,,,126417,,,,,,,,2026FR_038,,,,,,,,,,,,,,,,,,1821710
8970003,07-02-2026 21:16:00,53.20632900,4.32330800,,,LV,Sardina pilchardus,I4537,1,,,,1610437,1822087,FRANCE,35HT,4458,12366,12129,,,3.33333333333333,7002,,,,,,,,,,,,,,,,,,,,,,,,,,,E2061,,,,,,,MRN2,,,,,,,,,,,,,,,,,,,,,,,,,1600,,,1896,,VISO,FOR,,,,,,126421,,,,,,,,2026FR_038,,,,,,,,,,,,,,,,,,1822087
8970004,07-02-2026 21:16:00,53.20632900,4.32330800,,,LV,Sardina pilchardus,I4537,1,,,,1610437,1822076,FRANCE,35HT,4458,12366,12129,,,3.33333333333333,7002,,,,,,,,,,,,,,,,,,,,,,,,,,,E2061,,,,,,,MRN2,,,,,,,,,,,,,,,,,,,,,,,,,1600,,,1896,,VISO,FOR,,,,,,126421,,,,,,,,2026FR_038,,,,,,,,,,,,,,,,,,1822076
8970005,07-02-2026 21:16:00,53.20632900,4.32330800,,,LV,Sardina pilchardus,I4537,1,,,,1610437,1822077,FRANCE,35HT,4458,12366,12129,,,3.33333333333333,7002,,,,,,,,,,,,,,,,,,,,,,,,,,,E2061,,,,,,,MRN2,,,,,,,,,,,,,,,,,,,,,,,,,1600,,,1896,,VISO,FOR,,,,,,126421,,,,,,,,2026FR_038,,,,,,,,,,,,,,,,,,1822077
8970006,07-02-2026 21:16:00,53.20632900,4.32330800,,,LV,Sardina pilchardus,I4537,1,,,,1610437,1822078,FRANCE,35HT,4458,12366,12129,,,3.33333333333333,7002,,,,,,,,,,,,,,,,,,,,,,,,,,,E2061,,,,,,,MRN2,,,,,,,,,,,,,,,,,,,,,,,,,1600,,,1896,,VISO,FOR,,,,,,126421,,,,,,,,2026FR_038,,,,,,,,,,,,,,,,,,1822078
8970007,07-02-2026 21:16:00,53.20632900,4.32330800,,,LV,Sardina pilchardus,I4537,1,,,,1610437,1822079,FRANCE,35HT,4458,12366,12129,,,3.33333333333333,7002,,,,,,,,,,,,,,,,,,,,,,,,,,,E2061,,,,,,,MRN2,,,,,,,,,,,,,,,,,,,,,,,,,1600,,,1896,,VISO,FOR,,,,,,126421,,,,,,,,2026FR_038,,,,,,,,,,,,,,,,,,1822079
8970008,07-02-2026 21:16:00,53.20632900,4.32330800,,,LV,Sardina pilchardus,I4537,2,,,,1610437,1822080,FRANCE,35HT,4458,12366,12129,,,3.33333333333333,7002,,,,,,,,,,,,,,,,,,,,,,,,,,,E2061,,,,,,,MRN2,,,,,,,,,,,,,,,,,,,,,,,,,1600,,,1896,,VISO,FOR,,,,,,126421,,,,,,,,2026FR_038,,,,,,,,,,,,,,,,,,1822080
8970009,08-02-2026 00:35:00,52.87064500,4.38638400,,,LV,Clupea harengus,I4537,1,,,,1610438,1821711,FRANCE,35HT,4458,12366,12105,,,3.33333333333333,3648,,,,,,,,,,,,,,,,,,,,,,,,,,,E2062,,,,,,,MRN2,,,,,,,,,,,,,,,,,,,,,,,,,1600,,,1221,,VISO,FOR,,,,,,126417,,,,,,,,2026FR_039,,,,,,,,,,,,,,,,,,1821711
8970010,08-02-2026 00:35:00,52.87064500,4.38638400,,,LV,Clupea harengus,I4537,8,,,,1610438,1821712,FRANCE,35HT,4458,12366,12105,,,3.33333333333333,3648,,,,,,,,,,,,,,,,,,,,,,,,,,,E2062,,,,,,,MRN2,,,,,,,,,,,,,,,,,,,,,,,,,1600,,,1221,,VISO,FOR,,,,,,126417,,,,,,,,2026FR_039,,,,,,,,,,,,,,,,,,1821712
8970011,08-02-2026 00:35:00,52.87064500,4.38638400,,,LV,Clupea harengus,I4537,9,,,,1610438,1821701,FRANCE,35HT,4458,12366,12105,,,3.33333333333333,3648,,,,,,,,,,,,,,,,,,,,,,,,,,,E2062,,,,,,,MRN2,,,,,,,,,,,,,,,,,,,,,,,,,1600,,,1221,,VISO,FOR,,,,,,126417,,,,,,,,2026FR_039,,,,,,,,,,,,,,,,,,1821701
8970012,08-02-2026 00:35:00,52.87064500,4.38638400,,,LV,Clupea harengus,I4537,1,,,,1610438,1821702,FRANCE,35HT,4458,12366,12105,,,3.33333333333333,3648,,,,,,,,,,,,,,,,,,,,,,,,,,,E2062,,,,,,,MRN2,,,,,,,,,,,,,,,,,,,,,,,,,1600,,,1221,,VISO,FOR,,,,,,126417,,,,,,,,2026FR_039,,,,,,,,,,,,,,,,,,1821702
8970013,08-02-2026 00:35:00,52.87064500,4.38638400,,,LV,Clupea harengus,I4537,13,,,,1610438,1821703,FRANCE,35HT,4458,12366,12105,,,3.33333333333333,3648,,,,,,,,,,,,,,,,,,,,,,,,,,,E2062,,,,,,,MRN2,,,,,,,,,,,,,,,,,,,,,,,,,1600,,,1221,,VISO,FOR,,,,,,126417,,,,,,,,2026FR_039,,,,,,,,,,,,,,,,,,1821703
8970014,08-02-2026 00:35:00,52.87064500,4.38638400,,,LV,Clupea harengus,I4537,4,,,,1610438,1821704,FRANCE,35HT,4458,12366,12105,,,3.33333333333333,3648,,,,,,,,,,,,,,,,,,,,,,,,,,,E2062,,,,,,,MRN2,,,,,,,,,,,,,,,,,,,,,,,,,1600,,,1221,,VISO,FOR,,,,,,126417,,,,,,,,2026FR_039,,,,,,,,,,,,,,,,,,1821704
8970015,08-02-2026 00:35:00,52.87064500,4.38638400,,,LV,Clupea harengus,I4537,7,,,,1610438,1821705,FRANCE,35HT,4458,12366,12105,,,3.33333333333333,3648,,,,,,,,,,,,,,,,,,,,,,,,,,,E2062,,,,,,,MRN2,,,,,,,,,,,,,,,,,,,,,,,,,1600,,,1221,,VISO,FOR,,,,,,126417,,,,,,,,2026FR_039,,,,,,,,,,,,,,,,,,1821705
8970016,08-02-2026 00:35:00,52.87064500,4.38638400,,,LV,Clupea harengus,I4537,4,,,,1610438,1821706,FRANCE,35HT,4458,12366,12105,,,3.33333333333333,3648,,,,,,,,,,,,,,,,,,,,,,,,,,,E2062,,,,,,,MRN2,,,,,,,,,,,,,,,,,,,,,,,,,1600,,,1221,,VISO,FOR,,,,,,126417,,,,,,,,2026FR_039,,,,,,,,,,,,,,,,,,1821706
8970017,08-02-2026 00:35:00,52.87064500,4.38638400,,,LV,Clupea harengus,I4537,18,,,,1610438,1821695,FRANCE,35HT,4458,12366,12105,,,3.33333333333333,3648,,,,,,,,,,,,,,,,,,,,,,,,,,,E2062,,,,,,,MRN2,,,,,,,,,,,,,,,,,,,,,,,,,1600,,,1221,,VISO,FOR,,,,,,126417,,,,,,,,2026FR_039,,,,,,,,,,,,,,,,,,1821695
8970018,08-02-2026 00:35:00,52.87064500,4.38638400,,,LV,Clupea harengus,I4537,2,,,,1610438,1821696,FRANCE,35HT,4458,12366,12105,,,3.33333333333333,3648,,,,,,,,,,,,,,,,,,,,,,,,,,,E2062,,,,,,,MRN2,,,,,,,,,,,,,,,,,,,,,,,,,1600,,,1221,,VISO,FOR,,,,,,126417,,,,,,,,2026FR_039,,,,,,,,,,,,,,,,,,1821696
8970019,08-02-2026 00:35:00,52.87064500,4.38638400,,,LV,Clupea harengus,I4537,18,,,,1610438,1821697,FRANCE,35HT,4458,12366,12105,,,3.33333333333333,3648,,,,,,,,,,,,,,,,,,,,,,,,,,,E2062,,,,,,,MRN2,,,,,,,,,,,,,,,,,,,,,,,,,1600,,,1221,,VISO,FOR,,,,,,126417,,,,,,,,2026FR_039,,,,,,,,,,,,,,,,,,1821697
8970020,08-02-2026 00:35:00,52.87064500,4.38638400,,,LV,Clupea harengus,I4537,12,,,,1610438,1821698,FRANCE,35HT,4458,12366,12105,,,3.33333333333333,3648,,,,,,,,,,,,,,,,,,,,,,,,,,,E2062,,,,,,,MRN2,,,,,,,,,,,,,,,,,,,,,,,,,1600,,,1221,,VISO,FOR,,,,,,126417,,,,,,,,2026FR_039,,,,,,,,,,,,,,,,,,1821698
8970021,08-02-2026 00:35:00,52.87064500,4.38638400,,,LV,Clupea harengus,I4537,1,,,,1610438,1821699,FRANCE,35HT,4458,12366,12105,,,3.33333333333333,3648,,,,,,,,,,,,,,,,,,,,,,,,,,,E2062,,,,,,,MRN2,,,,,,,,,,,,,,,,,,,,,,,,,1600,,,1221,,VISO,FOR,,,,,,126417,,,,,,,,2026FR_039,,,,,,,,,,,,,,,,,,1821699
8970022,08-02-2026 00:35:00,52.87064500,4.38638400,,,LV,Clupea harengus,I4537,15,,,,1610438,1821700,FRANCE,35HT,4458,12366,12105,,,3.33333333333333,3648,,,,,,,,,,,,,,,,,,,,,,,,,,,E2062,,,,,,,MRN2,,,,,,,,,,,,,,,,,,,,,,,,,1600,,,1221,,VISO,FOR,,,,,,126417,,,,,,,,2026FR_039,,,,,,,,,,,,,,,,,,1821700
8970023,08-02-2026 02:38:00,52.60963800,4.32831800,,,LV,Clupea harengus,I4537,1,,,,1610439,1821689,FRANCE,35HT,4458,12366,12105,,,3.33333333333333,2682,,,,,,,,,,,,,,,,,,,,,,,,,,,E2063,,,,,,,MRN2,,,,,,,,,,,,,,,,,,,,,,,,,1600,,,1111,,VISO,FOR,,,,,,126417,,,,,,,,2026FR_040,,,,,,,,,,,,,,,,,,1821689
8970024,08-02-2026 02:38:00,52.60963800,4.32831800,,,LV,Clupea harengus,I4537,18,,,,1610439,1821690,FRANCE,35HT,4458,12366,12105,,,3.33333333333333,2682,,,,,,,,,,,,,,,,,,,,,,,,,,,E2063,,,,,,,MRN2,,,,,,,,,,,,,,,,,,,,,,,,,1600,,,1111,,VISO,FOR,,,,,,126417,,,,,,,,2026FR_040,,,,,,,,,,,,,,,,,,1821690
8970025,08-02-2026 02:38:00,52.60963800,4.32831800,,,LV,Clupea harengus,I4537,11,,,,1610439,1821691,FRANCE,35HT,4458,12366,12105,,,3.33333333333333,2682,,,,,,,,,,,,,,,,,,,,,,,,,,,E2063,,,,,,,MRN2,,,,,,,,,,,,,,,,,,,,,,,,,1600,,,1111,,VISO,FOR,,,,,,126417,,,,,,,,2026FR_040,,,,,,,,,,,,,,,,,,1821691
8970026,08-02-2026 02:38:00,52.60963800,4.32831800,,,LV,Clupea harengus,I4537,2,,,,1610439,1821692,FRANCE,35HT,4458,12366,12105,,,3.33333333333333,2682,,,,,,,,,,,,,,,,,,,,,,,,,,,E2063,,,,,,,MRN2,,,,,,,,,,,,,,,,,,,,,,,,,1600,,,1111,,VISO,FOR,,,,,,126417,,,,,,,,2026FR_040,,,,,,,,,,,,,,,,,,1821692
8970027,08-02-2026 02:38:00,52.60963800,4.32831800,,,LV,Clupea harengus,I4537,4,,,,1610439,1821693,FRANCE,35HT,4458,12366,12105,,,3.33333333333333,2682,,,,,,,,,,,,,,,,,,,,,,,,,,,E2063,,,,,,,MRN2,,,,,,,,,,,,,,,,,,,,,,,,,1600,,,1111,,VISO,FOR,,,,,,126417,,,,,,,,2026FR_040,,,,,,,,,,,,,,,,,,1821693
8970028,08-02-2026 02:38:00,52.60963800,4.32831800,,,LV,Clupea harengus,I4537,1,,,,1610439,1821694,FRANCE,35HT,4458,12366,12105,,,3.33333333333333,2682,,,,,,,,,,,,,,,,,,,,,,,,,,,E2063,,,,,,,MRN2,,,,,,,,,,,,,,,,,,,,,,,,,1600,,,1111,,VISO,FOR,,,,,,126417,,,,,,,,2026FR_040,,,,,,,,,,,,,,,,,,1821694
8970029,08-02-2026 02:38:00,52.60963800,4.32831800,,,LV,Clupea harengus,I4537,5,,,,1610439,1821683,FRANCE,35HT,4458,12366,12105,,,3.33333333333333,2682,,,,,,,,,,,,,,,,,,,,,,,,,,,E2063,,,,,,,MRN2,,,,,,,,,,,,,,,,,,,,,,,,,1600,,,1111,,VISO,FOR,,,,,,126417,,,,,,,,2026FR_040,,,,,,,,,,,,,,,,,,1821683
8970030,08-02-2026 02:38:00,52.60963800,4.32831800,,,LV,Clupea harengus,I4537,1,,,,1610439,1821684,FRANCE,35HT,4458,12366,12105,,,3.33333333333333,2682,,,,,,,,,,,,,,,,,,,,,,,,,,,E2063,,,,,,,MRN2,,,,,,,,,,,,,,,,,,,,,,,,,1600,,,1111,,VISO,FOR,,,,,,126417,,,,,,,,2026FR_040,,,,,,,,,,,,,,,,,,1821684
8970031,08-02-2026 02:38:00,52.60963800,4.32831800,,,LV,Clupea harengus,I4537,10,,,,1610439,1821685,FRANCE,35HT,4458,12366,12105,,,3.33333333333333,2682,,,,,,,,,,,,,,,,,,,,,,,,,,,E2063,,,,,,,MRN2,,,,,,,,,,,,,,,,,,,,,,,,,1600,,,1111,,VISO,FOR,,,,,,126417,,,,,,,,2026FR_040,,,,,,,,,,,,,,,,,,1821685
8970032,08-02-2026 02:38:00,52.60963800,4.32831800,,,LV,Clupea harengus,I4537,18,,,,1610439,1821686,FRANCE,35HT,4458,12366,12105,,,3.33333333333333,2682,,,,,,,,,,,,,,,,,,,,,,,,,,,E2063,,,,,,,MRN2,,,,,,,,,,,,,,,,,,,,,,,,,1600,,,1111,,VISO,FOR,,,,,,126417,,,,,,,,2026FR_040,,,,,,,,,,,,,,,,,,1821686
8970033,08-02-2026 02:38:00,52.60963800,4.32831800,,,LV,Clupea harengus,I4537,19,,,,1610439,1821687,FRANCE,35HT,4458,12366,12105,,,3.33333333333333,2682,,,,,,,,,,,,,,,,,,,,,,,,,,,E2063,,,,,,,MRN2,,,,,,,,,,,,,,,,,,,,,,,,,1600,,,1111,,VISO,FOR,,,,,,126417,,,,,,,,2026FR_040,,,,,,,,,,,,,,,,,,1821687
8970034,08-02-2026 02:38:00,52.60963800,4.32831800,,,LV,Clupea harengus,I4537,17,,,,1610439,1821688,FRANCE,35HT,4458,12366,12105,,,3.33333333333333,2682,,,,,,,,,,,,,,,,,,,,,,,,,,,E2063,,,,,,,MRN2,,,,,,,,,,,,,,,,,,,,,,,,,1600,,,1111,,VISO,FOR,,,,,,126417,,,,,,,,2026FR_040,,,,,,,,,,,,,,,,,,1821688
8970035,08-02-2026 02:38:00,52.60963800,4.32831800,,,LV,Clupea harengus,I4537,9,,,,1610439,1821677,FRANCE,35HT,4458,12366,12105,,,3.33333333333333,2682,,,,,,,,,,,,,,,,,,,,,,,,,,,E2063,,,,,,,MRN2,,,,,,,,,,,,,,,,,,,,,,,,,1600,,,1111,,VISO,FOR,,,,,,126417,,,,,,,,2026FR_040,,,,,,,,,,,,,,,,,,1821677
8970036,08-02-2026 02:38:00,52.60963800,4.32831800,,,LV,Clupea harengus,I4537,11,,,,1610439,1821678,FRANCE,35HT,4458,12366,12105,,,3.33333333333333,2682,,,,,,,,,,,,,,,,,,,,,,,,,,,E2063,,,,,,,MRN2,,,,,,,,,,,,,,,,,,,,,,,,,1600,,,1111,,VISO,FOR,,,,,,126417,,,,,,,,2026FR_040,,,,,,,,,,,,,,,,,,1821678
8970037,08-02-2026 02:38:00,52.60963800,4.32831800,,,LV,Clupea harengus,I4537,11,,,,1610439,1821679,FRANCE,35HT,4458,12366,12105,,,3.33333333333333,2682,,,,,,,,,,,,,,,,,,,,,,,,,,,E2063,,,,,,,MRN2,,,,,,,,,,,,,,,,,,,,,,,,,1600,,,1111,,VISO,FOR,,,,,,126417,,,,,,,,2026FR_040,,,,,,,,,,,,,,,,,,1821679
8970038,08-02-2026 02:38:00,52.60963800,4.32831800,,,LV,Clupea harengus,I4537,9,,,,1610439,1821680,FRANCE,35HT,4458,12366,12105,,,3.33333333333333,2682,,,,,,,,,,,,,,,,,,,,,,,,,,,E2063,,,,,,,MRN2,,,,,,,,,,,,,,,,,,,,,,,,,1600,,,1111,,VISO,FOR,,,,,,126417,,,,,,,,2026FR_040,,,,,,,,,,,,,,,,,,1821680
8970039,08-02-2026 02:38:00,52.60963800,4.32831800,,,LV,Clupea harengus,I4537,1,,,,1610439,1821681,FRANCE,35HT,4458,12366,12105,,,3.33333333333333,2682,,,,,,,,,,,,,,,,,,,,,,,,,,,E2063,,,,,,,MRN2,,,,,,,,,,,,,,,,,,,,,,,,,1600,,,1111,,VISO,FOR,,,,,,126417,,,,,,,,2026FR_040,,,,,,,,,,,,,,,,,,1821681
8970040,08-02-2026 02:38:00,52.60963800,4.32831800,,,LV,Clupea harengus,I4537,1,,,,1610439,1821682,FRANCE,35HT,4458,12366,12105,,,3.33333333333333,2682,,,,,,,,,,,,,,,,,,,,,,,,,,,E2063,,,,,,,MRN2,,,,,,,,,,,,,,,,,,,,,,,,,1600,,,1111,,VISO,FOR,,,,,,126417,,,,,,,,2026FR_040,,,,,,,,,,,,,,,,,,1821682
8970041,08-02-2026 04:56:00,52.41106700,4.34148600,,,LV,Clupea harengus,I4537,3,,,,1610440,1821671,FRANCE,35HT,4458,12366,12105,,,3.33333333333333,4505,,,,,,,,,,,,,,,,,,,,,,,,,,,E2064,,,,,,,MRN2,,,,,,,,,,,,,,,,,,,,,,,,,1600,,,1277,,VISO,FOR,,,,,,126417,,,,,,,,2026FR_041,,,,,,,,,,,,,,,,,,1821671
8970042,08-02-2026 04:56:00,52.41106700,4.34148600,,,LV,Clupea harengus,I4537,18,,,,1610440,1821672,FRANCE,35HT,4458,12366,12105,,,3.33333333333333,4505,,,,,,,,,,,,,,,,,,,,,,,,,,,E2064,,,,,,,MRN2,,,,,,,,,,,,,,,,,,,,,,,,,1600,,,1277,,VISO,FOR,,,,,,126417,,,,,,,,2026FR_041,,,,,,,,,,,,,,,,,,1821672
8970043,08-02-2026 04:56:00,52.41106700,4.34148600,,,LV,Clupea harengus,I4537,23,,,,1610440,1821673,FRANCE,35HT,4458,12366,12105,,,3.33333333333333,4505,,,,,,,,,,,,,,,,,,,,,,,,,,,E2064,,,,,,,MRN2,,,,,,,,,,,,,,,,,,,,,,,,,1600,,,1277,,VISO,FOR,,,,,,126417,,,,,,,,2026FR_041,,,,,,,,,,,,,,,,,,1821673
8970044,08-02-2026 04:56:00,52.41106700,4.34148600,,,LV,Clupea harengus,I4537,8,,,,1610440,1821674,FRANCE,35HT,4458,12366,12105,,,3.33333333333333,4505,,,,,,,,,,,,,,,,,,,,,,,,,,,E2064,,,,,,,MRN2,,,,,,,,,,,,,,,,,,,,,,,,,1600,,,1277,,VISO,FOR,,,,,,126417,,,,,,,,2026FR_041,,,,,,,,,,,,,,,,,,1821674
8970045,08-02-2026 04:56:00,52.41106700,4.34148600,,,LV,Clupea harengus,I4537,1,,,,1610440,1821675,FRANCE,35HT,4458,12366,12105,,,3.33333333333333,4505,,,,,,,,,,,,,,,,,,,,,,,,,,,E2064,,,,,,,MRN2,,,,,,,,,,,,,,,,,,,,,,,,,1600,,,1277,,VISO,FOR,,,,,,126417,,,,,,,,2026FR_041,,,,,,,,,,,,,,,,,,1821675
8970046,08-02-2026 04:56:00,52.41106700,4.34148600,,,LV,Clupea harengus,I4537,9,,,,1610440,1821676,FRANCE,35HT,4458,12366,12105,,,3.33333333333333,4505,,,,,,,,,,,,,,,,,,,,,,,,,,,E2064,,,,,,,MRN2,,,,,,,,,,,,,,,,,,,,,,,,,1600,,,1277,,VISO,FOR,,,,,,126417,,,,,,,,2026FR_041,,,,,,,,,,,,,,,,,,1821676
8970047,08-02-2026 04:56:00,52.41106700,4.34148600,,,LV,Clupea harengus,I4537,7,,,,1610440,1821665,FRANCE,35HT,4458,12366,12105,,,3.33333333333333,4505,,,,,,,,,,,,,,,,,,,,,,,,,,,E2064,,,,,,,MRN2,,,,,,,,,,,,,,,,,,,,,,,,,1600,,,1277,,VISO,FOR,,,,,,126417,,,,,,,,2026FR_041,,,,,,,,,,,,,,,,,,1821665
8970048,08-02-2026 04:56:00,52.41106700,4.34148600,,,LV,Clupea harengus,I4537,6,,,,1610440,1821666,FRANCE,35HT,4458,12366,12105,,,3.33333333333333,4505,,,,,,,,,,,,,,,,,,,,,,,,,,,E2064,,,,,,,MRN2,,,,,,,,,,,,,,,,,,,,,,,,,1600,,,1277,,VISO,FOR,,,,,,126417,,,,,,,,2026FR_041,,,,,,,,,,,,,,,,,,1821666
8970049,08-02-2026 04:56:00,52.41106700,4.34148600,,,LV,Clupea harengus,I4537,3,,,,1610440,1821667,FRANCE,35HT,4458,12366,12105,,,3.33333333333333,4505,,,,,,,,,,,,,,,,,,,,,,,,,,,E2064,,,,,,,MRN2,,,,,,,,,,,,,,,,,,,,,,,,,1600,,,1277,,VISO,FOR,,,,,,126417,,,,,,,,2026FR_041,,,,,,,,,,,,,,,,,,1821667
8970050,08-02-2026 04:56:00,52.41106700,4.34148600,,,LV,Clupea harengus,I4537,3,,,,1610440,1821668,FRANCE,35HT,4458,12366,12105,,,3.33333333333333,4505,,,,,,,,,,,,,,,,,,,,,,,,,,,E2064,,,,,,,MRN2,,,,,,,,,,,,,,,,,,,,,,,,,1600,,,1277,,VISO,FOR,,,,,,126417,,,,,,,,2026FR_041,,,,,,,,,,,,,,,,,,1821668
8970051,08-02-2026 04:56:00,52.41106700,4.34148600,,,LV,Clupea harengus,I4537,1,,,,1610440,1821669,FRANCE,35HT,4458,12366,12105,,,3.33333333333333,4505,,,,,,,,,,,,,,,,,,,,,,,,,,,E2064,,,,,,,MRN2,,,,,,,,,,,,,,,,,,,,,,,,,1600,,,1277,,VISO,FOR,,,,,,126417,,,,,,,,2026FR_041,,,,,,,,,,,,,,,,,,1821669
8970052,08-02-2026 04:56:00,52.41106700,4.34148600,,,LV,Clupea harengus,I4537,1,,,,1610440,1821670,FRANCE,35HT,4458,12366,12105,,,3.33333333333333,4505,,,,,,,,,,,,,,,,,,,,,,,,,,,E2064,,,,,,,MRN2,,,,,,,,,,,,,,,,,,,,,,,,,1600,,,1277,,VISO,FOR,,,,,,126417,,,,,,,,2026FR_041,,,,,,,,,,,,,,,,,,1821670
8970053,08-02-2026 04:56:00,52.41106700,4.34148600,,,LV,Clupea harengus,I4537,2,,,,1610440,1821659,FRANCE,35HT,4458,12366,12105,,,3.33333333333333,4505,,,,,,,,,,,,,,,,,,,,,,,,,,,E2064,,,,,,,MRN2,,,,,,,,,,,,,,,,,,,,,,,,,1600,,,1277,,VISO,FOR,,,,,,126417,,,,,,,,2026FR_041,,,,,,,,,,,,,,,,,,1821659
8970054,08-02-2026 04:56:00,52.41106700,4.34148600,,,LV,Clupea harengus,I4537,7,,,,1610440,1821660,FRANCE,35HT,4458,12366,12105,,,3.33333333333333,4505,,,,,,,,,,,,,,,,,,,,,,,,,,,E2064,,,,,,,MRN2,,,,,,,,,,,,,,,,,,,,,,,,,1600,,,1277,,VISO,FOR,,,,,,126417,,,,,,,,2026FR_041,,,,,,,,,,,,,,,,,,1821660
8970055,08-02-2026 04:56:00,52.41106700,4.34148600,,,LV,Clupea harengus,I4537,1,,,,1610440,1821661,FRANCE,35HT,4458,12366,12105,,,3.33333333333333,4505,,,,,,,,,,,,,,,,,,,,,,,,,,,E2064,,,,,,,MRN2,,,,,,,,,,,,,,,,,,,,,,,,,1600,,,1277,,VISO,FOR,,,,,,126417,,,,,,,,2026FR_041,,,,,,,,,,,,,,,,,,1821661
8970056,10-02-2026 20:56:00,53.59737500,3.49004200,,,LV,Sardina pilchardus,I4537,1,,,,1610441,1822081,FRANCE,35HT,4458,12366,12129,,,3.33333333333333,5514,,,,,,,,,,,,,,,,,,,,,,,,,,,E2069,,,,,,,MRN2,,,,,,,,,,,,,,,,,,,,,,,,,1600,,,1455,,VISO,FOR,,,,,,126421,,,,,,,,2026FR_042,,,,,,,,,,,,,,,,,,1822081
8970057,10-02-2026 20:56:00,53.59737500,3.49004200,,,LV,Sardina pilchardus,I4537,1,,,,1610441,1822070,FRANCE,35HT,4458,12366,12129,,,3.33333333333333,5514,,,,,,,,,,,,,,,,,,,,,,,,,,,E2069,,,,,,,MRN2,,,,,,,,,,,,,,,,,,,,,,,,,1600,,,1455,,VISO,FOR,,,,,,126421,,,,,,,,2026FR_042,,,,,,,,,,,,,,,,,,1822070
8970058,10-02-2026 20:56:00,53.59737500,3.49004200,,,LV,Sardina pilchardus,I4537,1,,,,1610441,1822071,FRANCE,35HT,4458,12366,12129,,,3.33333333333333,5514,,,,,,,,,,,,,,,,,,,,,,,,,,,E2069,,,,,,,MRN2,,,,,,,,,,,,,,,,,,,,,,,,,1600,,,1455,,VISO,FOR,,,,,,126421,,,,,,,,2026FR_042,,,,,,,,,,,,,,,,,,1822071
8970059,10-02-2026 20:56:00,53.59737500,3.49004200,,,LV,Sardina pilchardus,I4537,1,,,,1610441,1822072,FRANCE,35HT,4458,12366,12129,,,3.33333333333333,5514,,,,,,,,,,,,,,,,,,,,,,,,,,,E2069,,,,,,,MRN2,,,,,,,,,,,,,,,,,,,,,,,,,1600,,,1455,,VISO,FOR,,,,,,126421,,,,,,,,2026FR_042,,,,,,,,,,,,,,,,,,1822072
8970060,10-02-2026 23:36:00,53.57590200,3.15557800,,,LV,Sardina pilchardus,I4537,1,,,,1610442,1822073,FRANCE,35HT,4458,12366,12129,,,3.33333333333333,3789,,,,,,,,,,,,,,,,,,,,,,,,,,,E2070,,,,,,,MRN2,,,,,,,,,,,,,,,,,,,,,,,,,1600,,,1128,,VISO,FOR,,,,,,126421,,,,,,,,2026FR_043,,,,,,,,,,,,,,,,,,1822073
8970061,10-02-2026 23:36:00,53.57590200,3.15557800,,,LV,Sardina pilchardus,I4537,1,,,,1610442,1822074,FRANCE,35HT,4458,12366,12129,,,3.33333333333333,3789,,,,,,,,,,,,,,,,,,,,,,,,,,,E2070,,,,,,,MRN2,,,,,,,,,,,,,,,,,,,,,,,,,1600,,,1128,,VISO,FOR,,,,,,126421,,,,,,,,2026FR_043,,,,,,,,,,,,,,,,,,1822074
8970062,10-02-2026 23:36:00,53.57590200,3.15557800,,,LV,Sardina pilchardus,I4537,1,,,,1610442,1822075,FRANCE,35HT,4458,12366,12129,,,3.33333333333333,3789,,,,,,,,,,,,,,,,,,,,,,,,,,,E2070,,,,,,,MRN2,,,,,,,,,,,,,,,,,,,,,,,,,1600,,,1128,,VISO,FOR,,,,,,126421,,,,,,,,2026FR_043,,,,,,,,,,,,,,,,,,1822075
8970063,11-02-2026 02:40:00,53.61821000,2.83139600,,,LV,Clupea harengus,I4537,2,,,,1610443,1821662,FRANCE,35HT,4458,12366,12105,,,3.33333333333333,4623,,,,,,,,,,,,,,,,,,,,,,,,,,,E2071,,,,,,,MRN2,,,,,,,,,,,,,,,,,,,,,,,,,1600,,,1532,,VISO,FOR,,,,,,126417,,,,,,,,2026FR_044,,,,,,,,,,,,,,,,,,1821662
8970064,11-02-2026 05:43:00,53.68703900,2.52192800,,,LV,Clupea harengus,I4537,5,,,,1610444,1821663,FRANCE,35HT,4458,12366,12105,,,3.33333333333333,3977,,,,,,,,,,,,,,,,,,,,,,,,,,,E2072,,,,,,,MRN2,,,,,,,,,,,,,,,,,,,,,,,,,1600,,,1029,,VISO,FOR,,,,,,126417,,,,,,,,2026FR_045,,,,,,,,,,,,,,,,,,1821663
8970065,11-02-2026 05:43:00,53.68703900,2.52192800,,,LV,Clupea harengus,I4537,1,,,,1610444,1821664,FRANCE,35HT,4458,12366,12105,,,3.33333333333333,3977,,,,,,,,,,,,,,,,,,,,,,,,,,,E2072,,,,,,,MRN2,,,,,,,,,,,,,,,,,,,,,,,,,1600,,,1029,,VISO,FOR,,,,,,126417,,,,,,,,2026FR_045,,,,,,,,,,,,,,,,,,1821664
8970066,11-02-2026 05:43:00,53.68703900,2.52192800,,,LV,Clupea harengus,I4537,6,,,,1610444,1821653,FRANCE,35HT,4458,12366,12105,,,3.33333333333333,3977,,,,,,,,,,,,,,,,,,,,,,,,,,,E2072,,,,,,,MRN2,,,,,,,,,,,,,,,,,,,,,,,,,1600,,,1029,,VISO,FOR,,,,,,126417,,,,,,,,2026FR_045,,,,,,,,,,,,,,,,,,1821653
8970067,11-02-2026 05:43:00,53.68703900,2.52192800,,,LV,Clupea harengus,I4537,3,,,,1610444,1821654,FRANCE,35HT,4458,12366,12105,,,3.33333333333333,3977,,,,,,,,,,,,,,,,,,,,,,,,,,,E2072,,,,,,,MRN2,,,,,,,,,,,,,,,,,,,,,,,,,1600,,,1029,,VISO,FOR,,,,,,126417,,,,,,,,2026FR_045,,,,,,,,,,,,,,,,,,1821654
8970068,11-02-2026 05:43:00,53.68703900,2.52192800,,,LV,Clupea harengus,I4537,1,,,,1610444,1821655,FRANCE,35HT,4458,12366,12105,,,3.33333333333333,3977,,,,,,,,,,,,,,,,,,,,,,,,,,,E2072,,,,,,,MRN2,,,,,,,,,,,,,,,,,,,,,,,,,1600,,,1029,,VISO,FOR,,,,,,126417,,,,,,,,2026FR_045,,,,,,,,,,,,,,,,,,1821655
8970069,11-02-2026 05:43:00,53.68703900,2.52192800,,,LV,Clupea harengus,I4537,7,,,,1610444,1821656,FRANCE,35HT,4458,12366,12105,,,3.33333333333333,3977,,,,,,,,,,,,,,,,,,,,,,,,,,,E2072,,,,,,,MRN2,,,,,,,,,,,,,,,,,,,,,,,,,1600,,,1029,,VISO,FOR,,,,,,126417,,,,,,,,2026FR_045,,,,,,,,,,,,,,,,,,1821656
8970070,11-02-2026 05:43:00,53.68703900,2.52192800,,,LV,Clupea harengus,I4537,1,,,,1610444,1821657,FRANCE,35HT,4458,12366,12105,,,3.33333333333333,3977,,,,,,,,,,,,,,,,,,,,,,,,,,,E2072,,,,,,,MRN2,,,,,,,,,,,,,,,,,,,,,,,,,1600,,,1029,,VISO,FOR,,,,,,126417,,,,,,,,2026FR_045,,,,,,,,,,,,,,,,,,1821657
8970071,11-02-2026 05:43:00,53.68703900,2.52192800,,,LV,Clupea harengus,I4537,2,,,,1610444,1821658,FRANCE,35HT,4458,12366,12105,,,3.33333333333333,3977,,,,,,,,,,,,,,,,,,,,,,,,,,,E2072,,,,,,,MRN2,,,,,,,,,,,,,,,,,,,,,,,,,1600,,,1029,,VISO,FOR,,,,,,126417,,,,,,,,2026FR_045,,,,,,,,,,,,,,,,,,1821658
8970072,11-02-2026 05:43:00,53.68703900,2.52192800,,,LV,Clupea harengus,I4537,1,,,,1610444,1821647,FRANCE,35HT,4458,12366,12105,,,3.33333333333333,3977,,,,,,,,,,,,,,,,,,,,,,,,,,,E2072,,,,,,,MRN2,,,,,,,,,,,,,,,,,,,,,,,,,1600,,,1029,,VISO,FOR,,,,,,126417,,,,,,,,2026FR_045,,,,,,,,,,,,,,,,,,1821647
8970073,11-02-2026 05:43:00,53.68703900,2.52192800,,,LV,Clupea harengus,I4537,1,,,,1610444,1821648,FRANCE,35HT,4458,12366,12105,,,3.33333333333333,3977,,,,,,,,,,,,,,,,,,,,,,,,,,,E2072,,,,,,,MRN2,,,,,,,,,,,,,,,,,,,,,,,,,1600,,,1029,,VISO,FOR,,,,,,126417,,,,,,,,2026FR_045,,,,,,,,,,,,,,,,,,1821648
8970074,11-02-2026 05:43:00,53.68703900,2.52192800,,,LV,Clupea harengus,I4537,1,,,,1610444,1821649,FRANCE,35HT,4458,12366,12105,,,3.33333333333333,3977,,,,,,,,,,,,,,,,,,,,,,,,,,,E2072,,,,,,,MRN2,,,,,,,,,,,,,,,,,,,,,,,,,1600,,,1029,,VISO,FOR,,,,,,126417,,,,,,,,2026FR_045,,,,,,,,,,,,,,,,,,1821649
8970075,11-02-2026 05:43:00,53.68703900,2.52192800,,,LV,Clupea harengus,I4537,2,,,,1610444,1821650,FRANCE,35HT,4458,12366,12105,,,3.33333333333333,3977,,,,,,,,,,,,,,,,,,,,,,,,,,,E2072,,,,,,,MRN2,,,,,,,,,,,,,,,,,,,,,,,,,1600,,,1029,,VISO,FOR,,,,,,126417,,,,,,,,2026FR_045,,,,,,,,,,,,,,,,,,1821650
8970076,11-02-2026 05:43:00,53.68703900,2.52192800,,,LV,Clupea harengus,I4537,1,,,,1610444,1821651,FRANCE,35HT,4458,12366,12105,,,3.33333333333333,3977,,,,,,,,,,,,,,,,,,,,,,,,,,,E2072,,,,,,,MRN2,,,,,,,,,,,,,,,,,,,,,,,,,1600,,,1029,,VISO,FOR,,,,,,126417,,,,,,,,2026FR_045,,,,,,,,,,,,,,,,,,1821651
8970077,11-02-2026 18:37:00,54.21634200,1.25892900,,,LV,Clupea harengus,I4537,1,,,,1610445,1821652,FRANCE,35HT,4458,12366,12105,,,3.33333333333333,7499,,,,,,,,,,,,,,,,,,,,,,,,,,,E2076,,,,,,,MRN2,,,,,,,,,,,,,,,,,,,,,,,,,1600,,,1923,,VISO,FOR,,,,,,126417,,,,,,,,2026FR_046,,,,,,,,,,,,,,,,,,1821652
8970078,11-02-2026 18:37:00,54.21634200,1.25892900,,,LV,Clupea harengus,I4537,1,,,,1610445,1821641,FRANCE,35HT,4458,12366,12105,,,3.33333333333333,7499,,,,,,,,,,,,,,,,,,,,,,,,,,,E2076,,,,,,,MRN2,,,,,,,,,,,,,,,,,,,,,,,,,1600,,,1923,,VISO,FOR,,,,,,126417,,,,,,,,2026FR_046,,,,,,,,,,,,,,,,,,1821641
8970079,11-02-2026 18:37:00,54.21634200,1.25892900,,,LV,Clupea harengus,I4537,2,,,,1610445,1821642,FRANCE,35HT,4458,12366,12105,,,3.33333333333333,7499,,,,,,,,,,,,,,,,,,,,,,,,,,,E2076,,,,,,,MRN2,,,,,,,,,,,,,,,,,,,,,,,,,1600,,,1923,,VISO,FOR,,,,,,126417,,,,,,,,2026FR_046,,,,,,,,,,,,,,,,,,1821642
8970080,11-02-2026 18:37:00,54.21634200,1.25892900,,,LV,Clupea harengus,I4537,1,,,,1610445,1821643,FRANCE,35HT,4458,12366,12105,,,3.33333333333333,7499,,,,,,,,,,,,,,,,,,,,,,,,,,,E2076,,,,,,,MRN2,,,,,,,,,,,,,,,,,,,,,,,,,1600,,,1923,,VISO,FOR,,,,,,126417,,,,,,,,2026FR_046,,,,,,,,,,,,,,,,,,1821643
8970081,11-02-2026 18:37:00,54.21634200,1.25892900,,,LV,Clupea harengus,I4537,2,,,,1610445,1821644,FRANCE,35HT,4458,12366,12105,,,3.33333333333333,7499,,,,,,,,,,,,,,,,,,,,,,,,,,,E2076,,,,,,,MRN2,,,,,,,,,,,,,,,,,,,,,,,,,1600,,,1923,,VISO,FOR,,,,,,126417,,,,,,,,2026FR_046,,,,,,,,,,,,,,,,,,1821644
8970082,11-02-2026 20:47:00,54.40698800,1.16453500,,,LV,Clupea harengus,I4537,2,,,,1610446,1821645,FRANCE,35HT,4458,12366,12105,,,3.33333333333333,7591,,,,,,,,,,,,,,,,,,,,,,,,,,,E2077,,,,,,,MRN2,,,,,,,,,,,,,,,,,,,,,,,,,1600,,,2293,,VISO,FOR,,,,,,126417,,,,,,,,2026FR_047,,,,,,,,,,,,,,,,,,1821645
8970083,11-02-2026 20:47:00,54.40698800,1.16453500,,,LV,Clupea harengus,I4537,4,,,,1610446,1821646,FRANCE,35HT,4458,12366,12105,,,3.33333333333333,7591,,,,,,,,,,,,,,,,,,,,,,,,,,,E2077,,,,,,,MRN2,,,,,,,,,,,,,,,,,,,,,,,,,1600,,,2293,,VISO,FOR,,,,,,126417,,,,,,,,2026FR_047,,,,,,,,,,,,,,,,,,1821646
8970084,11-02-2026 20:47:00,54.40698800,1.16453500,,,LV,Clupea harengus,I4537,1,,,,1610446,1821635,FRANCE,35HT,4458,12366,12105,,,3.33333333333333,7591,,,,,,,,,,,,,,,,,,,,,,,,,,,E2077,,,,,,,MRN2,,,,,,,,,,,,,,,,,,,,,,,,,1600,,,2293,,VISO,FOR,,,,,,126417,,,,,,,,2026FR_047,,,,,,,,,,,,,,,,,,1821635
8970085,11-02-2026 20:47:00,54.40698800,1.16453500,,,LV,Clupea harengus,I4537,3,,,,1610446,1821636,FRANCE,35HT,4458,12366,12105,,,3.33333333333333,7591,,,,,,,,,,,,,,,,,,,,,,,,,,,E2077,,,,,,,MRN2,,,,,,,,,,,,,,,,,,,,,,,,,1600,,,2293,,VISO,FOR,,,,,,126417,,,,,,,,2026FR_047,,,,,,,,,,,,,,,,,,1821636
8970086,11-02-2026 20:47:00,54.40698800,1.16453500,,,LV,Clupea harengus,I4537,2,,,,1610446,1821637,FRANCE,35HT,4458,12366,12105,,,3.33333333333333,7591,,,,,,,,,,,,,,,,,,,,,,,,,,,E2077,,,,,,,MRN2,,,,,,,,,,,,,,,,,,,,,,,,,1600,,,2293,,VISO,FOR,,,,,,126417,,,,,,,,2026FR_047,,,,,,,,,,,,,,,,,,1821637
8970087,11-02-2026 20:47:00,54.40698800,1.16453500,,,LV,Clupea harengus,I4537,3,,,,1610446,1821638,FRANCE,35HT,4458,12366,12105,,,3.33333333333333,7591,,,,,,,,,,,,,,,,,,,,,,,,,,,E2077,,,,,,,MRN2,,,,,,,,,,,,,,,,,,,,,,,,,1600,,,2293,,VISO,FOR,,,,,,126417,,,,,,,,2026FR_047,,,,,,,,,,,,,,,,,,1821638
8970088,11-02-2026 20:47:00,54.40698800,1.16453500,,,LV,Clupea harengus,I4537,2,,,,1610446,1821639,FRANCE,35HT,4458,12366,12105,,,3.33333333333333,7591,,,,,,,,,,,,,,,,,,,,,,,,,,,E2077,,,,,,,MRN2,,,,,,,,,,,,,,,,,,,,,,,,,1600,,,2293,,VISO,FOR,,,,,,126417,,,,,,,,2026FR_047,,,,,,,,,,,,,,,,,,1821639
8970089,11-02-2026 20:47:00,54.40698800,1.16453500,,,LV,Clupea harengus,I4537,1,,,,1610446,1821640,FRANCE,35HT,4458,12366,12105,,,3.33333333333333,7591,,,,,,,,,,,,,,,,,,,,,,,,,,,E2077,,,,,,,MRN2,,,,,,,,,,,,,,,,,,,,,,,,,1600,,,2293,,VISO,FOR,,,,,,126417,,,,,,,,2026FR_047,,,,,,,,,,,,,,,,,,1821640
8970090,11-02-2026 20:47:00,54.40698800,1.16453500,,,LV,Clupea harengus,I4537,1,,,,1610446,1821629,FRANCE,35HT,4458,12366,12105,,,3.33333333333333,7591,,,,,,,,,,,,,,,,,,,,,,,,,,,E2077,,,,,,,MRN2,,,,,,,,,,,,,,,,,,,,,,,,,1600,,,2293,,VISO,FOR,,,,,,126417,,,,,,,,2026FR_047,,,,,,,,,,,,,,,,,,1821629
8970091,11-02-2026 20:47:00,54.40698800,1.16453500,,,LV,Clupea harengus,I4537,4,,,,1610446,1821630,FRANCE,35HT,4458,12366,12105,,,3.33333333333333,7591,,,,,,,,,,,,,,,,,,,,,,,,,,,E2077,,,,,,,MRN2,,,,,,,,,,,,,,,,,,,,,,,,,1600,,,2293,,VISO,FOR,,,,,,126417,,,,,,,,2026FR_047,,,,,,,,,,,,,,,,,,1821630
8970092,11-02-2026 23:12:00,54.32176500,0.86136300,,,LV,Clupea harengus,I4537,1,,,,1610447,1821631,FRANCE,35HT,4458,12366,12105,,,3.33333333333333,7089,,,,,,,,,,,,,,,,,,,,,,,,,,,E2078,,,,,,,MRN2,,,,,,,,,,,,,,,,,,,,,,,,,1600,,,1971,,VISO,FOR,,,,,,126417,,,,,,,,2026FR_048,,,,,,,,,,,,,,,,,,1821631
8970093,12-02-2026 01:26:00,54.41193700,0.54964400,,,LV,Clupea harengus,I4537,2,,,,1610448,1821632,FRANCE,35HT,4458,12366,12105,,,3.33333333333333,8132,,,,,,,,,,,,,,,,,,,,,,,,,,,E2079,,,,,,,MRN2,,,,,,,,,,,,,,,,,,,,,,,,,1600,,,2801,,VISO,FOR,,,,,,126417,,,,,,,,2026FR_049,,,,,,,,,,,,,,,,,,1821632
8970094,12-02-2026 01:26:00,54.41193700,0.54964400,,,LV,Clupea harengus,I4537,1,,,,1610448,1821633,FRANCE,35HT,4458,12366,12105,,,3.33333333333333,8132,,,,,,,,,,,,,,,,,,,,,,,,,,,E2079,,,,,,,MRN2,,,,,,,,,,,,,,,,,,,,,,,,,1600,,,2801,,VISO,FOR,,,,,,126417,,,,,,,,2026FR_049,,,,,,,,,,,,,,,,,,1821633
8970095,12-02-2026 01:26:00,54.41193700,0.54964400,,,LV,Clupea harengus,I4537,1,,,,1610448,1821634,FRANCE,35HT,4458,12366,12105,,,3.33333333333333,8132,,,,,,,,,,,,,,,,,,,,,,,,,,,E2079,,,,,,,MRN2,,,,,,,,,,,,,,,,,,,,,,,,,1600,,,2801,,VISO,FOR,,,,,,126417,,,,,,,,2026FR_049,,,,,,,,,,,,,,,,,,1821634
8970096,12-02-2026 01:26:00,54.41193700,0.54964400,,,LV,Clupea harengus,I4537,1,,,,1610448,1821623,FRANCE,35HT,4458,12366,12105,,,3.33333333333333,8132,,,,,,,,,,,,,,,,,,,,,,,,,,,E2079,,,,,,,MRN2,,,,,,,,,,,,,,,,,,,,,,,,,1600,,,2801,,VISO,FOR,,,,,,126417,,,,,,,,2026FR_049,,,,,,,,,,,,,,,,,,1821623
8970097,12-02-2026 01:26:00,54.41193700,0.54964400,,,LV,Clupea harengus,I4537,1,,,,1610448,1821624,FRANCE,35HT,4458,12366,12105,,,3.33333333333333,8132,,,,,,,,,,,,,,,,,,,,,,,,,,,E2079,,,,,,,MRN2,,,,,,,,,,,,,,,,,,,,,,,,,1600,,,2801,,VISO,FOR,,,,,,126417,,,,,,,,2026FR_049,,,,,,,,,,,,,,,,,,1821624
8970098,12-02-2026 01:26:00,54.41193700,0.54964400,,,LV,Sardina pilchardus,I4537,1,,,,1610448,1822064,FRANCE,35HT,4458,12366,12129,,,3.33333333333333,8132,,,,,,,,,,,,,,,,,,,,,,,,,,,E2079,,,,,,,MRN2,,,,,,,,,,,,,,,,,,,,,,,,,1600,,,2801,,VISO,FOR,,,,,,126421,,,,,,,,2026FR_049,,,,,,,,,,,,,,,,,,1822064
8970100,12-02-2026 20:28:00,55.38005800,0.15351700,,,LV,Clupea harengus,I4537,1,,,,1610449,1821625,FRANCE,35HT,4458,12366,12105,,,3.33333333333333,5970,,,,,,,,,,,,,,,,,,,,,,,,,,,E2085,,,,,,,MRN2,,,,,,,,,,,,,,,,,,,,,,,,,1600,,,1510,,VISO,FOR,,,,,,126417,,,,,,,,2026FR_050,,,,,,,,,,,,,,,,,,1821625
8970101,12-02-2026 20:28:00,55.38005800,0.15351700,,,LV,Clupea harengus,I4537,1,,,,1610449,1821626,FRANCE,35HT,4458,12366,12105,,,3.33333333333333,5970,,,,,,,,,,,,,,,,,,,,,,,,,,,E2085,,,,,,,MRN2,,,,,,,,,,,,,,,,,,,,,,,,,1600,,,1510,,VISO,FOR,,,,,,126417,,,,,,,,2026FR_050,,,,,,,,,,,,,,,,,,1821626
8970102,12-02-2026 20:28:00,55.38005800,0.15351700,,,LV,Clupea harengus,I4537,1,,,,1610449,1821627,FRANCE,35HT,4458,12366,12105,,,3.33333333333333,5970,,,,,,,,,,,,,,,,,,,,,,,,,,,E2085,,,,,,,MRN2,,,,,,,,,,,,,,,,,,,,,,,,,1600,,,1510,,VISO,FOR,,,,,,126417,,,,,,,,2026FR_050,,,,,,,,,,,,,,,,,,1821627
8970103,12-02-2026 20:28:00,55.38005800,0.15351700,,,LV,Clupea harengus,I4537,1,,,,1610449,1821628,FRANCE,35HT,4458,12366,12105,,,3.33333333333333,5970,,,,,,,,,,,,,,,,,,,,,,,,,,,E2085,,,,,,,MRN2,,,,,,,,,,,,,,,,,,,,,,,,,1600,,,1510,,VISO,FOR,,,,,,126417,,,,,,,,2026FR_050,,,,,,,,,,,,,,,,,,1821628
8970104,12-02-2026 20:28:00,55.38005800,0.15351700,,,LV,Clupea harengus,I4537,1,,,,1610449,1821617,FRANCE,35HT,4458,12366,12105,,,3.33333333333333,5970,,,,,,,,,,,,,,,,,,,,,,,,,,,E2085,,,,,,,MRN2,,,,,,,,,,,,,,,,,,,,,,,,,1600,,,1510,,VISO,FOR,,,,,,126417,,,,,,,,2026FR_050,,,,,,,,,,,,,,,,,,1821617
8970105,12-02-2026 20:28:00,55.38005800,0.15351700,,,LV,Clupea harengus,I4537,2,,,,1610449,1821618,FRANCE,35HT,4458,12366,12105,,,3.33333333333333,5970,,,,,,,,,,,,,,,,,,,,,,,,,,,E2085,,,,,,,MRN2,,,,,,,,,,,,,,,,,,,,,,,,,1600,,,1510,,VISO,FOR,,,,,,126417,,,,,,,,2026FR_050,,,,,,,,,,,,,,,,,,1821618
8970106,12-02-2026 22:20:00,55.19266600,0.15670800,,,LV,Clupea harengus,I4537,1,,,,1610450,1821619,FRANCE,35HT,4458,12366,12105,,,3.33333333333333,8063,,,,,,,,,,,,,,,,,,,,,,,,,,,E2086,,,,,,,MRN2,,,,,,,,,,,,,,,,,,,,,,,,,1600,,,2193,,VISO,FOR,,,,,,126417,,,,,,,,2026FR_051,,,,,,,,,,,,,,,,,,1821619
8970107,12-02-2026 22:20:00,55.19266600,0.15670800,,,LV,Clupea harengus,I4537,1,,,,1610450,1821620,FRANCE,35HT,4458,12366,12105,,,3.33333333333333,8063,,,,,,,,,,,,,,,,,,,,,,,,,,,E2086,,,,,,,MRN2,,,,,,,,,,,,,,,,,,,,,,,,,1600,,,2193,,VISO,FOR,,,,,,126417,,,,,,,,2026FR_051,,,,,,,,,,,,,,,,,,1821620
8970108,12-02-2026 22:20:00,55.19266600,0.15670800,,,LV,Clupea harengus,I4537,1,,,,1610450,1821621,FRANCE,35HT,4458,12366,12105,,,3.33333333333333,8063,,,,,,,,,,,,,,,,,,,,,,,,,,,E2086,,,,,,,MRN2,,,,,,,,,,,,,,,,,,,,,,,,,1600,,,2193,,VISO,FOR,,,,,,126417,,,,,,,,2026FR_051,,,,,,,,,,,,,,,,,,1821621
8970109,12-02-2026 22:20:00,55.19266600,0.15670800,,,LV,Clupea harengus,I4537,1,,,,1610450,1821622,FRANCE,35HT,4458,12366,12105,,,3.33333333333333,8063,,,,,,,,,,,,,,,,,,,,,,,,,,,E2086,,,,,,,MRN2,,,,,,,,,,,,,,,,,,,,,,,,,1600,,,2193,,VISO,FOR,,,,,,126417,,,,,,,,2026FR_051,,,,,,,,,,,,,,,,,,1821622
8970110,12-02-2026 22:20:00,55.19266600,0.15670800,,,LV,Clupea harengus,I4537,2,,,,1610450,1821611,FRANCE,35HT,4458,12366,12105,,,3.33333333333333,8063,,,,,,,,,,,,,,,,,,,,,,,,,,,E2086,,,,,,,MRN2,,,,,,,,,,,,,,,,,,,,,,,,,1600,,,2193,,VISO,FOR,,,,,,126417,,,,,,,,2026FR_051,,,,,,,,,,,,,,,,,,1821611
8970111,12-02-2026 22:20:00,55.19266600,0.15670800,,,LV,Clupea harengus,I4537,2,,,,1610450,1821612,FRANCE,35HT,4458,12366,12105,,,3.33333333333333,8063,,,,,,,,,,,,,,,,,,,,,,,,,,,E2086,,,,,,,MRN2,,,,,,,,,,,,,,,,,,,,,,,,,1600,,,2193,,VISO,FOR,,,,,,126417,,,,,,,,2026FR_051,,,,,,,,,,,,,,,,,,1821612
8970112,13-02-2026 00:33:00,55.19177600,-0.26377300,,,LV,Clupea harengus,I4537,1,,,,1610451,1821613,FRANCE,35HT,4458,12366,12105,,,3.33333333333333,7825,,,,,,,,,,,,,,,,,,,,,,,,,,,E2087,,,,,,,MRN2,,,,,,,,,,,,,,,,,,,,,,,,,1600,,,2199,,VISO,FOR,,,,,,126417,,,,,,,,2026FR_052,,,,,,,,,,,,,,,,,,1821613
8970113,13-02-2026 00:33:00,55.19177600,-0.26377300,,,LV,Clupea harengus,I4537,1,,,,1610451,1821614,FRANCE,35HT,4458,12366,12105,,,3.33333333333333,7825,,,,,,,,,,,,,,,,,,,,,,,,,,,E2087,,,,,,,MRN2,,,,,,,,,,,,,,,,,,,,,,,,,1600,,,2199,,VISO,FOR,,,,,,126417,,,,,,,,2026FR_052,,,,,,,,,,,,,,,,,,1821614
8970114,13-02-2026 00:33:00,55.19177600,-0.26377300,,,LV,Clupea harengus,I4537,1,,,,1610451,1821615,FRANCE,35HT,4458,12366,12105,,,3.33333333333333,7825,,,,,,,,,,,,,,,,,,,,,,,,,,,E2087,,,,,,,MRN2,,,,,,,,,,,,,,,,,,,,,,,,,1600,,,2199,,VISO,FOR,,,,,,126417,,,,,,,,2026FR_052,,,,,,,,,,,,,,,,,,1821615
8970115,13-02-2026 00:33:00,55.19177600,-0.26377300,,,LV,Clupea harengus,I4537,1,,,,1610451,1821616,FRANCE,35HT,4458,12366,12105,,,3.33333333333333,7825,,,,,,,,,,,,,,,,,,,,,,,,,,,E2087,,,,,,,MRN2,,,,,,,,,,,,,,,,,,,,,,,,,1600,,,2199,,VISO,FOR,,,,,,126417,,,,,,,,2026FR_052,,,,,,,,,,,,,,,,,,1821616
8970116,13-02-2026 00:33:00,55.19177600,-0.26377300,,,LV,Clupea harengus,I4537,1,,,,1610451,1821605,FRANCE,35HT,4458,12366,12105,,,3.33333333333333,7825,,,,,,,,,,,,,,,,,,,,,,,,,,,E2087,,,,,,,MRN2,,,,,,,,,,,,,,,,,,,,,,,,,1600,,,2199,,VISO,FOR,,,,,,126417,,,,,,,,2026FR_052,,,,,,,,,,,,,,,,,,1821605
8970117,13-02-2026 00:33:00,55.19177600,-0.26377300,,,LV,Clupea harengus,I4537,1,,,,1610451,1821606,FRANCE,35HT,4458,12366,12105,,,3.33333333333333,7825,,,,,,,,,,,,,,,,,,,,,,,,,,,E2087,,,,,,,MRN2,,,,,,,,,,,,,,,,,,,,,,,,,1600,,,2199,,VISO,FOR,,,,,,126417,,,,,,,,2026FR_052,,,,,,,,,,,,,,,,,,1821606
8970118,13-02-2026 00:33:00,55.19177600,-0.26377300,,,LV,Clupea harengus,I4537,3,,,,1610451,1821607,FRANCE,35HT,4458,12366,12105,,,3.33333333333333,7825,,,,,,,,,,,,,,,,,,,,,,,,,,,E2087,,,,,,,MRN2,,,,,,,,,,,,,,,,,,,,,,,,,1600,,,2199,,VISO,FOR,,,,,,126417,,,,,,,,2026FR_052,,,,,,,,,,,,,,,,,,1821607
8970119,13-02-2026 00:33:00,55.19177600,-0.26377300,,,LV,Clupea harengus,I4537,1,,,,1610451,1821608,FRANCE,35HT,4458,12366,12105,,,3.33333333333333,7825,,,,,,,,,,,,,,,,,,,,,,,,,,,E2087,,,,,,,MRN2,,,,,,,,,,,,,,,,,,,,,,,,,1600,,,2199,,VISO,FOR,,,,,,126417,,,,,,,,2026FR_052,,,,,,,,,,,,,,,,,,1821608
8970120,13-02-2026 00:33:00,55.19177600,-0.26377300,,,LV,Clupea harengus,I4537,1,,,,1610451,1821609,FRANCE,35HT,4458,12366,12105,,,3.33333333333333,7825,,,,,,,,,,,,,,,,,,,,,,,,,,,E2087,,,,,,,MRN2,,,,,,,,,,,,,,,,,,,,,,,,,1600,,,2199,,VISO,FOR,,,,,,126417,,,,,,,,2026FR_052,,,,,,,,,,,,,,,,,,1821609
8970121,13-02-2026 00:33:00,55.19177600,-0.26377300,,,LV,Clupea harengus,I4537,1,,,,1610451,1821610,FRANCE,35HT,4458,12366,12105,,,3.33333333333333,7825,,,,,,,,,,,,,,,,,,,,,,,,,,,E2087,,,,,,,MRN2,,,,,,,,,,,,,,,,,,,,,,,,,1600,,,2199,,VISO,FOR,,,,,,126417,,,,,,,,2026FR_052,,,,,,,,,,,,,,,,,,1821610
8970122,13-02-2026 00:33:00,55.19177600,-0.26377300,,,LV,Clupea harengus,I4537,1,,,,1610451,1821599,FRANCE,35HT,4458,12366,12105,,,3.33333333333333,7825,,,,,,,,,,,,,,,,,,,,,,,,,,,E2087,,,,,,,MRN2,,,,,,,,,,,,,,,,,,,,,,,,,1600,,,2199,,VISO,FOR,,,,,,126417,,,,,,,,2026FR_052,,,,,,,,,,,,,,,,,,1821599
8970123,13-02-2026 00:33:00,55.19177600,-0.26377300,,,LV,Clupea harengus,I4537,3,,,,1610451,1821600,FRANCE,35HT,4458,12366,12105,,,3.33333333333333,7825,,,,,,,,,,,,,,,,,,,,,,,,,,,E2087,,,,,,,MRN2,,,,,,,,,,,,,,,,,,,,,,,,,1600,,,2199,,VISO,FOR,,,,,,126417,,,,,,,,2026FR_052,,,,,,,,,,,,,,,,,,1821600
8970124,13-02-2026 00:33:00,55.19177600,-0.26377300,,,LV,Clupea harengus,I4537,1,,,,1610451,1821601,FRANCE,35HT,4458,12366,12105,,,3.33333333333333,7825,,,,,,,,,,,,,,,,,,,,,,,,,,,E2087,,,,,,,MRN2,,,,,,,,,,,,,,,,,,,,,,,,,1600,,,2199,,VISO,FOR,,,,,,126417,,,,,,,,2026FR_052,,,,,,,,,,,,,,,,,,1821601
8970125,13-02-2026 03:08:00,55.18798000,-0.71083400,,,LV,Clupea harengus,I4537,7,,,,1610452,1821602,FRANCE,35HT,4458,12366,12105,,,3.33333333333333,7775,,,,,,,,,,,,,,,,,,,,,,,,,,,E2088,,,,,,,MRN2,,,,,,,,,,,,,,,,,,,,,,,,,1600,,,2328,,VISO,FOR,,,,,,126417,,,,,,,,2026FR_053,,,,,,,,,,,,,,,,,,1821602
8970126,13-02-2026 03:08:00,55.18798000,-0.71083400,,,LV,Clupea harengus,I4537,2,,,,1610452,1821603,FRANCE,35HT,4458,12366,12105,,,3.33333333333333,7775,,,,,,,,,,,,,,,,,,,,,,,,,,,E2088,,,,,,,MRN2,,,,,,,,,,,,,,,,,,,,,,,,,1600,,,2328,,VISO,FOR,,,,,,126417,,,,,,,,2026FR_053,,,,,,,,,,,,,,,,,,1821603
8970127,13-02-2026 03:08:00,55.18798000,-0.71083400,,,LV,Clupea harengus,I4537,5,,,,1610452,1821604,FRANCE,35HT,4458,12366,12105,,,3.33333333333333,7775,,,,,,,,,,,,,,,,,,,,,,,,,,,E2088,,,,,,,MRN2,,,,,,,,,,,,,,,,,,,,,,,,,1600,,,2328,,VISO,FOR,,,,,,126417,,,,,,,,2026FR_053,,,,,,,,,,,,,,,,,,1821604
8970128,13-02-2026 03:08:00,55.18798000,-0.71083400,,,LV,Clupea harengus,I4537,8,,,,1610452,1821593,FRANCE,35HT,4458,12366,12105,,,3.33333333333333,7775,,,,,,,,,,,,,,,,,,,,,,,,,,,E2088,,,,,,,MRN2,,,,,,,,,,,,,,,,,,,,,,,,,1600,,,2328,,VISO,FOR,,,,,,126417,,,,,,,,2026FR_053,,,,,,,,,,,,,,,,,,1821593
8970129,13-02-2026 03:08:00,55.18798000,-0.71083400,,,LV,Clupea harengus,I4537,2,,,,1610452,1821594,FRANCE,35HT,4458,12366,12105,,,3.33333333333333,7775,,,,,,,,,,,,,,,,,,,,,,,,,,,E2088,,,,,,,MRN2,,,,,,,,,,,,,,,,,,,,,,,,,1600,,,2328,,VISO,FOR,,,,,,126417,,,,,,,,2026FR_053,,,,,,,,,,,,,,,,,,1821594
8970130,13-02-2026 03:08:00,55.18798000,-0.71083400,,,LV,Clupea harengus,I4537,13,,,,1610452,1821595,FRANCE,35HT,4458,12366,12105,,,3.33333333333333,7775,,,,,,,,,,,,,,,,,,,,,,,,,,,E2088,,,,,,,MRN2,,,,,,,,,,,,,,,,,,,,,,,,,1600,,,2328,,VISO,FOR,,,,,,126417,,,,,,,,2026FR_053,,,,,,,,,,,,,,,,,,1821595
8970131,13-02-2026 03:08:00,55.18798000,-0.71083400,,,LV,Clupea harengus,I4537,4,,,,1610452,1821596,FRANCE,35HT,4458,12366,12105,,,3.33333333333333,7775,,,,,,,,,,,,,,,,,,,,,,,,,,,E2088,,,,,,,MRN2,,,,,,,,,,,,,,,,,,,,,,,,,1600,,,2328,,VISO,FOR,,,,,,126417,,,,,,,,2026FR_053,,,,,,,,,,,,,,,,,,1821596
8970132,13-02-2026 03:08:00,55.18798000,-0.71083400,,,LV,Clupea harengus,I4537,9,,,,1610452,1821597,FRANCE,35HT,4458,12366,12105,,,3.33333333333333,7775,,,,,,,,,,,,,,,,,,,,,,,,,,,E2088,,,,,,,MRN2,,,,,,,,,,,,,,,,,,,,,,,,,1600,,,2328,,VISO,FOR,,,,,,126417,,,,,,,,2026FR_053,,,,,,,,,,,,,,,,,,1821597
8970133,13-02-2026 03:08:00,55.18798000,-0.71083400,,,LV,Clupea harengus,I4537,2,,,,1610452,1821598,FRANCE,35HT,4458,12366,12105,,,3.33333333333333,7775,,,,,,,,,,,,,,,,,,,,,,,,,,,E2088,,,,,,,MRN2,,,,,,,,,,,,,,,,,,,,,,,,,1600,,,2328,,VISO,FOR,,,,,,126417,,,,,,,,2026FR_053,,,,,,,,,,,,,,,,,,1821598
8970134,13-02-2026 03:08:00,55.18798000,-0.71083400,,,LV,Clupea harengus,I4537,2,,,,1610452,1821587,FRANCE,35HT,4458,12366,12105,,,3.33333333333333,7775,,,,,,,,,,,,,,,,,,,,,,,,,,,E2088,,,,,,,MRN2,,,,,,,,,,,,,,,,,,,,,,,,,1600,,,2328,,VISO,FOR,,,,,,126417,,,,,,,,2026FR_053,,,,,,,,,,,,,,,,,,1821587
8970135,13-02-2026 03:08:00,55.18798000,-0.71083400,,,LV,Clupea harengus,I4537,12,,,,1610452,1821588,FRANCE,35HT,4458,12366,12105,,,3.33333333333333,7775,,,,,,,,,,,,,,,,,,,,,,,,,,,E2088,,,,,,,MRN2,,,,,,,,,,,,,,,,,,,,,,,,,1600,,,2328,,VISO,FOR,,,,,,126417,,,,,,,,2026FR_053,,,,,,,,,,,,,,,,,,1821588
8970136,13-02-2026 03:08:00,55.18798000,-0.71083400,,,LV,Clupea harengus,I4537,1,,,,1610452,1821589,FRANCE,35HT,4458,12366,12105,,,3.33333333333333,7775,,,,,,,,,,,,,,,,,,,,,,,,,,,E2088,,,,,,,MRN2,,,,,,,,,,,,,,,,,,,,,,,,,1600,,,2328,,VISO,FOR,,,,,,126417,,,,,,,,2026FR_053,,,,,,,,,,,,,,,,,,1821589
8970137,13-02-2026 03:08:00,55.18798000,-0.71083400,,,LV,Clupea harengus,I4537,2,,,,1610452,1821590,FRANCE,35HT,4458,12366,12105,,,3.33333333333333,7775,,,,,,,,,,,,,,,,,,,,,,,,,,,E2088,,,,,,,MRN2,,,,,,,,,,,,,,,,,,,,,,,,,1600,,,2328,,VISO,FOR,,,,,,126417,,,,,,,,2026FR_053,,,,,,,,,,,,,,,,,,1821590
8970138,13-02-2026 03:08:00,55.18798000,-0.71083400,,,LV,Clupea harengus,I4537,1,,,,1610452,1821591,FRANCE,35HT,4458,12366,12105,,,3.33333333333333,7775,,,,,,,,,,,,,,,,,,,,,,,,,,,E2088,,,,,,,MRN2,,,,,,,,,,,,,,,,,,,,,,,,,1600,,,2328,,VISO,FOR,,,,,,126417,,,,,,,,2026FR_053,,,,,,,,,,,,,,,,,,1821591
8970139,13-02-2026 03:08:00,55.18798000,-0.71083400,,,LV,Clupea harengus,I4537,4,,,,1610452,1821592,FRANCE,35HT,4458,12366,12105,,,3.33333333333333,7775,,,,,,,,,,,,,,,,,,,,,,,,,,,E2088,,,,,,,MRN2,,,,,,,,,,,,,,,,,,,,,,,,,1600,,,2328,,VISO,FOR,,,,,,126417,,,,,,,,2026FR_053,,,,,,,,,,,,,,,,,,1821592
8970140,13-02-2026 05:39:00,55.19317300,-1.17958200,,,LV,Clupea harengus,I4537,2,,,,1610453,1821581,FRANCE,35HT,4458,12366,12105,,,3.33333333333333,8982,,,,,,,,,,,,,,,,,,,,,,,,,,,E2089,,,,,,,MRN2,,,,,,,,,,,,,,,,,,,,,,,,,1600,,,2611,,VISO,FOR,,,,,,126417,,,,,,,,2026FR_054,,,,,,,,,,,,,,,,,,1821581
8970141,13-02-2026 05:39:00,55.19317300,-1.17958200,,,LV,Clupea harengus,I4537,2,,,,1610453,1821582,FRANCE,35HT,4458,12366,12105,,,3.33333333333333,8982,,,,,,,,,,,,,,,,,,,,,,,,,,,E2089,,,,,,,MRN2,,,,,,,,,,,,,,,,,,,,,,,,,1600,,,2611,,VISO,FOR,,,,,,126417,,,,,,,,2026FR_054,,,,,,,,,,,,,,,,,,1821582
8970142,13-02-2026 05:39:00,55.19317300,-1.17958200,,,LV,Clupea harengus,I4537,3,,,,1610453,1821583,FRANCE,35HT,4458,12366,12105,,,3.33333333333333,8982,,,,,,,,,,,,,,,,,,,,,,,,,,,E2089,,,,,,,MRN2,,,,,,,,,,,,,,,,,,,,,,,,,1600,,,2611,,VISO,FOR,,,,,,126417,,,,,,,,2026FR_054,,,,,,,,,,,,,,,,,,1821583
8970143,13-02-2026 05:39:00,55.19317300,-1.17958200,,,LV,Clupea harengus,I4537,1,,,,1610453,1821584,FRANCE,35HT,4458,12366,12105,,,3.33333333333333,8982,,,,,,,,,,,,,,,,,,,,,,,,,,,E2089,,,,,,,MRN2,,,,,,,,,,,,,,,,,,,,,,,,,1600,,,2611,,VISO,FOR,,,,,,126417,,,,,,,,2026FR_054,,,,,,,,,,,,,,,,,,1821584
8970144,13-02-2026 05:39:00,55.19317300,-1.17958200,,,LV,Clupea harengus,I4537,2,,,,1610453,1821585,FRANCE,35HT,4458,12366,12105,,,3.33333333333333,8982,,,,,,,,,,,,,,,,,,,,,,,,,,,E2089,,,,,,,MRN2,,,,,,,,,,,,,,,,,,,,,,,,,1600,,,2611,,VISO,FOR,,,,,,126417,,,,,,,,2026FR_054,,,,,,,,,,,,,,,,,,1821585
8970145,13-02-2026 05:39:00,55.19317300,-1.17958200,,,LV,Clupea harengus,I4537,2,,,,1610453,1821586,FRANCE,35HT,4458,12366,12105,,,3.33333333333333,8982,,,,,,,,,,,,,,,,,,,,,,,,,,,E2089,,,,,,,MRN2,,,,,,,,,,,,,,,,,,,,,,,,,1600,,,2611,,VISO,FOR,,,,,,126417,,,,,,,,2026FR_054,,,,,,,,,,,,,,,,,,1821586
8970146,13-02-2026 05:39:00,55.19317300,-1.17958200,,,LV,Clupea harengus,I4537,4,,,,1610453,1821575,FRANCE,35HT,4458,12366,12105,,,3.33333333333333,8982,,,,,,,,,,,,,,,,,,,,,,,,,,,E2089,,,,,,,MRN2,,,,,,,,,,,,,,,,,,,,,,,,,1600,,,2611,,VISO,FOR,,,,,,126417,,,,,,,,2026FR_054,,,,,,,,,,,,,,,,,,1821575
8970147,13-02-2026 05:39:00,55.19317300,-1.17958200,,,LV,Clupea harengus,I4537,1,,,,1610453,1821576,FRANCE,35HT,4458,12366,12105,,,3.33333333333333,8982,,,,,,,,,,,,,,,,,,,,,,,,,,,E2089,,,,,,,MRN2,,,,,,,,,,,,,,,,,,,,,,,,,1600,,,2611,,VISO,FOR,,,,,,126417,,,,,,,,2026FR_054,,,,,,,,,,,,,,,,,,1821576
8970148,13-02-2026 05:39:00,55.19317300,-1.17958200,,,LV,Clupea harengus,I4537,6,,,,1610453,1821577,FRANCE,35HT,4458,12366,12105,,,3.33333333333333,8982,,,,,,,,,,,,,,,,,,,,,,,,,,,E2089,,,,,,,MRN2,,,,,,,,,,,,,,,,,,,,,,,,,1600,,,2611,,VISO,FOR,,,,,,126417,,,,,,,,2026FR_054,,,,,,,,,,,,,,,,,,1821577
8970149,13-02-2026 05:39:00,55.19317300,-1.17958200,,,LV,Clupea harengus,I4537,2,,,,1610453,1821578,FRANCE,35HT,4458,12366,12105,,,3.33333333333333,8982,,,,,,,,,,,,,,,,,,,,,,,,,,,E2089,,,,,,,MRN2,,,,,,,,,,,,,,,,,,,,,,,,,1600,,,2611,,VISO,FOR,,,,,,126417,,,,,,,,2026FR_054,,,,,,,,,,,,,,,,,,1821578
8970150,13-02-2026 05:39:00,55.19317300,-1.17958200,,,LV,Clupea harengus,I4537,1,,,,1610453,1821579,FRANCE,35HT,4458,12366,12105,,,3.33333333333333,8982,,,,,,,,,,,,,,,,,,,,,,,,,,,E2089,,,,,,,MRN2,,,,,,,,,,,,,,,,,,,,,,,,,1600,,,2611,,VISO,FOR,,,,,,126417,,,,,,,,2026FR_054,,,,,,,,,,,,,,,,,,1821579
8970151,13-02-2026 05:39:00,55.19317300,-1.17958200,,,LV,Clupea harengus,I4537,2,,,,1610453,1821580,FRANCE,35HT,4458,12366,12105,,,3.33333333333333,8982,,,,,,,,,,,,,,,,,,,,,,,,,,,E2089,,,,,,,MRN2,,,,,,,,,,,,,,,,,,,,,,,,,1600,,,2611,,VISO,FOR,,,,,,126417,,,,,,,,2026FR_054,,,,,,,,,,,,,,,,,,1821580
8970152,13-02-2026 07:16:00,55.36188600,-1.20661500,,,LV,Clupea harengus,I4537,1,,,,1610454,1821569,FRANCE,35HT,4458,12366,12105,,,3.33333333333333,8492,,,,,,,,,,,,,,,,,,,,,,,,,,,E2090,,,,,,,MRN2,,,,,,,,,,,,,,,,,,,,,,,,,1600,,,2788,,VISO,FOR,,,,,,126417,,,,,,,,2026FR_055,,,,,,,,,,,,,,,,,,1821569
8970153,13-02-2026 07:16:00,55.36188600,-1.20661500,,,LV,Clupea harengus,I4537,2,,,,1610454,1821570,FRANCE,35HT,4458,12366,12105,,,3.33333333333333,8492,,,,,,,,,,,,,,,,,,,,,,,,,,,E2090,,,,,,,MRN2,,,,,,,,,,,,,,,,,,,,,,,,,1600,,,2788,,VISO,FOR,,,,,,126417,,,,,,,,2026FR_055,,,,,,,,,,,,,,,,,,1821570
8970154,13-02-2026 07:16:00,55.36188600,-1.20661500,,,LV,Clupea harengus,I4537,2,,,,1610454,1821571,FRANCE,35HT,4458,12366,12105,,,3.33333333333333,8492,,,,,,,,,,,,,,,,,,,,,,,,,,,E2090,,,,,,,MRN2,,,,,,,,,,,,,,,,,,,,,,,,,1600,,,2788,,VISO,FOR,,,,,,126417,,,,,,,,2026FR_055,,,,,,,,,,,,,,,,,,1821571
8970155,13-02-2026 07:16:00,55.36188600,-1.20661500,,,LV,Clupea harengus,I4537,7,,,,1610454,1821572,FRANCE,35HT,4458,12366,12105,,,3.33333333333333,8492,,,,,,,,,,,,,,,,,,,,,,,,,,,E2090,,,,,,,MRN2,,,,,,,,,,,,,,,,,,,,,,,,,1600,,,2788,,VISO,FOR,,,,,,126417,,,,,,,,2026FR_055,,,,,,,,,,,,,,,,,,1821572
8970156,13-02-2026 07:16:00,55.36188600,-1.20661500,,,LV,Clupea harengus,I4537,4,,,,1610454,1821573,FRANCE,35HT,4458,12366,12105,,,3.33333333333333,8492,,,,,,,,,,,,,,,,,,,,,,,,,,,E2090,,,,,,,MRN2,,,,,,,,,,,,,,,,,,,,,,,,,1600,,,2788,,VISO,FOR,,,,,,126417,,,,,,,,2026FR_055,,,,,,,,,,,,,,,,,,1821573
8970157,13-02-2026 07:16:00,55.36188600,-1.20661500,,,LV,Clupea harengus,I4537,1,,,,1610454,1821574,FRANCE,35HT,4458,12366,12105,,,3.33333333333333,8492,,,,,,,,,,,,,,,,,,,,,,,,,,,E2090,,,,,,,MRN2,,,,,,,,,,,,,,,,,,,,,,,,,1600,,,2788,,VISO,FOR,,,,,,126417,,,,,,,,2026FR_055,,,,,,,,,,,,,,,,,,1821574
8970158,13-02-2026 07:16:00,55.36188600,-1.20661500,,,LV,Clupea harengus,I4537,1,,,,1610454,1821563,FRANCE,35HT,4458,12366,12105,,,3.33333333333333,8492,,,,,,,,,,,,,,,,,,,,,,,,,,,E2090,,,,,,,MRN2,,,,,,,,,,,,,,,,,,,,,,,,,1600,,,2788,,VISO,FOR,,,,,,126417,,,,,,,,2026FR_055,,,,,,,,,,,,,,,,,,1821563
8970159,13-02-2026 07:16:00,55.36188600,-1.20661500,,,LV,Clupea harengus,I4537,2,,,,1610454,1821564,FRANCE,35HT,4458,12366,12105,,,3.33333333333333,8492,,,,,,,,,,,,,,,,,,,,,,,,,,,E2090,,,,,,,MRN2,,,,,,,,,,,,,,,,,,,,,,,,,1600,,,2788,,VISO,FOR,,,,,,126417,,,,,,,,2026FR_055,,,,,,,,,,,,,,,,,,1821564
8970160,13-02-2026 07:16:00,55.36188600,-1.20661500,,,LV,Clupea harengus,I4537,1,,,,1610454,1821565,FRANCE,35HT,4458,12366,12105,,,3.33333333333333,8492,,,,,,,,,,,,,,,,,,,,,,,,,,,E2090,,,,,,,MRN2,,,,,,,,,,,,,,,,,,,,,,,,,1600,,,2788,,VISO,FOR,,,,,,126417,,,,,,,,2026FR_055,,,,,,,,,,,,,,,,,,1821565
8970161,13-02-2026 07:16:00,55.36188600,-1.20661500,,,LV,Clupea harengus,I4537,3,,,,1610454,1821566,FRANCE,35HT,4458,12366,12105,,,3.33333333333333,8492,,,,,,,,,,,,,,,,,,,,,,,,,,,E2090,,,,,,,MRN2,,,,,,,,,,,,,,,,,,,,,,,,,1600,,,2788,,VISO,FOR,,,,,,126417,,,,,,,,2026FR_055,,,,,,,,,,,,,,,,,,1821566
8970162,13-02-2026 07:16:00,55.36188600,-1.20661500,,,LV,Clupea harengus,I4537,1,,,,1610454,1821567,FRANCE,35HT,4458,12366,12105,,,3.33333333333333,8492,,,,,,,,,,,,,,,,,,,,,,,,,,,E2090,,,,,,,MRN2,,,,,,,,,,,,,,,,,,,,,,,,,1600,,,2788,,VISO,FOR,,,,,,126417,,,,,,,,2026FR_055,,,,,,,,,,,,,,,,,,1821567
8970163,13-02-2026 07:16:00,55.36188600,-1.20661500,,,LV,Clupea harengus,I4537,2,,,,1610454,1821568,FRANCE,35HT,4458,12366,12105,,,3.33333333333333,8492,,,,,,,,,,,,,,,,,,,,,,,,,,,E2090,,,,,,,MRN2,,,,,,,,,,,,,,,,,,,,,,,,,1600,,,2788,,VISO,FOR,,,,,,126417,,,,,,,,2026FR_055,,,,,,,,,,,,,,,,,,1821568
8970164,13-02-2026 07:16:00,55.36188600,-1.20661500,,,LV,Clupea harengus,I4537,3,,,,1610454,1821557,FRANCE,35HT,4458,12366,12105,,,3.33333333333333,8492,,,,,,,,,,,,,,,,,,,,,,,,,,,E2090,,,,,,,MRN2,,,,,,,,,,,,,,,,,,,,,,,,,1600,,,2788,,VISO,FOR,,,,,,126417,,,,,,,,2026FR_055,,,,,,,,,,,,,,,,,,1821557
8970165,13-02-2026 20:00:00,54.59535500,0.17407500,,,LV,Clupea harengus,I4537,3,,,,1610455,1821558,FRANCE,35HT,4458,12366,12105,,,3.33333333333333,10087,,,,,,,,,,,,,,,,,,,,,,,,,,,E2094,,,,,,,MRN2,,,,,,,,,,,,,,,,,,,,,,,,,1600,,,3213,,VISO,FOR,,,,,,126417,,,,,,,,2026FR_056,,,,,,,,,,,,,,,,,,1821558
8970166,13-02-2026 20:00:00,54.59535500,0.17407500,,,LV,Clupea harengus,I4537,1,,,,1610455,1821559,FRANCE,35HT,4458,12366,12105,,,3.33333333333333,10087,,,,,,,,,,,,,,,,,,,,,,,,,,,E2094,,,,,,,MRN2,,,,,,,,,,,,,,,,,,,,,,,,,1600,,,3213,,VISO,FOR,,,,,,126417,,,,,,,,2026FR_056,,,,,,,,,,,,,,,,,,1821559
8970167,13-02-2026 20:00:00,54.59535500,0.17407500,,,LV,Clupea harengus,I4537,3,,,,1610455,1821560,FRANCE,35HT,4458,12366,12105,,,3.33333333333333,10087,,,,,,,,,,,,,,,,,,,,,,,,,,,E2094,,,,,,,MRN2,,,,,,,,,,,,,,,,,,,,,,,,,1600,,,3213,,VISO,FOR,,,,,,126417,,,,,,,,2026FR_056,,,,,,,,,,,,,,,,,,1821560
8970168,13-02-2026 20:00:00,54.59535500,0.17407500,,,LV,Clupea harengus,I4537,1,,,,1610455,1821561,FRANCE,35HT,4458,12366,12105,,,3.33333333333333,10087,,,,,,,,,,,,,,,,,,,,,,,,,,,E2094,,,,,,,MRN2,,,,,,,,,,,,,,,,,,,,,,,,,1600,,,3213,,VISO,FOR,,,,,,126417,,,,,,,,2026FR_056,,,,,,,,,,,,,,,,,,1821561
8970169,13-02-2026 20:00:00,54.59535500,0.17407500,,,LV,Clupea harengus,I4537,4,,,,1610455,1821562,FRANCE,35HT,4458,12366,12105,,,3.33333333333333,10087,,,,,,,,,,,,,,,,,,,,,,,,,,,E2094,,,,,,,MRN2,,,,,,,,,,,,,,,,,,,,,,,,,1600,,,3213,,VISO,FOR,,,,,,126417,,,,,,,,2026FR_056,,,,,,,,,,,,,,,,,,1821562
8970170,13-02-2026 20:00:00,54.59535500,0.17407500,,,LV,Clupea harengus,I4537,2,,,,1610455,1821551,FRANCE,35HT,4458,12366,12105,,,3.33333333333333,10087,,,,,,,,,,,,,,,,,,,,,,,,,,,E2094,,,,,,,MRN2,,,,,,,,,,,,,,,,,,,,,,,,,1600,,,3213,,VISO,FOR,,,,,,126417,,,,,,,,2026FR_056,,,,,,,,,,,,,,,,,,1821551
8970171,13-02-2026 20:00:00,54.59535500,0.17407500,,,LV,Clupea harengus,I4537,1,,,,1610455,1821552,FRANCE,35HT,4458,12366,12105,,,3.33333333333333,10087,,,,,,,,,,,,,,,,,,,,,,,,,,,E2094,,,,,,,MRN2,,,,,,,,,,,,,,,,,,,,,,,,,1600,,,3213,,VISO,FOR,,,,,,126417,,,,,,,,2026FR_056,,,,,,,,,,,,,,,,,,1821552
8970172,13-02-2026 20:00:00,54.59535500,0.17407500,,,LV,Clupea harengus,I4537,1,,,,1610455,1821553,FRANCE,35HT,4458,12366,12105,,,3.33333333333333,10087,,,,,,,,,,,,,,,,,,,,,,,,,,,E2094,,,,,,,MRN2,,,,,,,,,,,,,,,,,,,,,,,,,1600,,,3213,,VISO,FOR,,,,,,126417,,,,,,,,2026FR_056,,,,,,,,,,,,,,,,,,1821553
8970173,13-02-2026 20:00:00,54.59535500,0.17407500,,,LV,Sardina pilchardus,I4537,1,,,,1610455,1822065,FRANCE,35HT,4458,12366,12129,,,3.33333333333333,10087,,,,,,,,,,,,,,,,,,,,,,,,,,,E2094,,,,,,,MRN2,,,,,,,,,,,,,,,,,,,,,,,,,1600,,,3213,,VISO,FOR,,,,,,126421,,,,,,,,2026FR_056,,,,,,,,,,,,,,,,,,1822065
8970174,13-02-2026 22:02:00,54.59200600,-0.15511600,,,LV,Clupea harengus,I4537,1,,,,1610456,1821554,FRANCE,35HT,4458,12366,12105,,,3.33333333333333,9296,,,,,,,,,,,,,,,,,,,,,,,,,,,E2095,,,,,,,MRN2,,,,,,,,,,,,,,,,,,,,,,,,,1600,,,2720,,VISO,FOR,,,,,,126417,,,,,,,,2026FR_057,,,,,,,,,,,,,,,,,,1821554
8970175,13-02-2026 22:02:00,54.59200600,-0.15511600,,,LV,Clupea harengus,I4537,4,,,,1610456,1821555,FRANCE,35HT,4458,12366,12105,,,3.33333333333333,9296,,,,,,,,,,,,,,,,,,,,,,,,,,,E2095,,,,,,,MRN2,,,,,,,,,,,,,,,,,,,,,,,,,1600,,,2720,,VISO,FOR,,,,,,126417,,,,,,,,2026FR_057,,,,,,,,,,,,,,,,,,1821555
8970176,13-02-2026 22:02:00,54.59200600,-0.15511600,,,LV,Clupea harengus,I4537,6,,,,1610456,1821556,FRANCE,35HT,4458,12366,12105,,,3.33333333333333,9296,,,,,,,,,,,,,,,,,,,,,,,,,,,E2095,,,,,,,MRN2,,,,,,,,,,,,,,,,,,,,,,,,,1600,,,2720,,VISO,FOR,,,,,,126417,,,,,,,,2026FR_057,,,,,,,,,,,,,,,,,,1821556
8970177,13-02-2026 22:02:00,54.59200600,-0.15511600,,,LV,Clupea harengus,I4537,5,,,,1610456,1821545,FRANCE,35HT,4458,12366,12105,,,3.33333333333333,9296,,,,,,,,,,,,,,,,,,,,,,,,,,,E2095,,,,,,,MRN2,,,,,,,,,,,,,,,,,,,,,,,,,1600,,,2720,,VISO,FOR,,,,,,126417,,,,,,,,2026FR_057,,,,,,,,,,,,,,,,,,1821545
8970178,13-02-2026 22:02:00,54.59200600,-0.15511600,,,LV,Clupea harengus,I4537,5,,,,1610456,1821546,FRANCE,35HT,4458,12366,12105,,,3.33333333333333,9296,,,,,,,,,,,,,,,,,,,,,,,,,,,E2095,,,,,,,MRN2,,,,,,,,,,,,,,,,,,,,,,,,,1600,,,2720,,VISO,FOR,,,,,,126417,,,,,,,,2026FR_057,,,,,,,,,,,,,,,,,,1821546
8970179,13-02-2026 22:02:00,54.59200600,-0.15511600,,,LV,Clupea harengus,I4537,5,,,,1610456,1821547,FRANCE,35HT,4458,12366,12105,,,3.33333333333333,9296,,,,,,,,,,,,,,,,,,,,,,,,,,,E2095,,,,,,,MRN2,,,,,,,,,,,,,,,,,,,,,,,,,1600,,,2720,,VISO,FOR,,,,,,126417,,,,,,,,2026FR_057,,,,,,,,,,,,,,,,,,1821547
8970180,13-02-2026 22:02:00,54.59200600,-0.15511600,,,LV,Clupea harengus,I4537,1,,,,1610456,1821548,FRANCE,35HT,4458,12366,12105,,,3.33333333333333,9296,,,,,,,,,,,,,,,,,,,,,,,,,,,E2095,,,,,,,MRN2,,,,,,,,,,,,,,,,,,,,,,,,,1600,,,2720,,VISO,FOR,,,,,,126417,,,,,,,,2026FR_057,,,,,,,,,,,,,,,,,,1821548
8970181,13-02-2026 22:02:00,54.59200600,-0.15511600,,,LV,Clupea harengus,I4537,1,,,,1610456,1821549,FRANCE,35HT,4458,12366,12105,,,3.33333333333333,9296,,,,,,,,,,,,,,,,,,,,,,,,,,,E2095,,,,,,,MRN2,,,,,,,,,,,,,,,,,,,,,,,,,1600,,,2720,,VISO,FOR,,,,,,126417,,,,,,,,2026FR_057,,,,,,,,,,,,,,,,,,1821549
8970182,13-02-2026 22:02:00,54.59200600,-0.15511600,,,LV,Clupea harengus,I4537,2,,,,1610456,1821550,FRANCE,35HT,4458,12366,12105,,,3.33333333333333,9296,,,,,,,,,,,,,,,,,,,,,,,,,,,E2095,,,,,,,MRN2,,,,,,,,,,,,,,,,,,,,,,,,,1600,,,2720,,VISO,FOR,,,,,,126417,,,,,,,,2026FR_057,,,,,,,,,,,,,,,,,,1821550
8970183,13-02-2026 22:02:00,54.59200600,-0.15511600,,,LV,Clupea harengus,I4537,3,,,,1610456,1821539,FRANCE,35HT,4458,12366,12105,,,3.33333333333333,9296,,,,,,,,,,,,,,,,,,,,,,,,,,,E2095,,,,,,,MRN2,,,,,,,,,,,,,,,,,,,,,,,,,1600,,,2720,,VISO,FOR,,,,,,126417,,,,,,,,2026FR_057,,,,,,,,,,,,,,,,,,1821539
8970184,13-02-2026 22:02:00,54.59200600,-0.15511600,,,LV,Clupea harengus,I4537,1,,,,1610456,1821540,FRANCE,35HT,4458,12366,12105,,,3.33333333333333,9296,,,,,,,,,,,,,,,,,,,,,,,,,,,E2095,,,,,,,MRN2,,,,,,,,,,,,,,,,,,,,,,,,,1600,,,2720,,VISO,FOR,,,,,,126417,,,,,,,,2026FR_057,,,,,,,,,,,,,,,,,,1821540
8970185,13-02-2026 22:02:00,54.59200600,-0.15511600,,,LV,Clupea harengus,I4537,2,,,,1610456,1821541,FRANCE,35HT,4458,12366,12105,,,3.33333333333333,9296,,,,,,,,,,,,,,,,,,,,,,,,,,,E2095,,,,,,,MRN2,,,,,,,,,,,,,,,,,,,,,,,,,1600,,,2720,,VISO,FOR,,,,,,126417,,,,,,,,2026FR_057,,,,,,,,,,,,,,,,,,1821541
8970186,13-02-2026 22:02:00,54.59200600,-0.15511600,,,LV,Clupea harengus,I4537,6,,,,1610456,1821542,FRANCE,35HT,4458,12366,12105,,,3.33333333333333,9296,,,,,,,,,,,,,,,,,,,,,,,,,,,E2095,,,,,,,MRN2,,,,,,,,,,,,,,,,,,,,,,,,,1600,,,2720,,VISO,FOR,,,,,,126417,,,,,,,,2026FR_057,,,,,,,,,,,,,,,,,,1821542
8970187,13-02-2026 00:10:00,54.40453200,-0.22029400,,,LV,Clupea harengus,I4537,1,,,,1610457,1821543,FRANCE,35HT,4458,12366,12105,,,3.33333333333333,6653,,,,,,,,,,,,,,,,,,,,,,,,,,,E2097,,,,,,,MRN2,,,,,,,,,,,,,,,,,,,,,,,,,1600,,,1961,,VISO,FOR,,,,,,126417,,,,,,,,2026FR_058,,,,,,,,,,,,,,,,,,1821543
8970188,13-02-2026 00:10:00,54.40453200,-0.22029400,,,LV,Clupea harengus,I4537,1,,,,1610457,1821544,FRANCE,35HT,4458,12366,12105,,,3.33333333333333,6653,,,,,,,,,,,,,,,,,,,,,,,,,,,E2097,,,,,,,MRN2,,,,,,,,,,,,,,,,,,,,,,,,,1600,,,1961,,VISO,FOR,,,,,,126417,,,,,,,,2026FR_058,,,,,,,,,,,,,,,,,,1821544
8970189,14-02-2026 02:17:00,54.22493900,-0.14023600,,,LV,Clupea harengus,I4537,1,,,,1610458,1821533,FRANCE,35HT,4458,12366,12105,,,3.33333333333333,6855,,,,,,,,,,,,,,,,,,,,,,,,,,,E2098,,,,,,,MRN2,,,,,,,,,,,,,,,,,,,,,,,,,1600,,,2101,,VISO,FOR,,,,,,126417,,,,,,,,2026FR_059,,,,,,,,,,,,,,,,,,1821533
8970190,14-02-2026 02:17:00,54.22493900,-0.14023600,,,LV,Clupea harengus,I4537,1,,,,1610458,1821534,FRANCE,35HT,4458,12366,12105,,,3.33333333333333,6855,,,,,,,,,,,,,,,,,,,,,,,,,,,E2098,,,,,,,MRN2,,,,,,,,,,,,,,,,,,,,,,,,,1600,,,2101,,VISO,FOR,,,,,,126417,,,,,,,,2026FR_059,,,,,,,,,,,,,,,,,,1821534
8970191,14-02-2026 02:17:00,54.22493900,-0.14023600,,,LV,Clupea harengus,I4537,2,,,,1610458,1821535,FRANCE,35HT,4458,12366,12105,,,3.33333333333333,6855,,,,,,,,,,,,,,,,,,,,,,,,,,,E2098,,,,,,,MRN2,,,,,,,,,,,,,,,,,,,,,,,,,1600,,,2101,,VISO,FOR,,,,,,126417,,,,,,,,2026FR_059,,,,,,,,,,,,,,,,,,1821535
8970192,14-02-2026 06:10:00,53.91503400,0.17558500,,,LV,Clupea harengus,I4537,5,,,,1610459,1821536,FRANCE,35HT,4458,12366,12105,,,3.33333333333333,5342,,,,,,,,,,,,,,,,,,,,,,,,,,,E2099,,,,,,,MRN2,,,,,,,,,,,,,,,,,,,,,,,,,1600,,,1585,,VISO,FOR,,,,,,126417,,,,,,,,2026FR_060,,,,,,,,,,,,,,,,,,1821536
8970193,14-02-2026 06:10:00,53.91503400,0.17558500,,,LV,Clupea harengus,I4537,1,,,,1610459,1821537,FRANCE,35HT,4458,12366,12105,,,3.33333333333333,5342,,,,,,,,,,,,,,,,,,,,,,,,,,,E2099,,,,,,,MRN2,,,,,,,,,,,,,,,,,,,,,,,,,1600,,,1585,,VISO,FOR,,,,,,126417,,,,,,,,2026FR_060,,,,,,,,,,,,,,,,,,1821537
8970194,14-02-2026 06:10:00,53.91503400,0.17558500,,,LV,Clupea harengus,I4537,6,,,,1610459,1821538,FRANCE,35HT,4458,12366,12105,,,3.33333333333333,5342,,,,,,,,,,,,,,,,,,,,,,,,,,,E2099,,,,,,,MRN2,,,,,,,,,,,,,,,,,,,,,,,,,1600,,,1585,,VISO,FOR,,,,,,126417,,,,,,,,2026FR_060,,,,,,,,,,,,,,,,,,1821538
8970195,14-02-2026 06:10:00,53.91503400,0.17558500,,,LV,Clupea harengus,I4537,4,,,,1610459,1821527,FRANCE,35HT,4458,12366,12105,,,3.33333333333333,5342,,,,,,,,,,,,,,,,,,,,,,,,,,,E2099,,,,,,,MRN2,,,,,,,,,,,,,,,,,,,,,,,,,1600,,,1585,,VISO,FOR,,,,,,126417,,,,,,,,2026FR_060,,,,,,,,,,,,,,,,,,1821527
8970196,14-02-2026 06:10:00,53.91503400,0.17558500,,,LV,Clupea harengus,I4537,3,,,,1610459,1821528,FRANCE,35HT,4458,12366,12105,,,3.33333333333333,5342,,,,,,,,,,,,,,,,,,,,,,,,,,,E2099,,,,,,,MRN2,,,,,,,,,,,,,,,,,,,,,,,,,1600,,,1585,,VISO,FOR,,,,,,126417,,,,,,,,2026FR_060,,,,,,,,,,,,,,,,,,1821528
8970197,14-02-2026 06:10:00,53.91503400,0.17558500,,,LV,Clupea harengus,I4537,1,,,,1610459,1821529,FRANCE,35HT,4458,12366,12105,,,3.33333333333333,5342,,,,,,,,,,,,,,,,,,,,,,,,,,,E2099,,,,,,,MRN2,,,,,,,,,,,,,,,,,,,,,,,,,1600,,,1585,,VISO,FOR,,,,,,126417,,,,,,,,2026FR_060,,,,,,,,,,,,,,,,,,1821529
8970198,14-02-2026 06:10:00,53.91503400,0.17558500,,,LV,Clupea harengus,I4537,1,,,,1610459,1821530,FRANCE,35HT,4458,12366,12105,,,3.33333333333333,5342,,,,,,,,,,,,,,,,,,,,,,,,,,,E2099,,,,,,,MRN2,,,,,,,,,,,,,,,,,,,,,,,,,1600,,,1585,,VISO,FOR,,,,,,126417,,,,,,,,2026FR_060,,,,,,,,,,,,,,,,,,1821530
8970199,14-02-2026 06:10:00,53.91503400,0.17558500,,,LV,Clupea harengus,I4537,2,,,,1610459,1821531,FRANCE,35HT,4458,12366,12105,,,3.33333333333333,5342,,,,,,,,,,,,,,,,,,,,,,,,,,,E2099,,,,,,,MRN2,,,,,,,,,,,,,,,,,,,,,,,,,1600,,,1585,,VISO,FOR,,,,,,126417,,,,,,,,2026FR_060,,,,,,,,,,,,,,,,,,1821531
8970200,14-02-2026 06:10:00,53.91503400,0.17558500,,,LV,Clupea harengus,I4537,4,,,,1610459,1821532,FRANCE,35HT,4458,12366,12105,,,3.33333333333333,5342,,,,,,,,,,,,,,,,,,,,,,,,,,,E2099,,,,,,,MRN2,,,,,,,,,,,,,,,,,,,,,,,,,1600,,,1585,,VISO,FOR,,,,,,126417,,,,,,,,2026FR_060,,,,,,,,,,,,,,,,,,1821532
8970201,14-02-2026 06:10:00,53.91503400,0.17558500,,,LV,Clupea harengus,I4537,3,,,,1610459,1821521,FRANCE,35HT,4458,12366,12105,,,3.33333333333333,5342,,,,,,,,,,,,,,,,,,,,,,,,,,,E2099,,,,,,,MRN2,,,,,,,,,,,,,,,,,,,,,,,,,1600,,,1585,,VISO,FOR,,,,,,126417,,,,,,,,2026FR_060,,,,,,,,,,,,,,,,,,1821521
8970202,14-02-2026 06:10:00,53.91503400,0.17558500,,,LV,Clupea harengus,I4537,4,,,,1610459,1821522,FRANCE,35HT,4458,12366,12105,,,3.33333333333333,5342,,,,,,,,,,,,,,,,,,,,,,,,,,,E2099,,,,,,,MRN2,,,,,,,,,,,,,,,,,,,,,,,,,1600,,,1585,,VISO,FOR,,,,,,126417,,,,,,,,2026FR_060,,,,,,,,,,,,,,,,,,1821522
8970203,14-02-2026 19:07:00,53.71898100,1.55949100,,,LV,Clupea harengus,I4537,1,,,,1610460,1821523,FRANCE,35HT,4458,12366,12105,,,3.33333333333333,4630,,,,,,,,,,,,,,,,,,,,,,,,,,,E2103,,,,,,,MRN2,,,,,,,,,,,,,,,,,,,,,,,,,1600,,,1165,,VISO,FOR,,,,,,126417,,,,,,,,2026FR_061,,,,,,,,,,,,,,,,,,1821523
8970204,14-02-2026 19:07:00,53.71898100,1.55949100,,,LV,Clupea harengus,I4537,1,,,,1610460,1821524,FRANCE,35HT,4458,12366,12105,,,3.33333333333333,4630,,,,,,,,,,,,,,,,,,,,,,,,,,,E2103,,,,,,,MRN2,,,,,,,,,,,,,,,,,,,,,,,,,1600,,,1165,,VISO,FOR,,,,,,126417,,,,,,,,2026FR_061,,,,,,,,,,,,,,,,,,1821524
8970205,14-02-2026 19:07:00,53.71898100,1.55949100,,,LV,Clupea harengus,I4537,1,,,,1610460,1821525,FRANCE,35HT,4458,12366,12105,,,3.33333333333333,4630,,,,,,,,,,,,,,,,,,,,,,,,,,,E2103,,,,,,,MRN2,,,,,,,,,,,,,,,,,,,,,,,,,1600,,,1165,,VISO,FOR,,,,,,126417,,,,,,,,2026FR_061,,,,,,,,,,,,,,,,,,1821525
8970206,14-02-2026 19:07:00,53.71898100,1.55949100,,,LV,Clupea harengus,I4537,2,,,,1610460,1821526,FRANCE,35HT,4458,12366,12105,,,3.33333333333333,4630,,,,,,,,,,,,,,,,,,,,,,,,,,,E2103,,,,,,,MRN2,,,,,,,,,,,,,,,,,,,,,,,,,1600,,,1165,,VISO,FOR,,,,,,126417,,,,,,,,2026FR_061,,,,,,,,,,,,,,,,,,1821526
8970207,14-02-2026 19:07:00,53.71898100,1.55949100,,,LV,Clupea harengus,I4537,1,,,,1610460,1821515,FRANCE,35HT,4458,12366,12105,,,3.33333333333333,4630,,,,,,,,,,,,,,,,,,,,,,,,,,,E2103,,,,,,,MRN2,,,,,,,,,,,,,,,,,,,,,,,,,1600,,,1165,,VISO,FOR,,,,,,126417,,,,,,,,2026FR_061,,,,,,,,,,,,,,,,,,1821515
8970208,14-02-2026 19:07:00,53.71898100,1.55949100,,,LV,Clupea harengus,I4537,1,,,,1610460,1821516,FRANCE,35HT,4458,12366,12105,,,3.33333333333333,4630,,,,,,,,,,,,,,,,,,,,,,,,,,,E2103,,,,,,,MRN2,,,,,,,,,,,,,,,,,,,,,,,,,1600,,,1165,,VISO,FOR,,,,,,126417,,,,,,,,2026FR_061,,,,,,,,,,,,,,,,,,1821516
8970209,14-02-2026 19:07:00,53.71898100,1.55949100,,,LV,Clupea harengus,I4537,3,,,,1610460,1821517,FRANCE,35HT,4458,12366,12105,,,3.33333333333333,4630,,,,,,,,,,,,,,,,,,,,,,,,,,,E2103,,,,,,,MRN2,,,,,,,,,,,,,,,,,,,,,,,,,1600,,,1165,,VISO,FOR,,,,,,126417,,,,,,,,2026FR_061,,,,,,,,,,,,,,,,,,1821517
8970210,14-02-2026 20:37:00,53.80894600,1.30296100,,,LV,Clupea harengus,I4537,1,,,,1610461,1821518,FRANCE,35HT,4458,12366,12105,,,3.33333333333333,3796,,,,,,,,,,,,,,,,,,,,,,,,,,,E2104,,,,,,,MRN2,,,,,,,,,,,,,,,,,,,,,,,,,1600,,,1076,,VISO,FOR,,,,,,126417,,,,,,,,2026FR_062,,,,,,,,,,,,,,,,,,1821518
8970211,14-02-2026 20:37:00,53.80894600,1.30296100,,,LV,Clupea harengus,I4537,3,,,,1610461,1821519,FRANCE,35HT,4458,12366,12105,,,3.33333333333333,3796,,,,,,,,,,,,,,,,,,,,,,,,,,,E2104,,,,,,,MRN2,,,,,,,,,,,,,,,,,,,,,,,,,1600,,,1076,,VISO,FOR,,,,,,126417,,,,,,,,2026FR_062,,,,,,,,,,,,,,,,,,1821519
8970212,14-02-2026 20:37:00,53.80894600,1.30296100,,,LV,Clupea harengus,I4537,3,,,,1610461,1821520,FRANCE,35HT,4458,12366,12105,,,3.33333333333333,3796,,,,,,,,,,,,,,,,,,,,,,,,,,,E2104,,,,,,,MRN2,,,,,,,,,,,,,,,,,,,,,,,,,1600,,,1076,,VISO,FOR,,,,,,126417,,,,,,,,2026FR_062,,,,,,,,,,,,,,,,,,1821520
8970213,14-02-2026 22:14:00,53.64249100,1.15661800,,,LV,Clupea harengus,I4537,1,,,,1610462,1821509,FRANCE,35HT,4458,12366,12105,,,3.33333333333333,4376,,,,,,,,,,,,,,,,,,,,,,,,,,,E2105,,,,,,,MRN2,,,,,,,,,,,,,,,,,,,,,,,,,1600,,,1401,,VISO,FOR,,,,,,126417,,,,,,,,2026FR_063,,,,,,,,,,,,,,,,,,1821509
8970214,14-02-2026 23:46:00,53.66229800,0.84865600,,,LV,Clupea harengus,I4537,3,,,,1610463,1821510,FRANCE,35HT,4458,12366,12105,,,3.33333333333333,4629,,,,,,,,,,,,,,,,,,,,,,,,,,,E2106,,,,,,,MRN2,,,,,,,,,,,,,,,,,,,,,,,,,1600,,,1137,,VISO,FOR,,,,,,126417,,,,,,,,2026FR_064,,,,,,,,,,,,,,,,,,1821510
8970215,14-02-2026 23:46:00,53.66229800,0.84865600,,,LV,Clupea harengus,I4537,6,,,,1610463,1821511,FRANCE,35HT,4458,12366,12105,,,3.33333333333333,4629,,,,,,,,,,,,,,,,,,,,,,,,,,,E2106,,,,,,,MRN2,,,,,,,,,,,,,,,,,,,,,,,,,1600,,,1137,,VISO,FOR,,,,,,126417,,,,,,,,2026FR_064,,,,,,,,,,,,,,,,,,1821511
8970216,14-02-2026 23:46:00,53.66229800,0.84865600,,,LV,Clupea harengus,I4537,9,,,,1610463,1821512,FRANCE,35HT,4458,12366,12105,,,3.33333333333333,4629,,,,,,,,,,,,,,,,,,,,,,,,,,,E2106,,,,,,,MRN2,,,,,,,,,,,,,,,,,,,,,,,,,1600,,,1137,,VISO,FOR,,,,,,126417,,,,,,,,2026FR_064,,,,,,,,,,,,,,,,,,1821512
8970217,14-02-2026 23:46:00,53.66229800,0.84865600,,,LV,Clupea harengus,I4537,1,,,,1610463,1821513,FRANCE,35HT,4458,12366,12105,,,3.33333333333333,4629,,,,,,,,,,,,,,,,,,,,,,,,,,,E2106,,,,,,,MRN2,,,,,,,,,,,,,,,,,,,,,,,,,1600,,,1137,,VISO,FOR,,,,,,126417,,,,,,,,2026FR_064,,,,,,,,,,,,,,,,,,1821513
8970218,14-02-2026 23:46:00,53.66229800,0.84865600,,,LV,Clupea harengus,I4537,4,,,,1610463,1821514,FRANCE,35HT,4458,12366,12105,,,3.33333333333333,4629,,,,,,,,,,,,,,,,,,,,,,,,,,,E2106,,,,,,,MRN2,,,,,,,,,,,,,,,,,,,,,,,,,1600,,,1137,,VISO,FOR,,,,,,126417,,,,,,,,2026FR_064,,,,,,,,,,,,,,,,,,1821514
8970219,14-02-2026 23:46:00,53.66229800,0.84865600,,,LV,Clupea harengus,I4537,13,,,,1610463,1821503,FRANCE,35HT,4458,12366,12105,,,3.33333333333333,4629,,,,,,,,,,,,,,,,,,,,,,,,,,,E2106,,,,,,,MRN2,,,,,,,,,,,,,,,,,,,,,,,,,1600,,,1137,,VISO,FOR,,,,,,126417,,,,,,,,2026FR_064,,,,,,,,,,,,,,,,,,1821503
8970220,14-02-2026 23:46:00,53.66229800,0.84865600,,,LV,Clupea harengus,I4537,15,,,,1610463,1821504,FRANCE,35HT,4458,12366,12105,,,3.33333333333333,4629,,,,,,,,,,,,,,,,,,,,,,,,,,,E2106,,,,,,,MRN2,,,,,,,,,,,,,,,,,,,,,,,,,1600,,,1137,,VISO,FOR,,,,,,126417,,,,,,,,2026FR_064,,,,,,,,,,,,,,,,,,1821504
8970221,14-02-2026 23:46:00,53.66229800,0.84865600,,,LV,Clupea harengus,I4537,4,,,,1610463,1821505,FRANCE,35HT,4458,12366,12105,,,3.33333333333333,4629,,,,,,,,,,,,,,,,,,,,,,,,,,,E2106,,,,,,,MRN2,,,,,,,,,,,,,,,,,,,,,,,,,1600,,,1137,,VISO,FOR,,,,,,126417,,,,,,,,2026FR_064,,,,,,,,,,,,,,,,,,1821505
8970222,14-02-2026 23:46:00,53.66229800,0.84865600,,,LV,Clupea harengus,I4537,1,,,,1610463,1821506,FRANCE,35HT,4458,12366,12105,,,3.33333333333333,4629,,,,,,,,,,,,,,,,,,,,,,,,,,,E2106,,,,,,,MRN2,,,,,,,,,,,,,,,,,,,,,,,,,1600,,,1137,,VISO,FOR,,,,,,126417,,,,,,,,2026FR_064,,,,,,,,,,,,,,,,,,1821506
8970223,15-02-2026 01:34:00,53.60122000,0.57429200,,,LV,Clupea harengus,I4537,1,,,,1610464,1821507,FRANCE,35HT,4458,12366,12105,,,3.33333333333333,3999,,,,,,,,,,,,,,,,,,,,,,,,,,,E2107,,,,,,,MRN2,,,,,,,,,,,,,,,,,,,,,,,,,1600,,,1223,,VISO,FOR,,,,,,126417,,,,,,,,2026FR_065,,,,,,,,,,,,,,,,,,1821507
8970224,15-02-2026 04:43:00,53.38892200,0.86003000,,,LV,Clupea harengus,I4537,1,,,,1610466,1821508,FRANCE,35HT,4458,12366,12105,,,3.33333333333333,5736,,,,,,,,,,,,,,,,,,,,,,,,,,,E2109,,,,,,,MRN2,,,,,,,,,,,,,,,,,,,,,,,,,1600,,,2115,,VISO,FOR,,,,,,126417,,,,,,,,2026FR_067,,,,,,,,,,,,,,,,,,1821508
8970225,15-02-2026 04:43:00,53.38892200,0.86003000,,,LV,Clupea harengus,I4537,1,,,,1610466,1821497,FRANCE,35HT,4458,12366,12105,,,3.33333333333333,5736,,,,,,,,,,,,,,,,,,,,,,,,,,,E2109,,,,,,,MRN2,,,,,,,,,,,,,,,,,,,,,,,,,1600,,,2115,,VISO,FOR,,,,,,126417,,,,,,,,2026FR_067,,,,,,,,,,,,,,,,,,1821497
8970226,15-02-2026 04:43:00,53.38892200,0.86003000,,,LV,Clupea harengus,I4537,2,,,,1610466,1821498,FRANCE,35HT,4458,12366,12105,,,3.33333333333333,5736,,,,,,,,,,,,,,,,,,,,,,,,,,,E2109,,,,,,,MRN2,,,,,,,,,,,,,,,,,,,,,,,,,1600,,,2115,,VISO,FOR,,,,,,126417,,,,,,,,2026FR_067,,,,,,,,,,,,,,,,,,1821498
8970227,15-02-2026 04:43:00,53.38892200,0.86003000,,,LV,Clupea harengus,I4537,4,,,,1610466,1821499,FRANCE,35HT,4458,12366,12105,,,3.33333333333333,5736,,,,,,,,,,,,,,,,,,,,,,,,,,,E2109,,,,,,,MRN2,,,,,,,,,,,,,,,,,,,,,,,,,1600,,,2115,,VISO,FOR,,,,,,126417,,,,,,,,2026FR_067,,,,,,,,,,,,,,,,,,1821499
8970228,15-02-2026 04:43:00,53.38892200,0.86003000,,,LV,Clupea harengus,I4537,1,,,,1610466,1821500,FRANCE,35HT,4458,12366,12105,,,3.33333333333333,5736,,,,,,,,,,,,,,,,,,,,,,,,,,,E2109,,,,,,,MRN2,,,,,,,,,,,,,,,,,,,,,,,,,1600,,,2115,,VISO,FOR,,,,,,126417,,,,,,,,2026FR_067,,,,,,,,,,,,,,,,,,1821500
8970229,15-02-2026 04:43:00,53.38892200,0.86003000,,,LV,Clupea harengus,I4537,1,,,,1610466,1821501,FRANCE,35HT,4458,12366,12105,,,3.33333333333333,5736,,,,,,,,,,,,,,,,,,,,,,,,,,,E2109,,,,,,,MRN2,,,,,,,,,,,,,,,,,,,,,,,,,1600,,,2115,,VISO,FOR,,,,,,126417,,,,,,,,2026FR_067,,,,,,,,,,,,,,,,,,1821501
8970230,15-02-2026 04:43:00,53.38892200,0.86003000,,,LV,Clupea harengus,I4537,5,,,,1610466,1821502,FRANCE,35HT,4458,12366,12105,,,3.33333333333333,5736,,,,,,,,,,,,,,,,,,,,,,,,,,,E2109,,,,,,,MRN2,,,,,,,,,,,,,,,,,,,,,,,,,1600,,,2115,,VISO,FOR,,,,,,126417,,,,,,,,2026FR_067,,,,,,,,,,,,,,,,,,1821502
8970231,15-02-2026 04:43:00,53.38892200,0.86003000,,,LV,Clupea harengus,I4537,3,,,,1610466,1821491,FRANCE,35HT,4458,12366,12105,,,3.33333333333333,5736,,,,,,,,,,,,,,,,,,,,,,,,,,,E2109,,,,,,,MRN2,,,,,,,,,,,,,,,,,,,,,,,,,1600,,,2115,,VISO,FOR,,,,,,126417,,,,,,,,2026FR_067,,,,,,,,,,,,,,,,,,1821491
8970232,15-02-2026 04:43:00,53.38892200,0.86003000,,,LV,Clupea harengus,I4537,1,,,,1610466,1821492,FRANCE,35HT,4458,12366,12105,,,3.33333333333333,5736,,,,,,,,,,,,,,,,,,,,,,,,,,,E2109,,,,,,,MRN2,,,,,,,,,,,,,,,,,,,,,,,,,1600,,,2115,,VISO,FOR,,,,,,126417,,,,,,,,2026FR_067,,,,,,,,,,,,,,,,,,1821492
8970233,15-02-2026 04:43:00,53.38892200,0.86003000,,,LV,Clupea harengus,I4537,2,,,,1610466,1821493,FRANCE,35HT,4458,12366,12105,,,3.33333333333333,5736,,,,,,,,,,,,,,,,,,,,,,,,,,,E2109,,,,,,,MRN2,,,,,,,,,,,,,,,,,,,,,,,,,1600,,,2115,,VISO,FOR,,,,,,126417,,,,,,,,2026FR_067,,,,,,,,,,,,,,,,,,1821493
8970234,15-02-2026 19:25:00,53.58539700,1.40351500,,,LV,Clupea harengus,I4537,1,,,,1610467,1821494,FRANCE,35HT,4458,12366,12105,,,3.33333333333333,3901,,,,,,,,,,,,,,,,,,,,,,,,,,,E2114,,,,,,,MRN2,,,,,,,,,,,,,,,,,,,,,,,,,1600,,,1429,,VISO,FOR,,,,,,126417,,,,,,,,2026FR_068,,,,,,,,,,,,,,,,,,1821494
8970235,15-02-2026 19:25:00,53.58539700,1.40351500,,,LV,Clupea harengus,I4537,1,,,,1610467,1821495,FRANCE,35HT,4458,12366,12105,,,3.33333333333333,3901,,,,,,,,,,,,,,,,,,,,,,,,,,,E2114,,,,,,,MRN2,,,,,,,,,,,,,,,,,,,,,,,,,1600,,,1429,,VISO,FOR,,,,,,126417,,,,,,,,2026FR_068,,,,,,,,,,,,,,,,,,1821495
8970236,15-02-2026 19:25:00,53.58539700,1.40351500,,,LV,Clupea harengus,I4537,1,,,,1610467,1821496,FRANCE,35HT,4458,12366,12105,,,3.33333333333333,3901,,,,,,,,,,,,,,,,,,,,,,,,,,,E2114,,,,,,,MRN2,,,,,,,,,,,,,,,,,,,,,,,,,1600,,,1429,,VISO,FOR,,,,,,126417,,,,,,,,2026FR_068,,,,,,,,,,,,,,,,,,1821496
8970237,15-02-2026 19:25:00,53.58539700,1.40351500,,,LV,Clupea harengus,I4537,1,,,,1610467,1821485,FRANCE,35HT,4458,12366,12105,,,3.33333333333333,3901,,,,,,,,,,,,,,,,,,,,,,,,,,,E2114,,,,,,,MRN2,,,,,,,,,,,,,,,,,,,,,,,,,1600,,,1429,,VISO,FOR,,,,,,126417,,,,,,,,2026FR_068,,,,,,,,,,,,,,,,,,1821485
8970238,15-02-2026 20:59:00,53.40373000,1.52473900,,,LV,Clupea harengus,I4537,8,,,,1610468,1821486,FRANCE,35HT,4458,12366,12105,,,3.33333333333333,5225,,,,,,,,,,,,,,,,,,,,,,,,,,,E2115,,,,,,,MRN2,,,,,,,,,,,,,,,,,,,,,,,,,1600,,,1520,,VISO,FOR,,,,,,126417,,,,,,,,2026FR_069,,,,,,,,,,,,,,,,,,1821486
8970239,15-02-2026 20:59:00,53.40373000,1.52473900,,,LV,Clupea harengus,I4537,7,,,,1610468,1821487,FRANCE,35HT,4458,12366,12105,,,3.33333333333333,5225,,,,,,,,,,,,,,,,,,,,,,,,,,,E2115,,,,,,,MRN2,,,,,,,,,,,,,,,,,,,,,,,,,1600,,,1520,,VISO,FOR,,,,,,126417,,,,,,,,2026FR_069,,,,,,,,,,,,,,,,,,1821487
8970240,15-02-2026 20:59:00,53.40373000,1.52473900,,,LV,Clupea harengus,I4537,4,,,,1610468,1821488,FRANCE,35HT,4458,12366,12105,,,3.33333333333333,5225,,,,,,,,,,,,,,,,,,,,,,,,,,,E2115,,,,,,,MRN2,,,,,,,,,,,,,,,,,,,,,,,,,1600,,,1520,,VISO,FOR,,,,,,126417,,,,,,,,2026FR_069,,,,,,,,,,,,,,,,,,1821488
8970241,15-02-2026 20:59:00,53.40373000,1.52473900,,,LV,Clupea harengus,I4537,7,,,,1610468,1821489,FRANCE,35HT,4458,12366,12105,,,3.33333333333333,5225,,,,,,,,,,,,,,,,,,,,,,,,,,,E2115,,,,,,,MRN2,,,,,,,,,,,,,,,,,,,,,,,,,1600,,,1520,,VISO,FOR,,,,,,126417,,,,,,,,2026FR_069,,,,,,,,,,,,,,,,,,1821489
8970242,15-02-2026 20:59:00,53.40373000,1.52473900,,,LV,Clupea harengus,I4537,3,,,,1610468,1821490,FRANCE,35HT,4458,12366,12105,,,3.33333333333333,5225,,,,,,,,,,,,,,,,,,,,,,,,,,,E2115,,,,,,,MRN2,,,,,,,,,,,,,,,,,,,,,,,,,1600,,,1520,,VISO,FOR,,,,,,126417,,,,,,,,2026FR_069,,,,,,,,,,,,,,,,,,1821490
8970243,15-02-2026 20:59:00,53.40373000,1.52473900,,,LV,Clupea harengus,I4537,1,,,,1610468,1821479,FRANCE,35HT,4458,12366,12105,,,3.33333333333333,5225,,,,,,,,,,,,,,,,,,,,,,,,,,,E2115,,,,,,,MRN2,,,,,,,,,,,,,,,,,,,,,,,,,1600,,,1520,,VISO,FOR,,,,,,126417,,,,,,,,2026FR_069,,,,,,,,,,,,,,,,,,1821479
8970244,15-02-2026 20:59:00,53.40373000,1.52473900,,,LV,Clupea harengus,I4537,2,,,,1610468,1821480,FRANCE,35HT,4458,12366,12105,,,3.33333333333333,5225,,,,,,,,,,,,,,,,,,,,,,,,,,,E2115,,,,,,,MRN2,,,,,,,,,,,,,,,,,,,,,,,,,1600,,,1520,,VISO,FOR,,,,,,126417,,,,,,,,2026FR_069,,,,,,,,,,,,,,,,,,1821480
8970245,15-02-2026 20:59:00,53.40373000,1.52473900,,,LV,Clupea harengus,I4537,1,,,,1610468,1821481,FRANCE,35HT,4458,12366,12105,,,3.33333333333333,5225,,,,,,,,,,,,,,,,,,,,,,,,,,,E2115,,,,,,,MRN2,,,,,,,,,,,,,,,,,,,,,,,,,1600,,,1520,,VISO,FOR,,,,,,126417,,,,,,,,2026FR_069,,,,,,,,,,,,,,,,,,1821481
8970246,15-02-2026 20:59:00,53.40373000,1.52473900,,,LV,Clupea harengus,I4537,4,,,,1610468,1821482,FRANCE,35HT,4458,12366,12105,,,3.33333333333333,5225,,,,,,,,,,,,,,,,,,,,,,,,,,,E2115,,,,,,,MRN2,,,,,,,,,,,,,,,,,,,,,,,,,1600,,,1520,,VISO,FOR,,,,,,126417,,,,,,,,2026FR_069,,,,,,,,,,,,,,,,,,1821482
8970247,15-02-2026 20:59:00,53.40373000,1.52473900,,,LV,Clupea harengus,I4537,6,,,,1610468,1821483,FRANCE,35HT,4458,12366,12105,,,3.33333333333333,5225,,,,,,,,,,,,,,,,,,,,,,,,,,,E2115,,,,,,,MRN2,,,,,,,,,,,,,,,,,,,,,,,,,1600,,,1520,,VISO,FOR,,,,,,126417,,,,,,,,2026FR_069,,,,,,,,,,,,,,,,,,1821483
8970248,15-02-2026 20:59:00,53.40373000,1.52473900,,,LV,Clupea harengus,I4537,8,,,,1610468,1821484,FRANCE,35HT,4458,12366,12105,,,3.33333333333333,5225,,,,,,,,,,,,,,,,,,,,,,,,,,,E2115,,,,,,,MRN2,,,,,,,,,,,,,,,,,,,,,,,,,1600,,,1520,,VISO,FOR,,,,,,126417,,,,,,,,2026FR_069,,,,,,,,,,,,,,,,,,1821484
8970249,15-02-2026 22:56:00,53.26638600,1.73167600,,,LV,Clupea harengus,I4537,2,,,,1610469,1821473,FRANCE,35HT,4458,12366,12105,,,3.33333333333333,5143,,,,,,,,,,,,,,,,,,,,,,,,,,,E2116,,,,,,,MRN2,,,,,,,,,,,,,,,,,,,,,,,,,1600,,,1515,,VISO,FOR,,,,,,126417,,,,,,,,2026FR_070,,,,,,,,,,,,,,,,,,1821473
8970250,15-02-2026 22:56:00,53.26638600,1.73167600,,,LV,Clupea harengus,I4537,1,,,,1610469,1821474,FRANCE,35HT,4458,12366,12105,,,3.33333333333333,5143,,,,,,,,,,,,,,,,,,,,,,,,,,,E2116,,,,,,,MRN2,,,,,,,,,,,,,,,,,,,,,,,,,1600,,,1515,,VISO,FOR,,,,,,126417,,,,,,,,2026FR_070,,,,,,,,,,,,,,,,,,1821474
8970251,15-02-2026 22:56:00,53.26638600,1.73167600,,,LV,Clupea harengus,I4537,2,,,,1610469,1821475,FRANCE,35HT,4458,12366,12105,,,3.33333333333333,5143,,,,,,,,,,,,,,,,,,,,,,,,,,,E2116,,,,,,,MRN2,,,,,,,,,,,,,,,,,,,,,,,,,1600,,,1515,,VISO,FOR,,,,,,126417,,,,,,,,2026FR_070,,,,,,,,,,,,,,,,,,1821475
8970252,15-02-2026 22:56:00,53.26638600,1.73167600,,,LV,Clupea harengus,I4537,1,,,,1610469,1821476,FRANCE,35HT,4458,12366,12105,,,3.33333333333333,5143,,,,,,,,,,,,,,,,,,,,,,,,,,,E2116,,,,,,,MRN2,,,,,,,,,,,,,,,,,,,,,,,,,1600,,,1515,,VISO,FOR,,,,,,126417,,,,,,,,2026FR_070,,,,,,,,,,,,,,,,,,1821476
8970253,15-02-2026 22:56:00,53.26638600,1.73167600,,,LV,Clupea harengus,I4537,1,,,,1610469,1821477,FRANCE,35HT,4458,12366,12105,,,3.33333333333333,5143,,,,,,,,,,,,,,,,,,,,,,,,,,,E2116,,,,,,,MRN2,,,,,,,,,,,,,,,,,,,,,,,,,1600,,,1515,,VISO,FOR,,,,,,126417,,,,,,,,2026FR_070,,,,,,,,,,,,,,,,,,1821477
8970254,15-02-2026 22:56:00,53.26638600,1.73167600,,,LV,Clupea harengus,I4537,1,,,,1610469,1821478,FRANCE,35HT,4458,12366,12105,,,3.33333333333333,5143,,,,,,,,,,,,,,,,,,,,,,,,,,,E2116,,,,,,,MRN2,,,,,,,,,,,,,,,,,,,,,,,,,1600,,,1515,,VISO,FOR,,,,,,126417,,,,,,,,2026FR_070,,,,,,,,,,,,,,,,,,1821478
8970255,15-02-2026 22:56:00,53.26638600,1.73167600,,,LV,Clupea harengus,I4537,3,,,,1610469,1821467,FRANCE,35HT,4458,12366,12105,,,3.33333333333333,5143,,,,,,,,,,,,,,,,,,,,,,,,,,,E2116,,,,,,,MRN2,,,,,,,,,,,,,,,,,,,,,,,,,1600,,,1515,,VISO,FOR,,,,,,126417,,,,,,,,2026FR_070,,,,,,,,,,,,,,,,,,1821467
8970256,15-02-2026 22:56:00,53.26638600,1.73167600,,,LV,Clupea harengus,I4537,1,,,,1610469,1821468,FRANCE,35HT,4458,12366,12105,,,3.33333333333333,5143,,,,,,,,,,,,,,,,,,,,,,,,,,,E2116,,,,,,,MRN2,,,,,,,,,,,,,,,,,,,,,,,,,1600,,,1515,,VISO,FOR,,,,,,126417,,,,,,,,2026FR_070,,,,,,,,,,,,,,,,,,1821468
8970257,15-02-2026 22:56:00,53.26638600,1.73167600,,,LV,Sardina pilchardus,I4537,1,,,,1610469,1822066,FRANCE,35HT,4458,12366,12129,,,3.33333333333333,5143,,,,,,,,,,,,,,,,,,,,,,,,,,,E2116,,,,,,,MRN2,,,,,,,,,,,,,,,,,,,,,,,,,1600,,,1515,,VISO,FOR,,,,,,126421,,,,,,,,2026FR_070,,,,,,,,,,,,,,,,,,1822066
8970258,16-02-2026 03:03:00,53.38091700,2.16666200,,,LV,Clupea harengus,I4537,5,,,,1610471,1821469,FRANCE,35HT,4458,12366,12105,,,3.33333333333333,4528,,,,,,,,,,,,,,,,,,,,,,,,,,,E2118,,,,,,,MRN2,,,,,,,,,,,,,,,,,,,,,,,,,1600,,,1324,,VISO,FOR,,,,,,126417,,,,,,,,2026FR_072,,,,,,,,,,,,,,,,,,1821469
8970259,16-02-2026 03:03:00,53.38091700,2.16666200,,,LV,Clupea harengus,I4537,5,,,,1610471,1821470,FRANCE,35HT,4458,12366,12105,,,3.33333333333333,4528,,,,,,,,,,,,,,,,,,,,,,,,,,,E2118,,,,,,,MRN2,,,,,,,,,,,,,,,,,,,,,,,,,1600,,,1324,,VISO,FOR,,,,,,126417,,,,,,,,2026FR_072,,,,,,,,,,,,,,,,,,1821470
8970260,16-02-2026 03:03:00,53.38091700,2.16666200,,,LV,Clupea harengus,I4537,1,,,,1610471,1821471,FRANCE,35HT,4458,12366,12105,,,3.33333333333333,4528,,,,,,,,,,,,,,,,,,,,,,,,,,,E2118,,,,,,,MRN2,,,,,,,,,,,,,,,,,,,,,,,,,1600,,,1324,,VISO,FOR,,,,,,126417,,,,,,,,2026FR_072,,,,,,,,,,,,,,,,,,1821471
8970261,16-02-2026 03:03:00,53.38091700,2.16666200,,,LV,Clupea harengus,I4537,1,,,,1610471,1821472,FRANCE,35HT,4458,12366,12105,,,3.33333333333333,4528,,,,,,,,,,,,,,,,,,,,,,,,,,,E2118,,,,,,,MRN2,,,,,,,,,,,,,,,,,,,,,,,,,1600,,,1324,,VISO,FOR,,,,,,126417,,,,,,,,2026FR_072,,,,,,,,,,,,,,,,,,1821472
8970262,16-02-2026 03:03:00,53.38091700,2.16666200,,,LV,Clupea harengus,I4537,1,,,,1610471,1821461,FRANCE,35HT,4458,12366,12105,,,3.33333333333333,4528,,,,,,,,,,,,,,,,,,,,,,,,,,,E2118,,,,,,,MRN2,,,,,,,,,,,,,,,,,,,,,,,,,1600,,,1324,,VISO,FOR,,,,,,126417,,,,,,,,2026FR_072,,,,,,,,,,,,,,,,,,1821461
8970263,16-02-2026 03:03:00,53.38091700,2.16666200,,,LV,Clupea harengus,I4537,2,,,,1610471,1821462,FRANCE,35HT,4458,12366,12105,,,3.33333333333333,4528,,,,,,,,,,,,,,,,,,,,,,,,,,,E2118,,,,,,,MRN2,,,,,,,,,,,,,,,,,,,,,,,,,1600,,,1324,,VISO,FOR,,,,,,126417,,,,,,,,2026FR_072,,,,,,,,,,,,,,,,,,1821462
8970264,16-02-2026 03:03:00,53.38091700,2.16666200,,,LV,Clupea harengus,I4537,1,,,,1610471,1821463,FRANCE,35HT,4458,12366,12105,,,3.33333333333333,4528,,,,,,,,,,,,,,,,,,,,,,,,,,,E2118,,,,,,,MRN2,,,,,,,,,,,,,,,,,,,,,,,,,1600,,,1324,,VISO,FOR,,,,,,126417,,,,,,,,2026FR_072,,,,,,,,,,,,,,,,,,1821463
8970265,16-02-2026 03:03:00,53.38091700,2.16666200,,,LV,Clupea harengus,I4537,3,,,,1610471,1821464,FRANCE,35HT,4458,12366,12105,,,3.33333333333333,4528,,,,,,,,,,,,,,,,,,,,,,,,,,,E2118,,,,,,,MRN2,,,,,,,,,,,,,,,,,,,,,,,,,1600,,,1324,,VISO,FOR,,,,,,126417,,,,,,,,2026FR_072,,,,,,,,,,,,,,,,,,1821464
8970266,16-02-2026 03:03:00,53.38091700,2.16666200,,,LV,Clupea harengus,I4537,1,,,,1610471,1821465,FRANCE,35HT,4458,12366,12105,,,3.33333333333333,4528,,,,,,,,,,,,,,,,,,,,,,,,,,,E2118,,,,,,,MRN2,,,,,,,,,,,,,,,,,,,,,,,,,1600,,,1324,,VISO,FOR,,,,,,126417,,,,,,,,2026FR_072,,,,,,,,,,,,,,,,,,1821465
8970267,16-02-2026 03:03:00,53.38091700,2.16666200,,,LV,Clupea harengus,I4537,2,,,,1610471,1821466,FRANCE,35HT,4458,12366,12105,,,3.33333333333333,4528,,,,,,,,,,,,,,,,,,,,,,,,,,,E2118,,,,,,,MRN2,,,,,,,,,,,,,,,,,,,,,,,,,1600,,,1324,,VISO,FOR,,,,,,126417,,,,,,,,2026FR_072,,,,,,,,,,,,,,,,,,1821466
8970268,16-02-2026 03:03:00,53.38091700,2.16666200,,,LV,Clupea harengus,I4537,1,,,,1610471,1821455,FRANCE,35HT,4458,12366,12105,,,3.33333333333333,4528,,,,,,,,,,,,,,,,,,,,,,,,,,,E2118,,,,,,,MRN2,,,,,,,,,,,,,,,,,,,,,,,,,1600,,,1324,,VISO,FOR,,,,,,126417,,,,,,,,2026FR_072,,,,,,,,,,,,,,,,,,1821455
8970269,16-02-2026 03:03:00,53.38091700,2.16666200,,,LV,Sardina pilchardus,I4537,1,,,,1610471,1822067,FRANCE,35HT,4458,12366,12129,,,3.33333333333333,4528,,,,,,,,,,,,,,,,,,,,,,,,,,,E2118,,,,,,,MRN2,,,,,,,,,,,,,,,,,,,,,,,,,1600,,,1324,,VISO,FOR,,,,,,126421,,,,,,,,2026FR_072,,,,,,,,,,,,,,,,,,1822067
8970270,16-02-2026 03:03:00,53.38091700,2.16666200,,,LV,Sardina pilchardus,I4537,1,,,,1610471,1822068,FRANCE,35HT,4458,12366,12129,,,3.33333333333333,4528,,,,,,,,,,,,,,,,,,,,,,,,,,,E2118,,,,,,,MRN2,,,,,,,,,,,,,,,,,,,,,,,,,1600,,,1324,,VISO,FOR,,,,,,126421,,,,,,,,2026FR_072,,,,,,,,,,,,,,,,,,1822068
8970271,16-02-2026 03:03:00,53.38091700,2.16666200,,,LV,Sardina pilchardus,I4537,2,,,,1610471,1822069,FRANCE,35HT,4458,12366,12129,,,3.33333333333333,4528,,,,,,,,,,,,,,,,,,,,,,,,,,,E2118,,,,,,,MRN2,,,,,,,,,,,,,,,,,,,,,,,,,1600,,,1324,,VISO,FOR,,,,,,126421,,,,,,,,2026FR_072,,,,,,,,,,,,,,,,,,1822069
8970272,16-02-2026 23:32:00,52.86462700,1.70225800,,,LV,Clupea harengus,I4537,1,,,,1610475,1821456,FRANCE,35HT,4458,12366,12105,,,3.33333333333333,5492,,,,,,,,,,,,,,,,,,,,,,,,,,,E2126,,,,,,,MRN2,,,,,,,,,,,,,,,,,,,,,,,,,1600,,,1708,,VISO,FOR,,,,,,126417,,,,,,,,2026FR_076,,,,,,,,,,,,,,,,,,1821456
8970273,16-02-2026 23:32:00,52.86462700,1.70225800,,,LV,Clupea harengus,I4537,2,,,,1610475,1821457,FRANCE,35HT,4458,12366,12105,,,3.33333333333333,5492,,,,,,,,,,,,,,,,,,,,,,,,,,,E2126,,,,,,,MRN2,,,,,,,,,,,,,,,,,,,,,,,,,1600,,,1708,,VISO,FOR,,,,,,126417,,,,,,,,2026FR_076,,,,,,,,,,,,,,,,,,1821457
8970274,16-02-2026 23:32:00,52.86462700,1.70225800,,,LV,Clupea harengus,I4537,1,,,,1610475,1821458,FRANCE,35HT,4458,12366,12105,,,3.33333333333333,5492,,,,,,,,,,,,,,,,,,,,,,,,,,,E2126,,,,,,,MRN2,,,,,,,,,,,,,,,,,,,,,,,,,1600,,,1708,,VISO,FOR,,,,,,126417,,,,,,,,2026FR_076,,,,,,,,,,,,,,,,,,1821458
8970275,16-02-2026 23:32:00,52.86462700,1.70225800,,,LV,Clupea harengus,I4537,1,,,,1610475,1821459,FRANCE,35HT,4458,12366,12105,,,3.33333333333333,5492,,,,,,,,,,,,,,,,,,,,,,,,,,,E2126,,,,,,,MRN2,,,,,,,,,,,,,,,,,,,,,,,,,1600,,,1708,,VISO,FOR,,,,,,126417,,,,,,,,2026FR_076,,,,,,,,,,,,,,,,,,1821459
8970276,17-02-2026 18:08:00,52.30343200,2.85726700,,,LV,Clupea harengus,I4537,31,,,,1610479,1821460,FRANCE,35HT,4458,12366,12105,,,3.33333333333333,4761,,,,,,,,,,,,,,,,,,,,,,,,,,,E2133,,,,,,,MRN2,,,,,,,,,,,,,,,,,,,,,,,,,1600,,,1279,,VISO,FOR,,,,,,126417,,,,,,,,2026FR_080,,,,,,,,,,,,,,,,,,1821460
8970277,17-02-2026 18:08:00,52.30343200,2.85726700,,,LV,Clupea harengus,I4537,1,,,,1610479,1821449,FRANCE,35HT,4458,12366,12105,,,3.33333333333333,4761,,,,,,,,,,,,,,,,,,,,,,,,,,,E2133,,,,,,,MRN2,,,,,,,,,,,,,,,,,,,,,,,,,1600,,,1279,,VISO,FOR,,,,,,126417,,,,,,,,2026FR_080,,,,,,,,,,,,,,,,,,1821449
8970278,17-02-2026 18:08:00,52.30343200,2.85726700,,,LV,Clupea harengus,I4537,6,,,,1610479,1821450,FRANCE,35HT,4458,12366,12105,,,3.33333333333333,4761,,,,,,,,,,,,,,,,,,,,,,,,,,,E2133,,,,,,,MRN2,,,,,,,,,,,,,,,,,,,,,,,,,1600,,,1279,,VISO,FOR,,,,,,126417,,,,,,,,2026FR_080,,,,,,,,,,,,,,,,,,1821450
8970279,17-02-2026 18:08:00,52.30343200,2.85726700,,,LV,Clupea harengus,I4537,16,,,,1610479,1821451,FRANCE,35HT,4458,12366,12105,,,3.33333333333333,4761,,,,,,,,,,,,,,,,,,,,,,,,,,,E2133,,,,,,,MRN2,,,,,,,,,,,,,,,,,,,,,,,,,1600,,,1279,,VISO,FOR,,,,,,126417,,,,,,,,2026FR_080,,,,,,,,,,,,,,,,,,1821451
8970280,17-02-2026 18:08:00,52.30343200,2.85726700,,,LV,Clupea harengus,I4537,2,,,,1610479,1821452,FRANCE,35HT,4458,12366,12105,,,3.33333333333333,4761,,,,,,,,,,,,,,,,,,,,,,,,,,,E2133,,,,,,,MRN2,,,,,,,,,,,,,,,,,,,,,,,,,1600,,,1279,,VISO,FOR,,,,,,126417,,,,,,,,2026FR_080,,,,,,,,,,,,,,,,,,1821452
8970281,17-02-2026 18:08:00,52.30343200,2.85726700,,,LV,Clupea harengus,I4537,1,,,,1610479,1821453,FRANCE,35HT,4458,12366,12105,,,3.33333333333333,4761,,,,,,,,,,,,,,,,,,,,,,,,,,,E2133,,,,,,,MRN2,,,,,,,,,,,,,,,,,,,,,,,,,1600,,,1279,,VISO,FOR,,,,,,126417,,,,,,,,2026FR_080,,,,,,,,,,,,,,,,,,1821453
8970282,17-02-2026 18:08:00,52.30343200,2.85726700,,,LV,Clupea harengus,I4537,20,,,,1610479,1821454,FRANCE,35HT,4458,12366,12105,,,3.33333333333333,4761,,,,,,,,,,,,,,,,,,,,,,,,,,,E2133,,,,,,,MRN2,,,,,,,,,,,,,,,,,,,,,,,,,1600,,,1279,,VISO,FOR,,,,,,126417,,,,,,,,2026FR_080,,,,,,,,,,,,,,,,,,1821454
8970283,17-02-2026 18:08:00,52.30343200,2.85726700,,,LV,Clupea harengus,I4537,3,,,,1610479,1821443,FRANCE,35HT,4458,12366,12105,,,3.33333333333333,4761,,,,,,,,,,,,,,,,,,,,,,,,,,,E2133,,,,,,,MRN2,,,,,,,,,,,,,,,,,,,,,,,,,1600,,,1279,,VISO,FOR,,,,,,126417,,,,,,,,2026FR_080,,,,,,,,,,,,,,,,,,1821443
8970284,17-02-2026 18:08:00,52.30343200,2.85726700,,,LV,Clupea harengus,I4537,4,,,,1610479,1821444,FRANCE,35HT,4458,12366,12105,,,3.33333333333333,4761,,,,,,,,,,,,,,,,,,,,,,,,,,,E2133,,,,,,,MRN2,,,,,,,,,,,,,,,,,,,,,,,,,1600,,,1279,,VISO,FOR,,,,,,126417,,,,,,,,2026FR_080,,,,,,,,,,,,,,,,,,1821444
8970285,17-02-2026 18:08:00,52.30343200,2.85726700,,,LV,Clupea harengus,I4537,11,,,,1610479,1821445,FRANCE,35HT,4458,12366,12105,,,3.33333333333333,4761,,,,,,,,,,,,,,,,,,,,,,,,,,,E2133,,,,,,,MRN2,,,,,,,,,,,,,,,,,,,,,,,,,1600,,,1279,,VISO,FOR,,,,,,126417,,,,,,,,2026FR_080,,,,,,,,,,,,,,,,,,1821445
8970286,17-02-2026 20:44:00,52.13654200,2.77222800,,,LV,Clupea harengus,I4537,21,,,,1610480,1821446,FRANCE,35HT,4458,12366,12105,,,3.33333333333333,6450,,,,,,,,,,,,,,,,,,,,,,,,,,,E2134,,,,,,,MRN2,,,,,,,,,,,,,,,,,,,,,,,,,1600,,,1075,,VISO,FOR,,,,,,126417,,,,,,,,2026FR_081,,,,,,,,,,,,,,,,,,1821446
8970287,17-02-2026 20:44:00,52.13654200,2.77222800,,,LV,Clupea harengus,I4537,10,,,,1610480,1821447,FRANCE,35HT,4458,12366,12105,,,3.33333333333333,6450,,,,,,,,,,,,,,,,,,,,,,,,,,,E2134,,,,,,,MRN2,,,,,,,,,,,,,,,,,,,,,,,,,1600,,,1075,,VISO,FOR,,,,,,126417,,,,,,,,2026FR_081,,,,,,,,,,,,,,,,,,1821447
8970288,17-02-2026 20:44:00,52.13654200,2.77222800,,,LV,Clupea harengus,I4537,9,,,,1610480,1821448,FRANCE,35HT,4458,12366,12105,,,3.33333333333333,6450,,,,,,,,,,,,,,,,,,,,,,,,,,,E2134,,,,,,,MRN2,,,,,,,,,,,,,,,,,,,,,,,,,1600,,,1075,,VISO,FOR,,,,,,126417,,,,,,,,2026FR_081,,,,,,,,,,,,,,,,,,1821448
8970289,17-02-2026 20:44:00,52.13654200,2.77222800,,,LV,Clupea harengus,I4537,10,,,,1610480,1821437,FRANCE,35HT,4458,12366,12105,,,3.33333333333333,6450,,,,,,,,,,,,,,,,,,,,,,,,,,,E2134,,,,,,,MRN2,,,,,,,,,,,,,,,,,,,,,,,,,1600,,,1075,,VISO,FOR,,,,,,126417,,,,,,,,2026FR_081,,,,,,,,,,,,,,,,,,1821437
8970290,17-02-2026 20:44:00,52.13654200,2.77222800,,,LV,Clupea harengus,I4537,9,,,,1610480,1821438,FRANCE,35HT,4458,12366,12105,,,3.33333333333333,6450,,,,,,,,,,,,,,,,,,,,,,,,,,,E2134,,,,,,,MRN2,,,,,,,,,,,,,,,,,,,,,,,,,1600,,,1075,,VISO,FOR,,,,,,126417,,,,,,,,2026FR_081,,,,,,,,,,,,,,,,,,1821438
8970291,17-02-2026 20:44:00,52.13654200,2.77222800,,,LV,Clupea harengus,I4537,1,,,,1610480,1821439,FRANCE,35HT,4458,12366,12105,,,3.33333333333333,6450,,,,,,,,,,,,,,,,,,,,,,,,,,,E2134,,,,,,,MRN2,,,,,,,,,,,,,,,,,,,,,,,,,1600,,,1075,,VISO,FOR,,,,,,126417,,,,,,,,2026FR_081,,,,,,,,,,,,,,,,,,1821439
8970292,17-02-2026 20:44:00,52.13654200,2.77222800,,,LV,Clupea harengus,I4537,15,,,,1610480,1821440,FRANCE,35HT,4458,12366,12105,,,3.33333333333333,6450,,,,,,,,,,,,,,,,,,,,,,,,,,,E2134,,,,,,,MRN2,,,,,,,,,,,,,,,,,,,,,,,,,1600,,,1075,,VISO,FOR,,,,,,126417,,,,,,,,2026FR_081,,,,,,,,,,,,,,,,,,1821440
8970293,17-02-2026 20:44:00,52.13654200,2.77222800,,,LV,Sardina pilchardus,I4537,2,,,,1610480,1822058,FRANCE,35HT,4458,12366,12129,,,3.33333333333333,6450,,,,,,,,,,,,,,,,,,,,,,,,,,,E2134,,,,,,,MRN2,,,,,,,,,,,,,,,,,,,,,,,,,1600,,,1075,,VISO,FOR,,,,,,126421,,,,,,,,2026FR_081,,,,,,,,,,,,,,,,,,1822058
8970294,17-02-2026 20:44:00,52.13654200,2.77222800,,,LV,Sardina pilchardus,I4537,1,,,,1610480,1822059,FRANCE,35HT,4458,12366,12129,,,3.33333333333333,6450,,,,,,,,,,,,,,,,,,,,,,,,,,,E2134,,,,,,,MRN2,,,,,,,,,,,,,,,,,,,,,,,,,1600,,,1075,,VISO,FOR,,,,,,126421,,,,,,,,2026FR_081,,,,,,,,,,,,,,,,,,1822059
8970295,17-02-2026 20:44:00,52.13654200,2.77222800,,,LV,Sardina pilchardus,I4537,1,,,,1610480,1822060,FRANCE,35HT,4458,12366,12129,,,3.33333333333333,6450,,,,,,,,,,,,,,,,,,,,,,,,,,,E2134,,,,,,,MRN2,,,,,,,,,,,,,,,,,,,,,,,,,1600,,,1075,,VISO,FOR,,,,,,126421,,,,,,,,2026FR_081,,,,,,,,,,,,,,,,,,1822060
8970296,17-02-2026 20:44:00,52.13654200,2.77222800,,,LV,Sardina pilchardus,I4537,2,,,,1610480,1822061,FRANCE,35HT,4458,12366,12129,,,3.33333333333333,6450,,,,,,,,,,,,,,,,,,,,,,,,,,,E2134,,,,,,,MRN2,,,,,,,,,,,,,,,,,,,,,,,,,1600,,,1075,,VISO,FOR,,,,,,126421,,,,,,,,2026FR_081,,,,,,,,,,,,,,,,,,1822061
8970297,17-02-2026 23:44:00,51.85561300,3.24219600,,,LV,Clupea harengus,I4537,1,,,,1610481,1821441,FRANCE,35HT,4458,12366,12105,,,3.33333333333333,3732,,,,,,,,,,,,,,,,,,,,,,,,,,,E2135,,,,,,,MRN2,,,,,,,,,,,,,,,,,,,,,,,,,1600,,,679,,VISO,FOR,,,,,,126417,,,,,,,,2026FR_082,,,,,,,,,,,,,,,,,,1821441
8970298,17-02-2026 23:44:00,51.85561300,3.24219600,,,LV,Clupea harengus,I4537,2,,,,1610481,1821442,FRANCE,35HT,4458,12366,12105,,,3.33333333333333,3732,,,,,,,,,,,,,,,,,,,,,,,,,,,E2135,,,,,,,MRN2,,,,,,,,,,,,,,,,,,,,,,,,,1600,,,679,,VISO,FOR,,,,,,126417,,,,,,,,2026FR_082,,,,,,,,,,,,,,,,,,1821442
8970299,17-02-2026 23:44:00,51.85561300,3.24219600,,,LV,Clupea harengus,I4537,1,,,,1610481,1821431,FRANCE,35HT,4458,12366,12105,,,3.33333333333333,3732,,,,,,,,,,,,,,,,,,,,,,,,,,,E2135,,,,,,,MRN2,,,,,,,,,,,,,,,,,,,,,,,,,1600,,,679,,VISO,FOR,,,,,,126417,,,,,,,,2026FR_082,,,,,,,,,,,,,,,,,,1821431
8970300,17-02-2026 23:44:00,51.85561300,3.24219600,,,LV,Clupea harengus,I4537,1,,,,1610481,1821432,FRANCE,35HT,4458,12366,12105,,,3.33333333333333,3732,,,,,,,,,,,,,,,,,,,,,,,,,,,E2135,,,,,,,MRN2,,,,,,,,,,,,,,,,,,,,,,,,,1600,,,679,,VISO,FOR,,,,,,126417,,,,,,,,2026FR_082,,,,,,,,,,,,,,,,,,1821432
8970301,17-02-2026 23:44:00,51.85561300,3.24219600,,,LV,Clupea harengus,I4537,11,,,,1610481,1821433,FRANCE,35HT,4458,12366,12105,,,3.33333333333333,3732,,,,,,,,,,,,,,,,,,,,,,,,,,,E2135,,,,,,,MRN2,,,,,,,,,,,,,,,,,,,,,,,,,1600,,,679,,VISO,FOR,,,,,,126417,,,,,,,,2026FR_082,,,,,,,,,,,,,,,,,,1821433
8970302,17-02-2026 23:44:00,51.85561300,3.24219600,,,LV,Clupea harengus,I4537,1,,,,1610481,1821434,FRANCE,35HT,4458,12366,12105,,,3.33333333333333,3732,,,,,,,,,,,,,,,,,,,,,,,,,,,E2135,,,,,,,MRN2,,,,,,,,,,,,,,,,,,,,,,,,,1600,,,679,,VISO,FOR,,,,,,126417,,,,,,,,2026FR_082,,,,,,,,,,,,,,,,,,1821434
8970303,17-02-2026 23:44:00,51.85561300,3.24219600,,,LV,Clupea harengus,I4537,14,,,,1610481,1821435,FRANCE,35HT,4458,12366,12105,,,3.33333333333333,3732,,,,,,,,,,,,,,,,,,,,,,,,,,,E2135,,,,,,,MRN2,,,,,,,,,,,,,,,,,,,,,,,,,1600,,,679,,VISO,FOR,,,,,,126417,,,,,,,,2026FR_082,,,,,,,,,,,,,,,,,,1821435
8970304,17-02-2026 23:44:00,51.85561300,3.24219600,,,LV,Clupea harengus,I4537,12,,,,1610481,1821436,FRANCE,35HT,4458,12366,12105,,,3.33333333333333,3732,,,,,,,,,,,,,,,,,,,,,,,,,,,E2135,,,,,,,MRN2,,,,,,,,,,,,,,,,,,,,,,,,,1600,,,679,,VISO,FOR,,,,,,126417,,,,,,,,2026FR_082,,,,,,,,,,,,,,,,,,1821436
8970305,17-02-2026 23:44:00,51.85561300,3.24219600,,,LV,Clupea harengus,I4537,11,,,,1610481,1821425,FRANCE,35HT,4458,12366,12105,,,3.33333333333333,3732,,,,,,,,,,,,,,,,,,,,,,,,,,,E2135,,,,,,,MRN2,,,,,,,,,,,,,,,,,,,,,,,,,1600,,,679,,VISO,FOR,,,,,,126417,,,,,,,,2026FR_082,,,,,,,,,,,,,,,,,,1821425
8970306,17-02-2026 23:44:00,51.85561300,3.24219600,,,LV,Clupea harengus,I4537,14,,,,1610481,1821426,FRANCE,35HT,4458,12366,12105,,,3.33333333333333,3732,,,,,,,,,,,,,,,,,,,,,,,,,,,E2135,,,,,,,MRN2,,,,,,,,,,,,,,,,,,,,,,,,,1600,,,679,,VISO,FOR,,,,,,126417,,,,,,,,2026FR_082,,,,,,,,,,,,,,,,,,1821426
8970307,17-02-2026 23:44:00,51.85561300,3.24219600,,,LV,Clupea harengus,I4537,1,,,,1610481,1821427,FRANCE,35HT,4458,12366,12105,,,3.33333333333333,3732,,,,,,,,,,,,,,,,,,,,,,,,,,,E2135,,,,,,,MRN2,,,,,,,,,,,,,,,,,,,,,,,,,1600,,,679,,VISO,FOR,,,,,,126417,,,,,,,,2026FR_082,,,,,,,,,,,,,,,,,,1821427
8970308,17-02-2026 23:44:00,51.85561300,3.24219600,,,LV,Clupea harengus,I4537,1,,,,1610481,1821428,FRANCE,35HT,4458,12366,12105,,,3.33333333333333,3732,,,,,,,,,,,,,,,,,,,,,,,,,,,E2135,,,,,,,MRN2,,,,,,,,,,,,,,,,,,,,,,,,,1600,,,679,,VISO,FOR,,,,,,126417,,,,,,,,2026FR_082,,,,,,,,,,,,,,,,,,1821428
8970309,17-02-2026 23:44:00,51.85561300,3.24219600,,,LV,Clupea harengus,I4537,1,,,,1610481,1821429,FRANCE,35HT,4458,12366,12105,,,3.33333333333333,3732,,,,,,,,,,,,,,,,,,,,,,,,,,,E2135,,,,,,,MRN2,,,,,,,,,,,,,,,,,,,,,,,,,1600,,,679,,VISO,FOR,,,,,,126417,,,,,,,,2026FR_082,,,,,,,,,,,,,,,,,,1821429
8970310,17-02-2026 23:44:00,51.85561300,3.24219600,,,LV,Sardina pilchardus,I4537,1,,,,1610481,1822062,FRANCE,35HT,4458,12366,12129,,,3.33333333333333,3732,,,,,,,,,,,,,,,,,,,,,,,,,,,E2135,,,,,,,MRN2,,,,,,,,,,,,,,,,,,,,,,,,,1600,,,679,,VISO,FOR,,,,,,126421,,,,,,,,2026FR_082,,,,,,,,,,,,,,,,,,1822062
8970311,17-02-2026 23:44:00,51.85561300,3.24219600,,,LV,Sardina pilchardus,I4537,4,,,,1610481,1822063,FRANCE,35HT,4458,12366,12129,,,3.33333333333333,3732,,,,,,,,,,,,,,,,,,,,,,,,,,,E2135,,,,,,,MRN2,,,,,,,,,,,,,,,,,,,,,,,,,1600,,,679,,VISO,FOR,,,,,,126421,,,,,,,,2026FR_082,,,,,,,,,,,,,,,,,,1822063
8970312,17-02-2026 23:44:00,51.85561300,3.24219600,,,LV,Sardina pilchardus,I4537,1,,,,1610481,1822052,FRANCE,35HT,4458,12366,12129,,,3.33333333333333,3732,,,,,,,,,,,,,,,,,,,,,,,,,,,E2135,,,,,,,MRN2,,,,,,,,,,,,,,,,,,,,,,,,,1600,,,679,,VISO,FOR,,,,,,126421,,,,,,,,2026FR_082,,,,,,,,,,,,,,,,,,1822052
8970313,17-02-2026 23:44:00,51.85561300,3.24219600,,,LV,Sardina pilchardus,I4537,1,,,,1610481,1822053,FRANCE,35HT,4458,12366,12129,,,3.33333333333333,3732,,,,,,,,,,,,,,,,,,,,,,,,,,,E2135,,,,,,,MRN2,,,,,,,,,,,,,,,,,,,,,,,,,1600,,,679,,VISO,FOR,,,,,,126421,,,,,,,,2026FR_082,,,,,,,,,,,,,,,,,,1822053
8970314,18-02-2026 01:54:00,51.87341800,2.84641900,,,LV,Clupea harengus,I4537,2,,,,1610482,1821430,FRANCE,35HT,4458,12366,12105,,,3.33333333333333,5800,,,,,,,,,,,,,,,,,,,,,,,,,,,E2137,,,,,,,MRN2,,,,,,,,,,,,,,,,,,,,,,,,,1600,,,2359,,VISO,FOR,,,,,,126417,,,,,,,,2026FR_083,,,,,,,,,,,,,,,,,,1821430
8970315,18-02-2026 01:54:00,51.87341800,2.84641900,,,LV,Clupea harengus,I4537,14,,,,1610482,1821419,FRANCE,35HT,4458,12366,12105,,,3.33333333333333,5800,,,,,,,,,,,,,,,,,,,,,,,,,,,E2137,,,,,,,MRN2,,,,,,,,,,,,,,,,,,,,,,,,,1600,,,2359,,VISO,FOR,,,,,,126417,,,,,,,,2026FR_083,,,,,,,,,,,,,,,,,,1821419
8970316,18-02-2026 01:54:00,51.87341800,2.84641900,,,LV,Clupea harengus,I4537,13,,,,1610482,1821420,FRANCE,35HT,4458,12366,12105,,,3.33333333333333,5800,,,,,,,,,,,,,,,,,,,,,,,,,,,E2137,,,,,,,MRN2,,,,,,,,,,,,,,,,,,,,,,,,,1600,,,2359,,VISO,FOR,,,,,,126417,,,,,,,,2026FR_083,,,,,,,,,,,,,,,,,,1821420
8970317,18-02-2026 01:54:00,51.87341800,2.84641900,,,LV,Clupea harengus,I4537,3,,,,1610482,1821421,FRANCE,35HT,4458,12366,12105,,,3.33333333333333,5800,,,,,,,,,,,,,,,,,,,,,,,,,,,E2137,,,,,,,MRN2,,,,,,,,,,,,,,,,,,,,,,,,,1600,,,2359,,VISO,FOR,,,,,,126417,,,,,,,,2026FR_083,,,,,,,,,,,,,,,,,,1821421
8970318,18-02-2026 01:54:00,51.87341800,2.84641900,,,LV,Clupea harengus,I4537,7,,,,1610482,1821422,FRANCE,35HT,4458,12366,12105,,,3.33333333333333,5800,,,,,,,,,,,,,,,,,,,,,,,,,,,E2137,,,,,,,MRN2,,,,,,,,,,,,,,,,,,,,,,,,,1600,,,2359,,VISO,FOR,,,,,,126417,,,,,,,,2026FR_083,,,,,,,,,,,,,,,,,,1821422
8970319,18-02-2026 01:54:00,51.87341800,2.84641900,,,LV,Clupea harengus,I4537,1,,,,1610482,1821423,FRANCE,35HT,4458,12366,12105,,,3.33333333333333,5800,,,,,,,,,,,,,,,,,,,,,,,,,,,E2137,,,,,,,MRN2,,,,,,,,,,,,,,,,,,,,,,,,,1600,,,2359,,VISO,FOR,,,,,,126417,,,,,,,,2026FR_083,,,,,,,,,,,,,,,,,,1821423
8970320,18-02-2026 01:54:00,51.87341800,2.84641900,,,LV,Clupea harengus,I4537,1,,,,1610482,1821424,FRANCE,35HT,4458,12366,12105,,,3.33333333333333,5800,,,,,,,,,,,,,,,,,,,,,,,,,,,E2137,,,,,,,MRN2,,,,,,,,,,,,,,,,,,,,,,,,,1600,,,2359,,VISO,FOR,,,,,,126417,,,,,,,,2026FR_083,,,,,,,,,,,,,,,,,,1821424
8970321,18-02-2026 01:54:00,51.87341800,2.84641900,,,LV,Clupea harengus,I4537,1,,,,1610482,1821413,FRANCE,35HT,4458,12366,12105,,,3.33333333333333,5800,,,,,,,,,,,,,,,,,,,,,,,,,,,E2137,,,,,,,MRN2,,,,,,,,,,,,,,,,,,,,,,,,,1600,,,2359,,VISO,FOR,,,,,,126417,,,,,,,,2026FR_083,,,,,,,,,,,,,,,,,,1821413
8970322,18-02-2026 01:54:00,51.87341800,2.84641900,,,LV,Clupea harengus,I4537,11,,,,1610482,1821414,FRANCE,35HT,4458,12366,12105,,,3.33333333333333,5800,,,,,,,,,,,,,,,,,,,,,,,,,,,E2137,,,,,,,MRN2,,,,,,,,,,,,,,,,,,,,,,,,,1600,,,2359,,VISO,FOR,,,,,,126417,,,,,,,,2026FR_083,,,,,,,,,,,,,,,,,,1821414
8970323,18-02-2026 01:54:00,51.87341800,2.84641900,,,LV,Clupea harengus,I4537,2,,,,1610482,1821415,FRANCE,35HT,4458,12366,12105,,,3.33333333333333,5800,,,,,,,,,,,,,,,,,,,,,,,,,,,E2137,,,,,,,MRN2,,,,,,,,,,,,,,,,,,,,,,,,,1600,,,2359,,VISO,FOR,,,,,,126417,,,,,,,,2026FR_083,,,,,,,,,,,,,,,,,,1821415
8970324,18-02-2026 01:54:00,51.87341800,2.84641900,,,LV,Clupea harengus,I4537,2,,,,1610482,1821416,FRANCE,35HT,4458,12366,12105,,,3.33333333333333,5800,,,,,,,,,,,,,,,,,,,,,,,,,,,E2137,,,,,,,MRN2,,,,,,,,,,,,,,,,,,,,,,,,,1600,,,2359,,VISO,FOR,,,,,,126417,,,,,,,,2026FR_083,,,,,,,,,,,,,,,,,,1821416
8970325,18-02-2026 01:54:00,51.87341800,2.84641900,,,LV,Sardina pilchardus,I4537,1,,,,1610482,1822054,FRANCE,35HT,4458,12366,12129,,,3.33333333333333,5800,,,,,,,,,,,,,,,,,,,,,,,,,,,E2137,,,,,,,MRN2,,,,,,,,,,,,,,,,,,,,,,,,,1600,,,2359,,VISO,FOR,,,,,,126421,,,,,,,,2026FR_083,,,,,,,,,,,,,,,,,,1822054
8970326,18-02-2026 01:54:00,51.87341800,2.84641900,,,LV,Sardina pilchardus,I4537,1,,,,1610482,1822055,FRANCE,35HT,4458,12366,12129,,,3.33333333333333,5800,,,,,,,,,,,,,,,,,,,,,,,,,,,E2137,,,,,,,MRN2,,,,,,,,,,,,,,,,,,,,,,,,,1600,,,2359,,VISO,FOR,,,,,,126421,,,,,,,,2026FR_083,,,,,,,,,,,,,,,,,,1822055
8970327,18-02-2026 01:54:00,51.87341800,2.84641900,,,LV,Sardina pilchardus,I4537,1,,,,1610482,1822056,FRANCE,35HT,4458,12366,12129,,,3.33333333333333,5800,,,,,,,,,,,,,,,,,,,,,,,,,,,E2137,,,,,,,MRN2,,,,,,,,,,,,,,,,,,,,,,,,,1600,,,2359,,VISO,FOR,,,,,,126421,,,,,,,,2026FR_083,,,,,,,,,,,,,,,,,,1822056
8970328,18-02-2026 04:19:00,51.91669400,2.52209700,,,LV,Clupea harengus,I4537,1,,,,1610483,1821417,FRANCE,35HT,4458,12366,12105,,,3.33333333333333,4653,,,,,,,,,,,,,,,,,,,,,,,,,,,E2138,,,,,,,MRN2,,,,,,,,,,,,,,,,,,,,,,,,,1600,,,1886,,VISO,FOR,,,,,,126417,,,,,,,,2026FR_084,,,,,,,,,,,,,,,,,,1821417
8970329,18-02-2026 04:19:00,51.91669400,2.52209700,,,LV,Clupea harengus,I4537,11,,,,1610483,1821418,FRANCE,35HT,4458,12366,12105,,,3.33333333333333,4653,,,,,,,,,,,,,,,,,,,,,,,,,,,E2138,,,,,,,MRN2,,,,,,,,,,,,,,,,,,,,,,,,,1600,,,1886,,VISO,FOR,,,,,,126417,,,,,,,,2026FR_084,,,,,,,,,,,,,,,,,,1821418
8970330,18-02-2026 04:19:00,51.91669400,2.52209700,,,LV,Clupea harengus,I4537,6,,,,1610483,1821407,FRANCE,35HT,4458,12366,12105,,,3.33333333333333,4653,,,,,,,,,,,,,,,,,,,,,,,,,,,E2138,,,,,,,MRN2,,,,,,,,,,,,,,,,,,,,,,,,,1600,,,1886,,VISO,FOR,,,,,,126417,,,,,,,,2026FR_084,,,,,,,,,,,,,,,,,,1821407
8970331,18-02-2026 04:19:00,51.91669400,2.52209700,,,LV,Clupea harengus,I4537,3,,,,1610483,1821408,FRANCE,35HT,4458,12366,12105,,,3.33333333333333,4653,,,,,,,,,,,,,,,,,,,,,,,,,,,E2138,,,,,,,MRN2,,,,,,,,,,,,,,,,,,,,,,,,,1600,,,1886,,VISO,FOR,,,,,,126417,,,,,,,,2026FR_084,,,,,,,,,,,,,,,,,,1821408
8970332,18-02-2026 04:19:00,51.91669400,2.52209700,,,LV,Clupea harengus,I4537,9,,,,1610483,1821409,FRANCE,35HT,4458,12366,12105,,,3.33333333333333,4653,,,,,,,,,,,,,,,,,,,,,,,,,,,E2138,,,,,,,MRN2,,,,,,,,,,,,,,,,,,,,,,,,,1600,,,1886,,VISO,FOR,,,,,,126417,,,,,,,,2026FR_084,,,,,,,,,,,,,,,,,,1821409
8970333,18-02-2026 04:19:00,51.91669400,2.52209700,,,LV,Clupea harengus,I4537,11,,,,1610483,1821410,FRANCE,35HT,4458,12366,12105,,,3.33333333333333,4653,,,,,,,,,,,,,,,,,,,,,,,,,,,E2138,,,,,,,MRN2,,,,,,,,,,,,,,,,,,,,,,,,,1600,,,1886,,VISO,FOR,,,,,,126417,,,,,,,,2026FR_084,,,,,,,,,,,,,,,,,,1821410
8970334,18-02-2026 04:19:00,51.91669400,2.52209700,,,LV,Sardina pilchardus,I4537,1,,,,1610483,1822057,FRANCE,35HT,4458,12366,12129,,,3.33333333333333,4653,,,,,,,,,,,,,,,,,,,,,,,,,,,E2138,,,,,,,MRN2,,,,,,,,,,,,,,,,,,,,,,,,,1600,,,1886,,VISO,FOR,,,,,,126421,,,,,,,,2026FR_084,,,,,,,,,,,,,,,,,,1822057
8970335,18-02-2026 04:19:00,51.91669400,2.52209700,,,LV,Sardina pilchardus,I4537,1,,,,1610483,1822046,FRANCE,35HT,4458,12366,12129,,,3.33333333333333,4653,,,,,,,,,,,,,,,,,,,,,,,,,,,E2138,,,,,,,MRN2,,,,,,,,,,,,,,,,,,,,,,,,,1600,,,1886,,VISO,FOR,,,,,,126421,,,,,,,,2026FR_084,,,,,,,,,,,,,,,,,,1822046
8970336,18-02-2026 06:24:00,51.87171100,2.18893200,,,LV,Clupea harengus,I4537,12,,,,1610484,1821411,FRANCE,35HT,4458,12366,12105,,,3.33333333333333,5288,,,,,,,,,,,,,,,,,,,,,,,,,,,E2139,,,,,,,MRN2,,,,,,,,,,,,,,,,,,,,,,,,,1600,,,1549,,VISO,FOR,,,,,,126417,,,,,,,,2026FR_085,,,,,,,,,,,,,,,,,,1821411
8970337,18-02-2026 06:24:00,51.87171100,2.18893200,,,LV,Clupea harengus,I4537,11,,,,1610484,1821412,FRANCE,35HT,4458,12366,12105,,,3.33333333333333,5288,,,,,,,,,,,,,,,,,,,,,,,,,,,E2139,,,,,,,MRN2,,,,,,,,,,,,,,,,,,,,,,,,,1600,,,1549,,VISO,FOR,,,,,,126417,,,,,,,,2026FR_085,,,,,,,,,,,,,,,,,,1821412
8970338,18-02-2026 06:24:00,51.87171100,2.18893200,,,LV,Clupea harengus,I4537,1,,,,1610484,1821401,FRANCE,35HT,4458,12366,12105,,,3.33333333333333,5288,,,,,,,,,,,,,,,,,,,,,,,,,,,E2139,,,,,,,MRN2,,,,,,,,,,,,,,,,,,,,,,,,,1600,,,1549,,VISO,FOR,,,,,,126417,,,,,,,,2026FR_085,,,,,,,,,,,,,,,,,,1821401
8970339,18-02-2026 06:24:00,51.87171100,2.18893200,,,LV,Clupea harengus,I4537,2,,,,1610484,1821402,FRANCE,35HT,4458,12366,12105,,,3.33333333333333,5288,,,,,,,,,,,,,,,,,,,,,,,,,,,E2139,,,,,,,MRN2,,,,,,,,,,,,,,,,,,,,,,,,,1600,,,1549,,VISO,FOR,,,,,,126417,,,,,,,,2026FR_085,,,,,,,,,,,,,,,,,,1821402
8970340,18-02-2026 06:24:00,51.87171100,2.18893200,,,LV,Clupea harengus,I4537,7,,,,1610484,1821403,FRANCE,35HT,4458,12366,12105,,,3.33333333333333,5288,,,,,,,,,,,,,,,,,,,,,,,,,,,E2139,,,,,,,MRN2,,,,,,,,,,,,,,,,,,,,,,,,,1600,,,1549,,VISO,FOR,,,,,,126417,,,,,,,,2026FR_085,,,,,,,,,,,,,,,,,,1821403
8970341,18-02-2026 06:24:00,51.87171100,2.18893200,,,LV,Clupea harengus,I4537,9,,,,1610484,1821404,FRANCE,35HT,4458,12366,12105,,,3.33333333333333,5288,,,,,,,,,,,,,,,,,,,,,,,,,,,E2139,,,,,,,MRN2,,,,,,,,,,,,,,,,,,,,,,,,,1600,,,1549,,VISO,FOR,,,,,,126417,,,,,,,,2026FR_085,,,,,,,,,,,,,,,,,,1821404
8970342,18-02-2026 06:24:00,51.87171100,2.18893200,,,LV,Clupea harengus,I4537,7,,,,1610484,1821405,FRANCE,35HT,4458,12366,12105,,,3.33333333333333,5288,,,,,,,,,,,,,,,,,,,,,,,,,,,E2139,,,,,,,MRN2,,,,,,,,,,,,,,,,,,,,,,,,,1600,,,1549,,VISO,FOR,,,,,,126417,,,,,,,,2026FR_085,,,,,,,,,,,,,,,,,,1821405
8970343,18-02-2026 06:24:00,51.87171100,2.18893200,,,LV,Sardina pilchardus,I4537,1,,,,1610484,1822047,FRANCE,35HT,4458,12366,12129,,,3.33333333333333,5288,,,,,,,,,,,,,,,,,,,,,,,,,,,E2139,,,,,,,MRN2,,,,,,,,,,,,,,,,,,,,,,,,,1600,,,1549,,VISO,FOR,,,,,,126421,,,,,,,,2026FR_085,,,,,,,,,,,,,,,,,,1822047
8970344,18-02-2026 06:24:00,51.87171100,2.18893200,,,LV,Sardina pilchardus,I4537,1,,,,1610484,1822048,FRANCE,35HT,4458,12366,12129,,,3.33333333333333,5288,,,,,,,,,,,,,,,,,,,,,,,,,,,E2139,,,,,,,MRN2,,,,,,,,,,,,,,,,,,,,,,,,,1600,,,1549,,VISO,FOR,,,,,,126421,,,,,,,,2026FR_085,,,,,,,,,,,,,,,,,,1822048
8970345,19-02-2026 21:10:00,51.35181600,1.74354200,,,LV,Clupea harengus,I4537,1,,,,1610486,1821406,FRANCE,35HT,4458,12366,12105,,,3.33333333333333,5987,,,,,,,,,,,,,,,,,,,,,,,,,,,E2146,,,,,,,MRN2,,,,,,,,,,,,,,,,,,,,,,,,,1600,,,1507,,VISO,FOR,,,,,,126417,,,,,,,,2026FR_087,,,,,,,,,,,,,,,,,,1821406
8970346,19-02-2026 21:10:00,51.35181600,1.74354200,,,LV,Sardina pilchardus,I4537,1,,,,1610486,1822049,FRANCE,35HT,4458,12366,12129,,,3.33333333333333,5987,,,,,,,,,,,,,,,,,,,,,,,,,,,E2146,,,,,,,MRN2,,,,,,,,,,,,,,,,,,,,,,,,,1600,,,1507,,VISO,FOR,,,,,,126421,,,,,,,,2026FR_087,,,,,,,,,,,,,,,,,,1822049
8970347,19-02-2026 21:10:00,51.35181600,1.74354200,,,LV,Sardina pilchardus,I4537,2,,,,1610486,1822050,FRANCE,35HT,4458,12366,12129,,,3.33333333333333,5987,,,,,,,,,,,,,,,,,,,,,,,,,,,E2146,,,,,,,MRN2,,,,,,,,,,,,,,,,,,,,,,,,,1600,,,1507,,VISO,FOR,,,,,,126421,,,,,,,,2026FR_087,,,,,,,,,,,,,,,,,,1822050
8970348,19-02-2026 21:10:00,51.35181600,1.74354200,,,LV,Sardina pilchardus,I4537,1,,,,1610486,1822051,FRANCE,35HT,4458,12366,12129,,,3.33333333333333,5987,,,,,,,,,,,,,,,,,,,,,,,,,,,E2146,,,,,,,MRN2,,,,,,,,,,,,,,,,,,,,,,,,,1600,,,1507,,VISO,FOR,,,,,,126421,,,,,,,,2026FR_087,,,,,,,,,,,,,,,,,,1822051
8970349,19-02-2026 23:14:00,51.12207800,1.49459800,,,LV,Sardina pilchardus,I4537,1,,,,1610487,1822045,FRANCE,35HT,4458,12366,12129,,,3.33333333333333,4896,,,,,,,,,,,,,,,,,,,,,,,,,,,E2147,,,,,,,MRN2,,,,,,,,,,,,,,,,,,,,,,,,,1600,,,1329,,VISO,FOR,,,,,,126421,,,,,,,,2026FR_088,,,,,,,,,,,,,,,,,,1822045
8970350,20-02-2026 04:36:00,50.59813600,1.40925900,,,LV,Clupea harengus,I4537,4,,,,1610489,1821395,FRANCE,35HT,4458,12366,12105,,,3.33333333333333,3549,,,,,,,,,,,,,,,,,,,,,,,,,,,E2149,,,,,,,MRN2,,,,,,,,,,,,,,,,,,,,,,,,,1600,,,1142,,VISO,FOR,,,,,,126417,,,,,,,,2026FR_090,,,,,,,,,,,,,,,,,,1821395
8970351,20-02-2026 04:36:00,50.59813600,1.40925900,,,LV,Clupea harengus,I4537,2,,,,1610489,1821396,FRANCE,35HT,4458,12366,12105,,,3.33333333333333,3549,,,,,,,,,,,,,,,,,,,,,,,,,,,E2149,,,,,,,MRN2,,,,,,,,,,,,,,,,,,,,,,,,,1600,,,1142,,VISO,FOR,,,,,,126417,,,,,,,,2026FR_090,,,,,,,,,,,,,,,,,,1821396
8970352,20-02-2026 04:36:00,50.59813600,1.40925900,,,LV,Clupea harengus,I4537,1,,,,1610489,1821397,FRANCE,35HT,4458,12366,12105,,,3.33333333333333,3549,,,,,,,,,,,,,,,,,,,,,,,,,,,E2149,,,,,,,MRN2,,,,,,,,,,,,,,,,,,,,,,,,,1600,,,1142,,VISO,FOR,,,,,,126417,,,,,,,,2026FR_090,,,,,,,,,,,,,,,,,,1821397
8970353,20-02-2026 04:36:00,50.59813600,1.40925900,,,LV,Clupea harengus,I4537,11,,,,1610489,1821398,FRANCE,35HT,4458,12366,12105,,,3.33333333333333,3549,,,,,,,,,,,,,,,,,,,,,,,,,,,E2149,,,,,,,MRN2,,,,,,,,,,,,,,,,,,,,,,,,,1600,,,1142,,VISO,FOR,,,,,,126417,,,,,,,,2026FR_090,,,,,,,,,,,,,,,,,,1821398
8970354,20-02-2026 04:36:00,50.59813600,1.40925900,,,LV,Clupea harengus,I4537,9,,,,1610489,1821399,FRANCE,35HT,4458,12366,12105,,,3.33333333333333,3549,,,,,,,,,,,,,,,,,,,,,,,,,,,E2149,,,,,,,MRN2,,,,,,,,,,,,,,,,,,,,,,,,,1600,,,1142,,VISO,FOR,,,,,,126417,,,,,,,,2026FR_090,,,,,,,,,,,,,,,,,,1821399
8970355,20-02-2026 04:36:00,50.59813600,1.40925900,,,LV,Clupea harengus,I4537,3,,,,1610489,1821400,FRANCE,35HT,4458,12366,12105,,,3.33333333333333,3549,,,,,,,,,,,,,,,,,,,,,,,,,,,E2149,,,,,,,MRN2,,,,,,,,,,,,,,,,,,,,,,,,,1600,,,1142,,VISO,FOR,,,,,,126417,,,,,,,,2026FR_090,,,,,,,,,,,,,,,,,,1821400
8970356,20-02-2026 04:36:00,50.59813600,1.40925900,,,LV,Clupea harengus,I4537,4,,,,1610489,1821389,FRANCE,35HT,4458,12366,12105,,,3.33333333333333,3549,,,,,,,,,,,,,,,,,,,,,,,,,,,E2149,,,,,,,MRN2,,,,,,,,,,,,,,,,,,,,,,,,,1600,,,1142,,VISO,FOR,,,,,,126417,,,,,,,,2026FR_090,,,,,,,,,,,,,,,,,,1821389
8970357,20-02-2026 04:36:00,50.59813600,1.40925900,,,LV,Clupea harengus,I4537,1,,,,1610489,1821390,FRANCE,35HT,4458,12366,12105,,,3.33333333333333,3549,,,,,,,,,,,,,,,,,,,,,,,,,,,E2149,,,,,,,MRN2,,,,,,,,,,,,,,,,,,,,,,,,,1600,,,1142,,VISO,FOR,,,,,,126417,,,,,,,,2026FR_090,,,,,,,,,,,,,,,,,,1821390
8970358,20-02-2026 04:36:00,50.59813600,1.40925900,,,LV,Clupea harengus,I4537,5,,,,1610489,1821391,FRANCE,35HT,4458,12366,12105,,,3.33333333333333,3549,,,,,,,,,,,,,,,,,,,,,,,,,,,E2149,,,,,,,MRN2,,,,,,,,,,,,,,,,,,,,,,,,,1600,,,1142,,VISO,FOR,,,,,,126417,,,,,,,,2026FR_090,,,,,,,,,,,,,,,,,,1821391
8970359,20-02-2026 04:36:00,50.59813600,1.40925900,,,LV,Clupea harengus,I4537,11,,,,1610489,1821392,FRANCE,35HT,4458,12366,12105,,,3.33333333333333,3549,,,,,,,,,,,,,,,,,,,,,,,,,,,E2149,,,,,,,MRN2,,,,,,,,,,,,,,,,,,,,,,,,,1600,,,1142,,VISO,FOR,,,,,,126417,,,,,,,,2026FR_090,,,,,,,,,,,,,,,,,,1821392
8970360,20-02-2026 04:36:00,50.59813600,1.40925900,,,LV,Clupea harengus,I4537,13,,,,1610489,1821393,FRANCE,35HT,4458,12366,12105,,,3.33333333333333,3549,,,,,,,,,,,,,,,,,,,,,,,,,,,E2149,,,,,,,MRN2,,,,,,,,,,,,,,,,,,,,,,,,,1600,,,1142,,VISO,FOR,,,,,,126417,,,,,,,,2026FR_090,,,,,,,,,,,,,,,,,,1821393
8970361,20-02-2026 04:36:00,50.59813600,1.40925900,,,LV,Clupea harengus,I4537,6,,,,1610489,1821394,FRANCE,35HT,4458,12366,12105,,,3.33333333333333,3549,,,,,,,,,,,,,,,,,,,,,,,,,,,E2149,,,,,,,MRN2,,,,,,,,,,,,,,,,,,,,,,,,,1600,,,1142,,VISO,FOR,,,,,,126417,,,,,,,,2026FR_090,,,,,,,,,,,,,,,,,,1821394
8970362,20-02-2026 04:36:00,50.59813600,1.40925900,,,LV,Clupea harengus,I4537,9,,,,1610489,1821383,FRANCE,35HT,4458,12366,12105,,,3.33333333333333,3549,,,,,,,,,,,,,,,,,,,,,,,,,,,E2149,,,,,,,MRN2,,,,,,,,,,,,,,,,,,,,,,,,,1600,,,1142,,VISO,FOR,,,,,,126417,,,,,,,,2026FR_090,,,,,,,,,,,,,,,,,,1821383
8970363,20-02-2026 04:36:00,50.59813600,1.40925900,,,LV,Clupea harengus,I4537,10,,,,1610489,1821384,FRANCE,35HT,4458,12366,12105,,,3.33333333333333,3549,,,,,,,,,,,,,,,,,,,,,,,,,,,E2149,,,,,,,MRN2,,,,,,,,,,,,,,,,,,,,,,,,,1600,,,1142,,VISO,FOR,,,,,,126417,,,,,,,,2026FR_090,,,,,,,,,,,,,,,,,,1821384
8970364,20-02-2026 04:36:00,50.59813600,1.40925900,,,LV,Clupea harengus,I4537,5,,,,1610489,1821385,FRANCE,35HT,4458,12366,12105,,,3.33333333333333,3549,,,,,,,,,,,,,,,,,,,,,,,,,,,E2149,,,,,,,MRN2,,,,,,,,,,,,,,,,,,,,,,,,,1600,,,1142,,VISO,FOR,,,,,,126417,,,,,,,,2026FR_090,,,,,,,,,,,,,,,,,,1821385
8970365,20-02-2026 04:36:00,50.59813600,1.40925900,,,LV,Clupea harengus,I4537,3,,,,1610489,1821386,FRANCE,35HT,4458,12366,12105,,,3.33333333333333,3549,,,,,,,,,,,,,,,,,,,,,,,,,,,E2149,,,,,,,MRN2,,,,,,,,,,,,,,,,,,,,,,,,,1600,,,1142,,VISO,FOR,,,,,,126417,,,,,,,,2026FR_090,,,,,,,,,,,,,,,,,,1821386
8970366,20-02-2026 04:36:00,50.59813600,1.40925900,,,LV,Clupea harengus,I4537,4,,,,1610489,1821387,FRANCE,35HT,4458,12366,12105,,,3.33333333333333,3549,,,,,,,,,,,,,,,,,,,,,,,,,,,E2149,,,,,,,MRN2,,,,,,,,,,,,,,,,,,,,,,,,,1600,,,1142,,VISO,FOR,,,,,,126417,,,,,,,,2026FR_090,,,,,,,,,,,,,,,,,,1821387
8970367,20-02-2026 04:36:00,50.59813600,1.40925900,,,LV,Clupea harengus,I4537,2,,,,1610489,1821388,FRANCE,35HT,4458,12366,12105,,,3.33333333333333,3549,,,,,,,,,,,,,,,,,,,,,,,,,,,E2149,,,,,,,MRN2,,,,,,,,,,,,,,,,,,,,,,,,,1600,,,1142,,VISO,FOR,,,,,,126417,,,,,,,,2026FR_090,,,,,,,,,,,,,,,,,,1821388
8970368,20-02-2026 04:36:00,50.59813600,1.40925900,,,LV,Clupea harengus,I4537,5,,,,1610489,1821381,FRANCE,35HT,4458,12366,12105,,,3.33333333333333,3549,,,,,,,,,,,,,,,,,,,,,,,,,,,E2149,,,,,,,MRN2,,,,,,,,,,,,,,,,,,,,,,,,,1600,,,1142,,VISO,FOR,,,,,,126417,,,,,,,,2026FR_090,,,,,,,,,,,,,,,,,,1821381
8970369,20-02-2026 04:36:00,50.59813600,1.40925900,,,LV,Clupea harengus,I4537,9,,,,1610489,1821382,FRANCE,35HT,4458,12366,12105,,,3.33333333333333,3549,,,,,,,,,,,,,,,,,,,,,,,,,,,E2149,,,,,,,MRN2,,,,,,,,,,,,,,,,,,,,,,,,,1600,,,1142,,VISO,FOR,,,,,,126417,,,,,,,,2026FR_090,,,,,,,,,,,,,,,,,,1821382
8970370,07-02-2026 21:16:00,53.20632900,4.32330800,,,LV,Microstomus kitt,I4537,1,,,,1610437,1822037,FRANCE,35HT,4458,12366,12120,,,3.33333333333333,7002,,,,,,,,,,,,,,,,,,,,,,,,,,,E2061,,,,,,,MRN2,,,,,,,,,,,,,,,,,,,,,,,,,1600,,,1896,,VISO,FOR,,,,,,127140,,,,,,,,2026FR_038,,,,,,,,,,,,,,,,,,1822037
8970371,14-02-2026 23:46:00,53.66229800,0.84865600,,,LV,Microstomus kitt,I4537,1,,,,1610463,1822038,FRANCE,35HT,4458,12366,12120,,,3.33333333333333,4629,,,,,,,,,,,,,,,,,,,,,,,,,,,E2106,,,,,,,MRN2,,,,,,,,,,,,,,,,,,,,,,,,,1600,,,1137,,VISO,FOR,,,,,,127140,,,,,,,,2026FR_064,,,,,,,,,,,,,,,,,,1822038
8970372,31-01-2026 20:26:00,50.44458500,1.12936400,,,LV,Clupea harengus,I4537,1,,,,1610400,1821375,FRANCE,35HT,4458,12366,12105,,,3.33333333333333,5107,,,,,,,,,,,,,,,,,,,,,,,,,,,E2004,,,,,,,MRN2,,,,,,,,,,,,,,,,,,,,,,,,,1600,,,1149,,VISO,FOR,,,,,,126417,,,,,,,,2026FR_001,,,,,,,,,,,,,,,,,,1821375
8970373,31-01-2026 20:26:00,50.44458500,1.12936400,,,LV,Clupea harengus,I4537,2,,,,1610400,1821376,FRANCE,35HT,4458,12366,12105,,,3.33333333333333,5107,,,,,,,,,,,,,,,,,,,,,,,,,,,E2004,,,,,,,MRN2,,,,,,,,,,,,,,,,,,,,,,,,,1600,,,1149,,VISO,FOR,,,,,,126417,,,,,,,,2026FR_001,,,,,,,,,,,,,,,,,,1821376
8970374,31-01-2026 20:26:00,50.44458500,1.12936400,,,LV,Clupea harengus,I4537,31,,,,1610400,1821377,FRANCE,35HT,4458,12366,12105,,,3.33333333333333,5107,,,,,,,,,,,,,,,,,,,,,,,,,,,E2004,,,,,,,MRN2,,,,,,,,,,,,,,,,,,,,,,,,,1600,,,1149,,VISO,FOR,,,,,,126417,,,,,,,,2026FR_001,,,,,,,,,,,,,,,,,,1821377
8970375,31-01-2026 20:26:00,50.44458500,1.12936400,,,LV,Clupea harengus,I4537,9,,,,1610400,1821378,FRANCE,35HT,4458,12366,12105,,,3.33333333333333,5107,,,,,,,,,,,,,,,,,,,,,,,,,,,E2004,,,,,,,MRN2,,,,,,,,,,,,,,,,,,,,,,,,,1600,,,1149,,VISO,FOR,,,,,,126417,,,,,,,,2026FR_001,,,,,,,,,,,,,,,,,,1821378
8970376,31-01-2026 20:26:00,50.44458500,1.12936400,,,LV,Clupea harengus,I4537,80,,,,1610400,1821379,FRANCE,35HT,4458,12366,12105,,,3.33333333333333,5107,,,,,,,,,,,,,,,,,,,,,,,,,,,E2004,,,,,,,MRN2,,,,,,,,,,,,,,,,,,,,,,,,,1600,,,1149,,VISO,FOR,,,,,,126417,,,,,,,,2026FR_001,,,,,,,,,,,,,,,,,,1821379
8970377,31-01-2026 20:26:00,50.44458500,1.12936400,,,LV,Clupea harengus,I4537,28,,,,1610400,1821380,FRANCE,35HT,4458,12366,12105,,,3.33333333333333,5107,,,,,,,,,,,,,,,,,,,,,,,,,,,E2004,,,,,,,MRN2,,,,,,,,,,,,,,,,,,,,,,,,,1600,,,1149,,VISO,FOR,,,,,,126417,,,,,,,,2026FR_001,,,,,,,,,,,,,,,,,,1821380
8970378,31-01-2026 20:26:00,50.44458500,1.12936400,,,LV,Clupea harengus,I4537,65,,,,1610400,1822031,FRANCE,35HT,4458,12366,12105,,,3.33333333333333,5107,,,,,,,,,,,,,,,,,,,,,,,,,,,E2004,,,,,,,MRN2,,,,,,,,,,,,,,,,,,,,,,,,,1600,,,1149,,VISO,FOR,,,,,,126417,,,,,,,,2026FR_001,,,,,,,,,,,,,,,,,,1822031
8970379,31-01-2026 22:28:00,50.33924000,1.35836000,,,LV,Clupea harengus,I4537,1,,,,1610401,1822032,FRANCE,35HT,4458,12366,12105,,,3.33333333333333,3985,,,,,,,,,,,,,,,,,,,,,,,,,,,E2006,,,,,,,MRN2,,,,,,,,,,,,,,,,,,,,,,,,,1600,,,749,,VISO,FOR,,,,,,126417,,,,,,,,2026FR_002,,,,,,,,,,,,,,,,,,1822032
8970380,31-01-2026 22:28:00,50.33924000,1.35836000,,,LV,Clupea harengus,I4537,2,,,,1610401,1822033,FRANCE,35HT,4458,12366,12105,,,3.33333333333333,3985,,,,,,,,,,,,,,,,,,,,,,,,,,,E2006,,,,,,,MRN2,,,,,,,,,,,,,,,,,,,,,,,,,1600,,,749,,VISO,FOR,,,,,,126417,,,,,,,,2026FR_002,,,,,,,,,,,,,,,,,,1822033
8970381,19-01-2026 19:05:00,53.65250000,4.84567000,,,LV,Clupea harengus,I4537,1,,4434.38153,,1610490,1822185,NETHERLANDS,64T2,4458,12366,12105,,,8.69,12266,,15238,,,0,,,,,,,,,,,,,,,,6.32,,,,,,10183331,,,,,,,MRN2,,2,,5.74,,,,,33.62,,,,,,,,,,,,,,,,1600,,,1841,,VISO,F4B,,,,,,126417,,,,,,,,2026NL3400101,2,,,,,,,,,,,,,,,,,1822185
8970382,19-01-2026 19:05:00,53.65250000,4.84567000,,,LV,Clupea harengus,I4537,4,,4434.38153,,1610490,1822186,NETHERLANDS,64T2,4458,12366,12105,,,8.69,12266,,15238,,,0,,,,,,,,,,,,,,,,6.32,,,,,,10183331,,,,,,,MRN2,,2,,5.74,,,,,33.62,,,,,,,,,,,,,,,,1600,,,1841,,VISO,F4B,,,,,,126417,,,,,,,,2026NL3400101,2,,,,,,,,,,,,,,,,,1822186
8970383,19-01-2026 19:05:00,53.65250000,4.84567000,,,LV,Clupea harengus,I4537,4,,4434.38153,,1610490,1822187,NETHERLANDS,64T2,4458,12366,12105,,,8.69,12266,,15238,,,0,,,,,,,,,,,,,,,,6.32,,,,,,10183331,,,,,,,MRN2,,2,,5.74,,,,,33.62,,,,,,,,,,,,,,,,1600,,,1841,,VISO,F4B,,,,,,126417,,,,,,,,2026NL3400101,2,,,,,,,,,,,,,,,,,1822187
8970384,19-01-2026 19:05:00,53.65250000,4.84567000,,,LV,Clupea harengus,I4537,12,,4434.38153,,1610490,1822188,NETHERLANDS,64T2,4458,12366,12105,,,8.69,12266,,15238,,,0,,,,,,,,,,,,,,,,6.32,,,,,,10183331,,,,,,,MRN2,,2,,5.74,,,,,33.62,,,,,,,,,,,,,,,,1600,,,1841,,VISO,F4B,,,,,,126417,,,,,,,,2026NL3400101,2,,,,,,,,,,,,,,,,,1822188
8970385,19-01-2026 19:05:00,53.65250000,4.84567000,,,LV,Clupea harengus,I4537,18,,4434.38153,,1610490,1822189,NETHERLANDS,64T2,4458,12366,12105,,,8.69,12266,,15238,,,0,,,,,,,,,,,,,,,,6.32,,,,,,10183331,,,,,,,MRN2,,2,,5.74,,,,,33.62,,,,,,,,,,,,,,,,1600,,,1841,,VISO,F4B,,,,,,126417,,,,,,,,2026NL3400101,2,,,,,,,,,,,,,,,,,1822189
8970386,19-01-2026 19:05:00,53.65250000,4.84567000,,,LV,Clupea harengus,I4537,11,,4434.38153,,1610490,1822190,NETHERLANDS,64T2,4458,12366,12105,,,8.69,12266,,15238,,,0,,,,,,,,,,,,,,,,6.32,,,,,,10183331,,,,,,,MRN2,,2,,5.74,,,,,33.62,,,,,,,,,,,,,,,,1600,,,1841,,VISO,F4B,,,,,,126417,,,,,,,,2026NL3400101,2,,,,,,,,,,,,,,,,,1822190
8970387,19-01-2026 19:05:00,53.65250000,4.84567000,,,LV,Clupea harengus,I4537,3,,4434.38153,,1610490,1822843,NETHERLANDS,64T2,4458,12366,12105,,,8.69,12266,,15238,,,0,,,,,,,,,,,,,,,,6.32,,,,,,10183331,,,,,,,MRN2,,2,,5.74,,,,,33.62,,,,,,,,,,,,,,,,1600,,,1841,,VISO,F4B,,,,,,126417,,,,,,,,2026NL3400101,2,,,,,,,,,,,,,,,,,1822843
8970388,19-01-2026 19:05:00,53.65250000,4.84567000,,,LV,Clupea harengus,I4537,10,,4434.38153,,1610490,1822844,NETHERLANDS,64T2,4458,12366,12105,,,8.69,12266,,15238,,,0,,,,,,,,,,,,,,,,6.32,,,,,,10183331,,,,,,,MRN2,,2,,5.74,,,,,33.62,,,,,,,,,,,,,,,,1600,,,1841,,VISO,F4B,,,,,,126417,,,,,,,,2026NL3400101,2,,,,,,,,,,,,,,,,,1822844
8970389,19-01-2026 19:05:00,53.65250000,4.84567000,,,LV,Clupea harengus,I4537,2,,4434.38153,,1610490,1822845,NETHERLANDS,64T2,4458,12366,12105,,,8.69,12266,,15238,,,0,,,,,,,,,,,,,,,,6.32,,,,,,10183331,,,,,,,MRN2,,2,,5.74,,,,,33.62,,,,,,,,,,,,,,,,1600,,,1841,,VISO,F4B,,,,,,126417,,,,,,,,2026NL3400101,2,,,,,,,,,,,,,,,,,1822845
8970390,19-01-2026 19:05:00,53.65250000,4.84567000,,,LV,Clupea harengus,I4537,2,,4434.38153,,1610490,1822846,NETHERLANDS,64T2,4458,12366,12105,,,8.69,12266,,15238,,,0,,,,,,,,,,,,,,,,6.32,,,,,,10183331,,,,,,,MRN2,,2,,5.74,,,,,33.62,,,,,,,,,,,,,,,,1600,,,1841,,VISO,F4B,,,,,,126417,,,,,,,,2026NL3400101,2,,,,,,,,,,,,,,,,,1822846
8970391,19-01-2026 19:05:00,53.65250000,4.84567000,,,LV,Clupea harengus,I4537,1,,4434.38153,,1610490,1822847,NETHERLANDS,64T2,4458,12366,12105,,,8.69,12266,,15238,,,0,,,,,,,,,,,,,,,,6.32,,,,,,10183331,,,,,,,MRN2,,2,,5.74,,,,,33.62,,,,,,,,,,,,,,,,1600,,,1841,,VISO,F4B,,,,,,126417,,,,,,,,2026NL3400101,2,,,,,,,,,,,,,,,,,1822847
8970392,19-01-2026 19:05:00,53.65250000,4.84567000,,,LV,Clupea harengus,I4537,5,,4434.38153,,1610490,1822848,NETHERLANDS,64T2,4458,12366,12105,,,8.69,12266,,15238,,,0,,,,,,,,,,,,,,,,6.32,,,,,,10183331,,,,,,,MRN2,,2,,5.74,,,,,33.62,,,,,,,,,,,,,,,,1600,,,1841,,VISO,F4B,,,,,,126417,,,,,,,,2026NL3400101,2,,,,,,,,,,,,,,,,,1822848
8970393,19-01-2026 19:05:00,53.65250000,4.84567000,,,LV,Clupea harengus,I4537,1,,4434.38153,,1610490,1822837,NETHERLANDS,64T2,4458,12366,12105,,,8.69,12266,,15238,,,0,,,,,,,,,,,,,,,,6.32,,,,,,10183331,,,,,,,MRN2,,2,,5.74,,,,,33.62,,,,,,,,,,,,,,,,1600,,,1841,,VISO,F4B,,,,,,126417,,,,,,,,2026NL3400101,2,,,,,,,,,,,,,,,,,1822837
8970394,19-01-2026 19:05:00,53.65250000,4.84567000,,,LV,Clupea harengus,I4537,1,,4434.38153,,1610490,1822838,NETHERLANDS,64T2,4458,12366,12105,,,8.69,12266,,15238,,,0,,,,,,,,,,,,,,,,6.32,,,,,,10183331,,,,,,,MRN2,,2,,5.74,,,,,33.62,,,,,,,,,,,,,,,,1600,,,1841,,VISO,F4B,,,,,,126417,,,,,,,,2026NL3400101,2,,,,,,,,,,,,,,,,,1822838
8970395,19-01-2026 19:05:00,53.65250000,4.84567000,,,LV,Clupea harengus,I4537,1,,4434.38153,,1610490,1822839,NETHERLANDS,64T2,4458,12366,12105,,,8.69,12266,,15238,,,0,,,,,,,,,,,,,,,,6.32,,,,,,10183331,,,,,,,MRN2,,2,,5.74,,,,,33.62,,,,,,,,,,,,,,,,1600,,,1841,,VISO,F4B,,,,,,126417,,,,,,,,2026NL3400101,2,,,,,,,,,,,,,,,,,1822839
8970396,19-01-2026 20:20:00,53.89383000,4.82917000,,,LV,Clupea harengus,I4537,1,,5103.913129,,1610491,1822840,NETHERLANDS,64T2,4458,12366,12105,,,8.69,14118,,16885,,,0,,,,,,,,,,,,,,,,7.05,,,,,,10183328,,,,,,,MRN2,,2,,7.04,,,,,34.98,,,,,,,,,,,,,,,,1600,,,1766,,VISO,F4B,,,,,,126417,,,,,,,,2026NL3400102,2,,,,,,,,,,,,,,,,,1822840
8970397,19-01-2026 20:20:00,53.89383000,4.82917000,,,LV,Clupea harengus,I4537,2,,5103.913129,,1610491,1822841,NETHERLANDS,64T2,4458,12366,12105,,,8.69,14118,,16885,,,0,,,,,,,,,,,,,,,,7.05,,,,,,10183328,,,,,,,MRN2,,2,,7.04,,,,,34.98,,,,,,,,,,,,,,,,1600,,,1766,,VISO,F4B,,,,,,126417,,,,,,,,2026NL3400102,2,,,,,,,,,,,,,,,,,1822841
8970398,19-01-2026 20:20:00,53.89383000,4.82917000,,,LV,Clupea harengus,I4537,5,,5103.913129,,1610491,1822842,NETHERLANDS,64T2,4458,12366,12105,,,8.69,14118,,16885,,,0,,,,,,,,,,,,,,,,7.05,,,,,,10183328,,,,,,,MRN2,,2,,7.04,,,,,34.98,,,,,,,,,,,,,,,,1600,,,1766,,VISO,F4B,,,,,,126417,,,,,,,,2026NL3400102,2,,,,,,,,,,,,,,,,,1822842
8970399,19-01-2026 20:20:00,53.89383000,4.82917000,,,LV,Clupea harengus,I4537,8,,5103.913129,,1610491,1822831,NETHERLANDS,64T2,4458,12366,12105,,,8.69,14118,,16885,,,0,,,,,,,,,,,,,,,,7.05,,,,,,10183328,,,,,,,MRN2,,2,,7.04,,,,,34.98,,,,,,,,,,,,,,,,1600,,,1766,,VISO,F4B,,,,,,126417,,,,,,,,2026NL3400102,2,,,,,,,,,,,,,,,,,1822831
8970400,19-01-2026 20:20:00,53.89383000,4.82917000,,,LV,Clupea harengus,I4537,7,,5103.913129,,1610491,1822832,NETHERLANDS,64T2,4458,12366,12105,,,8.69,14118,,16885,,,0,,,,,,,,,,,,,,,,7.05,,,,,,10183328,,,,,,,MRN2,,2,,7.04,,,,,34.98,,,,,,,,,,,,,,,,1600,,,1766,,VISO,F4B,,,,,,126417,,,,,,,,2026NL3400102,2,,,,,,,,,,,,,,,,,1822832
8970401,19-01-2026 20:20:00,53.89383000,4.82917000,,,LV,Clupea harengus,I4537,8,,5103.913129,,1610491,1822833,NETHERLANDS,64T2,4458,12366,12105,,,8.69,14118,,16885,,,0,,,,,,,,,,,,,,,,7.05,,,,,,10183328,,,,,,,MRN2,,2,,7.04,,,,,34.98,,,,,,,,,,,,,,,,1600,,,1766,,VISO,F4B,,,,,,126417,,,,,,,,2026NL3400102,2,,,,,,,,,,,,,,,,,1822833
8970402,19-01-2026 20:20:00,53.89383000,4.82917000,,,LV,Clupea harengus,I4537,5,,5103.913129,,1610491,1822834,NETHERLANDS,64T2,4458,12366,12105,,,8.69,14118,,16885,,,0,,,,,,,,,,,,,,,,7.05,,,,,,10183328,,,,,,,MRN2,,2,,7.04,,,,,34.98,,,,,,,,,,,,,,,,1600,,,1766,,VISO,F4B,,,,,,126417,,,,,,,,2026NL3400102,2,,,,,,,,,,,,,,,,,1822834
8970403,19-01-2026 20:20:00,53.89383000,4.82917000,,,LV,Clupea harengus,I4537,12,,5103.913129,,1610491,1822835,NETHERLANDS,64T2,4458,12366,12105,,,8.69,14118,,16885,,,0,,,,,,,,,,,,,,,,7.05,,,,,,10183328,,,,,,,MRN2,,2,,7.04,,,,,34.98,,,,,,,,,,,,,,,,1600,,,1766,,VISO,F4B,,,,,,126417,,,,,,,,2026NL3400102,2,,,,,,,,,,,,,,,,,1822835
8970404,19-01-2026 20:20:00,53.89383000,4.82917000,,,LV,Clupea harengus,I4537,1,,5103.913129,,1610491,1822836,NETHERLANDS,64T2,4458,12366,12105,,,8.69,14118,,16885,,,0,,,,,,,,,,,,,,,,7.05,,,,,,10183328,,,,,,,MRN2,,2,,7.04,,,,,34.98,,,,,,,,,,,,,,,,1600,,,1766,,VISO,F4B,,,,,,126417,,,,,,,,2026NL3400102,2,,,,,,,,,,,,,,,,,1822836
8970405,19-01-2026 20:20:00,53.89383000,4.82917000,,,LV,Clupea harengus,I4537,7,,5103.913129,,1610491,1822825,NETHERLANDS,64T2,4458,12366,12105,,,8.69,14118,,16885,,,0,,,,,,,,,,,,,,,,7.05,,,,,,10183328,,,,,,,MRN2,,2,,7.04,,,,,34.98,,,,,,,,,,,,,,,,1600,,,1766,,VISO,F4B,,,,,,126417,,,,,,,,2026NL3400102,2,,,,,,,,,,,,,,,,,1822825
8970406,19-01-2026 20:20:00,53.89383000,4.82917000,,,LV,Clupea harengus,I4537,1,,5103.913129,,1610491,1822826,NETHERLANDS,64T2,4458,12366,12105,,,8.69,14118,,16885,,,0,,,,,,,,,,,,,,,,7.05,,,,,,10183328,,,,,,,MRN2,,2,,7.04,,,,,34.98,,,,,,,,,,,,,,,,1600,,,1766,,VISO,F4B,,,,,,126417,,,,,,,,2026NL3400102,2,,,,,,,,,,,,,,,,,1822826
8970407,19-01-2026 20:20:00,53.89383000,4.82917000,,,LV,Clupea harengus,I4537,1,,5103.913129,,1610491,1822827,NETHERLANDS,64T2,4458,12366,12105,,,8.69,14118,,16885,,,0,,,,,,,,,,,,,,,,7.05,,,,,,10183328,,,,,,,MRN2,,2,,7.04,,,,,34.98,,,,,,,,,,,,,,,,1600,,,1766,,VISO,F4B,,,,,,126417,,,,,,,,2026NL3400102,2,,,,,,,,,,,,,,,,,1822827
8970408,19-01-2026 20:20:00,53.89383000,4.82917000,,,LV,Clupea harengus,I4537,1,,5103.913129,,1610491,1822828,NETHERLANDS,64T2,4458,12366,12105,,,8.69,14118,,16885,,,0,,,,,,,,,,,,,,,,7.05,,,,,,10183328,,,,,,,MRN2,,2,,7.04,,,,,34.98,,,,,,,,,,,,,,,,1600,,,1766,,VISO,F4B,,,,,,126417,,,,,,,,2026NL3400102,2,,,,,,,,,,,,,,,,,1822828
8970409,19-01-2026 20:20:00,53.89383000,4.82917000,,,LV,Clupea harengus,I4537,1,,5103.913129,,1610491,1822829,NETHERLANDS,64T2,4458,12366,12105,,,8.69,14118,,16885,,,0,,,,,,,,,,,,,,,,7.05,,,,,,10183328,,,,,,,MRN2,,2,,7.04,,,,,34.98,,,,,,,,,,,,,,,,1600,,,1766,,VISO,F4B,,,,,,126417,,,,,,,,2026NL3400102,2,,,,,,,,,,,,,,,,,1822829
8970410,19-01-2026 20:20:00,53.89383000,4.82917000,,,LV,Sardina pilchardus,I4537,1,,5103.913129,,1610491,1822849,NETHERLANDS,64T2,4458,12366,12129,,,8.69,14118,,16885,,,0,,,,,,,,,,,,,,,,7.05,,,,,,10183328,,,,,,,MRN2,,2,,7.04,,,,,34.98,,,,,,,,,,,,,,,,1600,,,1766,,VISO,F4B,,,,,,126421,,,,,,,,2026NL3400102,2,,,,,,,,,,,,,,,,,1822849
8970411,19-01-2026 20:20:00,53.89383000,4.82917000,,,LV,Sardina pilchardus,I4537,1,,5103.913129,,1610491,1822850,NETHERLANDS,64T2,4458,12366,12129,,,8.69,14118,,16885,,,0,,,,,,,,,,,,,,,,7.05,,,,,,10183328,,,,,,,MRN2,,2,,7.04,,,,,34.98,,,,,,,,,,,,,,,,1600,,,1766,,VISO,F4B,,,,,,126421,,,,,,,,2026NL3400102,2,,,,,,,,,,,,,,,,,1822850
8970412,19-01-2026 20:20:00,53.89383000,4.82917000,,,LV,Sardina pilchardus,I4537,1,,5103.913129,,1610491,1822851,NETHERLANDS,64T2,4458,12366,12129,,,8.69,14118,,16885,,,0,,,,,,,,,,,,,,,,7.05,,,,,,10183328,,,,,,,MRN2,,2,,7.04,,,,,34.98,,,,,,,,,,,,,,,,1600,,,1766,,VISO,F4B,,,,,,126421,,,,,,,,2026NL3400102,2,,,,,,,,,,,,,,,,,1822851
8970413,19-01-2026 20:20:00,53.89383000,4.82917000,,,LV,Sardina pilchardus,I4537,1,,5103.913129,,1610491,1822852,NETHERLANDS,64T2,4458,12366,12129,,,8.69,14118,,16885,,,0,,,,,,,,,,,,,,,,7.05,,,,,,10183328,,,,,,,MRN2,,2,,7.04,,,,,34.98,,,,,,,,,,,,,,,,1600,,,1766,,VISO,F4B,,,,,,126421,,,,,,,,2026NL3400102,2,,,,,,,,,,,,,,,,,1822852
8970414,19-01-2026 20:20:00,53.89383000,4.82917000,,,LV,Sprattus sprattus,I4537,2,,5103.913129,,1610491,1822967,NETHERLANDS,64T2,4458,12366,12134,,,8.69,14118,,16885,,,0,,,,,,,,,,,,,,,,7.05,,,,,,10183328,,,,,,,MRN2,,2,,7.04,,,,,34.98,,,,,,,,,,,,,,,,1600,,,1766,,VISO,F4B,,,,,,126425,,,,,,,,2026NL3400102,2,,,,,,,,,,,,,,,,,1822967
8970415,19-01-2026 20:20:00,53.89383000,4.82917000,,,LV,Sprattus sprattus,I4537,1,,5103.913129,,1610491,1822968,NETHERLANDS,64T2,4458,12366,12134,,,8.69,14118,,16885,,,0,,,,,,,,,,,,,,,,7.05,,,,,,10183328,,,,,,,MRN2,,2,,7.04,,,,,34.98,,,,,,,,,,,,,,,,1600,,,1766,,VISO,F4B,,,,,,126425,,,,,,,,2026NL3400102,2,,,,,,,,,,,,,,,,,1822968
8970416,19-01-2026 21:30:00,54.11033000,4.85550000,,,LV,Clupea harengus,I4537,8,,5839.964066,,1610492,1822830,NETHERLANDS,64T2,4458,12366,12105,,,8.69,16154,,20068,,,0,,,,,,,,,,,,,,,,6.78,,,,,,10183772,,,,,,,MRN2,,2,,6.76,,,,,34.86,,,,,,,,,,,,,,,,1600,,,2077,,VISO,F4B,,,,,,126417,,,,,,,,2026NL3400103,2,,,,,,,,,,,,,,,,,1822830
8970417,19-01-2026 21:30:00,54.11033000,4.85550000,,,LV,Clupea harengus,I4537,2,,5839.964066,,1610492,1822819,NETHERLANDS,64T2,4458,12366,12105,,,8.69,16154,,20068,,,0,,,,,,,,,,,,,,,,6.78,,,,,,10183772,,,,,,,MRN2,,2,,6.76,,,,,34.86,,,,,,,,,,,,,,,,1600,,,2077,,VISO,F4B,,,,,,126417,,,,,,,,2026NL3400103,2,,,,,,,,,,,,,,,,,1822819
8970418,19-01-2026 21:30:00,54.11033000,4.85550000,,,LV,Clupea harengus,I4537,1,,5839.964066,,1610492,1822820,NETHERLANDS,64T2,4458,12366,12105,,,8.69,16154,,20068,,,0,,,,,,,,,,,,,,,,6.78,,,,,,10183772,,,,,,,MRN2,,2,,6.76,,,,,34.86,,,,,,,,,,,,,,,,1600,,,2077,,VISO,F4B,,,,,,126417,,,,,,,,2026NL3400103,2,,,,,,,,,,,,,,,,,1822820
8970419,19-01-2026 21:30:00,54.11033000,4.85550000,,,LV,Clupea harengus,I4537,3,,5839.964066,,1610492,1822821,NETHERLANDS,64T2,4458,12366,12105,,,8.69,16154,,20068,,,0,,,,,,,,,,,,,,,,6.78,,,,,,10183772,,,,,,,MRN2,,2,,6.76,,,,,34.86,,,,,,,,,,,,,,,,1600,,,2077,,VISO,F4B,,,,,,126417,,,,,,,,2026NL3400103,2,,,,,,,,,,,,,,,,,1822821
8970420,19-01-2026 21:30:00,54.11033000,4.85550000,,,LV,Clupea harengus,I4537,3,,5839.964066,,1610492,1822822,NETHERLANDS,64T2,4458,12366,12105,,,8.69,16154,,20068,,,0,,,,,,,,,,,,,,,,6.78,,,,,,10183772,,,,,,,MRN2,,2,,6.76,,,,,34.86,,,,,,,,,,,,,,,,1600,,,2077,,VISO,F4B,,,,,,126417,,,,,,,,2026NL3400103,2,,,,,,,,,,,,,,,,,1822822
8970421,19-01-2026 21:30:00,54.11033000,4.85550000,,,LV,Clupea harengus,I4537,3,,5839.964066,,1610492,1822823,NETHERLANDS,64T2,4458,12366,12105,,,8.69,16154,,20068,,,0,,,,,,,,,,,,,,,,6.78,,,,,,10183772,,,,,,,MRN2,,2,,6.76,,,,,34.86,,,,,,,,,,,,,,,,1600,,,2077,,VISO,F4B,,,,,,126417,,,,,,,,2026NL3400103,2,,,,,,,,,,,,,,,,,1822823
8970422,19-01-2026 21:30:00,54.11033000,4.85550000,,,LV,Clupea harengus,I4537,3,,5839.964066,,1610492,1822824,NETHERLANDS,64T2,4458,12366,12105,,,8.69,16154,,20068,,,0,,,,,,,,,,,,,,,,6.78,,,,,,10183772,,,,,,,MRN2,,2,,6.76,,,,,34.86,,,,,,,,,,,,,,,,1600,,,2077,,VISO,F4B,,,,,,126417,,,,,,,,2026NL3400103,2,,,,,,,,,,,,,,,,,1822824
8970423,19-01-2026 21:30:00,54.11033000,4.85550000,,,LV,Clupea harengus,I4537,3,,5839.964066,,1610492,1822813,NETHERLANDS,64T2,4458,12366,12105,,,8.69,16154,,20068,,,0,,,,,,,,,,,,,,,,6.78,,,,,,10183772,,,,,,,MRN2,,2,,6.76,,,,,34.86,,,,,,,,,,,,,,,,1600,,,2077,,VISO,F4B,,,,,,126417,,,,,,,,2026NL3400103,2,,,,,,,,,,,,,,,,,1822813
8970424,19-01-2026 21:30:00,54.11033000,4.85550000,,,LV,Clupea harengus,I4537,1,,5839.964066,,1610492,1822814,NETHERLANDS,64T2,4458,12366,12105,,,8.69,16154,,20068,,,0,,,,,,,,,,,,,,,,6.78,,,,,,10183772,,,,,,,MRN2,,2,,6.76,,,,,34.86,,,,,,,,,,,,,,,,1600,,,2077,,VISO,F4B,,,,,,126417,,,,,,,,2026NL3400103,2,,,,,,,,,,,,,,,,,1822814
8970425,19-01-2026 21:30:00,54.11033000,4.85550000,,,LV,Clupea harengus,I4537,3,,5839.964066,,1610492,1822815,NETHERLANDS,64T2,4458,12366,12105,,,8.69,16154,,20068,,,0,,,,,,,,,,,,,,,,6.78,,,,,,10183772,,,,,,,MRN2,,2,,6.76,,,,,34.86,,,,,,,,,,,,,,,,1600,,,2077,,VISO,F4B,,,,,,126417,,,,,,,,2026NL3400103,2,,,,,,,,,,,,,,,,,1822815
8970426,19-01-2026 21:30:00,54.11033000,4.85550000,,,LV,Clupea harengus,I4537,1,,5839.964066,,1610492,1822816,NETHERLANDS,64T2,4458,12366,12105,,,8.69,16154,,20068,,,0,,,,,,,,,,,,,,,,6.78,,,,,,10183772,,,,,,,MRN2,,2,,6.76,,,,,34.86,,,,,,,,,,,,,,,,1600,,,2077,,VISO,F4B,,,,,,126417,,,,,,,,2026NL3400103,2,,,,,,,,,,,,,,,,,1822816
8970427,19-01-2026 21:30:00,54.11033000,4.85550000,,,LV,Clupea harengus,I4537,1,,5839.964066,,1610492,1822817,NETHERLANDS,64T2,4458,12366,12105,,,8.69,16154,,20068,,,0,,,,,,,,,,,,,,,,6.78,,,,,,10183772,,,,,,,MRN2,,2,,6.76,,,,,34.86,,,,,,,,,,,,,,,,1600,,,2077,,VISO,F4B,,,,,,126417,,,,,,,,2026NL3400103,2,,,,,,,,,,,,,,,,,1822817
8970428,19-01-2026 21:30:00,54.11033000,4.85550000,,,LV,Sardina pilchardus,I4537,2,,5839.964066,,1610492,1822853,NETHERLANDS,64T2,4458,12366,12129,,,8.69,16154,,20068,,,0,,,,,,,,,,,,,,,,6.78,,,,,,10183772,,,,,,,MRN2,,2,,6.76,,,,,34.86,,,,,,,,,,,,,,,,1600,,,2077,,VISO,F4B,,,,,,126421,,,,,,,,2026NL3400103,2,,,,,,,,,,,,,,,,,1822853
8970429,19-01-2026 21:30:00,54.11033000,4.85550000,,,LV,Sardina pilchardus,I4537,1,,5839.964066,,1610492,1822854,NETHERLANDS,64T2,4458,12366,12129,,,8.69,16154,,20068,,,0,,,,,,,,,,,,,,,,6.78,,,,,,10183772,,,,,,,MRN2,,2,,6.76,,,,,34.86,,,,,,,,,,,,,,,,1600,,,2077,,VISO,F4B,,,,,,126421,,,,,,,,2026NL3400103,2,,,,,,,,,,,,,,,,,1822854
8970430,19-01-2026 21:30:00,54.11033000,4.85550000,,,LV,Sardina pilchardus,I4537,1,,5839.964066,,1610492,1822961,NETHERLANDS,64T2,4458,12366,12129,,,8.69,16154,,20068,,,0,,,,,,,,,,,,,,,,6.78,,,,,,10183772,,,,,,,MRN2,,2,,6.76,,,,,34.86,,,,,,,,,,,,,,,,1600,,,2077,,VISO,F4B,,,,,,126421,,,,,,,,2026NL3400103,2,,,,,,,,,,,,,,,,,1822961
8970431,19-01-2026 21:30:00,54.11033000,4.85550000,,,LV,Sardina pilchardus,I4537,1,,5839.964066,,1610492,1822962,NETHERLANDS,64T2,4458,12366,12129,,,8.69,16154,,20068,,,0,,,,,,,,,,,,,,,,6.78,,,,,,10183772,,,,,,,MRN2,,2,,6.76,,,,,34.86,,,,,,,,,,,,,,,,1600,,,2077,,VISO,F4B,,,,,,126421,,,,,,,,2026NL3400103,2,,,,,,,,,,,,,,,,,1822962
8970432,19-01-2026 22:33:00,54.28200000,4.84633000,,,LV,Clupea harengus,I4537,5,,3934.401939,,1610493,1822818,NETHERLANDS,64T2,4458,12366,12105,,,8.69,10883,,13476,,,0,,,,,,,,,,,,,,,,7.01,,,,,,10183330,,,,,,,MRN2,,2,,7.04,,,,,34.66,,,,,,,,,,,,,,,,1600,,,1452,,VISO,F4B,,,,,,126417,,,,,,,,2026NL3400104,2,,,,,,,,,,,,,,,,,1822818
8970433,19-01-2026 22:33:00,54.28200000,4.84633000,,,LV,Clupea harengus,I4537,1,,3934.401939,,1610493,1822807,NETHERLANDS,64T2,4458,12366,12105,,,8.69,10883,,13476,,,0,,,,,,,,,,,,,,,,7.01,,,,,,10183330,,,,,,,MRN2,,2,,7.04,,,,,34.66,,,,,,,,,,,,,,,,1600,,,1452,,VISO,F4B,,,,,,126417,,,,,,,,2026NL3400104,2,,,,,,,,,,,,,,,,,1822807
8970434,19-01-2026 22:33:00,54.28200000,4.84633000,,,LV,Clupea harengus,I4537,1,,3934.401939,,1610493,1822808,NETHERLANDS,64T2,4458,12366,12105,,,8.69,10883,,13476,,,0,,,,,,,,,,,,,,,,7.01,,,,,,10183330,,,,,,,MRN2,,2,,7.04,,,,,34.66,,,,,,,,,,,,,,,,1600,,,1452,,VISO,F4B,,,,,,126417,,,,,,,,2026NL3400104,2,,,,,,,,,,,,,,,,,1822808
8970435,19-01-2026 22:33:00,54.28200000,4.84633000,,,LV,Clupea harengus,I4537,2,,3934.401939,,1610493,1822809,NETHERLANDS,64T2,4458,12366,12105,,,8.69,10883,,13476,,,0,,,,,,,,,,,,,,,,7.01,,,,,,10183330,,,,,,,MRN2,,2,,7.04,,,,,34.66,,,,,,,,,,,,,,,,1600,,,1452,,VISO,F4B,,,,,,126417,,,,,,,,2026NL3400104,2,,,,,,,,,,,,,,,,,1822809
8970436,19-01-2026 22:33:00,54.28200000,4.84633000,,,LV,Clupea harengus,I4537,3,,3934.401939,,1610493,1822810,NETHERLANDS,64T2,4458,12366,12105,,,8.69,10883,,13476,,,0,,,,,,,,,,,,,,,,7.01,,,,,,10183330,,,,,,,MRN2,,2,,7.04,,,,,34.66,,,,,,,,,,,,,,,,1600,,,1452,,VISO,F4B,,,,,,126417,,,,,,,,2026NL3400104,2,,,,,,,,,,,,,,,,,1822810
8970437,19-01-2026 22:33:00,54.28200000,4.84633000,,,LV,Clupea harengus,I4537,2,,3934.401939,,1610493,1822811,NETHERLANDS,64T2,4458,12366,12105,,,8.69,10883,,13476,,,0,,,,,,,,,,,,,,,,7.01,,,,,,10183330,,,,,,,MRN2,,2,,7.04,,,,,34.66,,,,,,,,,,,,,,,,1600,,,1452,,VISO,F4B,,,,,,126417,,,,,,,,2026NL3400104,2,,,,,,,,,,,,,,,,,1822811
8970438,19-01-2026 22:33:00,54.28200000,4.84633000,,,LV,Clupea harengus,I4537,1,,3934.401939,,1610493,1822812,NETHERLANDS,64T2,4458,12366,12105,,,8.69,10883,,13476,,,0,,,,,,,,,,,,,,,,7.01,,,,,,10183330,,,,,,,MRN2,,2,,7.04,,,,,34.66,,,,,,,,,,,,,,,,1600,,,1452,,VISO,F4B,,,,,,126417,,,,,,,,2026NL3400104,2,,,,,,,,,,,,,,,,,1822812
8970439,19-01-2026 22:33:00,54.28200000,4.84633000,,,LV,Clupea harengus,I4537,1,,3934.401939,,1610493,1822801,NETHERLANDS,64T2,4458,12366,12105,,,8.69,10883,,13476,,,0,,,,,,,,,,,,,,,,7.01,,,,,,10183330,,,,,,,MRN2,,2,,7.04,,,,,34.66,,,,,,,,,,,,,,,,1600,,,1452,,VISO,F4B,,,,,,126417,,,,,,,,2026NL3400104,2,,,,,,,,,,,,,,,,,1822801
8970440,19-01-2026 22:33:00,54.28200000,4.84633000,,,LV,Clupea harengus,I4537,1,,3934.401939,,1610493,1822802,NETHERLANDS,64T2,4458,12366,12105,,,8.69,10883,,13476,,,0,,,,,,,,,,,,,,,,7.01,,,,,,10183330,,,,,,,MRN2,,2,,7.04,,,,,34.66,,,,,,,,,,,,,,,,1600,,,1452,,VISO,F4B,,,,,,126417,,,,,,,,2026NL3400104,2,,,,,,,,,,,,,,,,,1822802
8970441,19-01-2026 22:33:00,54.28200000,4.84633000,,,LV,Clupea harengus,I4537,1,,3934.401939,,1610493,1822803,NETHERLANDS,64T2,4458,12366,12105,,,8.69,10883,,13476,,,0,,,,,,,,,,,,,,,,7.01,,,,,,10183330,,,,,,,MRN2,,2,,7.04,,,,,34.66,,,,,,,,,,,,,,,,1600,,,1452,,VISO,F4B,,,,,,126417,,,,,,,,2026NL3400104,2,,,,,,,,,,,,,,,,,1822803
8970442,19-01-2026 22:33:00,54.28200000,4.84633000,,,LV,Sardina pilchardus,I4537,1,,3934.401939,,1610493,1822963,NETHERLANDS,64T2,4458,12366,12129,,,8.69,10883,,13476,,,0,,,,,,,,,,,,,,,,7.01,,,,,,10183330,,,,,,,MRN2,,2,,7.04,,,,,34.66,,,,,,,,,,,,,,,,1600,,,1452,,VISO,F4B,,,,,,126421,,,,,,,,2026NL3400104,2,,,,,,,,,,,,,,,,,1822963
8970443,19-01-2026 22:33:00,54.28200000,4.84633000,,,LV,Sardina pilchardus,I4537,1,,3934.401939,,1610493,1822964,NETHERLANDS,64T2,4458,12366,12129,,,8.69,10883,,13476,,,0,,,,,,,,,,,,,,,,7.01,,,,,,10183330,,,,,,,MRN2,,2,,7.04,,,,,34.66,,,,,,,,,,,,,,,,1600,,,1452,,VISO,F4B,,,,,,126421,,,,,,,,2026NL3400104,2,,,,,,,,,,,,,,,,,1822964
8970444,19-01-2026 22:33:00,54.28200000,4.84633000,,,LV,Sardina pilchardus,I4537,1,,3934.401939,,1610493,1822965,NETHERLANDS,64T2,4458,12366,12129,,,8.69,10883,,13476,,,0,,,,,,,,,,,,,,,,7.01,,,,,,10183330,,,,,,,MRN2,,2,,7.04,,,,,34.66,,,,,,,,,,,,,,,,1600,,,1452,,VISO,F4B,,,,,,126421,,,,,,,,2026NL3400104,2,,,,,,,,,,,,,,,,,1822965
8970445,19-01-2026 22:33:00,54.28200000,4.84633000,,,LV,Sardina pilchardus,I4537,1,,3934.401939,,1610493,1822966,NETHERLANDS,64T2,4458,12366,12129,,,8.69,10883,,13476,,,0,,,,,,,,,,,,,,,,7.01,,,,,,10183330,,,,,,,MRN2,,2,,7.04,,,,,34.66,,,,,,,,,,,,,,,,1600,,,1452,,VISO,F4B,,,,,,126421,,,,,,,,2026NL3400104,2,,,,,,,,,,,,,,,,,1822966
8970446,19-01-2026 22:33:00,54.28200000,4.84633000,,,LV,Sardina pilchardus,I4537,2,,3934.401939,,1610493,1822955,NETHERLANDS,64T2,4458,12366,12129,,,8.69,10883,,13476,,,0,,,,,,,,,,,,,,,,7.01,,,,,,10183330,,,,,,,MRN2,,2,,7.04,,,,,34.66,,,,,,,,,,,,,,,,1600,,,1452,,VISO,F4B,,,,,,126421,,,,,,,,2026NL3400104,2,,,,,,,,,,,,,,,,,1822955
8970447,19-01-2026 22:33:00,54.28200000,4.84633000,,,LV,Sardina pilchardus,I4537,1,,3934.401939,,1610493,1822956,NETHERLANDS,64T2,4458,12366,12129,,,8.69,10883,,13476,,,0,,,,,,,,,,,,,,,,7.01,,,,,,10183330,,,,,,,MRN2,,2,,7.04,,,,,34.66,,,,,,,,,,,,,,,,1600,,,1452,,VISO,F4B,,,,,,126421,,,,,,,,2026NL3400104,2,,,,,,,,,,,,,,,,,1822956
8970448,19-01-2026 22:33:00,54.28200000,4.84633000,,,LV,Sprattus sprattus,I4537,1,,3934.401939,,1610493,1822969,NETHERLANDS,64T2,4458,12366,12134,,,8.69,10883,,13476,,,0,,,,,,,,,,,,,,,,7.01,,,,,,10183330,,,,,,,MRN2,,2,,7.04,,,,,34.66,,,,,,,,,,,,,,,,1600,,,1452,,VISO,F4B,,,,,,126425,,,,,,,,2026NL3400104,2,,,,,,,,,,,,,,,,,1822969
8970449,19-01-2026 23:31:00,54.27133000,5.14550000,,,LV,Clupea harengus,I4537,2,,5054.385143,,1610494,1822804,NETHERLANDS,64T2,4458,12366,12105,,,8.69,13981,,17193,,,0,,,,,,,,,,,,,,,,7.03,,,,,,10183329,,,,,,,MRN2,,2,,7,,,,,34.73,,,,,,,,,,,,,,,,1600,,,1695,,VISO,F4B,,,,,,126417,,,,,,,,2026NL3400105,2,,,,,,,,,,,,,,,,,1822804
8970450,19-01-2026 23:31:00,54.27133000,5.14550000,,,LV,Clupea harengus,I4537,2,,5054.385143,,1610494,1822805,NETHERLANDS,64T2,4458,12366,12105,,,8.69,13981,,17193,,,0,,,,,,,,,,,,,,,,7.03,,,,,,10183329,,,,,,,MRN2,,2,,7,,,,,34.73,,,,,,,,,,,,,,,,1600,,,1695,,VISO,F4B,,,,,,126417,,,,,,,,2026NL3400105,2,,,,,,,,,,,,,,,,,1822805
8970451,19-01-2026 23:31:00,54.27133000,5.14550000,,,LV,Clupea harengus,I4537,1,,5054.385143,,1610494,1822806,NETHERLANDS,64T2,4458,12366,12105,,,8.69,13981,,17193,,,0,,,,,,,,,,,,,,,,7.03,,,,,,10183329,,,,,,,MRN2,,2,,7,,,,,34.73,,,,,,,,,,,,,,,,1600,,,1695,,VISO,F4B,,,,,,126417,,,,,,,,2026NL3400105,2,,,,,,,,,,,,,,,,,1822806
8970452,19-01-2026 23:31:00,54.27133000,5.14550000,,,LV,Clupea harengus,I4537,2,,5054.385143,,1610494,1822795,NETHERLANDS,64T2,4458,12366,12105,,,8.69,13981,,17193,,,0,,,,,,,,,,,,,,,,7.03,,,,,,10183329,,,,,,,MRN2,,2,,7,,,,,34.73,,,,,,,,,,,,,,,,1600,,,1695,,VISO,F4B,,,,,,126417,,,,,,,,2026NL3400105,2,,,,,,,,,,,,,,,,,1822795
8970453,19-01-2026 23:31:00,54.27133000,5.14550000,,,LV,Clupea harengus,I4537,1,,5054.385143,,1610494,1822796,NETHERLANDS,64T2,4458,12366,12105,,,8.69,13981,,17193,,,0,,,,,,,,,,,,,,,,7.03,,,,,,10183329,,,,,,,MRN2,,2,,7,,,,,34.73,,,,,,,,,,,,,,,,1600,,,1695,,VISO,F4B,,,,,,126417,,,,,,,,2026NL3400105,2,,,,,,,,,,,,,,,,,1822796
8970454,19-01-2026 23:31:00,54.27133000,5.14550000,,,LV,Clupea harengus,I4537,1,,5054.385143,,1610494,1822797,NETHERLANDS,64T2,4458,12366,12105,,,8.69,13981,,17193,,,0,,,,,,,,,,,,,,,,7.03,,,,,,10183329,,,,,,,MRN2,,2,,7,,,,,34.73,,,,,,,,,,,,,,,,1600,,,1695,,VISO,F4B,,,,,,126417,,,,,,,,2026NL3400105,2,,,,,,,,,,,,,,,,,1822797
8970455,19-01-2026 23:31:00,54.27133000,5.14550000,,,LV,Clupea harengus,I4537,1,,5054.385143,,1610494,1822798,NETHERLANDS,64T2,4458,12366,12105,,,8.69,13981,,17193,,,0,,,,,,,,,,,,,,,,7.03,,,,,,10183329,,,,,,,MRN2,,2,,7,,,,,34.73,,,,,,,,,,,,,,,,1600,,,1695,,VISO,F4B,,,,,,126417,,,,,,,,2026NL3400105,2,,,,,,,,,,,,,,,,,1822798
8970456,19-01-2026 23:31:00,54.27133000,5.14550000,,,LV,Clupea harengus,I4537,1,,5054.385143,,1610494,1822799,NETHERLANDS,64T2,4458,12366,12105,,,8.69,13981,,17193,,,0,,,,,,,,,,,,,,,,7.03,,,,,,10183329,,,,,,,MRN2,,2,,7,,,,,34.73,,,,,,,,,,,,,,,,1600,,,1695,,VISO,F4B,,,,,,126417,,,,,,,,2026NL3400105,2,,,,,,,,,,,,,,,,,1822799
8970457,19-01-2026 23:31:00,54.27133000,5.14550000,,,LV,Sardina pilchardus,I4537,3,,5054.385143,,1610494,1822957,NETHERLANDS,64T2,4458,12366,12129,,,8.69,13981,,17193,,,0,,,,,,,,,,,,,,,,7.03,,,,,,10183329,,,,,,,MRN2,,2,,7,,,,,34.73,,,,,,,,,,,,,,,,1600,,,1695,,VISO,F4B,,,,,,126421,,,,,,,,2026NL3400105,2,,,,,,,,,,,,,,,,,1822957
8970458,19-01-2026 23:31:00,54.27133000,5.14550000,,,LV,Sardina pilchardus,I4537,1,,5054.385143,,1610494,1822958,NETHERLANDS,64T2,4458,12366,12129,,,8.69,13981,,17193,,,0,,,,,,,,,,,,,,,,7.03,,,,,,10183329,,,,,,,MRN2,,2,,7,,,,,34.73,,,,,,,,,,,,,,,,1600,,,1695,,VISO,F4B,,,,,,126421,,,,,,,,2026NL3400105,2,,,,,,,,,,,,,,,,,1822958
8970459,19-01-2026 23:31:00,54.27133000,5.14550000,,,LV,Sardina pilchardus,I4537,1,,5054.385143,,1610494,1822959,NETHERLANDS,64T2,4458,12366,12129,,,8.69,13981,,17193,,,0,,,,,,,,,,,,,,,,7.03,,,,,,10183329,,,,,,,MRN2,,2,,7,,,,,34.73,,,,,,,,,,,,,,,,1600,,,1695,,VISO,F4B,,,,,,126421,,,,,,,,2026NL3400105,2,,,,,,,,,,,,,,,,,1822959
8970460,19-01-2026 23:31:00,54.27133000,5.14550000,,,LV,Sardina pilchardus,I4537,1,,5054.385143,,1610494,1822960,NETHERLANDS,64T2,4458,12366,12129,,,8.69,13981,,17193,,,0,,,,,,,,,,,,,,,,7.03,,,,,,10183329,,,,,,,MRN2,,2,,7,,,,,34.73,,,,,,,,,,,,,,,,1600,,,1695,,VISO,F4B,,,,,,126421,,,,,,,,2026NL3400105,2,,,,,,,,,,,,,,,,,1822960
8970461,19-01-2026 23:31:00,54.27133000,5.14550000,,,LV,Sardina pilchardus,I4537,2,,5054.385143,,1610494,1822949,NETHERLANDS,64T2,4458,12366,12129,,,8.69,13981,,17193,,,0,,,,,,,,,,,,,,,,7.03,,,,,,10183329,,,,,,,MRN2,,2,,7,,,,,34.73,,,,,,,,,,,,,,,,1600,,,1695,,VISO,F4B,,,,,,126421,,,,,,,,2026NL3400105,2,,,,,,,,,,,,,,,,,1822949
8970462,19-01-2026 23:31:00,54.27133000,5.14550000,,,LV,Sardina pilchardus,I4537,1,,5054.385143,,1610494,1822950,NETHERLANDS,64T2,4458,12366,12129,,,8.69,13981,,17193,,,0,,,,,,,,,,,,,,,,7.03,,,,,,10183329,,,,,,,MRN2,,2,,7,,,,,34.73,,,,,,,,,,,,,,,,1600,,,1695,,VISO,F4B,,,,,,126421,,,,,,,,2026NL3400105,2,,,,,,,,,,,,,,,,,1822950
8970463,19-01-2026 23:31:00,54.27133000,5.14550000,,,LV,Sardina pilchardus,I4537,1,,5054.385143,,1610494,1822951,NETHERLANDS,64T2,4458,12366,12129,,,8.69,13981,,17193,,,0,,,,,,,,,,,,,,,,7.03,,,,,,10183329,,,,,,,MRN2,,2,,7,,,,,34.73,,,,,,,,,,,,,,,,1600,,,1695,,VISO,F4B,,,,,,126421,,,,,,,,2026NL3400105,2,,,,,,,,,,,,,,,,,1822951
8970464,19-01-2026 23:31:00,54.27133000,5.14550000,,,LV,Sardina pilchardus,I4537,3,,5054.385143,,1610494,1822952,NETHERLANDS,64T2,4458,12366,12129,,,8.69,13981,,17193,,,0,,,,,,,,,,,,,,,,7.03,,,,,,10183329,,,,,,,MRN2,,2,,7,,,,,34.73,,,,,,,,,,,,,,,,1600,,,1695,,VISO,F4B,,,,,,126421,,,,,,,,2026NL3400105,2,,,,,,,,,,,,,,,,,1822952
8970465,19-01-2026 23:31:00,54.27133000,5.14550000,,,LV,Sardina pilchardus,I4537,4,,5054.385143,,1610494,1822953,NETHERLANDS,64T2,4458,12366,12129,,,8.69,13981,,17193,,,0,,,,,,,,,,,,,,,,7.03,,,,,,10183329,,,,,,,MRN2,,2,,7,,,,,34.73,,,,,,,,,,,,,,,,1600,,,1695,,VISO,F4B,,,,,,126421,,,,,,,,2026NL3400105,2,,,,,,,,,,,,,,,,,1822953
8970466,19-01-2026 23:31:00,54.27133000,5.14550000,,,LV,Sardina pilchardus,I4537,1,,5054.385143,,1610494,1822954,NETHERLANDS,64T2,4458,12366,12129,,,8.69,13981,,17193,,,0,,,,,,,,,,,,,,,,7.03,,,,,,10183329,,,,,,,MRN2,,2,,7,,,,,34.73,,,,,,,,,,,,,,,,1600,,,1695,,VISO,F4B,,,,,,126421,,,,,,,,2026NL3400105,2,,,,,,,,,,,,,,,,,1822954
8970467,19-01-2026 23:31:00,54.27133000,5.14550000,,,LV,Sardina pilchardus,I4537,1,,5054.385143,,1610494,1822943,NETHERLANDS,64T2,4458,12366,12129,,,8.69,13981,,17193,,,0,,,,,,,,,,,,,,,,7.03,,,,,,10183329,,,,,,,MRN2,,2,,7,,,,,34.73,,,,,,,,,,,,,,,,1600,,,1695,,VISO,F4B,,,,,,126421,,,,,,,,2026NL3400105,2,,,,,,,,,,,,,,,,,1822943
8970468,20-01-2026 00:37:00,54.41650000,5.33950000,,,LV,Clupea harengus,I4537,1,,4787.946273,,1610495,1822800,NETHERLANDS,64T2,4458,12366,12105,,,8.69,13244,,16278,,,0,,,,,,,,,,,,,,,,7.14,,,,,,10183401,,,,,,,MRN2,,2,,7.14,,,,,34.7,,,,,,,,,,,,,,,,1600,,,1706,,VISO,F4B,,,,,,126417,,,,,,,,2026NL3400106,2,,,,,,,,,,,,,,,,,1822800
8970469,20-01-2026 00:37:00,54.41650000,5.33950000,,,LV,Clupea harengus,I4537,1,,4787.946273,,1610495,1822789,NETHERLANDS,64T2,4458,12366,12105,,,8.69,13244,,16278,,,0,,,,,,,,,,,,,,,,7.14,,,,,,10183401,,,,,,,MRN2,,2,,7.14,,,,,34.7,,,,,,,,,,,,,,,,1600,,,1706,,VISO,F4B,,,,,,126417,,,,,,,,2026NL3400106,2,,,,,,,,,,,,,,,,,1822789
8970470,20-01-2026 00:37:00,54.41650000,5.33950000,,,LV,Clupea harengus,I4537,2,,4787.946273,,1610495,1822790,NETHERLANDS,64T2,4458,12366,12105,,,8.69,13244,,16278,,,0,,,,,,,,,,,,,,,,7.14,,,,,,10183401,,,,,,,MRN2,,2,,7.14,,,,,34.7,,,,,,,,,,,,,,,,1600,,,1706,,VISO,F4B,,,,,,126417,,,,,,,,2026NL3400106,2,,,,,,,,,,,,,,,,,1822790
8970471,20-01-2026 00:37:00,54.41650000,5.33950000,,,LV,Clupea harengus,I4537,1,,4787.946273,,1610495,1822791,NETHERLANDS,64T2,4458,12366,12105,,,8.69,13244,,16278,,,0,,,,,,,,,,,,,,,,7.14,,,,,,10183401,,,,,,,MRN2,,2,,7.14,,,,,34.7,,,,,,,,,,,,,,,,1600,,,1706,,VISO,F4B,,,,,,126417,,,,,,,,2026NL3400106,2,,,,,,,,,,,,,,,,,1822791
8970472,20-01-2026 00:37:00,54.41650000,5.33950000,,,LV,Clupea harengus,I4537,2,,4787.946273,,1610495,1822792,NETHERLANDS,64T2,4458,12366,12105,,,8.69,13244,,16278,,,0,,,,,,,,,,,,,,,,7.14,,,,,,10183401,,,,,,,MRN2,,2,,7.14,,,,,34.7,,,,,,,,,,,,,,,,1600,,,1706,,VISO,F4B,,,,,,126417,,,,,,,,2026NL3400106,2,,,,,,,,,,,,,,,,,1822792
8970473,20-01-2026 00:37:00,54.41650000,5.33950000,,,LV,Clupea harengus,I4537,1,,4787.946273,,1610495,1822793,NETHERLANDS,64T2,4458,12366,12105,,,8.69,13244,,16278,,,0,,,,,,,,,,,,,,,,7.14,,,,,,10183401,,,,,,,MRN2,,2,,7.14,,,,,34.7,,,,,,,,,,,,,,,,1600,,,1706,,VISO,F4B,,,,,,126417,,,,,,,,2026NL3400106,2,,,,,,,,,,,,,,,,,1822793
8970474,20-01-2026 00:37:00,54.41650000,5.33950000,,,LV,Clupea harengus,I4537,1,,4787.946273,,1610495,1822794,NETHERLANDS,64T2,4458,12366,12105,,,8.69,13244,,16278,,,0,,,,,,,,,,,,,,,,7.14,,,,,,10183401,,,,,,,MRN2,,2,,7.14,,,,,34.7,,,,,,,,,,,,,,,,1600,,,1706,,VISO,F4B,,,,,,126417,,,,,,,,2026NL3400106,2,,,,,,,,,,,,,,,,,1822794
8970475,20-01-2026 00:37:00,54.41650000,5.33950000,,,LV,Sardina pilchardus,I4537,1,,4787.946273,,1610495,1822944,NETHERLANDS,64T2,4458,12366,12129,,,8.69,13244,,16278,,,0,,,,,,,,,,,,,,,,7.14,,,,,,10183401,,,,,,,MRN2,,2,,7.14,,,,,34.7,,,,,,,,,,,,,,,,1600,,,1706,,VISO,F4B,,,,,,126421,,,,,,,,2026NL3400106,2,,,,,,,,,,,,,,,,,1822944
8970476,20-01-2026 00:37:00,54.41650000,5.33950000,,,LV,Sardina pilchardus,I4537,1,,4787.946273,,1610495,1822945,NETHERLANDS,64T2,4458,12366,12129,,,8.69,13244,,16278,,,0,,,,,,,,,,,,,,,,7.14,,,,,,10183401,,,,,,,MRN2,,2,,7.14,,,,,34.7,,,,,,,,,,,,,,,,1600,,,1706,,VISO,F4B,,,,,,126421,,,,,,,,2026NL3400106,2,,,,,,,,,,,,,,,,,1822945
8970477,20-01-2026 00:37:00,54.41650000,5.33950000,,,LV,Sardina pilchardus,I4537,1,,4787.946273,,1610495,1822946,NETHERLANDS,64T2,4458,12366,12129,,,8.69,13244,,16278,,,0,,,,,,,,,,,,,,,,7.14,,,,,,10183401,,,,,,,MRN2,,2,,7.14,,,,,34.7,,,,,,,,,,,,,,,,1600,,,1706,,VISO,F4B,,,,,,126421,,,,,,,,2026NL3400106,2,,,,,,,,,,,,,,,,,1822946
8970478,20-01-2026 00:37:00,54.41650000,5.33950000,,,LV,Sardina pilchardus,I4537,4,,4787.946273,,1610495,1822947,NETHERLANDS,64T2,4458,12366,12129,,,8.69,13244,,16278,,,0,,,,,,,,,,,,,,,,7.14,,,,,,10183401,,,,,,,MRN2,,2,,7.14,,,,,34.7,,,,,,,,,,,,,,,,1600,,,1706,,VISO,F4B,,,,,,126421,,,,,,,,2026NL3400106,2,,,,,,,,,,,,,,,,,1822947
8970479,20-01-2026 00:37:00,54.41650000,5.33950000,,,LV,Sardina pilchardus,I4537,1,,4787.946273,,1610495,1822948,NETHERLANDS,64T2,4458,12366,12129,,,8.69,13244,,16278,,,0,,,,,,,,,,,,,,,,7.14,,,,,,10183401,,,,,,,MRN2,,2,,7.14,,,,,34.7,,,,,,,,,,,,,,,,1600,,,1706,,VISO,F4B,,,,,,126421,,,,,,,,2026NL3400106,2,,,,,,,,,,,,,,,,,1822948
8970480,20-01-2026 00:37:00,54.41650000,5.33950000,,,LV,Sardina pilchardus,I4537,4,,4787.946273,,1610495,1822937,NETHERLANDS,64T2,4458,12366,12129,,,8.69,13244,,16278,,,0,,,,,,,,,,,,,,,,7.14,,,,,,10183401,,,,,,,MRN2,,2,,7.14,,,,,34.7,,,,,,,,,,,,,,,,1600,,,1706,,VISO,F4B,,,,,,126421,,,,,,,,2026NL3400106,2,,,,,,,,,,,,,,,,,1822937
8970481,20-01-2026 00:37:00,54.41650000,5.33950000,,,LV,Sardina pilchardus,I4537,3,,4787.946273,,1610495,1822938,NETHERLANDS,64T2,4458,12366,12129,,,8.69,13244,,16278,,,0,,,,,,,,,,,,,,,,7.14,,,,,,10183401,,,,,,,MRN2,,2,,7.14,,,,,34.7,,,,,,,,,,,,,,,,1600,,,1706,,VISO,F4B,,,,,,126421,,,,,,,,2026NL3400106,2,,,,,,,,,,,,,,,,,1822938
8970482,20-01-2026 00:37:00,54.41650000,5.33950000,,,LV,Sardina pilchardus,I4537,3,,4787.946273,,1610495,1822939,NETHERLANDS,64T2,4458,12366,12129,,,8.69,13244,,16278,,,0,,,,,,,,,,,,,,,,7.14,,,,,,10183401,,,,,,,MRN2,,2,,7.14,,,,,34.7,,,,,,,,,,,,,,,,1600,,,1706,,VISO,F4B,,,,,,126421,,,,,,,,2026NL3400106,2,,,,,,,,,,,,,,,,,1822939
8970483,20-01-2026 00:37:00,54.41650000,5.33950000,,,LV,Sardina pilchardus,I4537,3,,4787.946273,,1610495,1822940,NETHERLANDS,64T2,4458,12366,12129,,,8.69,13244,,16278,,,0,,,,,,,,,,,,,,,,7.14,,,,,,10183401,,,,,,,MRN2,,2,,7.14,,,,,34.7,,,,,,,,,,,,,,,,1600,,,1706,,VISO,F4B,,,,,,126421,,,,,,,,2026NL3400106,2,,,,,,,,,,,,,,,,,1822940
8970484,20-01-2026 00:37:00,54.41650000,5.33950000,,,LV,Sprattus sprattus,I4537,1,,4787.946273,,1610495,1822970,NETHERLANDS,64T2,4458,12366,12134,,,8.69,13244,,16278,,,0,,,,,,,,,,,,,,,,7.14,,,,,,10183401,,,,,,,MRN2,,2,,7.14,,,,,34.7,,,,,,,,,,,,,,,,1600,,,1706,,VISO,F4B,,,,,,126425,,,,,,,,2026NL3400106,2,,,,,,,,,,,,,,,,,1822970
8970485,20-01-2026 00:37:00,54.41650000,5.33950000,,,LV,Sprattus sprattus,I4537,1,,4787.946273,,1610495,1822971,NETHERLANDS,64T2,4458,12366,12134,,,8.69,13244,,16278,,,0,,,,,,,,,,,,,,,,7.14,,,,,,10183401,,,,,,,MRN2,,2,,7.14,,,,,34.7,,,,,,,,,,,,,,,,1600,,,1706,,VISO,F4B,,,,,,126425,,,,,,,,2026NL3400106,2,,,,,,,,,,,,,,,,,1822971
8970486,20-01-2026 00:37:00,54.41650000,5.33950000,,,LV,Sprattus sprattus,I4537,1,,4787.946273,,1610495,1822972,NETHERLANDS,64T2,4458,12366,12134,,,8.69,13244,,16278,,,0,,,,,,,,,,,,,,,,7.14,,,,,,10183401,,,,,,,MRN2,,2,,7.14,,,,,34.7,,,,,,,,,,,,,,,,1600,,,1706,,VISO,F4B,,,,,,126425,,,,,,,,2026NL3400106,2,,,,,,,,,,,,,,,,,1822972
8970487,20-01-2026 01:43:00,54.59717000,5.25700000,,,LV,Clupea harengus,I4537,1,,4812.891025,,1610496,1822783,NETHERLANDS,64T2,4458,12366,12105,,,8.69,13313,,16381,,,0,,,,,,,,,,,,,,,,7.51,,,,,,10183431,,,,,,,MRN2,,2,,7.49,,,,,34.72,,,,,,,,,,,,,,,,1600,,,1463,,VISO,F4B,,,,,,126417,,,,,,,,2026NL3400107,2,,,,,,,,,,,,,,,,,1822783
8970488,20-01-2026 01:43:00,54.59717000,5.25700000,,,LV,Clupea harengus,I4537,1,,4812.891025,,1610496,1822784,NETHERLANDS,64T2,4458,12366,12105,,,8.69,13313,,16381,,,0,,,,,,,,,,,,,,,,7.51,,,,,,10183431,,,,,,,MRN2,,2,,7.49,,,,,34.72,,,,,,,,,,,,,,,,1600,,,1463,,VISO,F4B,,,,,,126417,,,,,,,,2026NL3400107,2,,,,,,,,,,,,,,,,,1822784
8970489,20-01-2026 01:43:00,54.59717000,5.25700000,,,LV,Clupea harengus,I4537,1,,4812.891025,,1610496,1822785,NETHERLANDS,64T2,4458,12366,12105,,,8.69,13313,,16381,,,0,,,,,,,,,,,,,,,,7.51,,,,,,10183431,,,,,,,MRN2,,2,,7.49,,,,,34.72,,,,,,,,,,,,,,,,1600,,,1463,,VISO,F4B,,,,,,126417,,,,,,,,2026NL3400107,2,,,,,,,,,,,,,,,,,1822785
8970490,20-01-2026 01:43:00,54.59717000,5.25700000,,,LV,Clupea harengus,I4537,2,,4812.891025,,1610496,1822786,NETHERLANDS,64T2,4458,12366,12105,,,8.69,13313,,16381,,,0,,,,,,,,,,,,,,,,7.51,,,,,,10183431,,,,,,,MRN2,,2,,7.49,,,,,34.72,,,,,,,,,,,,,,,,1600,,,1463,,VISO,F4B,,,,,,126417,,,,,,,,2026NL3400107,2,,,,,,,,,,,,,,,,,1822786
8970491,20-01-2026 01:43:00,54.59717000,5.25700000,,,LV,Clupea harengus,I4537,1,,4812.891025,,1610496,1822787,NETHERLANDS,64T2,4458,12366,12105,,,8.69,13313,,16381,,,0,,,,,,,,,,,,,,,,7.51,,,,,,10183431,,,,,,,MRN2,,2,,7.49,,,,,34.72,,,,,,,,,,,,,,,,1600,,,1463,,VISO,F4B,,,,,,126417,,,,,,,,2026NL3400107,2,,,,,,,,,,,,,,,,,1822787
8970492,20-01-2026 01:43:00,54.59717000,5.25700000,,,LV,Clupea harengus,I4537,1,,4812.891025,,1610496,1822788,NETHERLANDS,64T2,4458,12366,12105,,,8.69,13313,,16381,,,0,,,,,,,,,,,,,,,,7.51,,,,,,10183431,,,,,,,MRN2,,2,,7.49,,,,,34.72,,,,,,,,,,,,,,,,1600,,,1463,,VISO,F4B,,,,,,126417,,,,,,,,2026NL3400107,2,,,,,,,,,,,,,,,,,1822788
8970493,20-01-2026 01:43:00,54.59717000,5.25700000,,,LV,Clupea harengus,I4537,1,,4812.891025,,1610496,1822777,NETHERLANDS,64T2,4458,12366,12105,,,8.69,13313,,16381,,,0,,,,,,,,,,,,,,,,7.51,,,,,,10183431,,,,,,,MRN2,,2,,7.49,,,,,34.72,,,,,,,,,,,,,,,,1600,,,1463,,VISO,F4B,,,,,,126417,,,,,,,,2026NL3400107,2,,,,,,,,,,,,,,,,,1822777
8970494,20-01-2026 01:43:00,54.59717000,5.25700000,,,LV,Clupea harengus,I4537,1,,4812.891025,,1610496,1822778,NETHERLANDS,64T2,4458,12366,12105,,,8.69,13313,,16381,,,0,,,,,,,,,,,,,,,,7.51,,,,,,10183431,,,,,,,MRN2,,2,,7.49,,,,,34.72,,,,,,,,,,,,,,,,1600,,,1463,,VISO,F4B,,,,,,126417,,,,,,,,2026NL3400107,2,,,,,,,,,,,,,,,,,1822778
8970495,20-01-2026 01:43:00,54.59717000,5.25700000,,,LV,Clupea harengus,I4537,1,,4812.891025,,1610496,1822779,NETHERLANDS,64T2,4458,12366,12105,,,8.69,13313,,16381,,,0,,,,,,,,,,,,,,,,7.51,,,,,,10183431,,,,,,,MRN2,,2,,7.49,,,,,34.72,,,,,,,,,,,,,,,,1600,,,1463,,VISO,F4B,,,,,,126417,,,,,,,,2026NL3400107,2,,,,,,,,,,,,,,,,,1822779
8970496,20-01-2026 01:43:00,54.59717000,5.25700000,,,LV,Clupea harengus,I4537,2,,4812.891025,,1610496,1822780,NETHERLANDS,64T2,4458,12366,12105,,,8.69,13313,,16381,,,0,,,,,,,,,,,,,,,,7.51,,,,,,10183431,,,,,,,MRN2,,2,,7.49,,,,,34.72,,,,,,,,,,,,,,,,1600,,,1463,,VISO,F4B,,,,,,126417,,,,,,,,2026NL3400107,2,,,,,,,,,,,,,,,,,1822780
8970497,20-01-2026 01:43:00,54.59717000,5.25700000,,,LV,Sardina pilchardus,I4537,2,,4812.891025,,1610496,1822941,NETHERLANDS,64T2,4458,12366,12129,,,8.69,13313,,16381,,,0,,,,,,,,,,,,,,,,7.51,,,,,,10183431,,,,,,,MRN2,,2,,7.49,,,,,34.72,,,,,,,,,,,,,,,,1600,,,1463,,VISO,F4B,,,,,,126421,,,,,,,,2026NL3400107,2,,,,,,,,,,,,,,,,,1822941
8970498,20-01-2026 01:43:00,54.59717000,5.25700000,,,LV,Sardina pilchardus,I4537,1,,4812.891025,,1610496,1822942,NETHERLANDS,64T2,4458,12366,12129,,,8.69,13313,,16381,,,0,,,,,,,,,,,,,,,,7.51,,,,,,10183431,,,,,,,MRN2,,2,,7.49,,,,,34.72,,,,,,,,,,,,,,,,1600,,,1463,,VISO,F4B,,,,,,126421,,,,,,,,2026NL3400107,2,,,,,,,,,,,,,,,,,1822942
8970499,20-01-2026 01:43:00,54.59717000,5.25700000,,,LV,Sardina pilchardus,I4537,3,,4812.891025,,1610496,1822931,NETHERLANDS,64T2,4458,12366,12129,,,8.69,13313,,16381,,,0,,,,,,,,,,,,,,,,7.51,,,,,,10183431,,,,,,,MRN2,,2,,7.49,,,,,34.72,,,,,,,,,,,,,,,,1600,,,1463,,VISO,F4B,,,,,,126421,,,,,,,,2026NL3400107,2,,,,,,,,,,,,,,,,,1822931
8970500,20-01-2026 01:43:00,54.59717000,5.25700000,,,LV,Sardina pilchardus,I4537,2,,4812.891025,,1610496,1822932,NETHERLANDS,64T2,4458,12366,12129,,,8.69,13313,,16381,,,0,,,,,,,,,,,,,,,,7.51,,,,,,10183431,,,,,,,MRN2,,2,,7.49,,,,,34.72,,,,,,,,,,,,,,,,1600,,,1463,,VISO,F4B,,,,,,126421,,,,,,,,2026NL3400107,2,,,,,,,,,,,,,,,,,1822932
8970501,20-01-2026 01:43:00,54.59717000,5.25700000,,,LV,Sardina pilchardus,I4537,3,,4812.891025,,1610496,1822933,NETHERLANDS,64T2,4458,12366,12129,,,8.69,13313,,16381,,,0,,,,,,,,,,,,,,,,7.51,,,,,,10183431,,,,,,,MRN2,,2,,7.49,,,,,34.72,,,,,,,,,,,,,,,,1600,,,1463,,VISO,F4B,,,,,,126421,,,,,,,,2026NL3400107,2,,,,,,,,,,,,,,,,,1822933
8970502,20-01-2026 01:43:00,54.59717000,5.25700000,,,LV,Sardina pilchardus,I4537,3,,4812.891025,,1610496,1822934,NETHERLANDS,64T2,4458,12366,12129,,,8.69,13313,,16381,,,0,,,,,,,,,,,,,,,,7.51,,,,,,10183431,,,,,,,MRN2,,2,,7.49,,,,,34.72,,,,,,,,,,,,,,,,1600,,,1463,,VISO,F4B,,,,,,126421,,,,,,,,2026NL3400107,2,,,,,,,,,,,,,,,,,1822934
8970503,20-01-2026 01:43:00,54.59717000,5.25700000,,,LV,Sardina pilchardus,I4537,4,,4812.891025,,1610496,1822935,NETHERLANDS,64T2,4458,12366,12129,,,8.69,13313,,16381,,,0,,,,,,,,,,,,,,,,7.51,,,,,,10183431,,,,,,,MRN2,,2,,7.49,,,,,34.72,,,,,,,,,,,,,,,,1600,,,1463,,VISO,F4B,,,,,,126421,,,,,,,,2026NL3400107,2,,,,,,,,,,,,,,,,,1822935
8970504,20-01-2026 01:43:00,54.59717000,5.25700000,,,LV,Sardina pilchardus,I4537,1,,4812.891025,,1610496,1822936,NETHERLANDS,64T2,4458,12366,12129,,,8.69,13313,,16381,,,0,,,,,,,,,,,,,,,,7.51,,,,,,10183431,,,,,,,MRN2,,2,,7.49,,,,,34.72,,,,,,,,,,,,,,,,1600,,,1463,,VISO,F4B,,,,,,126421,,,,,,,,2026NL3400107,2,,,,,,,,,,,,,,,,,1822936
8970505,20-01-2026 02:43:00,54.63967000,5.52717000,,,LV,Clupea harengus,I4537,1,,4320.503315,,1610497,1822781,NETHERLANDS,64T2,4458,12366,12105,,,8.69,11951,,14763,,,0,,,,,,,,,,,,,,,,7.46,,,,,,10183333,,,,,,,MRN2,,2,,7.45,,,,,34.91,,,,,,,,,,,,,,,,1600,,,1233,,VISO,F4B,,,,,,126417,,,,,,,,2026NL3400108,2,,,,,,,,,,,,,,,,,1822781
8970506,20-01-2026 02:43:00,54.63967000,5.52717000,,,LV,Clupea harengus,I4537,2,,4320.503315,,1610497,1822782,NETHERLANDS,64T2,4458,12366,12105,,,8.69,11951,,14763,,,0,,,,,,,,,,,,,,,,7.46,,,,,,10183333,,,,,,,MRN2,,2,,7.45,,,,,34.91,,,,,,,,,,,,,,,,1600,,,1233,,VISO,F4B,,,,,,126417,,,,,,,,2026NL3400108,2,,,,,,,,,,,,,,,,,1822782
8970507,20-01-2026 02:43:00,54.63967000,5.52717000,,,LV,Clupea harengus,I4537,1,,4320.503315,,1610497,1822771,NETHERLANDS,64T2,4458,12366,12105,,,8.69,11951,,14763,,,0,,,,,,,,,,,,,,,,7.46,,,,,,10183333,,,,,,,MRN2,,2,,7.45,,,,,34.91,,,,,,,,,,,,,,,,1600,,,1233,,VISO,F4B,,,,,,126417,,,,,,,,2026NL3400108,2,,,,,,,,,,,,,,,,,1822771
8970508,20-01-2026 02:43:00,54.63967000,5.52717000,,,LV,Clupea harengus,I4537,1,,4320.503315,,1610497,1822772,NETHERLANDS,64T2,4458,12366,12105,,,8.69,11951,,14763,,,0,,,,,,,,,,,,,,,,7.46,,,,,,10183333,,,,,,,MRN2,,2,,7.45,,,,,34.91,,,,,,,,,,,,,,,,1600,,,1233,,VISO,F4B,,,,,,126417,,,,,,,,2026NL3400108,2,,,,,,,,,,,,,,,,,1822772
8970509,20-01-2026 02:43:00,54.63967000,5.52717000,,,LV,Clupea harengus,I4537,1,,4320.503315,,1610497,1822773,NETHERLANDS,64T2,4458,12366,12105,,,8.69,11951,,14763,,,0,,,,,,,,,,,,,,,,7.46,,,,,,10183333,,,,,,,MRN2,,2,,7.45,,,,,34.91,,,,,,,,,,,,,,,,1600,,,1233,,VISO,F4B,,,,,,126417,,,,,,,,2026NL3400108,2,,,,,,,,,,,,,,,,,1822773
8970510,20-01-2026 02:43:00,54.63967000,5.52717000,,,LV,Clupea harengus,I4537,1,,4320.503315,,1610497,1822774,NETHERLANDS,64T2,4458,12366,12105,,,8.69,11951,,14763,,,0,,,,,,,,,,,,,,,,7.46,,,,,,10183333,,,,,,,MRN2,,2,,7.45,,,,,34.91,,,,,,,,,,,,,,,,1600,,,1233,,VISO,F4B,,,,,,126417,,,,,,,,2026NL3400108,2,,,,,,,,,,,,,,,,,1822774
8970511,20-01-2026 02:43:00,54.63967000,5.52717000,,,LV,Clupea harengus,I4537,1,,4320.503315,,1610497,1822216,NETHERLANDS,64T2,4458,12366,12105,,,8.69,11951,,14763,,,0,,,,,,,,,,,,,,,,7.46,,,,,,10183333,,,,,,,MRN2,,2,,7.45,,,,,34.91,,,,,,,,,,,,,,,,1600,,,1233,,VISO,F4B,,,,,,126417,,,,,,,,2026NL3400108,2,,,,,,,,,,,,,,,,,1822216
8970512,20-01-2026 02:43:00,54.63967000,5.52717000,,,LV,Clupea harengus,I4537,2,,4320.503315,,1610497,1822217,NETHERLANDS,64T2,4458,12366,12105,,,8.69,11951,,14763,,,0,,,,,,,,,,,,,,,,7.46,,,,,,10183333,,,,,,,MRN2,,2,,7.45,,,,,34.91,,,,,,,,,,,,,,,,1600,,,1233,,VISO,F4B,,,,,,126417,,,,,,,,2026NL3400108,2,,,,,,,,,,,,,,,,,1822217
8970513,20-01-2026 02:43:00,54.63967000,5.52717000,,,LV,Clupea harengus,I4537,1,,4320.503315,,1610497,1822218,NETHERLANDS,64T2,4458,12366,12105,,,8.69,11951,,14763,,,0,,,,,,,,,,,,,,,,7.46,,,,,,10183333,,,,,,,MRN2,,2,,7.45,,,,,34.91,,,,,,,,,,,,,,,,1600,,,1233,,VISO,F4B,,,,,,126417,,,,,,,,2026NL3400108,2,,,,,,,,,,,,,,,,,1822218
8970514,20-01-2026 02:43:00,54.63967000,5.52717000,,,LV,Clupea harengus,I4537,1,,4320.503315,,1610497,1822207,NETHERLANDS,64T2,4458,12366,12105,,,8.69,11951,,14763,,,0,,,,,,,,,,,,,,,,7.46,,,,,,10183333,,,,,,,MRN2,,2,,7.45,,,,,34.91,,,,,,,,,,,,,,,,1600,,,1233,,VISO,F4B,,,,,,126417,,,,,,,,2026NL3400108,2,,,,,,,,,,,,,,,,,1822207
8970515,20-01-2026 02:43:00,54.63967000,5.52717000,,,LV,Clupea harengus,I4537,1,,4320.503315,,1610497,1822208,NETHERLANDS,64T2,4458,12366,12105,,,8.69,11951,,14763,,,0,,,,,,,,,,,,,,,,7.46,,,,,,10183333,,,,,,,MRN2,,2,,7.45,,,,,34.91,,,,,,,,,,,,,,,,1600,,,1233,,VISO,F4B,,,,,,126417,,,,,,,,2026NL3400108,2,,,,,,,,,,,,,,,,,1822208
8970516,20-01-2026 02:43:00,54.63967000,5.52717000,,,LV,Sardina pilchardus,I4537,1,,4320.503315,,1610497,1822870,NETHERLANDS,64T2,4458,12366,12129,,,8.69,11951,,14763,,,0,,,,,,,,,,,,,,,,7.46,,,,,,10183333,,,,,,,MRN2,,2,,7.45,,,,,34.91,,,,,,,,,,,,,,,,1600,,,1233,,VISO,F4B,,,,,,126421,,,,,,,,2026NL3400108,2,,,,,,,,,,,,,,,,,1822870
8970517,20-01-2026 02:43:00,54.63967000,5.52717000,,,LV,Sardina pilchardus,I4537,3,,4320.503315,,1610497,1822859,NETHERLANDS,64T2,4458,12366,12129,,,8.69,11951,,14763,,,0,,,,,,,,,,,,,,,,7.46,,,,,,10183333,,,,,,,MRN2,,2,,7.45,,,,,34.91,,,,,,,,,,,,,,,,1600,,,1233,,VISO,F4B,,,,,,126421,,,,,,,,2026NL3400108,2,,,,,,,,,,,,,,,,,1822859
8970518,20-01-2026 02:43:00,54.63967000,5.52717000,,,LV,Sardina pilchardus,I4537,2,,4320.503315,,1610497,1822860,NETHERLANDS,64T2,4458,12366,12129,,,8.69,11951,,14763,,,0,,,,,,,,,,,,,,,,7.46,,,,,,10183333,,,,,,,MRN2,,2,,7.45,,,,,34.91,,,,,,,,,,,,,,,,1600,,,1233,,VISO,F4B,,,,,,126421,,,,,,,,2026NL3400108,2,,,,,,,,,,,,,,,,,1822860
8970519,20-01-2026 02:43:00,54.63967000,5.52717000,,,LV,Sardina pilchardus,I4537,2,,4320.503315,,1610497,1822861,NETHERLANDS,64T2,4458,12366,12129,,,8.69,11951,,14763,,,0,,,,,,,,,,,,,,,,7.46,,,,,,10183333,,,,,,,MRN2,,2,,7.45,,,,,34.91,,,,,,,,,,,,,,,,1600,,,1233,,VISO,F4B,,,,,,126421,,,,,,,,2026NL3400108,2,,,,,,,,,,,,,,,,,1822861
8970520,20-01-2026 02:43:00,54.63967000,5.52717000,,,LV,Sardina pilchardus,I4537,1,,4320.503315,,1610497,1822862,NETHERLANDS,64T2,4458,12366,12129,,,8.69,11951,,14763,,,0,,,,,,,,,,,,,,,,7.46,,,,,,10183333,,,,,,,MRN2,,2,,7.45,,,,,34.91,,,,,,,,,,,,,,,,1600,,,1233,,VISO,F4B,,,,,,126421,,,,,,,,2026NL3400108,2,,,,,,,,,,,,,,,,,1822862
8970521,20-01-2026 02:43:00,54.63967000,5.52717000,,,LV,Sardina pilchardus,I4537,5,,4320.503315,,1610497,1822863,NETHERLANDS,64T2,4458,12366,12129,,,8.69,11951,,14763,,,0,,,,,,,,,,,,,,,,7.46,,,,,,10183333,,,,,,,MRN2,,2,,7.45,,,,,34.91,,,,,,,,,,,,,,,,1600,,,1233,,VISO,F4B,,,,,,126421,,,,,,,,2026NL3400108,2,,,,,,,,,,,,,,,,,1822863
8970522,20-01-2026 02:43:00,54.63967000,5.52717000,,,LV,Sardina pilchardus,I4537,3,,4320.503315,,1610497,1822864,NETHERLANDS,64T2,4458,12366,12129,,,8.69,11951,,14763,,,0,,,,,,,,,,,,,,,,7.46,,,,,,10183333,,,,,,,MRN2,,2,,7.45,,,,,34.91,,,,,,,,,,,,,,,,1600,,,1233,,VISO,F4B,,,,,,126421,,,,,,,,2026NL3400108,2,,,,,,,,,,,,,,,,,1822864
8970523,20-01-2026 02:43:00,54.63967000,5.52717000,,,LV,Sardina pilchardus,I4537,5,,4320.503315,,1610497,1822855,NETHERLANDS,64T2,4458,12366,12129,,,8.69,11951,,14763,,,0,,,,,,,,,,,,,,,,7.46,,,,,,10183333,,,,,,,MRN2,,2,,7.45,,,,,34.91,,,,,,,,,,,,,,,,1600,,,1233,,VISO,F4B,,,,,,126421,,,,,,,,2026NL3400108,2,,,,,,,,,,,,,,,,,1822855
8970524,20-01-2026 02:43:00,54.63967000,5.52717000,,,LV,Sardina pilchardus,I4537,1,,4320.503315,,1610497,1822856,NETHERLANDS,64T2,4458,12366,12129,,,8.69,11951,,14763,,,0,,,,,,,,,,,,,,,,7.46,,,,,,10183333,,,,,,,MRN2,,2,,7.45,,,,,34.91,,,,,,,,,,,,,,,,1600,,,1233,,VISO,F4B,,,,,,126421,,,,,,,,2026NL3400108,2,,,,,,,,,,,,,,,,,1822856
8970525,20-01-2026 17:22:00,54.25183000,6.60017000,,,LV,Sprattus sprattus,I4537,1,,3348.742549,,1610498,1822975,NETHERLANDS,64T2,4458,12366,12134,,,8.69,9263,,11383,,,0,,,,,,,,,,,,,,,,6.5,,,,,,10183445,,,,,,,MRN2,,2,,6.25,,,,,33.92,,,,,,,,,,,,,,,,1600,,,1310,,VISO,F4B,,,,,,126425,,,,,,,,2026NL3400113,2,,,,,,,,,,,,,,,,,1822975
8970526,20-01-2026 17:22:00,54.25183000,6.60017000,,,LV,Clupea harengus,I4537,1,,3348.742549,,1610498,1822209,NETHERLANDS,64T2,4458,12366,12105,,,8.69,9263,,11383,,,0,,,,,,,,,,,,,,,,6.5,,,,,,10183445,,,,,,,MRN2,,2,,6.25,,,,,33.92,,,,,,,,,,,,,,,,1600,,,1310,,VISO,F4B,,,,,,126417,,,,,,,,2026NL3400113,2,,,,,,,,,,,,,,,,,1822209
8970527,20-01-2026 17:22:00,54.25183000,6.60017000,,,LV,Sprattus sprattus,I4537,1,,3348.742549,,1610498,1822976,NETHERLANDS,64T2,4458,12366,12134,,,8.69,9263,,11383,,,0,,,,,,,,,,,,,,,,6.5,,,,,,10183445,,,,,,,MRN2,,2,,6.25,,,,,33.92,,,,,,,,,,,,,,,,1600,,,1310,,VISO,F4B,,,,,,126425,,,,,,,,2026NL3400113,2,,,,,,,,,,,,,,,,,1822976
8970528,20-01-2026 17:22:00,54.25183000,6.60017000,,,LV,Sprattus sprattus,I4537,1,,3348.742549,,1610498,1822977,NETHERLANDS,64T2,4458,12366,12134,,,8.69,9263,,11383,,,0,,,,,,,,,,,,,,,,6.5,,,,,,10183445,,,,,,,MRN2,,2,,6.25,,,,,33.92,,,,,,,,,,,,,,,,1600,,,1310,,VISO,F4B,,,,,,126425,,,,,,,,2026NL3400113,2,,,,,,,,,,,,,,,,,1822977
8970529,20-01-2026 18:28:00,54.11483000,6.39150000,,,LV,Clupea harengus,I4537,1,,3349.827104,,1610499,1822210,NETHERLANDS,64T2,4458,12366,12105,,,8.69,9266,,11328,,,0,,,,,,,,,,,,,,,,6.06,,,,,,10183444,,,,,,,MRN2,,2,,5.96,,,,,33.77,,,,,,,,,,,,,,,,1600,,,1156,,VISO,F4B,,,,,,126417,,,,,,,,2026NL3400114,2,,,,,,,,,,,,,,,,,1822210
8970530,20-01-2026 18:28:00,54.11483000,6.39150000,,,LV,Clupea harengus,I4537,1,,3349.827104,,1610499,1822211,NETHERLANDS,64T2,4458,12366,12105,,,8.69,9266,,11328,,,0,,,,,,,,,,,,,,,,6.06,,,,,,10183444,,,,,,,MRN2,,2,,5.96,,,,,33.77,,,,,,,,,,,,,,,,1600,,,1156,,VISO,F4B,,,,,,126417,,,,,,,,2026NL3400114,2,,,,,,,,,,,,,,,,,1822211
8970531,20-01-2026 19:38:00,53.89617000,6.39733000,,,LV,Sardina pilchardus,I4537,1,,3568.54558,,1610500,1822857,NETHERLANDS,64T2,4458,12366,12129,,,8.69,9871,,12113,,,0,,,,,,,,,,,,,,,,5.43,,,,,,10183364,,,,,,,MRN2,,2,,4.94,,,,,32.61,,,,,,,,,,,,,,,,1600,,,1407,,VISO,F4B,,,,,,126421,,,,,,,,2026NL3400115,2,,,,,,,,,,,,,,,,,1822857
8970532,20-01-2026 21:08:00,53.83450000,6.79083000,,,LV,Clupea harengus,I4537,2,,4236.269588,,1610501,1822212,NETHERLANDS,64T2,4458,12366,12105,,,8.69,11718,,14412,,,0,,,,,,,,,,,,,,,,4.78,,,,,,10183345,,,,,,,MRN2,,2,,4.81,,,,,32.4,,,,,,,,,,,,,,,,1600,,,1907,,VISO,F4B,,,,,,126417,,,,,,,,2026NL3400116,2,,,,,,,,,,,,,,,,,1822212
8970533,20-01-2026 22:17:00,53.88683000,7.18167000,,,LV,Clupea harengus,I4537,1,,3862.459829,,1610502,1822201,NETHERLANDS,64T2,4458,12366,12105,,,8.69,10684,,12880,,,0,,,,,,,,,,,,,,,,4.83,,,,,,10183396,,,,,,,MRN2,,2,,4.83,,,,,32.54,,,,,,,,,,,,,,,,1600,,,1655,,VISO,F4B,,,,Larvae too damaged to measure,,126417,,,,,,,,2026NL3400117,2,,,,,,,,,,,,,,,,,1822201
8970534,20-01-2026 23:13:00,53.92900000,7.48683000,,,LV,Clupea harengus,I4537,1,,3574.691388,,1610503,1822202,NETHERLANDS,64T2,4458,12366,12105,,,8.69,9888,,11894,,,0,,,,,,,,,,,,,,,,4.73,,,,,,10183340,,,,,,,MRN2,,2,,4.7,,,,,32.79,,,,,,,,,,,,,,,,1600,,,1418,,VISO,F4B,,,,,,126417,,,,,,,,2026NL3400118,2,,,,,,,,,,,,,,,,,1822202
8970535,20-01-2026 23:13:00,53.92900000,7.48683000,,,LV,Clupea harengus,I4537,1,,3574.691388,,1610503,1822203,NETHERLANDS,64T2,4458,12366,12105,,,8.69,9888,,11894,,,0,,,,,,,,,,,,,,,,4.73,,,,,,10183340,,,,,,,MRN2,,2,,4.7,,,,,32.79,,,,,,,,,,,,,,,,1600,,,1418,,VISO,F4B,,,,,,126417,,,,,,,,2026NL3400118,2,,,,,,,,,,,,,,,,,1822203
8970536,20-01-2026 23:13:00,53.92900000,7.48683000,,,LV,Clupea harengus,I4537,1,,3574.691388,,1610503,1822204,NETHERLANDS,64T2,4458,12366,12105,,,8.69,9888,,11894,,,0,,,,,,,,,,,,,,,,4.73,,,,,,10183340,,,,,,,MRN2,,2,,4.7,,,,,32.79,,,,,,,,,,,,,,,,1600,,,1418,,VISO,F4B,,,,,,126417,,,,,,,,2026NL3400118,2,,,,,,,,,,,,,,,,,1822204
8970537,21-01-2026 00:50:00,54.10683000,7.82583000,,,LV,Sardina pilchardus,I4537,2,,3424.299841,,1610504,1822858,NETHERLANDS,64T2,4458,12366,12129,,,8.69,9472,,11246,,,0,,,,,,,,,,,,,,,,6.1,,,,,,10183391,,,,,,,MRN2,,2,,6.02,,,,,33.95,,,,,,,,,,,,,,,,1600,,,1151,,VISO,F4B,,,,,,126421,,,,,,,,2026NL3400119,2,,,,,,,,,,,,,,,,,1822858
8970538,21-01-2026 03:17:00,54.23617000,8.16117000,,,LV,Clupea harengus,I4537,1,,3154.607307,,1610506,1822205,NETHERLANDS,64T2,4458,12366,12105,,,8.69,8726,,10523,,,0,,,,,,,,,,,,,,,,4.88,,,,,,10183371,,,,,,,MRN2,,2,,4.87,,,,,33.04,,,,,,,,,,,,,,,,1600,,,711,,VISO,F4B,,,,,,126417,,,,,,,,2026NL3400121,2,,,,,,,,,,,,,,,,,1822205
8970539,21-01-2026 03:17:00,54.23617000,8.16117000,,,LV,Clupea harengus,I4537,1,,3154.607307,,1610506,1822206,NETHERLANDS,64T2,4458,12366,12105,,,8.69,8726,,10523,,,0,,,,,,,,,,,,,,,,4.88,,,,,,10183371,,,,,,,MRN2,,2,,4.87,,,,,33.04,,,,,,,,,,,,,,,,1600,,,711,,VISO,F4B,,,,,,126417,,,,,,,,2026NL3400121,2,,,,,,,,,,,,,,,,,1822206
8970540,21-01-2026 05:14:00,54.38250000,7.84467000,,,LV,Clupea harengus,I4537,1,,3865.351974,,1610508,1822195,NETHERLANDS,64T2,4458,12366,12105,,,8.69,10692,,12670,,,0,,,,,,,,,,,,,,,,5.68,,,,,,10183416,,,,,,,MRN2,,2,,5.66,,,,,33.86,,,,,,,,,,,,,,,,1600,,,1334,,VISO,F4B,,,,Larvae too damaged to measure,,126417,,,,,,,,2026NL3400123,2,,,,,,,,,,,,,,,,,1822195
8970541,21-01-2026 18:04:00,53.65783000,5.61050000,,,LV,Clupea harengus,I4537,1,,3324.159316,,1610509,1822196,NETHERLANDS,64T2,4458,12366,12105,,,8.69,9195,,10939,,,0,,,,,,,,,,,,,,,,5.04,,,,,,10183400,,,,,,,MRN2,,2,,5.03,,,,,32.44,,,,,,,,,,,,,,,,1600,,,1018,,VISO,F4B,,,,,,126417,,,,,,,,2026NL3400124,2,,,,,,,,,,,,,,,,,1822196
8970542,21-01-2026 18:04:00,53.65783000,5.61050000,,,LV,Clupea harengus,I4537,1,,3324.159316,,1610509,1822197,NETHERLANDS,64T2,4458,12366,12105,,,8.69,9195,,10939,,,0,,,,,,,,,,,,,,,,5.04,,,,,,10183400,,,,,,,MRN2,,2,,5.03,,,,,32.44,,,,,,,,,,,,,,,,1600,,,1018,,VISO,F4B,,,,,,126417,,,,,,,,2026NL3400124,2,,,,,,,,,,,,,,,,,1822197
8970543,21-01-2026 18:04:00,53.65783000,5.61050000,,,LV,Clupea harengus,I4537,2,,3324.159316,,1610509,1822198,NETHERLANDS,64T2,4458,12366,12105,,,8.69,9195,,10939,,,0,,,,,,,,,,,,,,,,5.04,,,,,,10183400,,,,,,,MRN2,,2,,5.03,,,,,32.44,,,,,,,,,,,,,,,,1600,,,1018,,VISO,F4B,,,,,,126417,,,,,,,,2026NL3400124,2,,,,,,,,,,,,,,,,,1822198
8970544,21-01-2026 18:04:00,53.65783000,5.61050000,,,LV,Clupea harengus,I4537,2,,3324.159316,,1610509,1822199,NETHERLANDS,64T2,4458,12366,12105,,,8.69,9195,,10939,,,0,,,,,,,,,,,,,,,,5.04,,,,,,10183400,,,,,,,MRN2,,2,,5.03,,,,,32.44,,,,,,,,,,,,,,,,1600,,,1018,,VISO,F4B,,,,,,126417,,,,,,,,2026NL3400124,2,,,,,,,,,,,,,,,,,1822199
8970545,21-01-2026 18:04:00,53.65783000,5.61050000,,,LV,Clupea harengus,I4537,3,,3324.159316,,1610509,1822200,NETHERLANDS,64T2,4458,12366,12105,,,8.69,9195,,10939,,,0,,,,,,,,,,,,,,,,5.04,,,,,,10183400,,,,,,,MRN2,,2,,5.03,,,,,32.44,,,,,,,,,,,,,,,,1600,,,1018,,VISO,F4B,,,,,,126417,,,,,,,,2026NL3400124,2,,,,,,,,,,,,,,,,,1822200
8970546,21-01-2026 18:04:00,53.65783000,5.61050000,,,LV,Clupea harengus,I4537,1,,3324.159316,,1610509,1822191,NETHERLANDS,64T2,4458,12366,12105,,,8.69,9195,,10939,,,0,,,,,,,,,,,,,,,,5.04,,,,,,10183400,,,,,,,MRN2,,2,,5.03,,,,,32.44,,,,,,,,,,,,,,,,1600,,,1018,,VISO,F4B,,,,,,126417,,,,,,,,2026NL3400124,2,,,,,,,,,,,,,,,,,1822191
8970547,21-01-2026 19:04:00,53.60183000,5.32633000,,,LV,Clupea harengus,I4537,1,,3618.073565,,1610510,1822192,NETHERLANDS,64T2,4458,12366,12105,,,8.69,10008,,11730,,,0,,,,,,,,,,,,,,,,5.08,,,,,,10183346,,,,,,,MRN2,,2,,5,,,,,32.2,,,,,,,,,,,,,,,,1600,,,837,,VISO,F4B,,,,,,126417,,,,,,,,2026NL3400125,2,,,,,,,,,,,,,,,,,1822192
8970548,21-01-2026 19:04:00,53.60183000,5.32633000,,,LV,Clupea harengus,I4537,1,,3618.073565,,1610510,1822193,NETHERLANDS,64T2,4458,12366,12105,,,8.69,10008,,11730,,,0,,,,,,,,,,,,,,,,5.08,,,,,,10183346,,,,,,,MRN2,,2,,5,,,,,32.2,,,,,,,,,,,,,,,,1600,,,837,,VISO,F4B,,,,,,126417,,,,,,,,2026NL3400125,2,,,,,,,,,,,,,,,,,1822193
8970549,21-01-2026 19:04:00,53.60183000,5.32633000,,,LV,Clupea harengus,I4537,1,,3618.073565,,1610510,1822194,NETHERLANDS,64T2,4458,12366,12105,,,8.69,10008,,11730,,,0,,,,,,,,,,,,,,,,5.08,,,,,,10183346,,,,,,,MRN2,,2,,5,,,,,32.2,,,,,,,,,,,,,,,,1600,,,837,,VISO,F4B,,,,,,126417,,,,,,,,2026NL3400125,2,,,,,,,,,,,,,,,,,1822194
8970550,21-01-2026 19:04:00,53.60183000,5.32633000,,,LV,Clupea harengus,I4537,2,,3618.073565,,1610510,1822775,NETHERLANDS,64T2,4458,12366,12105,,,8.69,10008,,11730,,,0,,,,,,,,,,,,,,,,5.08,,,,,,10183346,,,,,,,MRN2,,2,,5,,,,,32.2,,,,,,,,,,,,,,,,1600,,,837,,VISO,F4B,,,,,,126417,,,,,,,,2026NL3400125,2,,,,,,,,,,,,,,,,,1822775
8970551,21-01-2026 19:04:00,53.60183000,5.32633000,,,LV,Clupea harengus,I4537,2,,3618.073565,,1610510,1822776,NETHERLANDS,64T2,4458,12366,12105,,,8.69,10008,,11730,,,0,,,,,,,,,,,,,,,,5.08,,,,,,10183346,,,,,,,MRN2,,2,,5,,,,,32.2,,,,,,,,,,,,,,,,1600,,,837,,VISO,F4B,,,,,,126417,,,,,,,,2026NL3400125,2,,,,,,,,,,,,,,,,,1822776
8970552,21-01-2026 19:04:00,53.60183000,5.32633000,,,LV,Clupea harengus,I4537,1,,3618.073565,,1610510,1822765,NETHERLANDS,64T2,4458,12366,12105,,,8.69,10008,,11730,,,0,,,,,,,,,,,,,,,,5.08,,,,,,10183346,,,,,,,MRN2,,2,,5,,,,,32.2,,,,,,,,,,,,,,,,1600,,,837,,VISO,F4B,,,,,,126417,,,,,,,,2026NL3400125,2,,,,,,,,,,,,,,,,,1822765
8970553,21-01-2026 19:04:00,53.60183000,5.32633000,,,LV,Sardina pilchardus,I4537,1,,3618.073565,,1610510,1822925,NETHERLANDS,64T2,4458,12366,12129,,,8.69,10008,,11730,,,0,,,,,,,,,,,,,,,,5.08,,,,,,10183346,,,,,,,MRN2,,2,,5,,,,,32.2,,,,,,,,,,,,,,,,1600,,,837,,VISO,F4B,,,,,,126421,,,,,,,,2026NL3400125,2,,,,,,,,,,,,,,,,,1822925
8970554,21-01-2026 21:43:00,53.40617000,4.47200000,,,LV,Clupea harengus,I4537,2,,4727.934261,,1610511,1822766,NETHERLANDS,64T2,4458,12366,12105,,,8.69,13078,,15089,,,0,,,,,,,,,,,,,,,,6.81,,,,,,10183418,,,,,,,MRN2,,2,,6.8,,,,,34.8,,,,,,,,,,,,,,,,1600,,,1365,,VISO,F4B,,,,,,126417,,,,,,,,2026NL3400126,2,,,,,,,,,,,,,,,,,1822766
8970555,21-01-2026 21:43:00,53.40617000,4.47200000,,,LV,Clupea harengus,I4537,1,,4727.934261,,1610511,1822767,NETHERLANDS,64T2,4458,12366,12105,,,8.69,13078,,15089,,,0,,,,,,,,,,,,,,,,6.81,,,,,,10183418,,,,,,,MRN2,,2,,6.8,,,,,34.8,,,,,,,,,,,,,,,,1600,,,1365,,VISO,F4B,,,,,,126417,,,,,,,,2026NL3400126,2,,,,,,,,,,,,,,,,,1822767
8970556,21-01-2026 21:43:00,53.40617000,4.47200000,,,LV,Clupea harengus,I4537,1,,4727.934261,,1610511,1822768,NETHERLANDS,64T2,4458,12366,12105,,,8.69,13078,,15089,,,0,,,,,,,,,,,,,,,,6.81,,,,,,10183418,,,,,,,MRN2,,2,,6.8,,,,,34.8,,,,,,,,,,,,,,,,1600,,,1365,,VISO,F4B,,,,,,126417,,,,,,,,2026NL3400126,2,,,,,,,,,,,,,,,,,1822768
8970557,21-01-2026 21:43:00,53.40617000,4.47200000,,,LV,Clupea harengus,I4537,5,,4727.934261,,1610511,1822769,NETHERLANDS,64T2,4458,12366,12105,,,8.69,13078,,15089,,,0,,,,,,,,,,,,,,,,6.81,,,,,,10183418,,,,,,,MRN2,,2,,6.8,,,,,34.8,,,,,,,,,,,,,,,,1600,,,1365,,VISO,F4B,,,,,,126417,,,,,,,,2026NL3400126,2,,,,,,,,,,,,,,,,,1822769
8970558,21-01-2026 21:43:00,53.40617000,4.47200000,,,LV,Clupea harengus,I4537,3,,4727.934261,,1610511,1822770,NETHERLANDS,64T2,4458,12366,12105,,,8.69,13078,,15089,,,0,,,,,,,,,,,,,,,,6.81,,,,,,10183418,,,,,,,MRN2,,2,,6.8,,,,,34.8,,,,,,,,,,,,,,,,1600,,,1365,,VISO,F4B,,,,,,126417,,,,,,,,2026NL3400126,2,,,,,,,,,,,,,,,,,1822770
8970559,21-01-2026 21:43:00,53.40617000,4.47200000,,,LV,Clupea harengus,I4537,12,,4727.934261,,1610511,1822759,NETHERLANDS,64T2,4458,12366,12105,,,8.69,13078,,15089,,,0,,,,,,,,,,,,,,,,6.81,,,,,,10183418,,,,,,,MRN2,,2,,6.8,,,,,34.8,,,,,,,,,,,,,,,,1600,,,1365,,VISO,F4B,,,,,,126417,,,,,,,,2026NL3400126,2,,,,,,,,,,,,,,,,,1822759
8970560,21-01-2026 21:43:00,53.40617000,4.47200000,,,LV,Clupea harengus,I4537,3,,4727.934261,,1610511,1822760,NETHERLANDS,64T2,4458,12366,12105,,,8.69,13078,,15089,,,0,,,,,,,,,,,,,,,,6.81,,,,,,10183418,,,,,,,MRN2,,2,,6.8,,,,,34.8,,,,,,,,,,,,,,,,1600,,,1365,,VISO,F4B,,,,,,126417,,,,,,,,2026NL3400126,2,,,,,,,,,,,,,,,,,1822760
8970561,21-01-2026 21:43:00,53.40617000,4.47200000,,,LV,Clupea harengus,I4537,16,,4727.934261,,1610511,1822761,NETHERLANDS,64T2,4458,12366,12105,,,8.69,13078,,15089,,,0,,,,,,,,,,,,,,,,6.81,,,,,,10183418,,,,,,,MRN2,,2,,6.8,,,,,34.8,,,,,,,,,,,,,,,,1600,,,1365,,VISO,F4B,,,,,,126417,,,,,,,,2026NL3400126,2,,,,,,,,,,,,,,,,,1822761
8970562,21-01-2026 21:43:00,53.40617000,4.47200000,,,LV,Clupea harengus,I4537,18,,4727.934261,,1610511,1822762,NETHERLANDS,64T2,4458,12366,12105,,,8.69,13078,,15089,,,0,,,,,,,,,,,,,,,,6.81,,,,,,10183418,,,,,,,MRN2,,2,,6.8,,,,,34.8,,,,,,,,,,,,,,,,1600,,,1365,,VISO,F4B,,,,,,126417,,,,,,,,2026NL3400126,2,,,,,,,,,,,,,,,,,1822762
8970563,21-01-2026 21:43:00,53.40617000,4.47200000,,,LV,Clupea harengus,I4537,18,,4727.934261,,1610511,1822763,NETHERLANDS,64T2,4458,12366,12105,,,8.69,13078,,15089,,,0,,,,,,,,,,,,,,,,6.81,,,,,,10183418,,,,,,,MRN2,,2,,6.8,,,,,34.8,,,,,,,,,,,,,,,,1600,,,1365,,VISO,F4B,,,,,,126417,,,,,,,,2026NL3400126,2,,,,,,,,,,,,,,,,,1822763
8970564,21-01-2026 21:43:00,53.40617000,4.47200000,,,LV,Clupea harengus,I4537,7,,4727.934261,,1610511,1822764,NETHERLANDS,64T2,4458,12366,12105,,,8.69,13078,,15089,,,0,,,,,,,,,,,,,,,,6.81,,,,,,10183418,,,,,,,MRN2,,2,,6.8,,,,,34.8,,,,,,,,,,,,,,,,1600,,,1365,,VISO,F4B,,,,,,126417,,,,,,,,2026NL3400126,2,,,,,,,,,,,,,,,,,1822764
8970565,21-01-2026 21:43:00,53.40617000,4.47200000,,,LV,Clupea harengus,I4537,1,,4727.934261,,1610511,1822753,NETHERLANDS,64T2,4458,12366,12105,,,8.69,13078,,15089,,,0,,,,,,,,,,,,,,,,6.81,,,,,,10183418,,,,,,,MRN2,,2,,6.8,,,,,34.8,,,,,,,,,,,,,,,,1600,,,1365,,VISO,F4B,,,,,,126417,,,,,,,,2026NL3400126,2,,,,,,,,,,,,,,,,,1822753
8970566,21-01-2026 21:43:00,53.40617000,4.47200000,,,LV,Sardina pilchardus,I4537,1,,4727.934261,,1610511,1822926,NETHERLANDS,64T2,4458,12366,12129,,,8.69,13078,,15089,,,0,,,,,,,,,,,,,,,,6.81,,,,,,10183418,,,,,,,MRN2,,2,,6.8,,,,,34.8,,,,,,,,,,,,,,,,1600,,,1365,,VISO,F4B,,,,,,126421,,,,,,,,2026NL3400126,2,,,,,,,,,,,,,,,,,1822926
8970567,21-01-2026 22:52:00,53.34433000,4.13433000,,,LV,Clupea harengus,I4537,1,,4356.655129,,1610512,1822754,NETHERLANDS,64T2,4458,12366,12105,,,8.69,12051,,13777,,,0,,,,,,,,,,,,,,,,7.43,,,,,,10183375,,,,,,,MRN2,,2,,7.43,,,,,34.93,,,,,,,,,,,,,,,,1600,,,1434,,VISO,F4B,,,,,,126417,,,,,,,,2026NL3400127,2,,,,,,,,,,,,,,,,,1822754
8970568,21-01-2026 22:52:00,53.34433000,4.13433000,,,LV,Clupea harengus,I4537,1,,4356.655129,,1610512,1822755,NETHERLANDS,64T2,4458,12366,12105,,,8.69,12051,,13777,,,0,,,,,,,,,,,,,,,,7.43,,,,,,10183375,,,,,,,MRN2,,2,,7.43,,,,,34.93,,,,,,,,,,,,,,,,1600,,,1434,,VISO,F4B,,,,,,126417,,,,,,,,2026NL3400127,2,,,,,,,,,,,,,,,,,1822755
8970569,21-01-2026 22:52:00,53.34433000,4.13433000,,,LV,Clupea harengus,I4537,1,,4356.655129,,1610512,1822756,NETHERLANDS,64T2,4458,12366,12105,,,8.69,12051,,13777,,,0,,,,,,,,,,,,,,,,7.43,,,,,,10183375,,,,,,,MRN2,,2,,7.43,,,,,34.93,,,,,,,,,,,,,,,,1600,,,1434,,VISO,F4B,,,,,,126417,,,,,,,,2026NL3400127,2,,,,,,,,,,,,,,,,,1822756
8970570,21-01-2026 22:52:00,53.34433000,4.13433000,,,LV,Clupea harengus,I4537,3,,4356.655129,,1610512,1822757,NETHERLANDS,64T2,4458,12366,12105,,,8.69,12051,,13777,,,0,,,,,,,,,,,,,,,,7.43,,,,,,10183375,,,,,,,MRN2,,2,,7.43,,,,,34.93,,,,,,,,,,,,,,,,1600,,,1434,,VISO,F4B,,,,,,126417,,,,,,,,2026NL3400127,2,,,,,,,,,,,,,,,,,1822757
8970571,21-01-2026 22:52:00,53.34433000,4.13433000,,,LV,Clupea harengus,I4537,6,,4356.655129,,1610512,1822758,NETHERLANDS,64T2,4458,12366,12105,,,8.69,12051,,13777,,,0,,,,,,,,,,,,,,,,7.43,,,,,,10183375,,,,,,,MRN2,,2,,7.43,,,,,34.93,,,,,,,,,,,,,,,,1600,,,1434,,VISO,F4B,,,,,,126417,,,,,,,,2026NL3400127,2,,,,,,,,,,,,,,,,,1822758
8970572,21-01-2026 22:52:00,53.34433000,4.13433000,,,LV,Clupea harengus,I4537,5,,4356.655129,,1610512,1822747,NETHERLANDS,64T2,4458,12366,12105,,,8.69,12051,,13777,,,0,,,,,,,,,,,,,,,,7.43,,,,,,10183375,,,,,,,MRN2,,2,,7.43,,,,,34.93,,,,,,,,,,,,,,,,1600,,,1434,,VISO,F4B,,,,,,126417,,,,,,,,2026NL3400127,2,,,,,,,,,,,,,,,,,1822747
8970573,21-01-2026 22:52:00,53.34433000,4.13433000,,,LV,Clupea harengus,I4537,4,,4356.655129,,1610512,1822748,NETHERLANDS,64T2,4458,12366,12105,,,8.69,12051,,13777,,,0,,,,,,,,,,,,,,,,7.43,,,,,,10183375,,,,,,,MRN2,,2,,7.43,,,,,34.93,,,,,,,,,,,,,,,,1600,,,1434,,VISO,F4B,,,,,,126417,,,,,,,,2026NL3400127,2,,,,,,,,,,,,,,,,,1822748
8970574,21-01-2026 22:52:00,53.34433000,4.13433000,,,LV,Clupea harengus,I4537,9,,4356.655129,,1610512,1822749,NETHERLANDS,64T2,4458,12366,12105,,,8.69,12051,,13777,,,0,,,,,,,,,,,,,,,,7.43,,,,,,10183375,,,,,,,MRN2,,2,,7.43,,,,,34.93,,,,,,,,,,,,,,,,1600,,,1434,,VISO,F4B,,,,,,126417,,,,,,,,2026NL3400127,2,,,,,,,,,,,,,,,,,1822749
8970575,21-01-2026 22:52:00,53.34433000,4.13433000,,,LV,Clupea harengus,I4537,8,,4356.655129,,1610512,1822750,NETHERLANDS,64T2,4458,12366,12105,,,8.69,12051,,13777,,,0,,,,,,,,,,,,,,,,7.43,,,,,,10183375,,,,,,,MRN2,,2,,7.43,,,,,34.93,,,,,,,,,,,,,,,,1600,,,1434,,VISO,F4B,,,,,,126417,,,,,,,,2026NL3400127,2,,,,,,,,,,,,,,,,,1822750
8970576,21-01-2026 22:52:00,53.34433000,4.13433000,,,LV,Clupea harengus,I4537,19,,4356.655129,,1610512,1822751,NETHERLANDS,64T2,4458,12366,12105,,,8.69,12051,,13777,,,0,,,,,,,,,,,,,,,,7.43,,,,,,10183375,,,,,,,MRN2,,2,,7.43,,,,,34.93,,,,,,,,,,,,,,,,1600,,,1434,,VISO,F4B,,,,,,126417,,,,,,,,2026NL3400127,2,,,,,,,,,,,,,,,,,1822751
8970577,21-01-2026 22:52:00,53.34433000,4.13433000,,,LV,Clupea harengus,I4537,4,,4356.655129,,1610512,1822752,NETHERLANDS,64T2,4458,12366,12105,,,8.69,12051,,13777,,,0,,,,,,,,,,,,,,,,7.43,,,,,,10183375,,,,,,,MRN2,,2,,7.43,,,,,34.93,,,,,,,,,,,,,,,,1600,,,1434,,VISO,F4B,,,,,,126417,,,,,,,,2026NL3400127,2,,,,,,,,,,,,,,,,,1822752
8970578,21-01-2026 22:52:00,53.34433000,4.13433000,,,LV,Clupea harengus,I4537,4,,4356.655129,,1610512,1822741,NETHERLANDS,64T2,4458,12366,12105,,,8.69,12051,,13777,,,0,,,,,,,,,,,,,,,,7.43,,,,,,10183375,,,,,,,MRN2,,2,,7.43,,,,,34.93,,,,,,,,,,,,,,,,1600,,,1434,,VISO,F4B,,,,,,126417,,,,,,,,2026NL3400127,2,,,,,,,,,,,,,,,,,1822741
8970579,21-01-2026 22:52:00,53.34433000,4.13433000,,,LV,Clupea harengus,I4537,2,,4356.655129,,1610512,1822742,NETHERLANDS,64T2,4458,12366,12105,,,8.69,12051,,13777,,,0,,,,,,,,,,,,,,,,7.43,,,,,,10183375,,,,,,,MRN2,,2,,7.43,,,,,34.93,,,,,,,,,,,,,,,,1600,,,1434,,VISO,F4B,,,,,,126417,,,,,,,,2026NL3400127,2,,,,,,,,,,,,,,,,,1822742
8970580,21-01-2026 22:52:00,53.34433000,4.13433000,,,LV,Clupea harengus,I4537,1,,4356.655129,,1610512,1822743,NETHERLANDS,64T2,4458,12366,12105,,,8.69,12051,,13777,,,0,,,,,,,,,,,,,,,,7.43,,,,,,10183375,,,,,,,MRN2,,2,,7.43,,,,,34.93,,,,,,,,,,,,,,,,1600,,,1434,,VISO,F4B,,,,,,126417,,,,,,,,2026NL3400127,2,,,,,,,,,,,,,,,,,1822743
8970581,21-01-2026 22:52:00,53.34433000,4.13433000,,,LV,Clupea harengus,I4537,1,,4356.655129,,1610512,1822744,NETHERLANDS,64T2,4458,12366,12105,,,8.69,12051,,13777,,,0,,,,,,,,,,,,,,,,7.43,,,,,,10183375,,,,,,,MRN2,,2,,7.43,,,,,34.93,,,,,,,,,,,,,,,,1600,,,1434,,VISO,F4B,,,,,,126417,,,,,,,,2026NL3400127,2,,,,,,,,,,,,,,,,,1822744
8970582,21-01-2026 23:51:00,53.28433000,3.84517000,,,LV,Clupea harengus,I4537,1,,4131.429327,,1610513,1822745,NETHERLANDS,64T2,4458,12366,12105,,,8.69,11428,,13225,,,0,,,,,,,,,,,,,,,,7.66,,,,,,10183738,,,,,,,MRN2,,2,,7.65,,,,,,,,,,,,,,,,,,,,,1600,,,1673,,VISO,F4B,,,,,,126417,,,,,,,,2026NL3400128,2,,,,,,,,,,,,,,,,,1822745
8970583,21-01-2026 23:51:00,53.28433000,3.84517000,,,LV,Clupea harengus,I4537,1,,4131.429327,,1610513,1822746,NETHERLANDS,64T2,4458,12366,12105,,,8.69,11428,,13225,,,0,,,,,,,,,,,,,,,,7.66,,,,,,10183738,,,,,,,MRN2,,2,,7.65,,,,,,,,,,,,,,,,,,,,,1600,,,1673,,VISO,F4B,,,,,,126417,,,,,,,,2026NL3400128,2,,,,,,,,,,,,,,,,,1822746
8970584,21-01-2026 23:51:00,53.28433000,3.84517000,,,LV,Clupea harengus,I4537,1,,4131.429327,,1610513,1822735,NETHERLANDS,64T2,4458,12366,12105,,,8.69,11428,,13225,,,0,,,,,,,,,,,,,,,,7.66,,,,,,10183738,,,,,,,MRN2,,2,,7.65,,,,,,,,,,,,,,,,,,,,,1600,,,1673,,VISO,F4B,,,,,,126417,,,,,,,,2026NL3400128,2,,,,,,,,,,,,,,,,,1822735
8970585,21-01-2026 23:51:00,53.28433000,3.84517000,,,LV,Clupea harengus,I4537,1,,4131.429327,,1610513,1822736,NETHERLANDS,64T2,4458,12366,12105,,,8.69,11428,,13225,,,0,,,,,,,,,,,,,,,,7.66,,,,,,10183738,,,,,,,MRN2,,2,,7.65,,,,,,,,,,,,,,,,,,,,,1600,,,1673,,VISO,F4B,,,,,,126417,,,,,,,,2026NL3400128,2,,,,,,,,,,,,,,,,,1822736
8970586,21-01-2026 23:51:00,53.28433000,3.84517000,,,LV,Clupea harengus,I4537,1,,4131.429327,,1610513,1822737,NETHERLANDS,64T2,4458,12366,12105,,,8.69,11428,,13225,,,0,,,,,,,,,,,,,,,,7.66,,,,,,10183738,,,,,,,MRN2,,2,,7.65,,,,,,,,,,,,,,,,,,,,,1600,,,1673,,VISO,F4B,,,,,,126417,,,,,,,,2026NL3400128,2,,,,,,,,,,,,,,,,,1822737
8970587,21-01-2026 23:51:00,53.28433000,3.84517000,,,LV,Clupea harengus,I4537,1,,4131.429327,,1610513,1822738,NETHERLANDS,64T2,4458,12366,12105,,,8.69,11428,,13225,,,0,,,,,,,,,,,,,,,,7.66,,,,,,10183738,,,,,,,MRN2,,2,,7.65,,,,,,,,,,,,,,,,,,,,,1600,,,1673,,VISO,F4B,,,,,,126417,,,,,,,,2026NL3400128,2,,,,,,,,,,,,,,,,,1822738
8970588,21-01-2026 23:51:00,53.28433000,3.84517000,,,LV,Sprattus sprattus,I4537,1,,4131.429327,,1610513,1822978,NETHERLANDS,64T2,4458,12366,12134,,,8.69,11428,,13225,,,0,,,,,,,,,,,,,,,,7.66,,,,,,10183738,,,,,,,MRN2,,2,,7.65,,,,,,,,,,,,,,,,,,,,,1600,,,1673,,VISO,F4B,,,,,,126425,,,,,,,,2026NL3400128,2,,,,,,,,,,,,,,,,,1822978
8970589,21-01-2026 23:51:00,53.28433000,3.84517000,,,LV,Sprattus sprattus,I4537,2,,4131.429327,,1610513,1822979,NETHERLANDS,64T2,4458,12366,12134,,,8.69,11428,,13225,,,0,,,,,,,,,,,,,,,,7.66,,,,,,10183738,,,,,,,MRN2,,2,,7.65,,,,,,,,,,,,,,,,,,,,,1600,,,1673,,VISO,F4B,,,,,,126425,,,,,,,,2026NL3400128,2,,,,,,,,,,,,,,,,,1822979
8970590,21-01-2026 23:51:00,53.28433000,3.84517000,,,LV,Sprattus sprattus,I4537,1,,4131.429327,,1610513,1822980,NETHERLANDS,64T2,4458,12366,12134,,,8.69,11428,,13225,,,0,,,,,,,,,,,,,,,,7.66,,,,,,10183738,,,,,,,MRN2,,2,,7.65,,,,,,,,,,,,,,,,,,,,,1600,,,1673,,VISO,F4B,,,,,,126425,,,,,,,,2026NL3400128,2,,,,,,,,,,,,,,,,,1822980
8970591,22-01-2026 00:52:00,53.11250000,3.84100000,,,LV,Sprattus sprattus,I4537,7,,3519.017594,,1610514,1822981,NETHERLANDS,64T2,4458,12366,12134,,,8.69,9734,,11573,,,0,,,,,,,,,,,,,,,,7.75,,,,,,10183342,,,,,,,MRN2,,2,,7.74,,,,,34.97,,,,,,,,,,,,,,,,1600,,,1328,,VISO,F4B,,,,,,126425,,,,,,,,2026NL3400129,2,,,,,,,,,,,,,,,,,1822981
8970592,22-01-2026 00:52:00,53.11250000,3.84100000,,,LV,Sprattus sprattus,I4537,1,,3519.017594,,1610514,1822982,NETHERLANDS,64T2,4458,12366,12134,,,8.69,9734,,11573,,,0,,,,,,,,,,,,,,,,7.75,,,,,,10183342,,,,,,,MRN2,,2,,7.74,,,,,34.97,,,,,,,,,,,,,,,,1600,,,1328,,VISO,F4B,,,,,,126425,,,,,,,,2026NL3400129,2,,,,,,,,,,,,,,,,,1822982
8970593,22-01-2026 00:52:00,53.11250000,3.84100000,,,LV,Sprattus sprattus,I4537,1,,3519.017594,,1610514,1822983,NETHERLANDS,64T2,4458,12366,12134,,,8.69,9734,,11573,,,0,,,,,,,,,,,,,,,,7.75,,,,,,10183342,,,,,,,MRN2,,2,,7.74,,,,,34.97,,,,,,,,,,,,,,,,1600,,,1328,,VISO,F4B,,,,,,126425,,,,,,,,2026NL3400129,2,,,,,,,,,,,,,,,,,1822983
8970594,22-01-2026 02:18:00,52.84617000,3.87600000,,,LV,Clupea harengus,I4537,2,,3572.160761,,1610515,1822739,NETHERLANDS,64T2,4458,12366,12105,,,8.69,9881,,11704,,,0,,,,,,,,,,,,,,,,7.41,,,,,,10183332,,,,,,,MRN2,,2,,7.4,,,,,34.87,,,,,,,,,,,,,,,,1600,,,1166,,VISO,F4B,,,,,,126417,,,,,,,,2026NL3400130,2,,,,,,,,,,,,,,,,,1822739
8970595,22-01-2026 02:18:00,52.84617000,3.87600000,,,LV,Clupea harengus,I4537,2,,3572.160761,,1610515,1822740,NETHERLANDS,64T2,4458,12366,12105,,,8.69,9881,,11704,,,0,,,,,,,,,,,,,,,,7.41,,,,,,10183332,,,,,,,MRN2,,2,,7.4,,,,,34.87,,,,,,,,,,,,,,,,1600,,,1166,,VISO,F4B,,,,,,126417,,,,,,,,2026NL3400130,2,,,,,,,,,,,,,,,,,1822740
8970596,22-01-2026 02:18:00,52.84617000,3.87600000,,,LV,Clupea harengus,I4537,5,,3572.160761,,1610515,1822729,NETHERLANDS,64T2,4458,12366,12105,,,8.69,9881,,11704,,,0,,,,,,,,,,,,,,,,7.41,,,,,,10183332,,,,,,,MRN2,,2,,7.4,,,,,34.87,,,,,,,,,,,,,,,,1600,,,1166,,VISO,F4B,,,,,,126417,,,,,,,,2026NL3400130,2,,,,,,,,,,,,,,,,,1822729
8970597,22-01-2026 02:18:00,52.84617000,3.87600000,,,LV,Clupea harengus,I4537,14,,3572.160761,,1610515,1822730,NETHERLANDS,64T2,4458,12366,12105,,,8.69,9881,,11704,,,0,,,,,,,,,,,,,,,,7.41,,,,,,10183332,,,,,,,MRN2,,2,,7.4,,,,,34.87,,,,,,,,,,,,,,,,1600,,,1166,,VISO,F4B,,,,,,126417,,,,,,,,2026NL3400130,2,,,,,,,,,,,,,,,,,1822730
8970598,22-01-2026 02:18:00,52.84617000,3.87600000,,,LV,Clupea harengus,I4537,1,,3572.160761,,1610515,1822731,NETHERLANDS,64T2,4458,12366,12105,,,8.69,9881,,11704,,,0,,,,,,,,,,,,,,,,7.41,,,,,,10183332,,,,,,,MRN2,,2,,7.4,,,,,34.87,,,,,,,,,,,,,,,,1600,,,1166,,VISO,F4B,,,,,,126417,,,,,,,,2026NL3400130,2,,,,,,,,,,,,,,,,,1822731
8970599,22-01-2026 02:18:00,52.84617000,3.87600000,,,LV,Clupea harengus,I4537,4,,3572.160761,,1610515,1822732,NETHERLANDS,64T2,4458,12366,12105,,,8.69,9881,,11704,,,0,,,,,,,,,,,,,,,,7.41,,,,,,10183332,,,,,,,MRN2,,2,,7.4,,,,,34.87,,,,,,,,,,,,,,,,1600,,,1166,,VISO,F4B,,,,,,126417,,,,,,,,2026NL3400130,2,,,,,,,,,,,,,,,,,1822732
8970600,22-01-2026 02:18:00,52.84617000,3.87600000,,,LV,Sardina pilchardus,I4537,1,,3572.160761,,1610515,1822927,NETHERLANDS,64T2,4458,12366,12129,,,8.69,9881,,11704,,,0,,,,,,,,,,,,,,,,7.41,,,,,,10183332,,,,,,,MRN2,,2,,7.4,,,,,34.87,,,,,,,,,,,,,,,,1600,,,1166,,VISO,F4B,,,,,,126421,,,,,,,,2026NL3400130,2,,,,,,,,,,,,,,,,,1822927
8970601,22-01-2026 02:18:00,52.84617000,3.87600000,,,LV,Sardina pilchardus,I4537,1,,3572.160761,,1610515,1822928,NETHERLANDS,64T2,4458,12366,12129,,,8.69,9881,,11704,,,0,,,,,,,,,,,,,,,,7.41,,,,,,10183332,,,,,,,MRN2,,2,,7.4,,,,,34.87,,,,,,,,,,,,,,,,1600,,,1166,,VISO,F4B,,,,,,126421,,,,,,,,2026NL3400130,2,,,,,,,,,,,,,,,,,1822928
8970602,22-01-2026 02:18:00,52.84617000,3.87600000,,,LV,Sardina pilchardus,I4537,1,,3572.160761,,1610515,1822929,NETHERLANDS,64T2,4458,12366,12129,,,8.69,9881,,11704,,,0,,,,,,,,,,,,,,,,7.41,,,,,,10183332,,,,,,,MRN2,,2,,7.4,,,,,34.87,,,,,,,,,,,,,,,,1600,,,1166,,VISO,F4B,,,,,,126421,,,,,,,,2026NL3400130,2,,,,,,,,,,,,,,,,,1822929
8970603,22-01-2026 03:21:00,52.67200000,3.88700000,,,LV,Clupea harengus,I4537,2,,3402.247234,,1610516,1822733,NETHERLANDS,64T2,4458,12366,12105,,,8.69,9411,,11143,,,0,,,,,,,,,,,,,,,,7.26,,,,,,10183343,,,,,,,MRN2,,2,,7.26,,,,,34.85,,,,,,,,,,,,,,,,1600,,,739,,VISO,F4B,,,,,,126417,,,,,,,,2026NL3400131,2,,,,,,,,,,,,,,,,,1822733
8970604,22-01-2026 03:21:00,52.67200000,3.88700000,,,LV,Clupea harengus,I4537,6,,3402.247234,,1610516,1822734,NETHERLANDS,64T2,4458,12366,12105,,,8.69,9411,,11143,,,0,,,,,,,,,,,,,,,,7.26,,,,,,10183343,,,,,,,MRN2,,2,,7.26,,,,,34.85,,,,,,,,,,,,,,,,1600,,,739,,VISO,F4B,,,,,,126417,,,,,,,,2026NL3400131,2,,,,,,,,,,,,,,,,,1822734
8970605,22-01-2026 03:21:00,52.67200000,3.88700000,,,LV,Clupea harengus,I4537,3,,3402.247234,,1610516,1822723,NETHERLANDS,64T2,4458,12366,12105,,,8.69,9411,,11143,,,0,,,,,,,,,,,,,,,,7.26,,,,,,10183343,,,,,,,MRN2,,2,,7.26,,,,,34.85,,,,,,,,,,,,,,,,1600,,,739,,VISO,F4B,,,,,,126417,,,,,,,,2026NL3400131,2,,,,,,,,,,,,,,,,,1822723
8970606,22-01-2026 03:21:00,52.67200000,3.88700000,,,LV,Clupea harengus,I4537,6,,3402.247234,,1610516,1822724,NETHERLANDS,64T2,4458,12366,12105,,,8.69,9411,,11143,,,0,,,,,,,,,,,,,,,,7.26,,,,,,10183343,,,,,,,MRN2,,2,,7.26,,,,,34.85,,,,,,,,,,,,,,,,1600,,,739,,VISO,F4B,,,,,,126417,,,,,,,,2026NL3400131,2,,,,,,,,,,,,,,,,,1822724
8970607,22-01-2026 03:21:00,52.67200000,3.88700000,,,LV,Clupea harengus,I4537,6,,3402.247234,,1610516,1822725,NETHERLANDS,64T2,4458,12366,12105,,,8.69,9411,,11143,,,0,,,,,,,,,,,,,,,,7.26,,,,,,10183343,,,,,,,MRN2,,2,,7.26,,,,,34.85,,,,,,,,,,,,,,,,1600,,,739,,VISO,F4B,,,,,,126417,,,,,,,,2026NL3400131,2,,,,,,,,,,,,,,,,,1822725
8970608,22-01-2026 03:21:00,52.67200000,3.88700000,,,LV,Clupea harengus,I4537,13,,3402.247234,,1610516,1822726,NETHERLANDS,64T2,4458,12366,12105,,,8.69,9411,,11143,,,0,,,,,,,,,,,,,,,,7.26,,,,,,10183343,,,,,,,MRN2,,2,,7.26,,,,,34.85,,,,,,,,,,,,,,,,1600,,,739,,VISO,F4B,,,,,,126417,,,,,,,,2026NL3400131,2,,,,,,,,,,,,,,,,,1822726
8970609,22-01-2026 03:21:00,52.67200000,3.88700000,,,LV,Clupea harengus,I4537,3,,3402.247234,,1610516,1822727,NETHERLANDS,64T2,4458,12366,12105,,,8.69,9411,,11143,,,0,,,,,,,,,,,,,,,,7.26,,,,,,10183343,,,,,,,MRN2,,2,,7.26,,,,,34.85,,,,,,,,,,,,,,,,1600,,,739,,VISO,F4B,,,,,,126417,,,,,,,,2026NL3400131,2,,,,,,,,,,,,,,,,,1822727
8970610,22-01-2026 03:21:00,52.67200000,3.88700000,,,LV,Clupea harengus,I4537,6,,3402.247234,,1610516,1822728,NETHERLANDS,64T2,4458,12366,12105,,,8.69,9411,,11143,,,0,,,,,,,,,,,,,,,,7.26,,,,,,10183343,,,,,,,MRN2,,2,,7.26,,,,,34.85,,,,,,,,,,,,,,,,1600,,,739,,VISO,F4B,,,,,,126417,,,,,,,,2026NL3400131,2,,,,,,,,,,,,,,,,,1822728
8970611,22-01-2026 03:21:00,52.67200000,3.88700000,,,LV,Clupea harengus,I4537,1,,3402.247234,,1610516,1822717,NETHERLANDS,64T2,4458,12366,12105,,,8.69,9411,,11143,,,0,,,,,,,,,,,,,,,,7.26,,,,,,10183343,,,,,,,MRN2,,2,,7.26,,,,,34.85,,,,,,,,,,,,,,,,1600,,,739,,VISO,F4B,,,,,,126417,,,,,,,,2026NL3400131,2,,,,,,,,,,,,,,,,,1822717
8970612,22-01-2026 03:21:00,52.67200000,3.88700000,,,LV,Clupea harengus,I4537,1,,3402.247234,,1610516,1822718,NETHERLANDS,64T2,4458,12366,12105,,,8.69,9411,,11143,,,0,,,,,,,,,,,,,,,,7.26,,,,,,10183343,,,,,,,MRN2,,2,,7.26,,,,,34.85,,,,,,,,,,,,,,,,1600,,,739,,VISO,F4B,,,,,,126417,,,,,,,,2026NL3400131,2,,,,,,,,,,,,,,,,,1822718
8970613,22-01-2026 03:21:00,52.67200000,3.88700000,,,LV,Sardina pilchardus,I4537,1,,3402.247234,,1610516,1822930,NETHERLANDS,64T2,4458,12366,12129,,,8.69,9411,,11143,,,0,,,,,,,,,,,,,,,,7.26,,,,,,10183343,,,,,,,MRN2,,2,,7.26,,,,,34.85,,,,,,,,,,,,,,,,1600,,,739,,VISO,F4B,,,,,,126421,,,,,,,,2026NL3400131,2,,,,,,,,,,,,,,,,,1822930
8970614,22-01-2026 04:22:00,52.75267000,4.15150000,,,LV,Clupea harengus,I4537,2,,3821.246761,,1610517,1822719,NETHERLANDS,64T2,4458,12366,12105,,,8.69,10570,,12225,,,0,,,,,,,,,,,,,,,,6.65,,,,,,10183344,,,,,,,MRN2,,2,,6.53,,,,,34.63,,,,,,,,,,,,,,,,1600,,,1825,,VISO,F4B,,,,,,126417,,,,,,,,2026NL3400132,2,,,,,,,,,,,,,,,,,1822719
8970615,22-01-2026 04:22:00,52.75267000,4.15150000,,,LV,Clupea harengus,I4537,12,,3821.246761,,1610517,1822720,NETHERLANDS,64T2,4458,12366,12105,,,8.69,10570,,12225,,,0,,,,,,,,,,,,,,,,6.65,,,,,,10183344,,,,,,,MRN2,,2,,6.53,,,,,34.63,,,,,,,,,,,,,,,,1600,,,1825,,VISO,F4B,,,,,,126417,,,,,,,,2026NL3400132,2,,,,,,,,,,,,,,,,,1822720
8970616,22-01-2026 04:22:00,52.75267000,4.15150000,,,LV,Clupea harengus,I4537,9,,3821.246761,,1610517,1822721,NETHERLANDS,64T2,4458,12366,12105,,,8.69,10570,,12225,,,0,,,,,,,,,,,,,,,,6.65,,,,,,10183344,,,,,,,MRN2,,2,,6.53,,,,,34.63,,,,,,,,,,,,,,,,1600,,,1825,,VISO,F4B,,,,,,126417,,,,,,,,2026NL3400132,2,,,,,,,,,,,,,,,,,1822721
8970617,22-01-2026 04:22:00,52.75267000,4.15150000,,,LV,Clupea harengus,I4537,10,,3821.246761,,1610517,1822722,NETHERLANDS,64T2,4458,12366,12105,,,8.69,10570,,12225,,,0,,,,,,,,,,,,,,,,6.65,,,,,,10183344,,,,,,,MRN2,,2,,6.53,,,,,34.63,,,,,,,,,,,,,,,,1600,,,1825,,VISO,F4B,,,,,,126417,,,,,,,,2026NL3400132,2,,,,,,,,,,,,,,,,,1822722
8970618,22-01-2026 04:22:00,52.75267000,4.15150000,,,LV,Clupea harengus,I4537,8,,3821.246761,,1610517,1822711,NETHERLANDS,64T2,4458,12366,12105,,,8.69,10570,,12225,,,0,,,,,,,,,,,,,,,,6.65,,,,,,10183344,,,,,,,MRN2,,2,,6.53,,,,,34.63,,,,,,,,,,,,,,,,1600,,,1825,,VISO,F4B,,,,,,126417,,,,,,,,2026NL3400132,2,,,,,,,,,,,,,,,,,1822711
8970619,22-01-2026 04:22:00,52.75267000,4.15150000,,,LV,Clupea harengus,I4537,6,,3821.246761,,1610517,1822712,NETHERLANDS,64T2,4458,12366,12105,,,8.69,10570,,12225,,,0,,,,,,,,,,,,,,,,6.65,,,,,,10183344,,,,,,,MRN2,,2,,6.53,,,,,34.63,,,,,,,,,,,,,,,,1600,,,1825,,VISO,F4B,,,,,,126417,,,,,,,,2026NL3400132,2,,,,,,,,,,,,,,,,,1822712
8970620,22-01-2026 04:22:00,52.75267000,4.15150000,,,LV,Clupea harengus,I4537,2,,3821.246761,,1610517,1822713,NETHERLANDS,64T2,4458,12366,12105,,,8.69,10570,,12225,,,0,,,,,,,,,,,,,,,,6.65,,,,,,10183344,,,,,,,MRN2,,2,,6.53,,,,,34.63,,,,,,,,,,,,,,,,1600,,,1825,,VISO,F4B,,,,,,126417,,,,,,,,2026NL3400132,2,,,,,,,,,,,,,,,,,1822713
8970621,22-01-2026 04:22:00,52.75267000,4.15150000,,,LV,Clupea harengus,I4537,3,,3821.246761,,1610517,1822714,NETHERLANDS,64T2,4458,12366,12105,,,8.69,10570,,12225,,,0,,,,,,,,,,,,,,,,6.65,,,,,,10183344,,,,,,,MRN2,,2,,6.53,,,,,34.63,,,,,,,,,,,,,,,,1600,,,1825,,VISO,F4B,,,,,,126417,,,,,,,,2026NL3400132,2,,,,,,,,,,,,,,,,,1822714
8970622,22-01-2026 04:22:00,52.75267000,4.15150000,,,LV,Clupea harengus,I4537,1,,3821.246761,,1610517,1822715,NETHERLANDS,64T2,4458,12366,12105,,,8.69,10570,,12225,,,0,,,,,,,,,,,,,,,,6.65,,,,,,10183344,,,,,,,MRN2,,2,,6.53,,,,,34.63,,,,,,,,,,,,,,,,1600,,,1825,,VISO,F4B,,,,,,126417,,,,,,,,2026NL3400132,2,,,,,,,,,,,,,,,,,1822715
8970623,22-01-2026 04:22:00,52.75267000,4.15150000,,,LV,Clupea harengus,I4537,1,,3821.246761,,1610517,1822716,NETHERLANDS,64T2,4458,12366,12105,,,8.69,10570,,12225,,,0,,,,,,,,,,,,,,,,6.65,,,,,,10183344,,,,,,,MRN2,,2,,6.53,,,,,34.63,,,,,,,,,,,,,,,,1600,,,1825,,VISO,F4B,,,,,,126417,,,,,,,,2026NL3400132,2,,,,,,,,,,,,,,,,,1822716
8970624,22-01-2026 04:22:00,52.75267000,4.15150000,,,LV,Clupea harengus,I4537,1,,3821.246761,,1610517,1822705,NETHERLANDS,64T2,4458,12366,12105,,,8.69,10570,,12225,,,0,,,,,,,,,,,,,,,,6.65,,,,,,10183344,,,,,,,MRN2,,2,,6.53,,,,,34.63,,,,,,,,,,,,,,,,1600,,,1825,,VISO,F4B,,,,,,126417,,,,,,,,2026NL3400132,2,,,,,,,,,,,,,,,,,1822705
8970625,22-01-2026 05:18:00,52.91683000,4.31817000,,,LV,Clupea harengus,I4537,13,,3891.381281,,1610518,1822706,NETHERLANDS,64T2,4458,12366,12105,,,8.69,10764,,13162,,,0,,,,,,,,,,,,,,,,6.48,,,,,,10183419,,,,,,,MRN2,,2,,6.46,,,,,34.57,,,,,,,,,,,,,,,,1600,,,2001,,VISO,F4B,,,,,,126417,,,,,,,,2026NL3400133,2,,,,,,,,,,,,,,,,,1822706
8970626,22-01-2026 05:18:00,52.91683000,4.31817000,,,LV,Clupea harengus,I4537,9,,3891.381281,,1610518,1822707,NETHERLANDS,64T2,4458,12366,12105,,,8.69,10764,,13162,,,0,,,,,,,,,,,,,,,,6.48,,,,,,10183419,,,,,,,MRN2,,2,,6.46,,,,,34.57,,,,,,,,,,,,,,,,1600,,,2001,,VISO,F4B,,,,,,126417,,,,,,,,2026NL3400133,2,,,,,,,,,,,,,,,,,1822707
8970627,22-01-2026 05:18:00,52.91683000,4.31817000,,,LV,Clupea harengus,I4537,6,,3891.381281,,1610518,1822708,NETHERLANDS,64T2,4458,12366,12105,,,8.69,10764,,13162,,,0,,,,,,,,,,,,,,,,6.48,,,,,,10183419,,,,,,,MRN2,,2,,6.46,,,,,34.57,,,,,,,,,,,,,,,,1600,,,2001,,VISO,F4B,,,,,,126417,,,,,,,,2026NL3400133,2,,,,,,,,,,,,,,,,,1822708
8970628,22-01-2026 05:18:00,52.91683000,4.31817000,,,LV,Clupea harengus,I4537,8,,3891.381281,,1610518,1822709,NETHERLANDS,64T2,4458,12366,12105,,,8.69,10764,,13162,,,0,,,,,,,,,,,,,,,,6.48,,,,,,10183419,,,,,,,MRN2,,2,,6.46,,,,,34.57,,,,,,,,,,,,,,,,1600,,,2001,,VISO,F4B,,,,,,126417,,,,,,,,2026NL3400133,2,,,,,,,,,,,,,,,,,1822709
8970629,22-01-2026 05:18:00,52.91683000,4.31817000,,,LV,Clupea harengus,I4537,4,,3891.381281,,1610518,1822710,NETHERLANDS,64T2,4458,12366,12105,,,8.69,10764,,13162,,,0,,,,,,,,,,,,,,,,6.48,,,,,,10183419,,,,,,,MRN2,,2,,6.46,,,,,34.57,,,,,,,,,,,,,,,,1600,,,2001,,VISO,F4B,,,,,,126417,,,,,,,,2026NL3400133,2,,,,,,,,,,,,,,,,,1822710
8970630,22-01-2026 05:18:00,52.91683000,4.31817000,,,LV,Clupea harengus,I4537,4,,3891.381281,,1610518,1822699,NETHERLANDS,64T2,4458,12366,12105,,,8.69,10764,,13162,,,0,,,,,,,,,,,,,,,,6.48,,,,,,10183419,,,,,,,MRN2,,2,,6.46,,,,,34.57,,,,,,,,,,,,,,,,1600,,,2001,,VISO,F4B,,,,,,126417,,,,,,,,2026NL3400133,2,,,,,,,,,,,,,,,,,1822699
8970631,22-01-2026 05:18:00,52.91683000,4.31817000,,,LV,Clupea harengus,I4537,1,,3891.381281,,1610518,1822700,NETHERLANDS,64T2,4458,12366,12105,,,8.69,10764,,13162,,,0,,,,,,,,,,,,,,,,6.48,,,,,,10183419,,,,,,,MRN2,,2,,6.46,,,,,34.57,,,,,,,,,,,,,,,,1600,,,2001,,VISO,F4B,,,,,,126417,,,,,,,,2026NL3400133,2,,,,,,,,,,,,,,,,,1822700
8970632,22-01-2026 05:18:00,52.91683000,4.31817000,,,LV,Clupea harengus,I4537,1,,3891.381281,,1610518,1822701,NETHERLANDS,64T2,4458,12366,12105,,,8.69,10764,,13162,,,0,,,,,,,,,,,,,,,,6.48,,,,,,10183419,,,,,,,MRN2,,2,,6.46,,,,,34.57,,,,,,,,,,,,,,,,1600,,,2001,,VISO,F4B,,,,,,126417,,,,,,,,2026NL3400133,2,,,,,,,,,,,,,,,,,1822701
8970633,22-01-2026 05:18:00,52.91683000,4.31817000,,,LV,Clupea harengus,I4537,2,,3891.381281,,1610518,1822702,NETHERLANDS,64T2,4458,12366,12105,,,8.69,10764,,13162,,,0,,,,,,,,,,,,,,,,6.48,,,,,,10183419,,,,,,,MRN2,,2,,6.46,,,,,34.57,,,,,,,,,,,,,,,,1600,,,2001,,VISO,F4B,,,,,,126417,,,,,,,,2026NL3400133,2,,,,,,,,,,,,,,,,,1822702
8970634,22-01-2026 05:18:00,52.91683000,4.31817000,,,LV,Clupea harengus,I4537,2,,3891.381281,,1610518,1822703,NETHERLANDS,64T2,4458,12366,12105,,,8.69,10764,,13162,,,0,,,,,,,,,,,,,,,,6.48,,,,,,10183419,,,,,,,MRN2,,2,,6.46,,,,,34.57,,,,,,,,,,,,,,,,1600,,,2001,,VISO,F4B,,,,,,126417,,,,,,,,2026NL3400133,2,,,,,,,,,,,,,,,,,1822703
8970635,22-01-2026 17:17:00,52.42617000,3.26633000,,,LV,Clupea harengus,I4537,47,,4169.027214,,1610519,1822704,NETHERLANDS,64T2,4458,12366,12105,,,8.69,11532,,13876,,,0,,,,,,,,,,,,,,,,7.87,,,,,,10183438,,,,,,,MRN2,,2,,7.86,,,,,34.82,,,,,,,,,,,,,,,,1600,,,,,VISO,F4B,,,,,,126417,,,,,,,,2026NL3400134,2,,,,,,,,,,,,,,,,,1822704
8970636,22-01-2026 17:17:00,52.42617000,3.26633000,,,LV,Clupea harengus,I4537,5,,4169.027214,,1610519,1822693,NETHERLANDS,64T2,4458,12366,12105,,,8.69,11532,,13876,,,0,,,,,,,,,,,,,,,,7.87,,,,,,10183438,,,,,,,MRN2,,2,,7.86,,,,,34.82,,,,,,,,,,,,,,,,1600,,,,,VISO,F4B,,,,,,126417,,,,,,,,2026NL3400134,2,,,,,,,,,,,,,,,,,1822693
8970637,22-01-2026 17:17:00,52.42617000,3.26633000,,,LV,Clupea harengus,I4537,8,,4169.027214,,1610519,1822694,NETHERLANDS,64T2,4458,12366,12105,,,8.69,11532,,13876,,,0,,,,,,,,,,,,,,,,7.87,,,,,,10183438,,,,,,,MRN2,,2,,7.86,,,,,34.82,,,,,,,,,,,,,,,,1600,,,,,VISO,F4B,,,,,,126417,,,,,,,,2026NL3400134,2,,,,,,,,,,,,,,,,,1822694
8970638,22-01-2026 17:17:00,52.42617000,3.26633000,,,LV,Clupea harengus,I4537,10,,4169.027214,,1610519,1822695,NETHERLANDS,64T2,4458,12366,12105,,,8.69,11532,,13876,,,0,,,,,,,,,,,,,,,,7.87,,,,,,10183438,,,,,,,MRN2,,2,,7.86,,,,,34.82,,,,,,,,,,,,,,,,1600,,,,,VISO,F4B,,,,,,126417,,,,,,,,2026NL3400134,2,,,,,,,,,,,,,,,,,1822695
8970639,22-01-2026 17:17:00,52.42617000,3.26633000,,,LV,Clupea harengus,I4537,2,,4169.027214,,1610519,1822696,NETHERLANDS,64T2,4458,12366,12105,,,8.69,11532,,13876,,,0,,,,,,,,,,,,,,,,7.87,,,,,,10183438,,,,,,,MRN2,,2,,7.86,,,,,34.82,,,,,,,,,,,,,,,,1600,,,,,VISO,F4B,,,,,,126417,,,,,,,,2026NL3400134,2,,,,,,,,,,,,,,,,,1822696
8970640,22-01-2026 17:17:00,52.42617000,3.26633000,,,LV,Clupea harengus,I4537,1,,4169.027214,,1610519,1822697,NETHERLANDS,64T2,4458,12366,12105,,,8.69,11532,,13876,,,0,,,,,,,,,,,,,,,,7.87,,,,,,10183438,,,,,,,MRN2,,2,,7.86,,,,,34.82,,,,,,,,,,,,,,,,1600,,,,,VISO,F4B,,,,,,126417,,,,,,,,2026NL3400134,2,,,,,,,,,,,,,,,,,1822697
8970641,22-01-2026 18:18:00,52.27817000,3.19167000,,,LV,Clupea harengus,I4537,1,,3186.059386,,1610520,1822698,NETHERLANDS,64T2,4458,12366,12105,,,8.69,8813,,10574,,,0,,,,,,,,,,,,,,,,7.87,,,,,,10183434,,,,,,,MRN2,,2,,7.86,,,,,34.85,,,,,,,,,,,,,,,,1600,,,713,,VISO,F4B,,,,,,126417,,,,,,,,2026NL3400135,2,,,,,,,,,,,,,,,,,1822698
8970642,22-01-2026 18:18:00,52.27817000,3.19167000,,,LV,Clupea harengus,I4537,2,,3186.059386,,1610520,1822687,NETHERLANDS,64T2,4458,12366,12105,,,8.69,8813,,10574,,,0,,,,,,,,,,,,,,,,7.87,,,,,,10183434,,,,,,,MRN2,,2,,7.86,,,,,34.85,,,,,,,,,,,,,,,,1600,,,713,,VISO,F4B,,,,,,126417,,,,,,,,2026NL3400135,2,,,,,,,,,,,,,,,,,1822687
8970643,22-01-2026 18:18:00,52.27817000,3.19167000,,,LV,Clupea harengus,I4537,8,,3186.059386,,1610520,1822688,NETHERLANDS,64T2,4458,12366,12105,,,8.69,8813,,10574,,,0,,,,,,,,,,,,,,,,7.87,,,,,,10183434,,,,,,,MRN2,,2,,7.86,,,,,34.85,,,,,,,,,,,,,,,,1600,,,713,,VISO,F4B,,,,,,126417,,,,,,,,2026NL3400135,2,,,,,,,,,,,,,,,,,1822688
8970644,22-01-2026 18:18:00,52.27817000,3.19167000,,,LV,Clupea harengus,I4537,17,,3186.059386,,1610520,1822689,NETHERLANDS,64T2,4458,12366,12105,,,8.69,8813,,10574,,,0,,,,,,,,,,,,,,,,7.87,,,,,,10183434,,,,,,,MRN2,,2,,7.86,,,,,34.85,,,,,,,,,,,,,,,,1600,,,713,,VISO,F4B,,,,,,126417,,,,,,,,2026NL3400135,2,,,,,,,,,,,,,,,,,1822689
8970645,22-01-2026 18:18:00,52.27817000,3.19167000,,,LV,Clupea harengus,I4537,15,,3186.059386,,1610520,1822690,NETHERLANDS,64T2,4458,12366,12105,,,8.69,8813,,10574,,,0,,,,,,,,,,,,,,,,7.87,,,,,,10183434,,,,,,,MRN2,,2,,7.86,,,,,34.85,,,,,,,,,,,,,,,,1600,,,713,,VISO,F4B,,,,,,126417,,,,,,,,2026NL3400135,2,,,,,,,,,,,,,,,,,1822690
8970646,22-01-2026 18:18:00,52.27817000,3.19167000,,,LV,Clupea harengus,I4537,5,,3186.059386,,1610520,1822691,NETHERLANDS,64T2,4458,12366,12105,,,8.69,8813,,10574,,,0,,,,,,,,,,,,,,,,7.87,,,,,,10183434,,,,,,,MRN2,,2,,7.86,,,,,34.85,,,,,,,,,,,,,,,,1600,,,713,,VISO,F4B,,,,,,126417,,,,,,,,2026NL3400135,2,,,,,,,,,,,,,,,,,1822691
8970647,22-01-2026 18:18:00,52.27817000,3.19167000,,,LV,Clupea harengus,I4537,1,,3186.059386,,1610520,1822692,NETHERLANDS,64T2,4458,12366,12105,,,8.69,8813,,10574,,,0,,,,,,,,,,,,,,,,7.87,,,,,,10183434,,,,,,,MRN2,,2,,7.86,,,,,34.85,,,,,,,,,,,,,,,,1600,,,713,,VISO,F4B,,,,,,126417,,,,,,,,2026NL3400135,2,,,,,,,,,,,,,,,,,1822692
8970648,22-01-2026 18:18:00,52.27817000,3.19167000,,,LV,Clupea harengus,I4537,3,,3186.059386,,1610520,1822681,NETHERLANDS,64T2,4458,12366,12105,,,8.69,8813,,10574,,,0,,,,,,,,,,,,,,,,7.87,,,,,,10183434,,,,,,,MRN2,,2,,7.86,,,,,34.85,,,,,,,,,,,,,,,,1600,,,713,,VISO,F4B,,,,,,126417,,,,,,,,2026NL3400135,2,,,,,,,,,,,,,,,,,1822681
8970649,22-01-2026 18:18:00,52.27817000,3.19167000,,,LV,Clupea harengus,I4537,2,,3186.059386,,1610520,1822682,NETHERLANDS,64T2,4458,12366,12105,,,8.69,8813,,10574,,,0,,,,,,,,,,,,,,,,7.87,,,,,,10183434,,,,,,,MRN2,,2,,7.86,,,,,34.85,,,,,,,,,,,,,,,,1600,,,713,,VISO,F4B,,,,,,126417,,,,,,,,2026NL3400135,2,,,,,,,,,,,,,,,,,1822682
8970650,22-01-2026 18:18:00,52.27817000,3.19167000,,,LV,Clupea harengus,I4537,2,,3186.059386,,1610520,1822683,NETHERLANDS,64T2,4458,12366,12105,,,8.69,8813,,10574,,,0,,,,,,,,,,,,,,,,7.87,,,,,,10183434,,,,,,,MRN2,,2,,7.86,,,,,34.85,,,,,,,,,,,,,,,,1600,,,713,,VISO,F4B,,,,,,126417,,,,,,,,2026NL3400135,2,,,,,,,,,,,,,,,,,1822683
8970651,22-01-2026 18:18:00,52.27817000,3.19167000,,,LV,Clupea harengus,I4537,1,,3186.059386,,1610520,1822684,NETHERLANDS,64T2,4458,12366,12105,,,8.69,8813,,10574,,,0,,,,,,,,,,,,,,,,7.87,,,,,,10183434,,,,,,,MRN2,,2,,7.86,,,,,34.85,,,,,,,,,,,,,,,,1600,,,713,,VISO,F4B,,,,,,126417,,,,,,,,2026NL3400135,2,,,,,,,,,,,,,,,,,1822684
8970652,22-01-2026 18:18:00,52.27817000,3.19167000,,,LV,Clupea harengus,I4537,1,,3186.059386,,1610520,1822685,NETHERLANDS,64T2,4458,12366,12105,,,8.69,8813,,10574,,,0,,,,,,,,,,,,,,,,7.87,,,,,,10183434,,,,,,,MRN2,,2,,7.86,,,,,34.85,,,,,,,,,,,,,,,,1600,,,713,,VISO,F4B,,,,,,126417,,,,,,,,2026NL3400135,2,,,,,,,,,,,,,,,,,1822685
8970653,22-01-2026 18:18:00,52.27817000,3.19167000,,,LV,Clupea harengus,I4537,1,,3186.059386,,1610520,1822686,NETHERLANDS,64T2,4458,12366,12105,,,8.69,8813,,10574,,,0,,,,,,,,,,,,,,,,7.87,,,,,,10183434,,,,,,,MRN2,,2,,7.86,,,,,34.85,,,,,,,,,,,,,,,,1600,,,713,,VISO,F4B,,,,,,126417,,,,,,,,2026NL3400135,2,,,,,,,,,,,,,,,,,1822686
8970654,22-01-2026 18:18:00,52.27817000,3.19167000,,,LV,Clupea harengus,I4537,1,,3186.059386,,1610520,1822675,NETHERLANDS,64T2,4458,12366,12105,,,8.69,8813,,10574,,,0,,,,,,,,,,,,,,,,7.87,,,,,,10183434,,,,,,,MRN2,,2,,7.86,,,,,34.85,,,,,,,,,,,,,,,,1600,,,713,,VISO,F4B,,,,,,126417,,,,,,,,2026NL3400135,2,,,,,,,,,,,,,,,,,1822675
8970655,22-01-2026 18:18:00,52.27817000,3.19167000,,,LV,Sprattus sprattus,I4537,1,,3186.059386,,1610520,1822973,NETHERLANDS,64T2,4458,12366,12134,,,8.69,8813,,10574,,,0,,,,,,,,,,,,,,,,7.87,,,,,,10183434,,,,,,,MRN2,,2,,7.86,,,,,34.85,,,,,,,,,,,,,,,,1600,,,713,,VISO,F4B,,,,,,126425,,,,,,,,2026NL3400135,2,,,,,,,,,,,,,,,,,1822973
8970656,22-01-2026 18:18:00,52.27817000,3.19167000,,,LV,Sprattus sprattus,I4537,1,,3186.059386,,1610520,1822974,NETHERLANDS,64T2,4458,12366,12134,,,8.69,8813,,10574,,,0,,,,,,,,,,,,,,,,7.87,,,,,,10183434,,,,,,,MRN2,,2,,7.86,,,,,34.85,,,,,,,,,,,,,,,,1600,,,713,,VISO,F4B,,,,,,126425,,,,,,,,2026NL3400135,2,,,,,,,,,,,,,,,,,1822974
8970657,22-01-2026 19:22:00,52.27100000,2.86550000,,,LV,Clupea harengus,I4537,13,,4538.860273,,1610521,1822676,NETHERLANDS,64T2,4458,12366,12105,,,8.69,12555,,14545,,,0,,,,,,,,,,,,,,,,8.55,,,,,,10183384,,,,,,,MRN2,,2,,8.54,,,,,34.98,,,,,,,,,,,,,,,,1600,,,1271,,VISO,F4B,,,,,,126417,,,,,,,,2026NL3400136,2,,,,,,,,,,,,,,,,,1822676
8970658,22-01-2026 19:22:00,52.27100000,2.86550000,,,LV,Clupea harengus,I4537,2,,4538.860273,,1610521,1822677,NETHERLANDS,64T2,4458,12366,12105,,,8.69,12555,,14545,,,0,,,,,,,,,,,,,,,,8.55,,,,,,10183384,,,,,,,MRN2,,2,,8.54,,,,,34.98,,,,,,,,,,,,,,,,1600,,,1271,,VISO,F4B,,,,,,126417,,,,,,,,2026NL3400136,2,,,,,,,,,,,,,,,,,1822677
8970659,22-01-2026 19:22:00,52.27100000,2.86550000,,,LV,Clupea harengus,I4537,5,,4538.860273,,1610521,1822678,NETHERLANDS,64T2,4458,12366,12105,,,8.69,12555,,14545,,,0,,,,,,,,,,,,,,,,8.55,,,,,,10183384,,,,,,,MRN2,,2,,8.54,,,,,34.98,,,,,,,,,,,,,,,,1600,,,1271,,VISO,F4B,,,,,,126417,,,,,,,,2026NL3400136,2,,,,,,,,,,,,,,,,,1822678
8970660,22-01-2026 19:22:00,52.27100000,2.86550000,,,LV,Clupea harengus,I4537,6,,4538.860273,,1610521,1822679,NETHERLANDS,64T2,4458,12366,12105,,,8.69,12555,,14545,,,0,,,,,,,,,,,,,,,,8.55,,,,,,10183384,,,,,,,MRN2,,2,,8.54,,,,,34.98,,,,,,,,,,,,,,,,1600,,,1271,,VISO,F4B,,,,,,126417,,,,,,,,2026NL3400136,2,,,,,,,,,,,,,,,,,1822679
8970661,22-01-2026 19:22:00,52.27100000,2.86550000,,,LV,Clupea harengus,I4537,2,,4538.860273,,1610521,1822680,NETHERLANDS,64T2,4458,12366,12105,,,8.69,12555,,14545,,,0,,,,,,,,,,,,,,,,8.55,,,,,,10183384,,,,,,,MRN2,,2,,8.54,,,,,34.98,,,,,,,,,,,,,,,,1600,,,1271,,VISO,F4B,,,,,,126417,,,,,,,,2026NL3400136,2,,,,,,,,,,,,,,,,,1822680
8970662,22-01-2026 19:22:00,52.27100000,2.86550000,,,LV,Clupea harengus,I4537,4,,4538.860273,,1610521,1822669,NETHERLANDS,64T2,4458,12366,12105,,,8.69,12555,,14545,,,0,,,,,,,,,,,,,,,,8.55,,,,,,10183384,,,,,,,MRN2,,2,,8.54,,,,,34.98,,,,,,,,,,,,,,,,1600,,,1271,,VISO,F4B,,,,,,126417,,,,,,,,2026NL3400136,2,,,,,,,,,,,,,,,,,1822669
8970663,22-01-2026 19:22:00,52.27100000,2.86550000,,,LV,Clupea harengus,I4537,1,,4538.860273,,1610521,1822670,NETHERLANDS,64T2,4458,12366,12105,,,8.69,12555,,14545,,,0,,,,,,,,,,,,,,,,8.55,,,,,,10183384,,,,,,,MRN2,,2,,8.54,,,,,34.98,,,,,,,,,,,,,,,,1600,,,1271,,VISO,F4B,,,,,,126417,,,,,,,,2026NL3400136,2,,,,,,,,,,,,,,,,,1822670
8970664,22-01-2026 19:22:00,52.27100000,2.86550000,,,LV,Clupea harengus,I4537,1,,4538.860273,,1610521,1822671,NETHERLANDS,64T2,4458,12366,12105,,,8.69,12555,,14545,,,0,,,,,,,,,,,,,,,,8.55,,,,,,10183384,,,,,,,MRN2,,2,,8.54,,,,,34.98,,,,,,,,,,,,,,,,1600,,,1271,,VISO,F4B,,,,,,126417,,,,,,,,2026NL3400136,2,,,,,,,,,,,,,,,,,1822671
8970665,22-01-2026 19:22:00,52.27100000,2.86550000,,,LV,Clupea harengus,I4537,2,,4538.860273,,1610521,1822672,NETHERLANDS,64T2,4458,12366,12105,,,8.69,12555,,14545,,,0,,,,,,,,,,,,,,,,8.55,,,,,,10183384,,,,,,,MRN2,,2,,8.54,,,,,34.98,,,,,,,,,,,,,,,,1600,,,1271,,VISO,F4B,,,,,,126417,,,,,,,,2026NL3400136,2,,,,,,,,,,,,,,,,,1822672
8970666,22-01-2026 19:22:00,52.27100000,2.86550000,,,LV,Sardina pilchardus,I4537,2,,4538.860273,,1610521,1822919,NETHERLANDS,64T2,4458,12366,12129,,,8.69,12555,,14545,,,0,,,,,,,,,,,,,,,,8.55,,,,,,10183384,,,,,,,MRN2,,2,,8.54,,,,,34.98,,,,,,,,,,,,,,,,1600,,,1271,,VISO,F4B,,,,,,126421,,,,,,,,2026NL3400136,2,,,,,,,,,,,,,,,,,1822919
8970667,22-01-2026 19:22:00,52.27100000,2.86550000,,,LV,Sardina pilchardus,I4537,2,,4538.860273,,1610521,1822920,NETHERLANDS,64T2,4458,12366,12129,,,8.69,12555,,14545,,,0,,,,,,,,,,,,,,,,8.55,,,,,,10183384,,,,,,,MRN2,,2,,8.54,,,,,34.98,,,,,,,,,,,,,,,,1600,,,1271,,VISO,F4B,,,,,,126421,,,,,,,,2026NL3400136,2,,,,,,,,,,,,,,,,,1822920
8970668,22-01-2026 19:22:00,52.27100000,2.86550000,,,LV,Sardina pilchardus,I4537,8,,4538.860273,,1610521,1822921,NETHERLANDS,64T2,4458,12366,12129,,,8.69,12555,,14545,,,0,,,,,,,,,,,,,,,,8.55,,,,,,10183384,,,,,,,MRN2,,2,,8.54,,,,,34.98,,,,,,,,,,,,,,,,1600,,,1271,,VISO,F4B,,,,,,126421,,,,,,,,2026NL3400136,2,,,,,,,,,,,,,,,,,1822921
8970669,22-01-2026 19:22:00,52.27100000,2.86550000,,,LV,Sardina pilchardus,I4537,3,,4538.860273,,1610521,1822922,NETHERLANDS,64T2,4458,12366,12129,,,8.69,12555,,14545,,,0,,,,,,,,,,,,,,,,8.55,,,,,,10183384,,,,,,,MRN2,,2,,8.54,,,,,34.98,,,,,,,,,,,,,,,,1600,,,1271,,VISO,F4B,,,,,,126421,,,,,,,,2026NL3400136,2,,,,,,,,,,,,,,,,,1822922
8970670,22-01-2026 19:22:00,52.27100000,2.86550000,,,LV,Sardina pilchardus,I4537,1,,4538.860273,,1610521,1822923,NETHERLANDS,64T2,4458,12366,12129,,,8.69,12555,,14545,,,0,,,,,,,,,,,,,,,,8.55,,,,,,10183384,,,,,,,MRN2,,2,,8.54,,,,,34.98,,,,,,,,,,,,,,,,1600,,,1271,,VISO,F4B,,,,,,126421,,,,,,,,2026NL3400136,2,,,,,,,,,,,,,,,,,1822923
8970671,22-01-2026 19:22:00,52.27100000,2.86550000,,,LV,Sardina pilchardus,I4537,2,,4538.860273,,1610521,1822924,NETHERLANDS,64T2,4458,12366,12129,,,8.69,12555,,14545,,,0,,,,,,,,,,,,,,,,8.55,,,,,,10183384,,,,,,,MRN2,,2,,8.54,,,,,34.98,,,,,,,,,,,,,,,,1600,,,1271,,VISO,F4B,,,,,,126421,,,,,,,,2026NL3400136,2,,,,,,,,,,,,,,,,,1822924
8970672,22-01-2026 19:22:00,52.27100000,2.86550000,,,LV,Sardina pilchardus,I4537,1,,4538.860273,,1610521,1822913,NETHERLANDS,64T2,4458,12366,12129,,,8.69,12555,,14545,,,0,,,,,,,,,,,,,,,,8.55,,,,,,10183384,,,,,,,MRN2,,2,,8.54,,,,,34.98,,,,,,,,,,,,,,,,1600,,,1271,,VISO,F4B,,,,,,126421,,,,,,,,2026NL3400136,2,,,,,,,,,,,,,,,,,1822913
8970673,22-01-2026 20:28:00,52.09900000,2.70617000,,,LV,Clupea harengus,I4537,2,,4427.874203,,1610522,1822673,NETHERLANDS,64T2,4458,12366,12105,,,8.69,12248,,14092,,,0,,,,,,,,,,,,,,,,8.51,,,,,,10183415,,,,,,,MRN2,,2,,8.5,,,,,34.85,,,,,,,,,,,,,,,,1600,,,1539,,VISO,F4B,,,,,,126417,,,,,,,,2026NL3400137,2,,,,,,,,,,,,,,,,,1822673
8970674,22-01-2026 20:28:00,52.09900000,2.70617000,,,LV,Clupea harengus,I4537,9,,4427.874203,,1610522,1822674,NETHERLANDS,64T2,4458,12366,12105,,,8.69,12248,,14092,,,0,,,,,,,,,,,,,,,,8.51,,,,,,10183415,,,,,,,MRN2,,2,,8.5,,,,,34.85,,,,,,,,,,,,,,,,1600,,,1539,,VISO,F4B,,,,,,126417,,,,,,,,2026NL3400137,2,,,,,,,,,,,,,,,,,1822674
8970675,22-01-2026 20:28:00,52.09900000,2.70617000,,,LV,Clupea harengus,I4537,25,,4427.874203,,1610522,1822663,NETHERLANDS,64T2,4458,12366,12105,,,8.69,12248,,14092,,,0,,,,,,,,,,,,,,,,8.51,,,,,,10183415,,,,,,,MRN2,,2,,8.5,,,,,34.85,,,,,,,,,,,,,,,,1600,,,1539,,VISO,F4B,,,,,,126417,,,,,,,,2026NL3400137,2,,,,,,,,,,,,,,,,,1822663
8970676,22-01-2026 20:28:00,52.09900000,2.70617000,,,LV,Clupea harengus,I4537,2,,4427.874203,,1610522,1822664,NETHERLANDS,64T2,4458,12366,12105,,,8.69,12248,,14092,,,0,,,,,,,,,,,,,,,,8.51,,,,,,10183415,,,,,,,MRN2,,2,,8.5,,,,,34.85,,,,,,,,,,,,,,,,1600,,,1539,,VISO,F4B,,,,,,126417,,,,,,,,2026NL3400137,2,,,,,,,,,,,,,,,,,1822664
8970677,22-01-2026 20:28:00,52.09900000,2.70617000,,,LV,Clupea harengus,I4537,1,,4427.874203,,1610522,1822665,NETHERLANDS,64T2,4458,12366,12105,,,8.69,12248,,14092,,,0,,,,,,,,,,,,,,,,8.51,,,,,,10183415,,,,,,,MRN2,,2,,8.5,,,,,34.85,,,,,,,,,,,,,,,,1600,,,1539,,VISO,F4B,,,,,,126417,,,,,,,,2026NL3400137,2,,,,,,,,,,,,,,,,,1822665
8970678,22-01-2026 20:28:00,52.09900000,2.70617000,,,LV,Clupea harengus,I4537,1,,4427.874203,,1610522,1822666,NETHERLANDS,64T2,4458,12366,12105,,,8.69,12248,,14092,,,0,,,,,,,,,,,,,,,,8.51,,,,,,10183415,,,,,,,MRN2,,2,,8.5,,,,,34.85,,,,,,,,,,,,,,,,1600,,,1539,,VISO,F4B,,,,,,126417,,,,,,,,2026NL3400137,2,,,,,,,,,,,,,,,,,1822666
8970679,22-01-2026 20:28:00,52.09900000,2.70617000,,,LV,Clupea harengus,I4537,5,,4427.874203,,1610522,1822667,NETHERLANDS,64T2,4458,12366,12105,,,8.69,12248,,14092,,,0,,,,,,,,,,,,,,,,8.51,,,,,,10183415,,,,,,,MRN2,,2,,8.5,,,,,34.85,,,,,,,,,,,,,,,,1600,,,1539,,VISO,F4B,,,,,,126417,,,,,,,,2026NL3400137,2,,,,,,,,,,,,,,,,,1822667
8970680,22-01-2026 20:28:00,52.09900000,2.70617000,,,LV,Clupea harengus,I4537,3,,4427.874203,,1610522,1822668,NETHERLANDS,64T2,4458,12366,12105,,,8.69,12248,,14092,,,0,,,,,,,,,,,,,,,,8.51,,,,,,10183415,,,,,,,MRN2,,2,,8.5,,,,,34.85,,,,,,,,,,,,,,,,1600,,,1539,,VISO,F4B,,,,,,126417,,,,,,,,2026NL3400137,2,,,,,,,,,,,,,,,,,1822668
8970681,22-01-2026 20:28:00,52.09900000,2.70617000,,,LV,Clupea harengus,I4537,2,,4427.874203,,1610522,1822657,NETHERLANDS,64T2,4458,12366,12105,,,8.69,12248,,14092,,,0,,,,,,,,,,,,,,,,8.51,,,,,,10183415,,,,,,,MRN2,,2,,8.5,,,,,34.85,,,,,,,,,,,,,,,,1600,,,1539,,VISO,F4B,,,,,,126417,,,,,,,,2026NL3400137,2,,,,,,,,,,,,,,,,,1822657
8970682,22-01-2026 21:42:00,51.90600000,2.49033000,,,LV,Clupea harengus,I4537,5,,5786.459381,,1610523,1822658,NETHERLANDS,64T2,4458,12366,12105,,,8.69,16006,,18716,,,0,,,,,,,,,,,,,,,,8.61,,,,,,10183350,,,,,,,MRN2,,2,,8.59,,,,,34.74,,,,,,,,,,,,,,,,1600,,,2291,,VISO,F4B,,,,,,126417,,,,,,,,2026NL3400138,2,,,,,,,,,,,,,,,,,1822658
8970683,22-01-2026 21:42:00,51.90600000,2.49033000,,,LV,Clupea harengus,I4537,4,,5786.459381,,1610523,1822659,NETHERLANDS,64T2,4458,12366,12105,,,8.69,16006,,18716,,,0,,,,,,,,,,,,,,,,8.61,,,,,,10183350,,,,,,,MRN2,,2,,8.59,,,,,34.74,,,,,,,,,,,,,,,,1600,,,2291,,VISO,F4B,,,,,,126417,,,,,,,,2026NL3400138,2,,,,,,,,,,,,,,,,,1822659
8970684,22-01-2026 21:42:00,51.90600000,2.49033000,,,LV,Clupea harengus,I4537,3,,5786.459381,,1610523,1822660,NETHERLANDS,64T2,4458,12366,12105,,,8.69,16006,,18716,,,0,,,,,,,,,,,,,,,,8.61,,,,,,10183350,,,,,,,MRN2,,2,,8.59,,,,,34.74,,,,,,,,,,,,,,,,1600,,,2291,,VISO,F4B,,,,,,126417,,,,,,,,2026NL3400138,2,,,,,,,,,,,,,,,,,1822660
8970685,22-01-2026 21:42:00,51.90600000,2.49033000,,,LV,Clupea harengus,I4537,3,,5786.459381,,1610523,1822661,NETHERLANDS,64T2,4458,12366,12105,,,8.69,16006,,18716,,,0,,,,,,,,,,,,,,,,8.61,,,,,,10183350,,,,,,,MRN2,,2,,8.59,,,,,34.74,,,,,,,,,,,,,,,,1600,,,2291,,VISO,F4B,,,,,,126417,,,,,,,,2026NL3400138,2,,,,,,,,,,,,,,,,,1822661
8970686,22-01-2026 21:42:00,51.90600000,2.49033000,,,LV,Clupea harengus,I4537,1,,5786.459381,,1610523,1822662,NETHERLANDS,64T2,4458,12366,12105,,,8.69,16006,,18716,,,0,,,,,,,,,,,,,,,,8.61,,,,,,10183350,,,,,,,MRN2,,2,,8.59,,,,,34.74,,,,,,,,,,,,,,,,1600,,,2291,,VISO,F4B,,,,,,126417,,,,,,,,2026NL3400138,2,,,,,,,,,,,,,,,,,1822662
8970687,22-01-2026 21:42:00,51.90600000,2.49033000,,,LV,Clupea harengus,I4537,1,,5786.459381,,1610523,1822651,NETHERLANDS,64T2,4458,12366,12105,,,8.69,16006,,18716,,,0,,,,,,,,,,,,,,,,8.61,,,,,,10183350,,,,,,,MRN2,,2,,8.59,,,,,34.74,,,,,,,,,,,,,,,,1600,,,2291,,VISO,F4B,,,,,,126417,,,,,,,,2026NL3400138,2,,,,,,,,,,,,,,,,,1822651
8970688,22-01-2026 21:42:00,51.90600000,2.49033000,,,LV,Clupea harengus,I4537,3,,5786.459381,,1610523,1822652,NETHERLANDS,64T2,4458,12366,12105,,,8.69,16006,,18716,,,0,,,,,,,,,,,,,,,,8.61,,,,,,10183350,,,,,,,MRN2,,2,,8.59,,,,,34.74,,,,,,,,,,,,,,,,1600,,,2291,,VISO,F4B,,,,,,126417,,,,,,,,2026NL3400138,2,,,,,,,,,,,,,,,,,1822652
8970689,22-01-2026 21:42:00,51.90600000,2.49033000,,,LV,Clupea harengus,I4537,1,,5786.459381,,1610523,1822653,NETHERLANDS,64T2,4458,12366,12105,,,8.69,16006,,18716,,,0,,,,,,,,,,,,,,,,8.61,,,,,,10183350,,,,,,,MRN2,,2,,8.59,,,,,34.74,,,,,,,,,,,,,,,,1600,,,2291,,VISO,F4B,,,,,,126417,,,,,,,,2026NL3400138,2,,,,,,,,,,,,,,,,,1822653
8970690,22-01-2026 21:42:00,51.90600000,2.49033000,,,LV,Clupea harengus,I4537,1,,5786.459381,,1610523,1822654,NETHERLANDS,64T2,4458,12366,12105,,,8.69,16006,,18716,,,0,,,,,,,,,,,,,,,,8.61,,,,,,10183350,,,,,,,MRN2,,2,,8.59,,,,,34.74,,,,,,,,,,,,,,,,1600,,,2291,,VISO,F4B,,,,,,126417,,,,,,,,2026NL3400138,2,,,,,,,,,,,,,,,,,1822654
8970691,22-01-2026 21:42:00,51.90600000,2.49033000,,,LV,Clupea harengus,I4537,1,,5786.459381,,1610523,1822655,NETHERLANDS,64T2,4458,12366,12105,,,8.69,16006,,18716,,,0,,,,,,,,,,,,,,,,8.61,,,,,,10183350,,,,,,,MRN2,,2,,8.59,,,,,34.74,,,,,,,,,,,,,,,,1600,,,2291,,VISO,F4B,,,,,,126417,,,,,,,,2026NL3400138,2,,,,,,,,,,,,,,,,,1822655
8970692,22-01-2026 21:42:00,51.90600000,2.49033000,,,LV,Sardina pilchardus,I4537,21,,5786.459381,,1610523,1822914,NETHERLANDS,64T2,4458,12366,12129,,,8.69,16006,,18716,,,0,,,,,,,,,,,,,,,,8.61,,,,,,10183350,,,,,,,MRN2,,2,,8.59,,,,,34.74,,,,,,,,,,,,,,,,1600,,,2291,,VISO,F4B,,,,,,126421,,,,,,,,2026NL3400138,2,,,,,,,,,,,,,,,,,1822914
8970693,22-01-2026 21:42:00,51.90600000,2.49033000,,,LV,Sardina pilchardus,I4537,8,,5786.459381,,1610523,1822915,NETHERLANDS,64T2,4458,12366,12129,,,8.69,16006,,18716,,,0,,,,,,,,,,,,,,,,8.61,,,,,,10183350,,,,,,,MRN2,,2,,8.59,,,,,34.74,,,,,,,,,,,,,,,,1600,,,2291,,VISO,F4B,,,,,,126421,,,,,,,,2026NL3400138,2,,,,,,,,,,,,,,,,,1822915
8970694,22-01-2026 21:42:00,51.90600000,2.49033000,,,LV,Sardina pilchardus,I4537,11,,5786.459381,,1610523,1822916,NETHERLANDS,64T2,4458,12366,12129,,,8.69,16006,,18716,,,0,,,,,,,,,,,,,,,,8.61,,,,,,10183350,,,,,,,MRN2,,2,,8.59,,,,,34.74,,,,,,,,,,,,,,,,1600,,,2291,,VISO,F4B,,,,,,126421,,,,,,,,2026NL3400138,2,,,,,,,,,,,,,,,,,1822916
8970695,22-01-2026 21:42:00,51.90600000,2.49033000,,,LV,Sardina pilchardus,I4537,4,,5786.459381,,1610523,1822917,NETHERLANDS,64T2,4458,12366,12129,,,8.69,16006,,18716,,,0,,,,,,,,,,,,,,,,8.61,,,,,,10183350,,,,,,,MRN2,,2,,8.59,,,,,34.74,,,,,,,,,,,,,,,,1600,,,2291,,VISO,F4B,,,,,,126421,,,,,,,,2026NL3400138,2,,,,,,,,,,,,,,,,,1822917
8970696,22-01-2026 21:42:00,51.90600000,2.49033000,,,LV,Sardina pilchardus,I4537,1,,5786.459381,,1610523,1822918,NETHERLANDS,64T2,4458,12366,12129,,,8.69,16006,,18716,,,0,,,,,,,,,,,,,,,,8.61,,,,,,10183350,,,,,,,MRN2,,2,,8.59,,,,,34.74,,,,,,,,,,,,,,,,1600,,,2291,,VISO,F4B,,,,,,126421,,,,,,,,2026NL3400138,2,,,,,,,,,,,,,,,,,1822918
8970697,22-01-2026 21:42:00,51.90600000,2.49033000,,,LV,Sardina pilchardus,I4537,2,,5786.459381,,1610523,1822907,NETHERLANDS,64T2,4458,12366,12129,,,8.69,16006,,18716,,,0,,,,,,,,,,,,,,,,8.61,,,,,,10183350,,,,,,,MRN2,,2,,8.59,,,,,34.74,,,,,,,,,,,,,,,,1600,,,2291,,VISO,F4B,,,,,,126421,,,,,,,,2026NL3400138,2,,,,,,,,,,,,,,,,,1822907
8970698,22-01-2026 21:42:00,51.90600000,2.49033000,,,LV,Sardina pilchardus,I4537,1,,5786.459381,,1610523,1822908,NETHERLANDS,64T2,4458,12366,12129,,,8.69,16006,,18716,,,0,,,,,,,,,,,,,,,,8.61,,,,,,10183350,,,,,,,MRN2,,2,,8.59,,,,,34.74,,,,,,,,,,,,,,,,1600,,,2291,,VISO,F4B,,,,,,126421,,,,,,,,2026NL3400138,2,,,,,,,,,,,,,,,,,1822908
8970699,22-01-2026 21:42:00,51.90600000,2.49033000,,,LV,Sardina pilchardus,I4537,1,,5786.459381,,1610523,1822909,NETHERLANDS,64T2,4458,12366,12129,,,8.69,16006,,18716,,,0,,,,,,,,,,,,,,,,8.61,,,,,,10183350,,,,,,,MRN2,,2,,8.59,,,,,34.74,,,,,,,,,,,,,,,,1600,,,2291,,VISO,F4B,,,,,,126421,,,,,,,,2026NL3400138,2,,,,,,,,,,,,,,,,,1822909
8970700,22-01-2026 21:42:00,51.90600000,2.49033000,,,LV,Sardina pilchardus,I4537,1,,5786.459381,,1610523,1822910,NETHERLANDS,64T2,4458,12366,12129,,,8.69,16006,,18716,,,0,,,,,,,,,,,,,,,,8.61,,,,,,10183350,,,,,,,MRN2,,2,,8.59,,,,,34.74,,,,,,,,,,,,,,,,1600,,,2291,,VISO,F4B,,,,,,126421,,,,,,,,2026NL3400138,2,,,,,,,,,,,,,,,,,1822910
8970701,22-01-2026 21:42:00,51.90600000,2.49033000,,,LV,Sardina pilchardus,I4537,1,,5786.459381,,1610523,1822911,NETHERLANDS,64T2,4458,12366,12129,,,8.69,16006,,18716,,,0,,,,,,,,,,,,,,,,8.61,,,,,,10183350,,,,,,,MRN2,,2,,8.59,,,,,34.74,,,,,,,,,,,,,,,,1600,,,2291,,VISO,F4B,,,,,,126421,,,,,,,,2026NL3400138,2,,,,,,,,,,,,,,,,,1822911
8970702,22-01-2026 23:06:00,51.77583000,2.80433000,,,LV,Clupea harengus,I4537,28,,3237.394962,,1610524,1822656,NETHERLANDS,64T2,4458,12366,12105,,,8.69,8955,,10645,,,0,,,,,,,,,,,,,,,,7.85,,,,,,10183366,,,,,,,MRN2,,2,,7.85,,,,,34.53,,,,,,,,,,,,,,,,1600,,,798,,VISO,F4B,,,,,,126417,,,,,,,,2026NL3400139,2,,,,,,,,,,,,,,,,,1822656
8970703,22-01-2026 23:06:00,51.77583000,2.80433000,,,LV,Clupea harengus,I4537,8,,3237.394962,,1610524,1822645,NETHERLANDS,64T2,4458,12366,12105,,,8.69,8955,,10645,,,0,,,,,,,,,,,,,,,,7.85,,,,,,10183366,,,,,,,MRN2,,2,,7.85,,,,,34.53,,,,,,,,,,,,,,,,1600,,,798,,VISO,F4B,,,,,,126417,,,,,,,,2026NL3400139,2,,,,,,,,,,,,,,,,,1822645
8970704,22-01-2026 23:06:00,51.77583000,2.80433000,,,LV,Clupea harengus,I4537,9,,3237.394962,,1610524,1822646,NETHERLANDS,64T2,4458,12366,12105,,,8.69,8955,,10645,,,0,,,,,,,,,,,,,,,,7.85,,,,,,10183366,,,,,,,MRN2,,2,,7.85,,,,,34.53,,,,,,,,,,,,,,,,1600,,,798,,VISO,F4B,,,,,,126417,,,,,,,,2026NL3400139,2,,,,,,,,,,,,,,,,,1822646
8970705,22-01-2026 23:06:00,51.77583000,2.80433000,,,LV,Clupea harengus,I4537,6,,3237.394962,,1610524,1822647,NETHERLANDS,64T2,4458,12366,12105,,,8.69,8955,,10645,,,0,,,,,,,,,,,,,,,,7.85,,,,,,10183366,,,,,,,MRN2,,2,,7.85,,,,,34.53,,,,,,,,,,,,,,,,1600,,,798,,VISO,F4B,,,,,,126417,,,,,,,,2026NL3400139,2,,,,,,,,,,,,,,,,,1822647
8970706,22-01-2026 23:06:00,51.77583000,2.80433000,,,LV,Clupea harengus,I4537,2,,3237.394962,,1610524,1822648,NETHERLANDS,64T2,4458,12366,12105,,,8.69,8955,,10645,,,0,,,,,,,,,,,,,,,,7.85,,,,,,10183366,,,,,,,MRN2,,2,,7.85,,,,,34.53,,,,,,,,,,,,,,,,1600,,,798,,VISO,F4B,,,,,,126417,,,,,,,,2026NL3400139,2,,,,,,,,,,,,,,,,,1822648
8970707,22-01-2026 23:06:00,51.77583000,2.80433000,,,LV,Clupea harengus,I4537,2,,3237.394962,,1610524,1822649,NETHERLANDS,64T2,4458,12366,12105,,,8.69,8955,,10645,,,0,,,,,,,,,,,,,,,,7.85,,,,,,10183366,,,,,,,MRN2,,2,,7.85,,,,,34.53,,,,,,,,,,,,,,,,1600,,,798,,VISO,F4B,,,,,,126417,,,,,,,,2026NL3400139,2,,,,,,,,,,,,,,,,,1822649
8970708,22-01-2026 23:06:00,51.77583000,2.80433000,,,LV,Clupea harengus,I4537,2,,3237.394962,,1610524,1822650,NETHERLANDS,64T2,4458,12366,12105,,,8.69,8955,,10645,,,0,,,,,,,,,,,,,,,,7.85,,,,,,10183366,,,,,,,MRN2,,2,,7.85,,,,,34.53,,,,,,,,,,,,,,,,1600,,,798,,VISO,F4B,,,,,,126417,,,,,,,,2026NL3400139,2,,,,,,,,,,,,,,,,,1822650
8970709,22-01-2026 23:06:00,51.77583000,2.80433000,,,LV,Clupea harengus,I4537,2,,3237.394962,,1610524,1822639,NETHERLANDS,64T2,4458,12366,12105,,,8.69,8955,,10645,,,0,,,,,,,,,,,,,,,,7.85,,,,,,10183366,,,,,,,MRN2,,2,,7.85,,,,,34.53,,,,,,,,,,,,,,,,1600,,,798,,VISO,F4B,,,,,,126417,,,,,,,,2026NL3400139,2,,,,,,,,,,,,,,,,,1822639
8970710,22-01-2026 23:06:00,51.77583000,2.80433000,,,LV,Clupea harengus,I4537,1,,3237.394962,,1610524,1822640,NETHERLANDS,64T2,4458,12366,12105,,,8.69,8955,,10645,,,0,,,,,,,,,,,,,,,,7.85,,,,,,10183366,,,,,,,MRN2,,2,,7.85,,,,,34.53,,,,,,,,,,,,,,,,1600,,,798,,VISO,F4B,,,,,,126417,,,,,,,,2026NL3400139,2,,,,,,,,,,,,,,,,,1822640
8970711,23-01-2026 00:25:00,51.75600000,3.14233000,,,LV,Clupea harengus,I4537,21,,3049.04401,,1610525,1822641,NETHERLANDS,64T2,4458,12366,12105,,,8.69,8434,,9916,,,0,,,,,,,,,,,,,,,,6.93,,,,,,10183410,,,,,,,MRN2,,2,,6.96,,,,,34.35,,,,,,,,,,,,,,,,1600,,,1050,,VISO,F4B,,,,,,126417,,,,,,,,2026NL3400140,2,,,,,,,,,,,,,,,,,1822641
8970712,23-01-2026 00:25:00,51.75600000,3.14233000,,,LV,Clupea harengus,I4537,2,,3049.04401,,1610525,1822642,NETHERLANDS,64T2,4458,12366,12105,,,8.69,8434,,9916,,,0,,,,,,,,,,,,,,,,6.93,,,,,,10183410,,,,,,,MRN2,,2,,6.96,,,,,34.35,,,,,,,,,,,,,,,,1600,,,1050,,VISO,F4B,,,,,,126417,,,,,,,,2026NL3400140,2,,,,,,,,,,,,,,,,,1822642
8970713,23-01-2026 00:25:00,51.75600000,3.14233000,,,LV,Clupea harengus,I4537,8,,3049.04401,,1610525,1822643,NETHERLANDS,64T2,4458,12366,12105,,,8.69,8434,,9916,,,0,,,,,,,,,,,,,,,,6.93,,,,,,10183410,,,,,,,MRN2,,2,,6.96,,,,,34.35,,,,,,,,,,,,,,,,1600,,,1050,,VISO,F4B,,,,,,126417,,,,,,,,2026NL3400140,2,,,,,,,,,,,,,,,,,1822643
8970714,23-01-2026 00:25:00,51.75600000,3.14233000,,,LV,Clupea harengus,I4537,6,,3049.04401,,1610525,1822644,NETHERLANDS,64T2,4458,12366,12105,,,8.69,8434,,9916,,,0,,,,,,,,,,,,,,,,6.93,,,,,,10183410,,,,,,,MRN2,,2,,6.96,,,,,34.35,,,,,,,,,,,,,,,,1600,,,1050,,VISO,F4B,,,,,,126417,,,,,,,,2026NL3400140,2,,,,,,,,,,,,,,,,,1822644
8970715,23-01-2026 00:25:00,51.75600000,3.14233000,,,LV,Clupea harengus,I4537,5,,3049.04401,,1610525,1822633,NETHERLANDS,64T2,4458,12366,12105,,,8.69,8434,,9916,,,0,,,,,,,,,,,,,,,,6.93,,,,,,10183410,,,,,,,MRN2,,2,,6.96,,,,,34.35,,,,,,,,,,,,,,,,1600,,,1050,,VISO,F4B,,,,,,126417,,,,,,,,2026NL3400140,2,,,,,,,,,,,,,,,,,1822633
8970716,23-01-2026 00:25:00,51.75600000,3.14233000,,,LV,Clupea harengus,I4537,3,,3049.04401,,1610525,1822634,NETHERLANDS,64T2,4458,12366,12105,,,8.69,8434,,9916,,,0,,,,,,,,,,,,,,,,6.93,,,,,,10183410,,,,,,,MRN2,,2,,6.96,,,,,34.35,,,,,,,,,,,,,,,,1600,,,1050,,VISO,F4B,,,,,,126417,,,,,,,,2026NL3400140,2,,,,,,,,,,,,,,,,,1822634
8970717,23-01-2026 00:25:00,51.75600000,3.14233000,,,LV,Clupea harengus,I4537,1,,3049.04401,,1610525,1822635,NETHERLANDS,64T2,4458,12366,12105,,,8.69,8434,,9916,,,0,,,,,,,,,,,,,,,,6.93,,,,,,10183410,,,,,,,MRN2,,2,,6.96,,,,,34.35,,,,,,,,,,,,,,,,1600,,,1050,,VISO,F4B,,,,,,126417,,,,,,,,2026NL3400140,2,,,,,,,,,,,,,,,,,1822635
8970718,23-01-2026 00:25:00,51.75600000,3.14233000,,,LV,Clupea harengus,I4537,1,,3049.04401,,1610525,1822636,NETHERLANDS,64T2,4458,12366,12105,,,8.69,8434,,9916,,,0,,,,,,,,,,,,,,,,6.93,,,,,,10183410,,,,,,,MRN2,,2,,6.96,,,,,34.35,,,,,,,,,,,,,,,,1600,,,1050,,VISO,F4B,,,,,,126417,,,,,,,,2026NL3400140,2,,,,,,,,,,,,,,,,,1822636
8970719,23-01-2026 00:25:00,51.75600000,3.14233000,,,LV,Clupea harengus,I4537,5,,3049.04401,,1610525,1822637,NETHERLANDS,64T2,4458,12366,12105,,,8.69,8434,,9916,,,0,,,,,,,,,,,,,,,,6.93,,,,,,10183410,,,,,,,MRN2,,2,,6.96,,,,,34.35,,,,,,,,,,,,,,,,1600,,,1050,,VISO,F4B,,,,,,126417,,,,,,,,2026NL3400140,2,,,,,,,,,,,,,,,,,1822637
8970720,23-01-2026 00:25:00,51.75600000,3.14233000,,,LV,Clupea harengus,I4537,1,,3049.04401,,1610525,1822638,NETHERLANDS,64T2,4458,12366,12105,,,8.69,8434,,9916,,,0,,,,,,,,,,,,,,,,6.93,,,,,,10183410,,,,,,,MRN2,,2,,6.96,,,,,34.35,,,,,,,,,,,,,,,,1600,,,1050,,VISO,F4B,,,,,,126417,,,,,,,,2026NL3400140,2,,,,,,,,,,,,,,,,,1822638
8970721,23-01-2026 00:25:00,51.75600000,3.14233000,,,LV,Clupea harengus,I4537,3,,3049.04401,,1610525,1822627,NETHERLANDS,64T2,4458,12366,12105,,,8.69,8434,,9916,,,0,,,,,,,,,,,,,,,,6.93,,,,,,10183410,,,,,,,MRN2,,2,,6.96,,,,,34.35,,,,,,,,,,,,,,,,1600,,,1050,,VISO,F4B,,,,,,126417,,,,,,,,2026NL3400140,2,,,,,,,,,,,,,,,,,1822627
8970722,23-01-2026 00:25:00,51.75600000,3.14233000,,,LV,Clupea harengus,I4537,1,,3049.04401,,1610525,1822628,NETHERLANDS,64T2,4458,12366,12105,,,8.69,8434,,9916,,,0,,,,,,,,,,,,,,,,6.93,,,,,,10183410,,,,,,,MRN2,,2,,6.96,,,,,34.35,,,,,,,,,,,,,,,,1600,,,1050,,VISO,F4B,,,,,,126417,,,,,,,,2026NL3400140,2,,,,,,,,,,,,,,,,,1822628
8970723,23-01-2026 00:25:00,51.75600000,3.14233000,,,LV,Clupea harengus,I4537,2,,3049.04401,,1610525,1822629,NETHERLANDS,64T2,4458,12366,12105,,,8.69,8434,,9916,,,0,,,,,,,,,,,,,,,,6.93,,,,,,10183410,,,,,,,MRN2,,2,,6.96,,,,,34.35,,,,,,,,,,,,,,,,1600,,,1050,,VISO,F4B,,,,,,126417,,,,,,,,2026NL3400140,2,,,,,,,,,,,,,,,,,1822629
8970724,23-01-2026 00:25:00,51.75600000,3.14233000,,,LV,Clupea harengus,I4537,2,,3049.04401,,1610525,1822630,NETHERLANDS,64T2,4458,12366,12105,,,8.69,8434,,9916,,,0,,,,,,,,,,,,,,,,6.93,,,,,,10183410,,,,,,,MRN2,,2,,6.96,,,,,34.35,,,,,,,,,,,,,,,,1600,,,1050,,VISO,F4B,,,,,,126417,,,,,,,,2026NL3400140,2,,,,,,,,,,,,,,,,,1822630
8970725,23-01-2026 00:25:00,51.75600000,3.14233000,,,LV,Clupea harengus,I4537,3,,3049.04401,,1610525,1822631,NETHERLANDS,64T2,4458,12366,12105,,,8.69,8434,,9916,,,0,,,,,,,,,,,,,,,,6.93,,,,,,10183410,,,,,,,MRN2,,2,,6.96,,,,,34.35,,,,,,,,,,,,,,,,1600,,,1050,,VISO,F4B,,,,,,126417,,,,,,,,2026NL3400140,2,,,,,,,,,,,,,,,,,1822631
8970726,23-01-2026 00:25:00,51.75600000,3.14233000,,,LV,Clupea harengus,I4537,3,,3049.04401,,1610525,1822632,NETHERLANDS,64T2,4458,12366,12105,,,8.69,8434,,9916,,,0,,,,,,,,,,,,,,,,6.93,,,,,,10183410,,,,,,,MRN2,,2,,6.96,,,,,34.35,,,,,,,,,,,,,,,,1600,,,1050,,VISO,F4B,,,,,,126417,,,,,,,,2026NL3400140,2,,,,,,,,,,,,,,,,,1822632
8970727,23-01-2026 00:25:00,51.75600000,3.14233000,,,LV,Sardina pilchardus,I4537,1,,3049.04401,,1610525,1822912,NETHERLANDS,64T2,4458,12366,12129,,,8.69,8434,,9916,,,0,,,,,,,,,,,,,,,,6.93,,,,,,10183410,,,,,,,MRN2,,2,,6.96,,,,,34.35,,,,,,,,,,,,,,,,1600,,,1050,,VISO,F4B,,,,,,126421,,,,,,,,2026NL3400140,2,,,,,,,,,,,,,,,,,1822912
8970728,23-01-2026 00:25:00,51.75600000,3.14233000,,,LV,Sardina pilchardus,I4537,1,,3049.04401,,1610525,1822901,NETHERLANDS,64T2,4458,12366,12129,,,8.69,8434,,9916,,,0,,,,,,,,,,,,,,,,6.93,,,,,,10183410,,,,,,,MRN2,,2,,6.96,,,,,34.35,,,,,,,,,,,,,,,,1600,,,1050,,VISO,F4B,,,,,,126421,,,,,,,,2026NL3400140,2,,,,,,,,,,,,,,,,,1822901
8970729,23-01-2026 00:25:00,51.75600000,3.14233000,,,LV,Sardina pilchardus,I4537,1,,3049.04401,,1610525,1822902,NETHERLANDS,64T2,4458,12366,12129,,,8.69,8434,,9916,,,0,,,,,,,,,,,,,,,,6.93,,,,,,10183410,,,,,,,MRN2,,2,,6.96,,,,,34.35,,,,,,,,,,,,,,,,1600,,,1050,,VISO,F4B,,,,,,126421,,,,,,,,2026NL3400140,2,,,,,,,,,,,,,,,,,1822902
8970730,23-01-2026 01:44:00,51.78583000,3.46350000,,,LV,Clupea harengus,I4537,2,,3373.325783,,1610526,1822621,NETHERLANDS,64T2,4458,12366,12105,,,8.69,9331,,11205,,,0,,,,,,,,,,,,,,,,5.56,,,,,,10183369,,,,,,,MRN2,,2,,5.52,,,,,33.42,,,,,,,,,,,,,,,,1600,,,1091,,VISO,F4B,,,,,,126417,,,,,,,,2026NL3400141,2,,,,,,,,,,,,,,,,,1822621
8970731,23-01-2026 01:44:00,51.78583000,3.46350000,,,LV,Clupea harengus,I4537,7,,3373.325783,,1610526,1822622,NETHERLANDS,64T2,4458,12366,12105,,,8.69,9331,,11205,,,0,,,,,,,,,,,,,,,,5.56,,,,,,10183369,,,,,,,MRN2,,2,,5.52,,,,,33.42,,,,,,,,,,,,,,,,1600,,,1091,,VISO,F4B,,,,,,126417,,,,,,,,2026NL3400141,2,,,,,,,,,,,,,,,,,1822622
8970732,23-01-2026 01:44:00,51.78583000,3.46350000,,,LV,Clupea harengus,I4537,2,,3373.325783,,1610526,1822623,NETHERLANDS,64T2,4458,12366,12105,,,8.69,9331,,11205,,,0,,,,,,,,,,,,,,,,5.56,,,,,,10183369,,,,,,,MRN2,,2,,5.52,,,,,33.42,,,,,,,,,,,,,,,,1600,,,1091,,VISO,F4B,,,,,,126417,,,,,,,,2026NL3400141,2,,,,,,,,,,,,,,,,,1822623
8970733,23-01-2026 01:44:00,51.78583000,3.46350000,,,LV,Clupea harengus,I4537,6,,3373.325783,,1610526,1822624,NETHERLANDS,64T2,4458,12366,12105,,,8.69,9331,,11205,,,0,,,,,,,,,,,,,,,,5.56,,,,,,10183369,,,,,,,MRN2,,2,,5.52,,,,,33.42,,,,,,,,,,,,,,,,1600,,,1091,,VISO,F4B,,,,,,126417,,,,,,,,2026NL3400141,2,,,,,,,,,,,,,,,,,1822624
8970734,23-01-2026 01:44:00,51.78583000,3.46350000,,,LV,Clupea harengus,I4537,4,,3373.325783,,1610526,1822625,NETHERLANDS,64T2,4458,12366,12105,,,8.69,9331,,11205,,,0,,,,,,,,,,,,,,,,5.56,,,,,,10183369,,,,,,,MRN2,,2,,5.52,,,,,33.42,,,,,,,,,,,,,,,,1600,,,1091,,VISO,F4B,,,,,,126417,,,,,,,,2026NL3400141,2,,,,,,,,,,,,,,,,,1822625
8970735,23-01-2026 01:44:00,51.78583000,3.46350000,,,LV,Clupea harengus,I4537,6,,3373.325783,,1610526,1822626,NETHERLANDS,64T2,4458,12366,12105,,,8.69,9331,,11205,,,0,,,,,,,,,,,,,,,,5.56,,,,,,10183369,,,,,,,MRN2,,2,,5.52,,,,,33.42,,,,,,,,,,,,,,,,1600,,,1091,,VISO,F4B,,,,,,126417,,,,,,,,2026NL3400141,2,,,,,,,,,,,,,,,,,1822626
8970736,23-01-2026 01:44:00,51.78583000,3.46350000,,,LV,Clupea harengus,I4537,10,,3373.325783,,1610526,1822615,NETHERLANDS,64T2,4458,12366,12105,,,8.69,9331,,11205,,,0,,,,,,,,,,,,,,,,5.56,,,,,,10183369,,,,,,,MRN2,,2,,5.52,,,,,33.42,,,,,,,,,,,,,,,,1600,,,1091,,VISO,F4B,,,,,,126417,,,,,,,,2026NL3400141,2,,,,,,,,,,,,,,,,,1822615
8970737,23-01-2026 01:44:00,51.78583000,3.46350000,,,LV,Clupea harengus,I4537,4,,3373.325783,,1610526,1822616,NETHERLANDS,64T2,4458,12366,12105,,,8.69,9331,,11205,,,0,,,,,,,,,,,,,,,,5.56,,,,,,10183369,,,,,,,MRN2,,2,,5.52,,,,,33.42,,,,,,,,,,,,,,,,1600,,,1091,,VISO,F4B,,,,,,126417,,,,,,,,2026NL3400141,2,,,,,,,,,,,,,,,,,1822616
8970738,23-01-2026 01:44:00,51.78583000,3.46350000,,,LV,Clupea harengus,I4537,3,,3373.325783,,1610526,1822617,NETHERLANDS,64T2,4458,12366,12105,,,8.69,9331,,11205,,,0,,,,,,,,,,,,,,,,5.56,,,,,,10183369,,,,,,,MRN2,,2,,5.52,,,,,33.42,,,,,,,,,,,,,,,,1600,,,1091,,VISO,F4B,,,,,,126417,,,,,,,,2026NL3400141,2,,,,,,,,,,,,,,,,,1822617
8970739,23-01-2026 01:44:00,51.78583000,3.46350000,,,LV,Clupea harengus,I4537,2,,3373.325783,,1610526,1822618,NETHERLANDS,64T2,4458,12366,12105,,,8.69,9331,,11205,,,0,,,,,,,,,,,,,,,,5.56,,,,,,10183369,,,,,,,MRN2,,2,,5.52,,,,,33.42,,,,,,,,,,,,,,,,1600,,,1091,,VISO,F4B,,,,,,126417,,,,,,,,2026NL3400141,2,,,,,,,,,,,,,,,,,1822618
8970740,23-01-2026 01:44:00,51.78583000,3.46350000,,,LV,Clupea harengus,I4537,6,,3373.325783,,1610526,1822619,NETHERLANDS,64T2,4458,12366,12105,,,8.69,9331,,11205,,,0,,,,,,,,,,,,,,,,5.56,,,,,,10183369,,,,,,,MRN2,,2,,5.52,,,,,33.42,,,,,,,,,,,,,,,,1600,,,1091,,VISO,F4B,,,,,,126417,,,,,,,,2026NL3400141,2,,,,,,,,,,,,,,,,,1822619
8970741,23-01-2026 01:44:00,51.78583000,3.46350000,,,LV,Clupea harengus,I4537,3,,3373.325783,,1610526,1822620,NETHERLANDS,64T2,4458,12366,12105,,,8.69,9331,,11205,,,0,,,,,,,,,,,,,,,,5.56,,,,,,10183369,,,,,,,MRN2,,2,,5.52,,,,,33.42,,,,,,,,,,,,,,,,1600,,,1091,,VISO,F4B,,,,,,126417,,,,,,,,2026NL3400141,2,,,,,,,,,,,,,,,,,1822620
8970742,23-01-2026 01:44:00,51.78583000,3.46350000,,,LV,Clupea harengus,I4537,1,,3373.325783,,1610526,1822609,NETHERLANDS,64T2,4458,12366,12105,,,8.69,9331,,11205,,,0,,,,,,,,,,,,,,,,5.56,,,,,,10183369,,,,,,,MRN2,,2,,5.52,,,,,33.42,,,,,,,,,,,,,,,,1600,,,1091,,VISO,F4B,,,,,,126417,,,,,,,,2026NL3400141,2,,,,,,,,,,,,,,,,,1822609
8970743,26-01-2026 16:50:00,53.08317000,2.86417000,,,LV,Clupea harengus,I4537,1,,3296.322419,,1610527,1822610,NETHERLANDS,64T2,4458,12366,12105,,,8.69,9118,,10593,,,0,,,,,,,,,,,,,,,,6.9,,,,,,10183404,,,,,,,MRN2,,2,,6.9,,,,,34.39,,,,,,,,,,,,,,,,1600,,,1137,,VISO,F4B,,,,,,126417,,,,,,,,2026NL3400142,2,,,,,,,,,,,,,,,,,1822610
8970744,26-01-2026 18:02:00,53.31267000,2.85483000,,,LV,Clupea harengus,I4537,1,,3137.977473,,1610528,1822611,NETHERLANDS,64T2,4458,12366,12105,,,8.69,8680,,10205,,,0,,,,,,,,,,,,,,,,6.97,,,,,,10183398,,,,,,,MRN2,,2,,6.95,,,,,34.64,,,,,,,,,,,,,,,,1600,,,1163,,VISO,F4B,,,,,,126417,,,,,,,,2026NL3400143,2,,,,,,,,,,,,,,,,,1822611
8970745,26-01-2026 18:02:00,53.31267000,2.85483000,,,LV,Clupea harengus,I4537,1,,3137.977473,,1610528,1822612,NETHERLANDS,64T2,4458,12366,12105,,,8.69,8680,,10205,,,0,,,,,,,,,,,,,,,,6.97,,,,,,10183398,,,,,,,MRN2,,2,,6.95,,,,,34.64,,,,,,,,,,,,,,,,1600,,,1163,,VISO,F4B,,,,,,126417,,,,,,,,2026NL3400143,2,,,,,,,,,,,,,,,,,1822612
8970746,26-01-2026 21:01:00,53.68317000,3.16133000,,,LV,Clupea harengus,I4537,1,,4558.382253,,1610530,1822613,NETHERLANDS,64T2,4458,12366,12105,,,8.69,12609,,14601,,,0,,,,,,,,,,,,,,,,6.12,,,,,,10183735,,,,,,,MRN2,,2,,6.13,,,,,34.32,,,,,,,,,,,,,,,,1600,,,1613,,VISO,F4B,,,,Larvae too damaged to measure,,126417,,,,,,,,2026NL3400145,2,,,,,,,,,,,,,,,,,1822613
8970747,26-01-2026 22:13:00,53.85017000,3.38717000,,,LV,Clupea harengus,I4537,3,,2875.87682,,1610531,1822614,NETHERLANDS,64T2,4458,12366,12105,,,8.69,7955,,9438,,,0,,,,,,,,,,,,,,,,6.28,,,,,,10183734,,,,,,,MRN2,,2,,6.21,,,,,34.44,,,,,,,,,,,,,,,,1600,,,1028,,VISO,F4B,,,,,,126417,,,,,,,,2026NL3400146,2,,,,,,,,,,,,,,,,,1822614
8970748,26-01-2026 22:13:00,53.85017000,3.38717000,,,LV,Clupea harengus,I4537,1,,2875.87682,,1610531,1822603,NETHERLANDS,64T2,4458,12366,12105,,,8.69,7955,,9438,,,0,,,,,,,,,,,,,,,,6.28,,,,,,10183734,,,,,,,MRN2,,2,,6.21,,,,,34.44,,,,,,,,,,,,,,,,1600,,,1028,,VISO,F4B,,,,,,126417,,,,,,,,2026NL3400146,2,,,,,,,,,,,,,,,,,1822603
8970749,26-01-2026 22:13:00,53.85017000,3.38717000,,,LV,Clupea harengus,I4537,1,,2875.87682,,1610531,1822604,NETHERLANDS,64T2,4458,12366,12105,,,8.69,7955,,9438,,,0,,,,,,,,,,,,,,,,6.28,,,,,,10183734,,,,,,,MRN2,,2,,6.21,,,,,34.44,,,,,,,,,,,,,,,,1600,,,1028,,VISO,F4B,,,,,,126417,,,,,,,,2026NL3400146,2,,,,,,,,,,,,,,,,,1822604
8970750,26-01-2026 22:13:00,53.85017000,3.38717000,,,LV,Clupea harengus,I4537,2,,2875.87682,,1610531,1822605,NETHERLANDS,64T2,4458,12366,12105,,,8.69,7955,,9438,,,0,,,,,,,,,,,,,,,,6.28,,,,,,10183734,,,,,,,MRN2,,2,,6.21,,,,,34.44,,,,,,,,,,,,,,,,1600,,,1028,,VISO,F4B,,,,,,126417,,,,,,,,2026NL3400146,2,,,,,,,,,,,,,,,,,1822605
8970751,26-01-2026 22:13:00,53.85017000,3.38717000,,,LV,Clupea harengus,I4537,3,,2875.87682,,1610531,1822606,NETHERLANDS,64T2,4458,12366,12105,,,8.69,7955,,9438,,,0,,,,,,,,,,,,,,,,6.28,,,,,,10183734,,,,,,,MRN2,,2,,6.21,,,,,34.44,,,,,,,,,,,,,,,,1600,,,1028,,VISO,F4B,,,,,,126417,,,,,,,,2026NL3400146,2,,,,,,,,,,,,,,,,,1822606
8970752,26-01-2026 22:13:00,53.85017000,3.38717000,,,LV,Clupea harengus,I4537,3,,2875.87682,,1610531,1822607,NETHERLANDS,64T2,4458,12366,12105,,,8.69,7955,,9438,,,0,,,,,,,,,,,,,,,,6.28,,,,,,10183734,,,,,,,MRN2,,2,,6.21,,,,,34.44,,,,,,,,,,,,,,,,1600,,,1028,,VISO,F4B,,,,,,126417,,,,,,,,2026NL3400146,2,,,,,,,,,,,,,,,,,1822607
8970753,26-01-2026 22:13:00,53.85017000,3.38717000,,,LV,Sardina pilchardus,I4537,1,,2875.87682,,1610531,1822903,NETHERLANDS,64T2,4458,12366,12129,,,8.69,7955,,9438,,,0,,,,,,,,,,,,,,,,6.28,,,,,,10183734,,,,,,,MRN2,,2,,6.21,,,,,34.44,,,,,,,,,,,,,,,,1600,,,1028,,VISO,F4B,,,,,,126421,,,,,,,,2026NL3400146,2,,,,,,,,,,,,,,,,,1822903
8970754,26-01-2026 23:32:00,54.09683000,3.43967000,,,LV,Clupea harengus,I4537,1,,4998.349831,,1610532,1822608,NETHERLANDS,64T2,4458,12366,12105,,,8.69,13826,,16085,,,0,,,,,,,,,,,,,,,,6.6,,,,,,10183726,,,,,,,MRN2,,2,,6.59,,,,,34.54,,,,,,,,,,,,,,,,1600,,,1557,,VISO,F4B,,,,,,126417,,,,,,,,2026NL3400147,2,,,,,,,,,,,,,,,,,1822608
8970755,26-01-2026 23:32:00,54.09683000,3.43967000,,,LV,Sardina pilchardus,I4537,1,,4998.349831,,1610532,1822904,NETHERLANDS,64T2,4458,12366,12129,,,8.69,13826,,16085,,,0,,,,,,,,,,,,,,,,6.6,,,,,,10183726,,,,,,,MRN2,,2,,6.59,,,,,34.54,,,,,,,,,,,,,,,,1600,,,1557,,VISO,F4B,,,,,,126421,,,,,,,,2026NL3400147,2,,,,,,,,,,,,,,,,,1822904
8970756,26-01-2026 23:32:00,54.09683000,3.43967000,,,LV,Sardina pilchardus,I4537,1,,4998.349831,,1610532,1822905,NETHERLANDS,64T2,4458,12366,12129,,,8.69,13826,,16085,,,0,,,,,,,,,,,,,,,,6.6,,,,,,10183726,,,,,,,MRN2,,2,,6.59,,,,,34.54,,,,,,,,,,,,,,,,1600,,,1557,,VISO,F4B,,,,,,126421,,,,,,,,2026NL3400147,2,,,,,,,,,,,,,,,,,1822905
8970757,27-01-2026 01:03:00,54.34583000,3.66133000,,,LV,Clupea harengus,I4537,1,,3668.324587,,1610533,1822597,NETHERLANDS,64T2,4458,12366,12105,,,8.69,10147,,11883,,,0,,,,,,,,,,,,,,,,6.8,,,,,,10183770,,,,,,,MRN2,,2,,6.78,,,,,34.49,,,,,,,,,,,,,,,,1600,,,1192,,VISO,F4B,,,,,,126417,,,,,,,,2026NL3400148,2,,,,,,,,,,,,,,,,,1822597
8970758,27-01-2026 01:03:00,54.34583000,3.66133000,,,LV,Clupea harengus,I4537,1,,3668.324587,,1610533,1822598,NETHERLANDS,64T2,4458,12366,12105,,,8.69,10147,,11883,,,0,,,,,,,,,,,,,,,,6.8,,,,,,10183770,,,,,,,MRN2,,2,,6.78,,,,,34.49,,,,,,,,,,,,,,,,1600,,,1192,,VISO,F4B,,,,,,126417,,,,,,,,2026NL3400148,2,,,,,,,,,,,,,,,,,1822598
8970759,27-01-2026 01:03:00,54.34583000,3.66133000,,,LV,Clupea harengus,I4537,1,,3668.324587,,1610533,1822599,NETHERLANDS,64T2,4458,12366,12105,,,8.69,10147,,11883,,,0,,,,,,,,,,,,,,,,6.8,,,,,,10183770,,,,,,,MRN2,,2,,6.78,,,,,34.49,,,,,,,,,,,,,,,,1600,,,1192,,VISO,F4B,,,,,,126417,,,,,,,,2026NL3400148,2,,,,,,,,,,,,,,,,,1822599
8970760,27-01-2026 01:03:00,54.34583000,3.66133000,,,LV,Clupea harengus,I4537,1,,3668.324587,,1610533,1822600,NETHERLANDS,64T2,4458,12366,12105,,,8.69,10147,,11883,,,0,,,,,,,,,,,,,,,,6.8,,,,,,10183770,,,,,,,MRN2,,2,,6.78,,,,,34.49,,,,,,,,,,,,,,,,1600,,,1192,,VISO,F4B,,,,,,126417,,,,,,,,2026NL3400148,2,,,,,,,,,,,,,,,,,1822600
8970761,27-01-2026 01:03:00,54.34583000,3.66133000,,,LV,Sardina pilchardus,I4537,3,,3668.324587,,1610533,1822906,NETHERLANDS,64T2,4458,12366,12129,,,8.69,10147,,11883,,,0,,,,,,,,,,,,,,,,6.8,,,,,,10183770,,,,,,,MRN2,,2,,6.78,,,,,34.49,,,,,,,,,,,,,,,,1600,,,1192,,VISO,F4B,,,,,,126421,,,,,,,,2026NL3400148,2,,,,,,,,,,,,,,,,,1822906
8970762,27-01-2026 01:03:00,54.34583000,3.66133000,,,LV,Sardina pilchardus,I4537,1,,3668.324587,,1610533,1822895,NETHERLANDS,64T2,4458,12366,12129,,,8.69,10147,,11883,,,0,,,,,,,,,,,,,,,,6.8,,,,,,10183770,,,,,,,MRN2,,2,,6.78,,,,,34.49,,,,,,,,,,,,,,,,1600,,,1192,,VISO,F4B,,,,,,126421,,,,,,,,2026NL3400148,2,,,,,,,,,,,,,,,,,1822895
8970763,27-01-2026 01:03:00,54.34583000,3.66133000,,,LV,Sardina pilchardus,I4537,1,,3668.324587,,1610533,1822896,NETHERLANDS,64T2,4458,12366,12129,,,8.69,10147,,11883,,,0,,,,,,,,,,,,,,,,6.8,,,,,,10183770,,,,,,,MRN2,,2,,6.78,,,,,34.49,,,,,,,,,,,,,,,,1600,,,1192,,VISO,F4B,,,,,,126421,,,,,,,,2026NL3400148,2,,,,,,,,,,,,,,,,,1822896
8970764,27-01-2026 01:03:00,54.34583000,3.66133000,,,LV,Sardina pilchardus,I4537,4,,3668.324587,,1610533,1822897,NETHERLANDS,64T2,4458,12366,12129,,,8.69,10147,,11883,,,0,,,,,,,,,,,,,,,,6.8,,,,,,10183770,,,,,,,MRN2,,2,,6.78,,,,,34.49,,,,,,,,,,,,,,,,1600,,,1192,,VISO,F4B,,,,,,126421,,,,,,,,2026NL3400148,2,,,,,,,,,,,,,,,,,1822897
8970765,27-01-2026 01:03:00,54.34583000,3.66133000,,,LV,Sardina pilchardus,I4537,2,,3668.324587,,1610533,1822898,NETHERLANDS,64T2,4458,12366,12129,,,8.69,10147,,11883,,,0,,,,,,,,,,,,,,,,6.8,,,,,,10183770,,,,,,,MRN2,,2,,6.78,,,,,34.49,,,,,,,,,,,,,,,,1600,,,1192,,VISO,F4B,,,,,,126421,,,,,,,,2026NL3400148,2,,,,,,,,,,,,,,,,,1822898
8970766,27-01-2026 01:03:00,54.34583000,3.66133000,,,LV,Sardina pilchardus,I4537,1,,3668.324587,,1610533,1822899,NETHERLANDS,64T2,4458,12366,12129,,,8.69,10147,,11883,,,0,,,,,,,,,,,,,,,,6.8,,,,,,10183770,,,,,,,MRN2,,2,,6.78,,,,,34.49,,,,,,,,,,,,,,,,1600,,,1192,,VISO,F4B,,,,,,126421,,,,,,,,2026NL3400148,2,,,,,,,,,,,,,,,,,1822899
8970767,27-01-2026 01:03:00,54.34583000,3.66133000,,,LV,Sardina pilchardus,I4537,1,,3668.324587,,1610533,1822900,NETHERLANDS,64T2,4458,12366,12129,,,8.69,10147,,11883,,,0,,,,,,,,,,,,,,,,6.8,,,,,,10183770,,,,,,,MRN2,,2,,6.78,,,,,34.49,,,,,,,,,,,,,,,,1600,,,1192,,VISO,F4B,,,,,,126421,,,,,,,,2026NL3400148,2,,,,,,,,,,,,,,,,,1822900
8970768,27-01-2026 01:03:00,54.34583000,3.66133000,,,LV,Sardina pilchardus,I4537,1,,3668.324587,,1610533,1822889,NETHERLANDS,64T2,4458,12366,12129,,,8.69,10147,,11883,,,0,,,,,,,,,,,,,,,,6.8,,,,,,10183770,,,,,,,MRN2,,2,,6.78,,,,,34.49,,,,,,,,,,,,,,,,1600,,,1192,,VISO,F4B,,,,,,126421,,,,,,,,2026NL3400148,2,,,,,,,,,,,,,,,,,1822889
8970769,27-01-2026 02:25:00,54.58283000,3.85033000,,,LV,Clupea harengus,I4537,2,,3563.845844,,1610534,1822601,NETHERLANDS,64T2,4458,12366,12105,,,8.69,9858,,11470,,,0,,,,,,,,,,,,,,,,6.85,,,,,,10183769,,,,,,,MRN2,,2,,6.83,,,,,34.56,,,,,,,,,,,,,,,,1600,,,1178,,VISO,F4B,,,,,,126417,,,,,,,,2026NL3400149,2,,,,,,,,,,,,,,,,,1822601
8970770,27-01-2026 02:25:00,54.58283000,3.85033000,,,LV,Clupea harengus,I4537,1,,3563.845844,,1610534,1822602,NETHERLANDS,64T2,4458,12366,12105,,,8.69,9858,,11470,,,0,,,,,,,,,,,,,,,,6.85,,,,,,10183769,,,,,,,MRN2,,2,,6.83,,,,,34.56,,,,,,,,,,,,,,,,1600,,,1178,,VISO,F4B,,,,,,126417,,,,,,,,2026NL3400149,2,,,,,,,,,,,,,,,,,1822602
8970771,27-01-2026 02:25:00,54.58283000,3.85033000,,,LV,Clupea harengus,I4537,1,,3563.845844,,1610534,1822591,NETHERLANDS,64T2,4458,12366,12105,,,8.69,9858,,11470,,,0,,,,,,,,,,,,,,,,6.85,,,,,,10183769,,,,,,,MRN2,,2,,6.83,,,,,34.56,,,,,,,,,,,,,,,,1600,,,1178,,VISO,F4B,,,,,,126417,,,,,,,,2026NL3400149,2,,,,,,,,,,,,,,,,,1822591
8970772,27-01-2026 02:25:00,54.58283000,3.85033000,,,LV,Sardina pilchardus,I4537,2,,3563.845844,,1610534,1822890,NETHERLANDS,64T2,4458,12366,12129,,,8.69,9858,,11470,,,0,,,,,,,,,,,,,,,,6.85,,,,,,10183769,,,,,,,MRN2,,2,,6.83,,,,,34.56,,,,,,,,,,,,,,,,1600,,,1178,,VISO,F4B,,,,,,126421,,,,,,,,2026NL3400149,2,,,,,,,,,,,,,,,,,1822890
8970773,27-01-2026 02:25:00,54.58283000,3.85033000,,,LV,Sardina pilchardus,I4537,1,,3563.845844,,1610534,1822891,NETHERLANDS,64T2,4458,12366,12129,,,8.69,9858,,11470,,,0,,,,,,,,,,,,,,,,6.85,,,,,,10183769,,,,,,,MRN2,,2,,6.83,,,,,34.56,,,,,,,,,,,,,,,,1600,,,1178,,VISO,F4B,,,,,,126421,,,,,,,,2026NL3400149,2,,,,,,,,,,,,,,,,,1822891
8970774,27-01-2026 02:25:00,54.58283000,3.85033000,,,LV,Sardina pilchardus,I4537,1,,3563.845844,,1610534,1822892,NETHERLANDS,64T2,4458,12366,12129,,,8.69,9858,,11470,,,0,,,,,,,,,,,,,,,,6.85,,,,,,10183769,,,,,,,MRN2,,2,,6.83,,,,,34.56,,,,,,,,,,,,,,,,1600,,,1178,,VISO,F4B,,,,,,126421,,,,,,,,2026NL3400149,2,,,,,,,,,,,,,,,,,1822892
8970775,27-01-2026 02:25:00,54.58283000,3.85033000,,,LV,Sardina pilchardus,I4537,3,,3563.845844,,1610534,1822893,NETHERLANDS,64T2,4458,12366,12129,,,8.69,9858,,11470,,,0,,,,,,,,,,,,,,,,6.85,,,,,,10183769,,,,,,,MRN2,,2,,6.83,,,,,34.56,,,,,,,,,,,,,,,,1600,,,1178,,VISO,F4B,,,,,,126421,,,,,,,,2026NL3400149,2,,,,,,,,,,,,,,,,,1822893
8970776,27-01-2026 02:25:00,54.58283000,3.85033000,,,LV,Sardina pilchardus,I4537,3,,3563.845844,,1610534,1822894,NETHERLANDS,64T2,4458,12366,12129,,,8.69,9858,,11470,,,0,,,,,,,,,,,,,,,,6.85,,,,,,10183769,,,,,,,MRN2,,2,,6.83,,,,,34.56,,,,,,,,,,,,,,,,1600,,,1178,,VISO,F4B,,,,,,126421,,,,,,,,2026NL3400149,2,,,,,,,,,,,,,,,,,1822894
8970777,27-01-2026 02:25:00,54.58283000,3.85033000,,,LV,Sardina pilchardus,I4537,3,,3563.845844,,1610534,1822883,NETHERLANDS,64T2,4458,12366,12129,,,8.69,9858,,11470,,,0,,,,,,,,,,,,,,,,6.85,,,,,,10183769,,,,,,,MRN2,,2,,6.83,,,,,34.56,,,,,,,,,,,,,,,,1600,,,1178,,VISO,F4B,,,,,,126421,,,,,,,,2026NL3400149,2,,,,,,,,,,,,,,,,,1822883
8970778,27-01-2026 02:25:00,54.58283000,3.85033000,,,LV,Sardina pilchardus,I4537,2,,3563.845844,,1610534,1822884,NETHERLANDS,64T2,4458,12366,12129,,,8.69,9858,,11470,,,0,,,,,,,,,,,,,,,,6.85,,,,,,10183769,,,,,,,MRN2,,2,,6.83,,,,,34.56,,,,,,,,,,,,,,,,1600,,,1178,,VISO,F4B,,,,,,126421,,,,,,,,2026NL3400149,2,,,,,,,,,,,,,,,,,1822884
8970779,27-01-2026 02:25:00,54.58283000,3.85033000,,,LV,Sardina pilchardus,I4537,1,,3563.845844,,1610534,1822885,NETHERLANDS,64T2,4458,12366,12129,,,8.69,9858,,11470,,,0,,,,,,,,,,,,,,,,6.85,,,,,,10183769,,,,,,,MRN2,,2,,6.83,,,,,34.56,,,,,,,,,,,,,,,,1600,,,1178,,VISO,F4B,,,,,,126421,,,,,,,,2026NL3400149,2,,,,,,,,,,,,,,,,,1822885
8970780,27-01-2026 03:26:00,54.58633000,4.15333000,,,LV,Clupea harengus,I4537,3,,2877.322892,,1610535,1822592,NETHERLANDS,64T2,4458,12366,12105,,,8.69,7959,,9479,,,0,,,,,,,,,,,,,,,,6.96,,,,,,10183775,,,,,,,MRN2,,2,,6.96,,,,,34.53,,,,,,,,,,,,,,,,1600,,,901,,VISO,F4B,,,,,,126417,,,,,,,,2026NL3400150,2,,,,,,,,,,,,,,,,,1822592
8970781,27-01-2026 03:26:00,54.58633000,4.15333000,,,LV,Clupea harengus,I4537,1,,2877.322892,,1610535,1822593,NETHERLANDS,64T2,4458,12366,12105,,,8.69,7959,,9479,,,0,,,,,,,,,,,,,,,,6.96,,,,,,10183775,,,,,,,MRN2,,2,,6.96,,,,,34.53,,,,,,,,,,,,,,,,1600,,,901,,VISO,F4B,,,,,,126417,,,,,,,,2026NL3400150,2,,,,,,,,,,,,,,,,,1822593
8970782,27-01-2026 03:26:00,54.58633000,4.15333000,,,LV,Sardina pilchardus,I4537,1,,2877.322892,,1610535,1822886,NETHERLANDS,64T2,4458,12366,12129,,,8.69,7959,,9479,,,0,,,,,,,,,,,,,,,,6.96,,,,,,10183775,,,,,,,MRN2,,2,,6.96,,,,,34.53,,,,,,,,,,,,,,,,1600,,,901,,VISO,F4B,,,,,,126421,,,,,,,,2026NL3400150,2,,,,,,,,,,,,,,,,,1822886
8970783,27-01-2026 04:38:00,54.58250000,4.53300000,,,LV,Clupea harengus,I4537,1,,4733.357033,,1610536,1822594,NETHERLANDS,64T2,4458,12366,12105,,,8.69,13093,,14971,,,0,,,,,,,,,,,,,,,,6.68,,,,,,10183733,,,,,,,MRN2,,2,,6.73,,,,,34.58,,,,,,,,,,,,,,,,1600,,,1375,,VISO,F4B,,,,,,126417,,,,,,,,2026NL3400151,2,,,,,,,,,,,,,,,,,1822594
8970784,27-01-2026 04:38:00,54.58250000,4.53300000,,,LV,Sardina pilchardus,I4537,2,,4733.357033,,1610536,1822887,NETHERLANDS,64T2,4458,12366,12129,,,8.69,13093,,14971,,,0,,,,,,,,,,,,,,,,6.68,,,,,,10183733,,,,,,,MRN2,,2,,6.73,,,,,34.58,,,,,,,,,,,,,,,,1600,,,1375,,VISO,F4B,,,,,,126421,,,,,,,,2026NL3400151,2,,,,,,,,,,,,,,,,,1822887
8970785,27-01-2026 04:38:00,54.58250000,4.53300000,,,LV,Sardina pilchardus,I4537,1,,4733.357033,,1610536,1822888,NETHERLANDS,64T2,4458,12366,12129,,,8.69,13093,,14971,,,0,,,,,,,,,,,,,,,,6.68,,,,,,10183733,,,,,,,MRN2,,2,,6.73,,,,,34.58,,,,,,,,,,,,,,,,1600,,,1375,,VISO,F4B,,,,,,126421,,,,,,,,2026NL3400151,2,,,,,,,,,,,,,,,,,1822888
8970786,27-01-2026 04:38:00,54.58250000,4.53300000,,,LV,Sardina pilchardus,I4537,1,,4733.357033,,1610536,1822877,NETHERLANDS,64T2,4458,12366,12129,,,8.69,13093,,14971,,,0,,,,,,,,,,,,,,,,6.68,,,,,,10183733,,,,,,,MRN2,,2,,6.73,,,,,34.58,,,,,,,,,,,,,,,,1600,,,1375,,VISO,F4B,,,,,,126421,,,,,,,,2026NL3400151,2,,,,,,,,,,,,,,,,,1822877
8970787,27-01-2026 04:38:00,54.58250000,4.53300000,,,LV,Sardina pilchardus,I4537,1,,4733.357033,,1610536,1822878,NETHERLANDS,64T2,4458,12366,12129,,,8.69,13093,,14971,,,0,,,,,,,,,,,,,,,,6.68,,,,,,10183733,,,,,,,MRN2,,2,,6.73,,,,,34.58,,,,,,,,,,,,,,,,1600,,,1375,,VISO,F4B,,,,,,126421,,,,,,,,2026NL3400151,2,,,,,,,,,,,,,,,,,1822878
8970788,27-01-2026 04:38:00,54.58250000,4.53300000,,,LV,Sardina pilchardus,I4537,1,,4733.357033,,1610536,1822879,NETHERLANDS,64T2,4458,12366,12129,,,8.69,13093,,14971,,,0,,,,,,,,,,,,,,,,6.68,,,,,,10183733,,,,,,,MRN2,,2,,6.73,,,,,34.58,,,,,,,,,,,,,,,,1600,,,1375,,VISO,F4B,,,,,,126421,,,,,,,,2026NL3400151,2,,,,,,,,,,,,,,,,,1822879
8970789,27-01-2026 04:38:00,54.58250000,4.53300000,,,LV,Sardina pilchardus,I4537,1,,4733.357033,,1610536,1822880,NETHERLANDS,64T2,4458,12366,12129,,,8.69,13093,,14971,,,0,,,,,,,,,,,,,,,,6.68,,,,,,10183733,,,,,,,MRN2,,2,,6.73,,,,,34.58,,,,,,,,,,,,,,,,1600,,,1375,,VISO,F4B,,,,,,126421,,,,,,,,2026NL3400151,2,,,,,,,,,,,,,,,,,1822880
8970790,28-01-2026 17:16:00,55.23767000,1.51783000,,,LV,Clupea harengus,I4537,2,,3780.033693,,1610537,1822595,NETHERLANDS,64T2,4458,12366,12105,,,8.69,10456,,12223,,,0,,,,,,,,,,,,,,,,5.92,,,,,,10183727,,,,,,,MRN2,,2,,5.93,,,,,34.55,,,,,,,,,,,,,,,,1600,,,1289,,VISO,F4B,,,,,,126417,,,,,,,,2026NL3400152,2,,,,,,,,,,,,,,,,,1822595
8970791,28-01-2026 17:16:00,55.23767000,1.51783000,,,LV,Clupea harengus,I4537,1,,3780.033693,,1610537,1822596,NETHERLANDS,64T2,4458,12366,12105,,,8.69,10456,,12223,,,0,,,,,,,,,,,,,,,,5.92,,,,,,10183727,,,,,,,MRN2,,2,,5.93,,,,,34.55,,,,,,,,,,,,,,,,1600,,,1289,,VISO,F4B,,,,,,126417,,,,,,,,2026NL3400152,2,,,,,,,,,,,,,,,,,1822596
8970792,28-01-2026 17:16:00,55.23767000,1.51783000,,,LV,Clupea harengus,I4537,1,,3780.033693,,1610537,1822585,NETHERLANDS,64T2,4458,12366,12105,,,8.69,10456,,12223,,,0,,,,,,,,,,,,,,,,5.92,,,,,,10183727,,,,,,,MRN2,,2,,5.93,,,,,34.55,,,,,,,,,,,,,,,,1600,,,1289,,VISO,F4B,,,,,,126417,,,,,,,,2026NL3400152,2,,,,,,,,,,,,,,,,,1822585
8970793,28-01-2026 17:16:00,55.23767000,1.51783000,,,LV,Clupea harengus,I4537,2,,3780.033693,,1610537,1822586,NETHERLANDS,64T2,4458,12366,12105,,,8.69,10456,,12223,,,0,,,,,,,,,,,,,,,,5.92,,,,,,10183727,,,,,,,MRN2,,2,,5.93,,,,,34.55,,,,,,,,,,,,,,,,1600,,,1289,,VISO,F4B,,,,,,126417,,,,,,,,2026NL3400152,2,,,,,,,,,,,,,,,,,1822586
8970794,28-01-2026 17:16:00,55.23767000,1.51783000,,,LV,Clupea harengus,I4537,1,,3780.033693,,1610537,1822587,NETHERLANDS,64T2,4458,12366,12105,,,8.69,10456,,12223,,,0,,,,,,,,,,,,,,,,5.92,,,,,,10183727,,,,,,,MRN2,,2,,5.93,,,,,34.55,,,,,,,,,,,,,,,,1600,,,1289,,VISO,F4B,,,,,,126417,,,,,,,,2026NL3400152,2,,,,,,,,,,,,,,,,,1822587
8970795,28-01-2026 17:16:00,55.23767000,1.51783000,,,LV,Clupea harengus,I4537,1,,3780.033693,,1610537,1822588,NETHERLANDS,64T2,4458,12366,12105,,,8.69,10456,,12223,,,0,,,,,,,,,,,,,,,,5.92,,,,,,10183727,,,,,,,MRN2,,2,,5.93,,,,,34.55,,,,,,,,,,,,,,,,1600,,,1289,,VISO,F4B,,,,,,126417,,,,,,,,2026NL3400152,2,,,,,,,,,,,,,,,,,1822588
8970796,28-01-2026 17:16:00,55.23767000,1.51783000,,,LV,Clupea harengus,I4537,1,,3780.033693,,1610537,1822589,NETHERLANDS,64T2,4458,12366,12105,,,8.69,10456,,12223,,,0,,,,,,,,,,,,,,,,5.92,,,,,,10183727,,,,,,,MRN2,,2,,5.93,,,,,34.55,,,,,,,,,,,,,,,,1600,,,1289,,VISO,F4B,,,,,,126417,,,,,,,,2026NL3400152,2,,,,,,,,,,,,,,,,,1822589
8970797,28-01-2026 18:30:00,55.24167000,1.84200000,,,LV,Clupea harengus,I4537,2,,3537.093501,,1610538,1822590,NETHERLANDS,64T2,4458,12366,12105,,,8.69,9784,,11938,,,0,,,,,,,,,,,,,,,,5.63,,,,,,10183736,,,,,,,MRN2,,2,,5.63,,,,,34.53,,,,,,,,,,,,,,,,1600,,,1085,,VISO,F4B,,,,,,126417,,,,,,,,2026NL3400153,2,,,,,,,,,,,,,,,,,1822590
8970798,28-01-2026 18:30:00,55.24167000,1.84200000,,,LV,Clupea harengus,I4537,1,,3537.093501,,1610538,1822579,NETHERLANDS,64T2,4458,12366,12105,,,8.69,9784,,11938,,,0,,,,,,,,,,,,,,,,5.63,,,,,,10183736,,,,,,,MRN2,,2,,5.63,,,,,34.53,,,,,,,,,,,,,,,,1600,,,1085,,VISO,F4B,,,,,,126417,,,,,,,,2026NL3400153,2,,,,,,,,,,,,,,,,,1822579
8970799,28-01-2026 18:30:00,55.24167000,1.84200000,,,LV,Clupea harengus,I4537,1,,3537.093501,,1610538,1822580,NETHERLANDS,64T2,4458,12366,12105,,,8.69,9784,,11938,,,0,,,,,,,,,,,,,,,,5.63,,,,,,10183736,,,,,,,MRN2,,2,,5.63,,,,,34.53,,,,,,,,,,,,,,,,1600,,,1085,,VISO,F4B,,,,,,126417,,,,,,,,2026NL3400153,2,,,,,,,,,,,,,,,,,1822580
8970800,28-01-2026 18:30:00,55.24167000,1.84200000,,,LV,Clupea harengus,I4537,1,,3537.093501,,1610538,1822581,NETHERLANDS,64T2,4458,12366,12105,,,8.69,9784,,11938,,,0,,,,,,,,,,,,,,,,5.63,,,,,,10183736,,,,,,,MRN2,,2,,5.63,,,,,34.53,,,,,,,,,,,,,,,,1600,,,1085,,VISO,F4B,,,,,,126417,,,,,,,,2026NL3400153,2,,,,,,,,,,,,,,,,,1822581
8970801,28-01-2026 18:30:00,55.24167000,1.84200000,,,LV,Clupea harengus,I4537,1,,3537.093501,,1610538,1822582,NETHERLANDS,64T2,4458,12366,12105,,,8.69,9784,,11938,,,0,,,,,,,,,,,,,,,,5.63,,,,,,10183736,,,,,,,MRN2,,2,,5.63,,,,,34.53,,,,,,,,,,,,,,,,1600,,,1085,,VISO,F4B,,,,,,126417,,,,,,,,2026NL3400153,2,,,,,,,,,,,,,,,,,1822582
8970802,28-01-2026 18:30:00,55.24167000,1.84200000,,,LV,Clupea harengus,I4537,2,,3537.093501,,1610538,1822583,NETHERLANDS,64T2,4458,12366,12105,,,8.69,9784,,11938,,,0,,,,,,,,,,,,,,,,5.63,,,,,,10183736,,,,,,,MRN2,,2,,5.63,,,,,34.53,,,,,,,,,,,,,,,,1600,,,1085,,VISO,F4B,,,,,,126417,,,,,,,,2026NL3400153,2,,,,,,,,,,,,,,,,,1822583
8970803,28-01-2026 18:30:00,55.24167000,1.84200000,,,LV,Clupea harengus,I4537,2,,3537.093501,,1610538,1822584,NETHERLANDS,64T2,4458,12366,12105,,,8.69,9784,,11938,,,0,,,,,,,,,,,,,,,,5.63,,,,,,10183736,,,,,,,MRN2,,2,,5.63,,,,,34.53,,,,,,,,,,,,,,,,1600,,,1085,,VISO,F4B,,,,,,126417,,,,,,,,2026NL3400153,2,,,,,,,,,,,,,,,,,1822584
8970804,28-01-2026 18:30:00,55.24167000,1.84200000,,,LV,Clupea harengus,I4537,1,,3537.093501,,1610538,1822573,NETHERLANDS,64T2,4458,12366,12105,,,8.69,9784,,11938,,,0,,,,,,,,,,,,,,,,5.63,,,,,,10183736,,,,,,,MRN2,,2,,5.63,,,,,34.53,,,,,,,,,,,,,,,,1600,,,1085,,VISO,F4B,,,,,,126417,,,,,,,,2026NL3400153,2,,,,,,,,,,,,,,,,,1822573
8970805,28-01-2026 18:30:00,55.24167000,1.84200000,,,LV,Clupea harengus,I4537,2,,3537.093501,,1610538,1822574,NETHERLANDS,64T2,4458,12366,12105,,,8.69,9784,,11938,,,0,,,,,,,,,,,,,,,,5.63,,,,,,10183736,,,,,,,MRN2,,2,,5.63,,,,,34.53,,,,,,,,,,,,,,,,1600,,,1085,,VISO,F4B,,,,,,126417,,,,,,,,2026NL3400153,2,,,,,,,,,,,,,,,,,1822574
8970806,28-01-2026 18:30:00,55.24167000,1.84200000,,,LV,Sardina pilchardus,I4537,1,,3537.093501,,1610538,1822881,NETHERLANDS,64T2,4458,12366,12129,,,8.69,9784,,11938,,,0,,,,,,,,,,,,,,,,5.63,,,,,,10183736,,,,,,,MRN2,,2,,5.63,,,,,34.53,,,,,,,,,,,,,,,,1600,,,1085,,VISO,F4B,,,,,,126421,,,,,,,,2026NL3400153,2,,,,,,,,,,,,,,,,,1822881
8970807,28-01-2026 19:49:00,55.23850000,2.15583000,,,LV,Clupea harengus,I4537,3,,2995.900843,,1610539,1822575,NETHERLANDS,64T2,4458,12366,12105,,,8.69,8287,,9953,,,0,,,,,,,,,,,,,,,,5.58,,,,,,10183728,,,,,,,MRN2,,2,,5.59,,,,,34.52,,,,,,,,,,,,,,,,1600,,,845,,VISO,F4B,,,,,,126417,,,,,,,,2026NL3400154,2,,,,,,,,,,,,,,,,,1822575
8970808,28-01-2026 19:49:00,55.23850000,2.15583000,,,LV,Clupea harengus,I4537,1,,2995.900843,,1610539,1822576,NETHERLANDS,64T2,4458,12366,12105,,,8.69,8287,,9953,,,0,,,,,,,,,,,,,,,,5.58,,,,,,10183728,,,,,,,MRN2,,2,,5.59,,,,,34.52,,,,,,,,,,,,,,,,1600,,,845,,VISO,F4B,,,,,,126417,,,,,,,,2026NL3400154,2,,,,,,,,,,,,,,,,,1822576
8970809,28-01-2026 19:49:00,55.23850000,2.15583000,,,LV,Clupea harengus,I4537,3,,2995.900843,,1610539,1822577,NETHERLANDS,64T2,4458,12366,12105,,,8.69,8287,,9953,,,0,,,,,,,,,,,,,,,,5.58,,,,,,10183728,,,,,,,MRN2,,2,,5.59,,,,,34.52,,,,,,,,,,,,,,,,1600,,,845,,VISO,F4B,,,,,,126417,,,,,,,,2026NL3400154,2,,,,,,,,,,,,,,,,,1822577
8970810,28-01-2026 19:49:00,55.23850000,2.15583000,,,LV,Clupea harengus,I4537,1,,2995.900843,,1610539,1822578,NETHERLANDS,64T2,4458,12366,12105,,,8.69,8287,,9953,,,0,,,,,,,,,,,,,,,,5.58,,,,,,10183728,,,,,,,MRN2,,2,,5.59,,,,,34.52,,,,,,,,,,,,,,,,1600,,,845,,VISO,F4B,,,,,,126417,,,,,,,,2026NL3400154,2,,,,,,,,,,,,,,,,,1822578
8970811,28-01-2026 19:49:00,55.23850000,2.15583000,,,LV,Clupea harengus,I4537,3,,2995.900843,,1610539,1822567,NETHERLANDS,64T2,4458,12366,12105,,,8.69,8287,,9953,,,0,,,,,,,,,,,,,,,,5.58,,,,,,10183728,,,,,,,MRN2,,2,,5.59,,,,,34.52,,,,,,,,,,,,,,,,1600,,,845,,VISO,F4B,,,,,,126417,,,,,,,,2026NL3400154,2,,,,,,,,,,,,,,,,,1822567
8970812,28-01-2026 19:49:00,55.23850000,2.15583000,,,LV,Clupea harengus,I4537,2,,2995.900843,,1610539,1822568,NETHERLANDS,64T2,4458,12366,12105,,,8.69,8287,,9953,,,0,,,,,,,,,,,,,,,,5.58,,,,,,10183728,,,,,,,MRN2,,2,,5.59,,,,,34.52,,,,,,,,,,,,,,,,1600,,,845,,VISO,F4B,,,,,,126417,,,,,,,,2026NL3400154,2,,,,,,,,,,,,,,,,,1822568
8970813,28-01-2026 19:49:00,55.23850000,2.15583000,,,LV,Clupea harengus,I4537,1,,2995.900843,,1610539,1822569,NETHERLANDS,64T2,4458,12366,12105,,,8.69,8287,,9953,,,0,,,,,,,,,,,,,,,,5.58,,,,,,10183728,,,,,,,MRN2,,2,,5.59,,,,,34.52,,,,,,,,,,,,,,,,1600,,,845,,VISO,F4B,,,,,,126417,,,,,,,,2026NL3400154,2,,,,,,,,,,,,,,,,,1822569
8970814,28-01-2026 19:49:00,55.23850000,2.15583000,,,LV,Clupea harengus,I4537,2,,2995.900843,,1610539,1822570,NETHERLANDS,64T2,4458,12366,12105,,,8.69,8287,,9953,,,0,,,,,,,,,,,,,,,,5.58,,,,,,10183728,,,,,,,MRN2,,2,,5.59,,,,,34.52,,,,,,,,,,,,,,,,1600,,,845,,VISO,F4B,,,,,,126417,,,,,,,,2026NL3400154,2,,,,,,,,,,,,,,,,,1822570
8970815,28-01-2026 19:49:00,55.23850000,2.15583000,,,LV,Clupea harengus,I4537,1,,2995.900843,,1610539,1822571,NETHERLANDS,64T2,4458,12366,12105,,,8.69,8287,,9953,,,0,,,,,,,,,,,,,,,,5.58,,,,,,10183728,,,,,,,MRN2,,2,,5.59,,,,,34.52,,,,,,,,,,,,,,,,1600,,,845,,VISO,F4B,,,,,,126417,,,,,,,,2026NL3400154,2,,,,,,,,,,,,,,,,,1822571
8970816,28-01-2026 20:50:00,55.42133000,2.16983000,,,LV,Clupea harengus,I4537,1,,4975.21267,,1610540,1822572,NETHERLANDS,64T2,4458,12366,12105,,,8.69,13762,,15643,,,0,,,,,,,,,,,,,,,,5.63,,,,,,10183731,,,,,,,MRN2,,2,,5.62,,,,,34.53,,,,,,,,,,,,,,,,1600,,,1454,,VISO,F4B,,,,,,126417,,,,,,,,2026NL3400155,2,,,,,,,,,,,,,,,,,1822572
8970817,28-01-2026 20:50:00,55.42133000,2.16983000,,,LV,Clupea harengus,I4537,1,,4975.21267,,1610540,1822561,NETHERLANDS,64T2,4458,12366,12105,,,8.69,13762,,15643,,,0,,,,,,,,,,,,,,,,5.63,,,,,,10183731,,,,,,,MRN2,,2,,5.62,,,,,34.53,,,,,,,,,,,,,,,,1600,,,1454,,VISO,F4B,,,,,,126417,,,,,,,,2026NL3400155,2,,,,,,,,,,,,,,,,,1822561
8970818,28-01-2026 20:50:00,55.42133000,2.16983000,,,LV,Clupea harengus,I4537,5,,4975.21267,,1610540,1822562,NETHERLANDS,64T2,4458,12366,12105,,,8.69,13762,,15643,,,0,,,,,,,,,,,,,,,,5.63,,,,,,10183731,,,,,,,MRN2,,2,,5.62,,,,,34.53,,,,,,,,,,,,,,,,1600,,,1454,,VISO,F4B,,,,,,126417,,,,,,,,2026NL3400155,2,,,,,,,,,,,,,,,,,1822562
8970819,28-01-2026 20:50:00,55.42133000,2.16983000,,,LV,Clupea harengus,I4537,8,,4975.21267,,1610540,1822563,NETHERLANDS,64T2,4458,12366,12105,,,8.69,13762,,15643,,,0,,,,,,,,,,,,,,,,5.63,,,,,,10183731,,,,,,,MRN2,,2,,5.62,,,,,34.53,,,,,,,,,,,,,,,,1600,,,1454,,VISO,F4B,,,,,,126417,,,,,,,,2026NL3400155,2,,,,,,,,,,,,,,,,,1822563
8970820,28-01-2026 20:50:00,55.42133000,2.16983000,,,LV,Clupea harengus,I4537,8,,4975.21267,,1610540,1822564,NETHERLANDS,64T2,4458,12366,12105,,,8.69,13762,,15643,,,0,,,,,,,,,,,,,,,,5.63,,,,,,10183731,,,,,,,MRN2,,2,,5.62,,,,,34.53,,,,,,,,,,,,,,,,1600,,,1454,,VISO,F4B,,,,,,126417,,,,,,,,2026NL3400155,2,,,,,,,,,,,,,,,,,1822564
8970821,28-01-2026 20:50:00,55.42133000,2.16983000,,,LV,Clupea harengus,I4537,9,,4975.21267,,1610540,1822565,NETHERLANDS,64T2,4458,12366,12105,,,8.69,13762,,15643,,,0,,,,,,,,,,,,,,,,5.63,,,,,,10183731,,,,,,,MRN2,,2,,5.62,,,,,34.53,,,,,,,,,,,,,,,,1600,,,1454,,VISO,F4B,,,,,,126417,,,,,,,,2026NL3400155,2,,,,,,,,,,,,,,,,,1822565
8970822,28-01-2026 20:50:00,55.42133000,2.16983000,,,LV,Clupea harengus,I4537,10,,4975.21267,,1610540,1822566,NETHERLANDS,64T2,4458,12366,12105,,,8.69,13762,,15643,,,0,,,,,,,,,,,,,,,,5.63,,,,,,10183731,,,,,,,MRN2,,2,,5.62,,,,,34.53,,,,,,,,,,,,,,,,1600,,,1454,,VISO,F4B,,,,,,126417,,,,,,,,2026NL3400155,2,,,,,,,,,,,,,,,,,1822566
8970823,28-01-2026 20:50:00,55.42133000,2.16983000,,,LV,Clupea harengus,I4537,3,,4975.21267,,1610540,1822555,NETHERLANDS,64T2,4458,12366,12105,,,8.69,13762,,15643,,,0,,,,,,,,,,,,,,,,5.63,,,,,,10183731,,,,,,,MRN2,,2,,5.62,,,,,34.53,,,,,,,,,,,,,,,,1600,,,1454,,VISO,F4B,,,,,,126417,,,,,,,,2026NL3400155,2,,,,,,,,,,,,,,,,,1822555
8970824,28-01-2026 20:50:00,55.42133000,2.16983000,,,LV,Clupea harengus,I4537,4,,4975.21267,,1610540,1822556,NETHERLANDS,64T2,4458,12366,12105,,,8.69,13762,,15643,,,0,,,,,,,,,,,,,,,,5.63,,,,,,10183731,,,,,,,MRN2,,2,,5.62,,,,,34.53,,,,,,,,,,,,,,,,1600,,,1454,,VISO,F4B,,,,,,126417,,,,,,,,2026NL3400155,2,,,,,,,,,,,,,,,,,1822556
8970825,28-01-2026 20:50:00,55.42133000,2.16983000,,,LV,Clupea harengus,I4537,7,,4975.21267,,1610540,1822557,NETHERLANDS,64T2,4458,12366,12105,,,8.69,13762,,15643,,,0,,,,,,,,,,,,,,,,5.63,,,,,,10183731,,,,,,,MRN2,,2,,5.62,,,,,34.53,,,,,,,,,,,,,,,,1600,,,1454,,VISO,F4B,,,,,,126417,,,,,,,,2026NL3400155,2,,,,,,,,,,,,,,,,,1822557
8970826,28-01-2026 20:50:00,55.42133000,2.16983000,,,LV,Clupea harengus,I4537,1,,4975.21267,,1610540,1822558,NETHERLANDS,64T2,4458,12366,12105,,,8.69,13762,,15643,,,0,,,,,,,,,,,,,,,,5.63,,,,,,10183731,,,,,,,MRN2,,2,,5.62,,,,,34.53,,,,,,,,,,,,,,,,1600,,,1454,,VISO,F4B,,,,,,126417,,,,,,,,2026NL3400155,2,,,,,,,,,,,,,,,,,1822558
8970827,28-01-2026 20:50:00,55.42133000,2.16983000,,,LV,Clupea harengus,I4537,3,,4975.21267,,1610540,1822559,NETHERLANDS,64T2,4458,12366,12105,,,8.69,13762,,15643,,,0,,,,,,,,,,,,,,,,5.63,,,,,,10183731,,,,,,,MRN2,,2,,5.62,,,,,34.53,,,,,,,,,,,,,,,,1600,,,1454,,VISO,F4B,,,,,,126417,,,,,,,,2026NL3400155,2,,,,,,,,,,,,,,,,,1822559
8970828,28-01-2026 20:50:00,55.42133000,2.16983000,,,LV,Clupea harengus,I4537,1,,4975.21267,,1610540,1822560,NETHERLANDS,64T2,4458,12366,12105,,,8.69,13762,,15643,,,0,,,,,,,,,,,,,,,,5.63,,,,,,10183731,,,,,,,MRN2,,2,,5.62,,,,,34.53,,,,,,,,,,,,,,,,1600,,,1454,,VISO,F4B,,,,,,126417,,,,,,,,2026NL3400155,2,,,,,,,,,,,,,,,,,1822560
8970829,28-01-2026 20:50:00,55.42133000,2.16983000,,,LV,Clupea harengus,I4537,1,,4975.21267,,1610540,1822549,NETHERLANDS,64T2,4458,12366,12105,,,8.69,13762,,15643,,,0,,,,,,,,,,,,,,,,5.63,,,,,,10183731,,,,,,,MRN2,,2,,5.62,,,,,34.53,,,,,,,,,,,,,,,,1600,,,1454,,VISO,F4B,,,,,,126417,,,,,,,,2026NL3400155,2,,,,,,,,,,,,,,,,,1822549
8970830,28-01-2026 21:58:00,55.60317000,2.19767000,,,LV,Clupea harengus,I4537,1,,4199.033219,,1610541,1822550,NETHERLANDS,64T2,4458,12366,12105,,,8.69,11615,,13563,,,0,,,,,,,,,,,,,,,,7.52,,,,,,10183773,,,,,,,MRN2,,2,,7.51,,,,,34.85,,,,,,,,,,,,,,,,1600,,,1259,,VISO,F4B,,,,,,126417,,,,,,,,2026NL3400156,2,,,,,,,,,,,,,,,,,1822550
8970831,28-01-2026 21:58:00,55.60317000,2.19767000,,,LV,Clupea harengus,I4537,1,,4199.033219,,1610541,1822551,NETHERLANDS,64T2,4458,12366,12105,,,8.69,11615,,13563,,,0,,,,,,,,,,,,,,,,7.52,,,,,,10183773,,,,,,,MRN2,,2,,7.51,,,,,34.85,,,,,,,,,,,,,,,,1600,,,1259,,VISO,F4B,,,,,,126417,,,,,,,,2026NL3400156,2,,,,,,,,,,,,,,,,,1822551
8970832,28-01-2026 21:58:00,55.60317000,2.19767000,,,LV,Clupea harengus,I4537,1,,4199.033219,,1610541,1822552,NETHERLANDS,64T2,4458,12366,12105,,,8.69,11615,,13563,,,0,,,,,,,,,,,,,,,,7.52,,,,,,10183773,,,,,,,MRN2,,2,,7.51,,,,,34.85,,,,,,,,,,,,,,,,1600,,,1259,,VISO,F4B,,,,,,126417,,,,,,,,2026NL3400156,2,,,,,,,,,,,,,,,,,1822552
8970833,28-01-2026 21:58:00,55.60317000,2.19767000,,,LV,Clupea harengus,I4537,1,,4199.033219,,1610541,1822553,NETHERLANDS,64T2,4458,12366,12105,,,8.69,11615,,13563,,,0,,,,,,,,,,,,,,,,7.52,,,,,,10183773,,,,,,,MRN2,,2,,7.51,,,,,34.85,,,,,,,,,,,,,,,,1600,,,1259,,VISO,F4B,,,,,,126417,,,,,,,,2026NL3400156,2,,,,,,,,,,,,,,,,,1822553
8970834,28-01-2026 21:58:00,55.60317000,2.19767000,,,LV,Clupea harengus,I4537,1,,4199.033219,,1610541,1822554,NETHERLANDS,64T2,4458,12366,12105,,,8.69,11615,,13563,,,0,,,,,,,,,,,,,,,,7.52,,,,,,10183773,,,,,,,MRN2,,2,,7.51,,,,,34.85,,,,,,,,,,,,,,,,1600,,,1259,,VISO,F4B,,,,,,126417,,,,,,,,2026NL3400156,2,,,,,,,,,,,,,,,,,1822554
8970835,28-01-2026 21:58:00,55.60317000,2.19767000,,,LV,Clupea harengus,I4537,1,,4199.033219,,1610541,1822543,NETHERLANDS,64T2,4458,12366,12105,,,8.69,11615,,13563,,,0,,,,,,,,,,,,,,,,7.52,,,,,,10183773,,,,,,,MRN2,,2,,7.51,,,,,34.85,,,,,,,,,,,,,,,,1600,,,1259,,VISO,F4B,,,,,,126417,,,,,,,,2026NL3400156,2,,,,,,,,,,,,,,,,,1822543
8970836,28-01-2026 21:58:00,55.60317000,2.19767000,,,LV,Clupea harengus,I4537,2,,4199.033219,,1610541,1822544,NETHERLANDS,64T2,4458,12366,12105,,,8.69,11615,,13563,,,0,,,,,,,,,,,,,,,,7.52,,,,,,10183773,,,,,,,MRN2,,2,,7.51,,,,,34.85,,,,,,,,,,,,,,,,1600,,,1259,,VISO,F4B,,,,,,126417,,,,,,,,2026NL3400156,2,,,,,,,,,,,,,,,,,1822544
8970837,28-01-2026 21:58:00,55.60317000,2.19767000,,,LV,Clupea harengus,I4537,2,,4199.033219,,1610541,1822545,NETHERLANDS,64T2,4458,12366,12105,,,8.69,11615,,13563,,,0,,,,,,,,,,,,,,,,7.52,,,,,,10183773,,,,,,,MRN2,,2,,7.51,,,,,34.85,,,,,,,,,,,,,,,,1600,,,1259,,VISO,F4B,,,,,,126417,,,,,,,,2026NL3400156,2,,,,,,,,,,,,,,,,,1822545
8970838,28-01-2026 21:58:00,55.60317000,2.19767000,,,LV,Clupea harengus,I4537,1,,4199.033219,,1610541,1822546,NETHERLANDS,64T2,4458,12366,12105,,,8.69,11615,,13563,,,0,,,,,,,,,,,,,,,,7.52,,,,,,10183773,,,,,,,MRN2,,2,,7.51,,,,,34.85,,,,,,,,,,,,,,,,1600,,,1259,,VISO,F4B,,,,,,126417,,,,,,,,2026NL3400156,2,,,,,,,,,,,,,,,,,1822546
8970839,28-01-2026 21:58:00,55.60317000,2.19767000,,,LV,Clupea harengus,I4537,1,,4199.033219,,1610541,1822547,NETHERLANDS,64T2,4458,12366,12105,,,8.69,11615,,13563,,,0,,,,,,,,,,,,,,,,7.52,,,,,,10183773,,,,,,,MRN2,,2,,7.51,,,,,34.85,,,,,,,,,,,,,,,,1600,,,1259,,VISO,F4B,,,,,,126417,,,,,,,,2026NL3400156,2,,,,,,,,,,,,,,,,,1822547
8970840,28-01-2026 23:02:00,55.77200000,2.21200000,,,LV,Clupea harengus,I4537,2,,4161.435333,,1610542,1822548,NETHERLANDS,64T2,4458,12366,12105,,,8.69,11511,,13758,,,0,,,,,,,,,,,,,,,,8,,,,,,10183737,,,,,,,MRN2,,2,,7.99,,,,,35.01,,,,,,,,,,,,,,,,1600,,,1351,,VISO,F4B,,,,,,126417,,,,,,,,2026NL3400157,2,,,,,,,,,,,,,,,,,1822548
8970841,28-01-2026 23:02:00,55.77200000,2.21200000,,,LV,Clupea harengus,I4537,1,,4161.435333,,1610542,1822537,NETHERLANDS,64T2,4458,12366,12105,,,8.69,11511,,13758,,,0,,,,,,,,,,,,,,,,8,,,,,,10183737,,,,,,,MRN2,,2,,7.99,,,,,35.01,,,,,,,,,,,,,,,,1600,,,1351,,VISO,F4B,,,,,,126417,,,,,,,,2026NL3400157,2,,,,,,,,,,,,,,,,,1822537
8970842,28-01-2026 23:02:00,55.77200000,2.21200000,,,LV,Clupea harengus,I4537,1,,4161.435333,,1610542,1822538,NETHERLANDS,64T2,4458,12366,12105,,,8.69,11511,,13758,,,0,,,,,,,,,,,,,,,,8,,,,,,10183737,,,,,,,MRN2,,2,,7.99,,,,,35.01,,,,,,,,,,,,,,,,1600,,,1351,,VISO,F4B,,,,,,126417,,,,,,,,2026NL3400157,2,,,,,,,,,,,,,,,,,1822538
8970843,28-01-2026 23:02:00,55.77200000,2.21200000,,,LV,Clupea harengus,I4537,2,,4161.435333,,1610542,1822539,NETHERLANDS,64T2,4458,12366,12105,,,8.69,11511,,13758,,,0,,,,,,,,,,,,,,,,8,,,,,,10183737,,,,,,,MRN2,,2,,7.99,,,,,35.01,,,,,,,,,,,,,,,,1600,,,1351,,VISO,F4B,,,,,,126417,,,,,,,,2026NL3400157,2,,,,,,,,,,,,,,,,,1822539
8970844,28-01-2026 23:02:00,55.77200000,2.21200000,,,LV,Clupea harengus,I4537,2,,4161.435333,,1610542,1822540,NETHERLANDS,64T2,4458,12366,12105,,,8.69,11511,,13758,,,0,,,,,,,,,,,,,,,,8,,,,,,10183737,,,,,,,MRN2,,2,,7.99,,,,,35.01,,,,,,,,,,,,,,,,1600,,,1351,,VISO,F4B,,,,,,126417,,,,,,,,2026NL3400157,2,,,,,,,,,,,,,,,,,1822540
8970845,28-01-2026 23:02:00,55.77200000,2.21200000,,,LV,Clupea harengus,I4537,2,,4161.435333,,1610542,1822541,NETHERLANDS,64T2,4458,12366,12105,,,8.69,11511,,13758,,,0,,,,,,,,,,,,,,,,8,,,,,,10183737,,,,,,,MRN2,,2,,7.99,,,,,35.01,,,,,,,,,,,,,,,,1600,,,1351,,VISO,F4B,,,,,,126417,,,,,,,,2026NL3400157,2,,,,,,,,,,,,,,,,,1822541
8970846,29-01-2026 00:22:00,55.77183000,1.85800000,,,LV,Clupea harengus,I4537,2,,4066.356061,,1610543,1822542,NETHERLANDS,64T2,4458,12366,12105,,,8.69,11248,,13161,,,0,,,,,,,,,,,,,,,,8.14,,,,,,10183724,,,,,,,MRN2,,2,,8.13,,,,,35.06,,,,,,,,,,,,,,,,1600,,,1350,,VISO,F4B,,,,,,126417,,,,,,,,2026NL3400158,2,,,,,,,,,,,,,,,,,1822542
8970847,29-01-2026 00:22:00,55.77183000,1.85800000,,,LV,Clupea harengus,I4537,1,,4066.356061,,1610543,1822531,NETHERLANDS,64T2,4458,12366,12105,,,8.69,11248,,13161,,,0,,,,,,,,,,,,,,,,8.14,,,,,,10183724,,,,,,,MRN2,,2,,8.13,,,,,35.06,,,,,,,,,,,,,,,,1600,,,1350,,VISO,F4B,,,,,,126417,,,,,,,,2026NL3400158,2,,,,,,,,,,,,,,,,,1822531
8970848,29-01-2026 01:36:00,55.75183000,1.53683000,,,LV,Clupea harengus,I4537,1,,3651.694752,,1610544,1822532,NETHERLANDS,64T2,4458,12366,12105,,,8.69,10101,,11883,,,0,,,,,,,,,,,,,,,,8.26,,,,,,10183732,,,,,,,MRN2,,2,,8.23,,,,,35.05,,,,,,,,,,,,,,,,1600,,,1290,,VISO,F4B,,,,,,126417,,,,,,,,2026NL3400159,2,,,,,,,,,,,,,,,,,1822532
8970849,29-01-2026 01:36:00,55.75183000,1.53683000,,,LV,Clupea harengus,I4537,1,,3651.694752,,1610544,1822533,NETHERLANDS,64T2,4458,12366,12105,,,8.69,10101,,11883,,,0,,,,,,,,,,,,,,,,8.26,,,,,,10183732,,,,,,,MRN2,,2,,8.23,,,,,35.05,,,,,,,,,,,,,,,,1600,,,1290,,VISO,F4B,,,,,,126417,,,,,,,,2026NL3400159,2,,,,,,,,,,,,,,,,,1822533
8970850,29-01-2026 01:36:00,55.75183000,1.53683000,,,LV,Clupea harengus,I4537,1,,3651.694752,,1610544,1822534,NETHERLANDS,64T2,4458,12366,12105,,,8.69,10101,,11883,,,0,,,,,,,,,,,,,,,,8.26,,,,,,10183732,,,,,,,MRN2,,2,,8.23,,,,,35.05,,,,,,,,,,,,,,,,1600,,,1290,,VISO,F4B,,,,,,126417,,,,,,,,2026NL3400159,2,,,,,,,,,,,,,,,,,1822534
8970851,29-01-2026 01:36:00,55.75183000,1.53683000,,,LV,Clupea harengus,I4537,2,,3651.694752,,1610544,1822535,NETHERLANDS,64T2,4458,12366,12105,,,8.69,10101,,11883,,,0,,,,,,,,,,,,,,,,8.26,,,,,,10183732,,,,,,,MRN2,,2,,8.23,,,,,35.05,,,,,,,,,,,,,,,,1600,,,1290,,VISO,F4B,,,,,,126417,,,,,,,,2026NL3400159,2,,,,,,,,,,,,,,,,,1822535
8970852,29-01-2026 02:48:00,55.73650000,1.21383000,,,LV,Clupea harengus,I4537,1,,4499.093277,,1610545,1822536,NETHERLANDS,64T2,4458,12366,12105,,,8.69,12445,,14036,,,0,,,,,,,,,,,,,,,,7.92,,,,,,10183729,,,,,,,MRN2,,2,,7.91,,,,,34.94,,,,,,,,,,,,,,,,1600,,,1592,,VISO,F4B,,,,,,126417,,,,,,,,2026NL3400160,2,,,,,,,,,,,,,,,,,1822536
8970853,29-01-2026 04:06:00,55.72467000,0.81050000,,,LV,Clupea harengus,I4537,1,,4913.754586,,1610546,1822525,NETHERLANDS,64T2,4458,12366,12105,,,8.69,13592,,14503,,,0,,,,,,,,,,,,,,,,7.73,,,,,,10183730,,,,,,,MRN2,,2,,7.72,,,,,34.88,,,,,,,,,,,,,,,,1600,,,1454,,VISO,F4B,,,,,,126417,,,,,,,,2026NL3400161,2,,,,,,,,,,,,,,,,,1822525
8970854,29-01-2026 04:06:00,55.72467000,0.81050000,,,LV,Clupea harengus,I4537,1,,4913.754586,,1610546,1822526,NETHERLANDS,64T2,4458,12366,12105,,,8.69,13592,,14503,,,0,,,,,,,,,,,,,,,,7.73,,,,,,10183730,,,,,,,MRN2,,2,,7.72,,,,,34.88,,,,,,,,,,,,,,,,1600,,,1454,,VISO,F4B,,,,,,126417,,,,,,,,2026NL3400161,2,,,,,,,,,,,,,,,,,1822526
8970855,29-01-2026 05:10:00,55.69150000,0.53283000,,,LV,Clupea harengus,I4537,1,,6157.015476,,1610547,1822527,NETHERLANDS,64T2,4458,12366,12105,,,8.69,17031,,18276,,,0,,,,,,,,,,,,,,,,7.84,,,,,,10183725,,,,,,,MRN2,,2,,7.83,,,,,34.84,,,,,,,,,,,,,,,,1600,,,2136,,VISO,F4B,,,,,,126417,,,,,,,,2026NL3400162,2,,,,,,,,,,,,,,,,,1822527
8970856,04-02-2026 19:53:00,52.91433000,2.40967000,,,LV,Clupea harengus,I4537,8,,3530.586175,,1610550,1822528,NETHERLANDS,64T2,4458,12366,12105,,,8.69,9766,,10364,,,0,,,,,,,,,,,,,,,,6.42,,,,,,10183420,,,,,,,MRN2,,2,,6.4,,,,,34.43,,,,,,,,,,,,,,,,1600,,,1431,,VISO,F4B,,,,,,126417,,,,,,,,2026NL3400165,2,,,,,,,,,,,,,,,,,1822528
8970857,04-02-2026 19:53:00,52.91433000,2.40967000,,,LV,Clupea harengus,I4537,1,,3530.586175,,1610550,1822529,NETHERLANDS,64T2,4458,12366,12105,,,8.69,9766,,10364,,,0,,,,,,,,,,,,,,,,6.42,,,,,,10183420,,,,,,,MRN2,,2,,6.4,,,,,34.43,,,,,,,,,,,,,,,,1600,,,1431,,VISO,F4B,,,,,,126417,,,,,,,,2026NL3400165,2,,,,,,,,,,,,,,,,,1822529
8970858,04-02-2026 19:53:00,52.91433000,2.40967000,,,LV,Clupea harengus,I4537,6,,3530.586175,,1610550,1822530,NETHERLANDS,64T2,4458,12366,12105,,,8.69,9766,,10364,,,0,,,,,,,,,,,,,,,,6.42,,,,,,10183420,,,,,,,MRN2,,2,,6.4,,,,,34.43,,,,,,,,,,,,,,,,1600,,,1431,,VISO,F4B,,,,,,126417,,,,,,,,2026NL3400165,2,,,,,,,,,,,,,,,,,1822530
8970859,04-02-2026 19:53:00,52.91433000,2.40967000,,,LV,Clupea harengus,I4537,13,,3530.586175,,1610550,1822519,NETHERLANDS,64T2,4458,12366,12105,,,8.69,9766,,10364,,,0,,,,,,,,,,,,,,,,6.42,,,,,,10183420,,,,,,,MRN2,,2,,6.4,,,,,34.43,,,,,,,,,,,,,,,,1600,,,1431,,VISO,F4B,,,,,,126417,,,,,,,,2026NL3400165,2,,,,,,,,,,,,,,,,,1822519
8970860,04-02-2026 19:53:00,52.91433000,2.40967000,,,LV,Clupea harengus,I4537,6,,3530.586175,,1610550,1822520,NETHERLANDS,64T2,4458,12366,12105,,,8.69,9766,,10364,,,0,,,,,,,,,,,,,,,,6.42,,,,,,10183420,,,,,,,MRN2,,2,,6.4,,,,,34.43,,,,,,,,,,,,,,,,1600,,,1431,,VISO,F4B,,,,,,126417,,,,,,,,2026NL3400165,2,,,,,,,,,,,,,,,,,1822520
8970861,04-02-2026 19:53:00,52.91433000,2.40967000,,,LV,Clupea harengus,I4537,1,,3530.586175,,1610550,1822521,NETHERLANDS,64T2,4458,12366,12105,,,8.69,9766,,10364,,,0,,,,,,,,,,,,,,,,6.42,,,,,,10183420,,,,,,,MRN2,,2,,6.4,,,,,34.43,,,,,,,,,,,,,,,,1600,,,1431,,VISO,F4B,,,,,,126417,,,,,,,,2026NL3400165,2,,,,,,,,,,,,,,,,,1822521
8970862,04-02-2026 20:55:00,52.83650000,2.71133000,,,LV,Clupea harengus,I4537,19,,5454.947245,,1610551,1822522,NETHERLANDS,64T2,4458,12366,12105,,,8.69,15089,,15491,,,0,,,,,,,,,,,,,,,,8.82,,,,,,10183376,,,,,,,MRN2,,2,,8.81,,,,,35.01,,,,,,,,,,,,,,,,1600,,,2184,,VISO,F4B,,,,,,126417,,,,,,,,2026NL3400166,2,,,,,,,,,,,,,,,,,1822522
8970863,04-02-2026 20:55:00,52.83650000,2.71133000,,,LV,Clupea harengus,I4537,1,,5454.947245,,1610551,1822523,NETHERLANDS,64T2,4458,12366,12105,,,8.69,15089,,15491,,,0,,,,,,,,,,,,,,,,8.82,,,,,,10183376,,,,,,,MRN2,,2,,8.81,,,,,35.01,,,,,,,,,,,,,,,,1600,,,2184,,VISO,F4B,,,,,,126417,,,,,,,,2026NL3400166,2,,,,,,,,,,,,,,,,,1822523
8970864,04-02-2026 20:55:00,52.83650000,2.71133000,,,LV,Clupea harengus,I4537,5,,5454.947245,,1610551,1822524,NETHERLANDS,64T2,4458,12366,12105,,,8.69,15089,,15491,,,0,,,,,,,,,,,,,,,,8.82,,,,,,10183376,,,,,,,MRN2,,2,,8.81,,,,,35.01,,,,,,,,,,,,,,,,1600,,,2184,,VISO,F4B,,,,,,126417,,,,,,,,2026NL3400166,2,,,,,,,,,,,,,,,,,1822524
8970865,04-02-2026 20:55:00,52.83650000,2.71133000,,,LV,Clupea harengus,I4537,13,,5454.947245,,1610551,1822513,NETHERLANDS,64T2,4458,12366,12105,,,8.69,15089,,15491,,,0,,,,,,,,,,,,,,,,8.82,,,,,,10183376,,,,,,,MRN2,,2,,8.81,,,,,35.01,,,,,,,,,,,,,,,,1600,,,2184,,VISO,F4B,,,,,,126417,,,,,,,,2026NL3400166,2,,,,,,,,,,,,,,,,,1822513
8970866,04-02-2026 20:55:00,52.83650000,2.71133000,,,LV,Clupea harengus,I4537,4,,5454.947245,,1610551,1822514,NETHERLANDS,64T2,4458,12366,12105,,,8.69,15089,,15491,,,0,,,,,,,,,,,,,,,,8.82,,,,,,10183376,,,,,,,MRN2,,2,,8.81,,,,,35.01,,,,,,,,,,,,,,,,1600,,,2184,,VISO,F4B,,,,,,126417,,,,,,,,2026NL3400166,2,,,,,,,,,,,,,,,,,1822514
8970867,04-02-2026 20:55:00,52.83650000,2.71133000,,,LV,Clupea harengus,I4537,2,,5454.947245,,1610551,1822515,NETHERLANDS,64T2,4458,12366,12105,,,8.69,15089,,15491,,,0,,,,,,,,,,,,,,,,8.82,,,,,,10183376,,,,,,,MRN2,,2,,8.81,,,,,35.01,,,,,,,,,,,,,,,,1600,,,2184,,VISO,F4B,,,,,,126417,,,,,,,,2026NL3400166,2,,,,,,,,,,,,,,,,,1822515
8970868,04-02-2026 20:55:00,52.83650000,2.71133000,,,LV,Clupea harengus,I4537,2,,5454.947245,,1610551,1822516,NETHERLANDS,64T2,4458,12366,12105,,,8.69,15089,,15491,,,0,,,,,,,,,,,,,,,,8.82,,,,,,10183376,,,,,,,MRN2,,2,,8.81,,,,,35.01,,,,,,,,,,,,,,,,1600,,,2184,,VISO,F4B,,,,,,126417,,,,,,,,2026NL3400166,2,,,,,,,,,,,,,,,,,1822516
8970869,04-02-2026 20:55:00,52.83650000,2.71133000,,,LV,Clupea harengus,I4537,1,,5454.947245,,1610551,1822517,NETHERLANDS,64T2,4458,12366,12105,,,8.69,15089,,15491,,,0,,,,,,,,,,,,,,,,8.82,,,,,,10183376,,,,,,,MRN2,,2,,8.81,,,,,35.01,,,,,,,,,,,,,,,,1600,,,2184,,VISO,F4B,,,,,,126417,,,,,,,,2026NL3400166,2,,,,,,,,,,,,,,,,,1822517
8970870,04-02-2026 20:55:00,52.83650000,2.71133000,,,LV,Sardina pilchardus,I4537,2,,5454.947245,,1610551,1822882,NETHERLANDS,64T2,4458,12366,12129,,,8.69,15089,,15491,,,0,,,,,,,,,,,,,,,,8.82,,,,,,10183376,,,,,,,MRN2,,2,,8.81,,,,,35.01,,,,,,,,,,,,,,,,1600,,,2184,,VISO,F4B,,,,,,126421,,,,,,,,2026NL3400166,2,,,,,,,,,,,,,,,,,1822882
8970871,04-02-2026 20:55:00,52.83650000,2.71133000,,,LV,Sardina pilchardus,I4537,1,,5454.947245,,1610551,1822871,NETHERLANDS,64T2,4458,12366,12129,,,8.69,15089,,15491,,,0,,,,,,,,,,,,,,,,8.82,,,,,,10183376,,,,,,,MRN2,,2,,8.81,,,,,35.01,,,,,,,,,,,,,,,,1600,,,2184,,VISO,F4B,,,,,,126421,,,,,,,,2026NL3400166,2,,,,,,,,,,,,,,,,,1822871
8970872,05-02-2026 02:26:00,52.11917000,4.14133000,,,LV,Clupea harengus,I4537,3,,3277.523475,,1610552,1822518,NETHERLANDS,64T2,4458,12366,12105,,,8.69,9066,,,,,0,,,,,,,,,,,,,,,,5.19,,,,,,10183407,,,,,,,MRN2,,2,,5.17,,,,,31.91,,,,,,,,,,,,,,,,1600,,,1209,,VISO,F4B,,,,,,126417,,,,,,,,2026NL3400167,2,,,,,,,,,,,,,,,,,1822518
8970873,05-02-2026 02:26:00,52.11917000,4.14133000,,,LV,Clupea harengus,I4537,1,,3277.523475,,1610552,1822507,NETHERLANDS,64T2,4458,12366,12105,,,8.69,9066,,,,,0,,,,,,,,,,,,,,,,5.19,,,,,,10183407,,,,,,,MRN2,,2,,5.17,,,,,31.91,,,,,,,,,,,,,,,,1600,,,1209,,VISO,F4B,,,,,,126417,,,,,,,,2026NL3400167,2,,,,,,,,,,,,,,,,,1822507
8970874,05-02-2026 02:26:00,52.11917000,4.14133000,,,LV,Clupea harengus,I4537,2,,3277.523475,,1610552,1822508,NETHERLANDS,64T2,4458,12366,12105,,,8.69,9066,,,,,0,,,,,,,,,,,,,,,,5.19,,,,,,10183407,,,,,,,MRN2,,2,,5.17,,,,,31.91,,,,,,,,,,,,,,,,1600,,,1209,,VISO,F4B,,,,,,126417,,,,,,,,2026NL3400167,2,,,,,,,,,,,,,,,,,1822508
8970875,05-02-2026 02:26:00,52.11917000,4.14133000,,,LV,Clupea harengus,I4537,2,,3277.523475,,1610552,1822509,NETHERLANDS,64T2,4458,12366,12105,,,8.69,9066,,,,,0,,,,,,,,,,,,,,,,5.19,,,,,,10183407,,,,,,,MRN2,,2,,5.17,,,,,31.91,,,,,,,,,,,,,,,,1600,,,1209,,VISO,F4B,,,,,,126417,,,,,,,,2026NL3400167,2,,,,,,,,,,,,,,,,,1822509
8970876,05-02-2026 02:26:00,52.11917000,4.14133000,,,LV,Clupea harengus,I4537,4,,3277.523475,,1610552,1822510,NETHERLANDS,64T2,4458,12366,12105,,,8.69,9066,,,,,0,,,,,,,,,,,,,,,,5.19,,,,,,10183407,,,,,,,MRN2,,2,,5.17,,,,,31.91,,,,,,,,,,,,,,,,1600,,,1209,,VISO,F4B,,,,,,126417,,,,,,,,2026NL3400167,2,,,,,,,,,,,,,,,,,1822510
8970877,05-02-2026 02:26:00,52.11917000,4.14133000,,,LV,Clupea harengus,I4537,2,,3277.523475,,1610552,1822511,NETHERLANDS,64T2,4458,12366,12105,,,8.69,9066,,,,,0,,,,,,,,,,,,,,,,5.19,,,,,,10183407,,,,,,,MRN2,,2,,5.17,,,,,31.91,,,,,,,,,,,,,,,,1600,,,1209,,VISO,F4B,,,,,,126417,,,,,,,,2026NL3400167,2,,,,,,,,,,,,,,,,,1822511
8970878,05-02-2026 02:26:00,52.11917000,4.14133000,,,LV,Clupea harengus,I4537,3,,3277.523475,,1610552,1822512,NETHERLANDS,64T2,4458,12366,12105,,,8.69,9066,,,,,0,,,,,,,,,,,,,,,,5.19,,,,,,10183407,,,,,,,MRN2,,2,,5.17,,,,,31.91,,,,,,,,,,,,,,,,1600,,,1209,,VISO,F4B,,,,,,126417,,,,,,,,2026NL3400167,2,,,,,,,,,,,,,,,,,1822512
8970879,05-02-2026 02:26:00,52.11917000,4.14133000,,,LV,Clupea harengus,I4537,1,,3277.523475,,1610552,1822501,NETHERLANDS,64T2,4458,12366,12105,,,8.69,9066,,,,,0,,,,,,,,,,,,,,,,5.19,,,,,,10183407,,,,,,,MRN2,,2,,5.17,,,,,31.91,,,,,,,,,,,,,,,,1600,,,1209,,VISO,F4B,,,,,,126417,,,,,,,,2026NL3400167,2,,,,,,,,,,,,,,,,,1822501
8970880,05-02-2026 02:26:00,52.11917000,4.14133000,,,LV,Clupea harengus,I4537,1,,3277.523475,,1610552,1822502,NETHERLANDS,64T2,4458,12366,12105,,,8.69,9066,,,,,0,,,,,,,,,,,,,,,,5.19,,,,,,10183407,,,,,,,MRN2,,2,,5.17,,,,,31.91,,,,,,,,,,,,,,,,1600,,,1209,,VISO,F4B,,,,,,126417,,,,,,,,2026NL3400167,2,,,,,,,,,,,,,,,,,1822502
8970881,05-02-2026 03:24:00,52.26200000,4.32150000,,,LV,Clupea harengus,I4537,17,,3374.771856,,1610553,1822503,NETHERLANDS,64T2,4458,12366,12105,,,8.69,9335,,10072,,,0,,,,,,,,,,,,,,,,4.97,,,,,,10183443,,,,,,,MRN2,,2,,4.97,,,,,31.98,,,,,,,,,,,,,,,,1600,,,1490,,VISO,F4B,,,,,,126417,,,,,,,,2026NL3400168,2,,,,,,,,,,,,,,,,,1822503
8970882,05-02-2026 03:24:00,52.26200000,4.32150000,,,LV,Clupea harengus,I4537,1,,3374.771856,,1610553,1822504,NETHERLANDS,64T2,4458,12366,12105,,,8.69,9335,,10072,,,0,,,,,,,,,,,,,,,,4.97,,,,,,10183443,,,,,,,MRN2,,2,,4.97,,,,,31.98,,,,,,,,,,,,,,,,1600,,,1490,,VISO,F4B,,,,,,126417,,,,,,,,2026NL3400168,2,,,,,,,,,,,,,,,,,1822504
8970883,05-02-2026 03:24:00,52.26200000,4.32150000,,,LV,Clupea harengus,I4537,2,,3374.771856,,1610553,1822505,NETHERLANDS,64T2,4458,12366,12105,,,8.69,9335,,10072,,,0,,,,,,,,,,,,,,,,4.97,,,,,,10183443,,,,,,,MRN2,,2,,4.97,,,,,31.98,,,,,,,,,,,,,,,,1600,,,1490,,VISO,F4B,,,,,,126417,,,,,,,,2026NL3400168,2,,,,,,,,,,,,,,,,,1822505
8970884,05-02-2026 03:24:00,52.26200000,4.32150000,,,LV,Clupea harengus,I4537,1,,3374.771856,,1610553,1822506,NETHERLANDS,64T2,4458,12366,12105,,,8.69,9335,,10072,,,0,,,,,,,,,,,,,,,,4.97,,,,,,10183443,,,,,,,MRN2,,2,,4.97,,,,,31.98,,,,,,,,,,,,,,,,1600,,,1490,,VISO,F4B,,,,,,126417,,,,,,,,2026NL3400168,2,,,,,,,,,,,,,,,,,1822506
8970885,05-02-2026 03:24:00,52.26200000,4.32150000,,,LV,Clupea harengus,I4537,1,,3374.771856,,1610553,1822495,NETHERLANDS,64T2,4458,12366,12105,,,8.69,9335,,10072,,,0,,,,,,,,,,,,,,,,4.97,,,,,,10183443,,,,,,,MRN2,,2,,4.97,,,,,31.98,,,,,,,,,,,,,,,,1600,,,1490,,VISO,F4B,,,,,,126417,,,,,,,,2026NL3400168,2,,,,,,,,,,,,,,,,,1822495
8970886,05-02-2026 03:24:00,52.26200000,4.32150000,,,LV,Clupea harengus,I4537,1,,3374.771856,,1610553,1822496,NETHERLANDS,64T2,4458,12366,12105,,,8.69,9335,,10072,,,0,,,,,,,,,,,,,,,,4.97,,,,,,10183443,,,,,,,MRN2,,2,,4.97,,,,,31.98,,,,,,,,,,,,,,,,1600,,,1490,,VISO,F4B,,,,,,126417,,,,,,,,2026NL3400168,2,,,,,,,,,,,,,,,,,1822496
8970887,09-02-2026 18:40:00,53.81167000,2.86933000,,,LV,Clupea harengus,I4537,2,,5459.285462,,1610554,1822497,NETHERLANDS,64T2,4458,12366,12105,,,8.69,15101,,16588,,,0,,,,,,,,,,,,,,,,5.61,,,,,,10183421,,,,,,,MRN2,,2,,5.62,,,,,34.43,,,,,,,,,,,,,,,,1600,,,1822,,VISO,F4B,,,,,,126417,,,,,,,,2026NL3400169,2,,,,,,,,,,,,,,,,,1822497
8970888,09-02-2026 18:40:00,53.81167000,2.86933000,,,LV,Clupea harengus,I4537,1,,5459.285462,,1610554,1822498,NETHERLANDS,64T2,4458,12366,12105,,,8.69,15101,,16588,,,0,,,,,,,,,,,,,,,,5.61,,,,,,10183421,,,,,,,MRN2,,2,,5.62,,,,,34.43,,,,,,,,,,,,,,,,1600,,,1822,,VISO,F4B,,,,,,126417,,,,,,,,2026NL3400169,2,,,,,,,,,,,,,,,,,1822498
8970889,09-02-2026 18:40:00,53.81167000,2.86933000,,,LV,Clupea harengus,I4537,1,,5459.285462,,1610554,1822499,NETHERLANDS,64T2,4458,12366,12105,,,8.69,15101,,16588,,,0,,,,,,,,,,,,,,,,5.61,,,,,,10183421,,,,,,,MRN2,,2,,5.62,,,,,34.43,,,,,,,,,,,,,,,,1600,,,1822,,VISO,F4B,,,,,,126417,,,,,,,,2026NL3400169,2,,,,,,,,,,,,,,,,,1822499
8970890,09-02-2026 18:40:00,53.81167000,2.86933000,,,LV,Clupea harengus,I4537,1,,5459.285462,,1610554,1822500,NETHERLANDS,64T2,4458,12366,12105,,,8.69,15101,,16588,,,0,,,,,,,,,,,,,,,,5.61,,,,,,10183421,,,,,,,MRN2,,2,,5.62,,,,,34.43,,,,,,,,,,,,,,,,1600,,,1822,,VISO,F4B,,,,,,126417,,,,,,,,2026NL3400169,2,,,,,,,,,,,,,,,,,1822500
8970891,09-02-2026 18:40:00,53.81167000,2.86933000,,,LV,Clupea harengus,I4537,1,,5459.285462,,1610554,1822489,NETHERLANDS,64T2,4458,12366,12105,,,8.69,15101,,16588,,,0,,,,,,,,,,,,,,,,5.61,,,,,,10183421,,,,,,,MRN2,,2,,5.62,,,,,34.43,,,,,,,,,,,,,,,,1600,,,1822,,VISO,F4B,,,,,,126417,,,,,,,,2026NL3400169,2,,,,,,,,,,,,,,,,,1822489
8970892,09-02-2026 18:40:00,53.81167000,2.86933000,,,LV,Clupea harengus,I4537,1,,5459.285462,,1610554,1822490,NETHERLANDS,64T2,4458,12366,12105,,,8.69,15101,,16588,,,0,,,,,,,,,,,,,,,,5.61,,,,,,10183421,,,,,,,MRN2,,2,,5.62,,,,,34.43,,,,,,,,,,,,,,,,1600,,,1822,,VISO,F4B,,,,,,126417,,,,,,,,2026NL3400169,2,,,,,,,,,,,,,,,,,1822490
8970893,09-02-2026 18:40:00,53.81167000,2.86933000,,,LV,Clupea harengus,I4537,1,,5459.285462,,1610554,1822491,NETHERLANDS,64T2,4458,12366,12105,,,8.69,15101,,16588,,,0,,,,,,,,,,,,,,,,5.61,,,,,,10183421,,,,,,,MRN2,,2,,5.62,,,,,34.43,,,,,,,,,,,,,,,,1600,,,1822,,VISO,F4B,,,,,,126417,,,,,,,,2026NL3400169,2,,,,,,,,,,,,,,,,,1822491
8970894,09-02-2026 18:40:00,53.81167000,2.86933000,,,LV,Clupea harengus,I4537,2,,5459.285462,,1610554,1822492,NETHERLANDS,64T2,4458,12366,12105,,,8.69,15101,,16588,,,0,,,,,,,,,,,,,,,,5.61,,,,,,10183421,,,,,,,MRN2,,2,,5.62,,,,,34.43,,,,,,,,,,,,,,,,1600,,,1822,,VISO,F4B,,,,,,126417,,,,,,,,2026NL3400169,2,,,,,,,,,,,,,,,,,1822492
8970895,09-02-2026 18:40:00,53.81167000,2.86933000,,,LV,Clupea harengus,I4537,2,,5459.285462,,1610554,1822493,NETHERLANDS,64T2,4458,12366,12105,,,8.69,15101,,16588,,,0,,,,,,,,,,,,,,,,5.61,,,,,,10183421,,,,,,,MRN2,,2,,5.62,,,,,34.43,,,,,,,,,,,,,,,,1600,,,1822,,VISO,F4B,,,,,,126417,,,,,,,,2026NL3400169,2,,,,,,,,,,,,,,,,,1822493
8970896,09-02-2026 18:40:00,53.81167000,2.86933000,,,LV,Clupea harengus,I4537,1,,5459.285462,,1610554,1822494,NETHERLANDS,64T2,4458,12366,12105,,,8.69,15101,,16588,,,0,,,,,,,,,,,,,,,,5.61,,,,,,10183421,,,,,,,MRN2,,2,,5.62,,,,,34.43,,,,,,,,,,,,,,,,1600,,,1822,,VISO,F4B,,,,,,126417,,,,,,,,2026NL3400169,2,,,,,,,,,,,,,,,,,1822494
8970897,09-02-2026 18:40:00,53.81167000,2.86933000,,,LV,Clupea harengus,I4537,3,,5459.285462,,1610554,1822483,NETHERLANDS,64T2,4458,12366,12105,,,8.69,15101,,16588,,,0,,,,,,,,,,,,,,,,5.61,,,,,,10183421,,,,,,,MRN2,,2,,5.62,,,,,34.43,,,,,,,,,,,,,,,,1600,,,1822,,VISO,F4B,,,,,,126417,,,,,,,,2026NL3400169,2,,,,,,,,,,,,,,,,,1822483
8970898,09-02-2026 18:40:00,53.81167000,2.86933000,,,LV,Clupea harengus,I4537,1,,5459.285462,,1610554,1822484,NETHERLANDS,64T2,4458,12366,12105,,,8.69,15101,,16588,,,0,,,,,,,,,,,,,,,,5.61,,,,,,10183421,,,,,,,MRN2,,2,,5.62,,,,,34.43,,,,,,,,,,,,,,,,1600,,,1822,,VISO,F4B,,,,,,126417,,,,,,,,2026NL3400169,2,,,,,,,,,,,,,,,,,1822484
8970899,09-02-2026 18:40:00,53.81167000,2.86933000,,,LV,Sardina pilchardus,I4537,1,,5459.285462,,1610554,1822872,NETHERLANDS,64T2,4458,12366,12129,,,8.69,15101,,16588,,,0,,,,,,,,,,,,,,,,5.61,,,,,,10183421,,,,,,,MRN2,,2,,5.62,,,,,34.43,,,,,,,,,,,,,,,,1600,,,1822,,VISO,F4B,,,,,,126421,,,,,,,,2026NL3400169,2,,,,,,,,,,,,,,,,,1822872
8970900,09-02-2026 20:19:00,54.14333000,2.85350000,,,LV,Clupea harengus,I4537,1,,3366.818457,,1610555,1822485,NETHERLANDS,64T2,4458,12366,12105,,,8.69,9313,,10124,,,0,,,,,,,,,,,,,,,,7.24,,,,,,10183403,,,,,,,MRN2,,2,,7.22,,,,,34.7,,,,,,,,,,,,,,,,1600,,,1125,,VISO,F4B,,,,,,126417,,,,,,,,2026NL3400170,2,,,,,,,,,,,,,,,,,1822485
8970901,09-02-2026 20:19:00,54.14333000,2.85350000,,,LV,Clupea harengus,I4537,2,,3366.818457,,1610555,1822486,NETHERLANDS,64T2,4458,12366,12105,,,8.69,9313,,10124,,,0,,,,,,,,,,,,,,,,7.24,,,,,,10183403,,,,,,,MRN2,,2,,7.22,,,,,34.7,,,,,,,,,,,,,,,,1600,,,1125,,VISO,F4B,,,,,,126417,,,,,,,,2026NL3400170,2,,,,,,,,,,,,,,,,,1822486
8970902,09-02-2026 20:19:00,54.14333000,2.85350000,,,LV,Clupea harengus,I4537,1,,3366.818457,,1610555,1822487,NETHERLANDS,64T2,4458,12366,12105,,,8.69,9313,,10124,,,0,,,,,,,,,,,,,,,,7.24,,,,,,10183403,,,,,,,MRN2,,2,,7.22,,,,,34.7,,,,,,,,,,,,,,,,1600,,,1125,,VISO,F4B,,,,,,126417,,,,,,,,2026NL3400170,2,,,,,,,,,,,,,,,,,1822487
8970903,09-02-2026 21:22:00,54.35250000,2.85117000,,,LV,Clupea harengus,I4537,2,,3280.415621,,1610556,1822488,NETHERLANDS,64T2,4458,12366,12105,,,8.69,9074,,9636,,,0,,,,,,,,,,,,,,,,6.67,,,,,,10183390,,,,,,,MRN2,,2,,6.66,,,,,34.58,,,,,,,,,,,,,,,,1600,,,1114,,VISO,F4B,,,,,,126417,,,,,,,,2026NL3400171,2,,,,,,,,,,,,,,,,,1822488
8970904,09-02-2026 21:22:00,54.35250000,2.85117000,,,LV,Clupea harengus,I4537,2,,3280.415621,,1610556,1822477,NETHERLANDS,64T2,4458,12366,12105,,,8.69,9074,,9636,,,0,,,,,,,,,,,,,,,,6.67,,,,,,10183390,,,,,,,MRN2,,2,,6.66,,,,,34.58,,,,,,,,,,,,,,,,1600,,,1114,,VISO,F4B,,,,,,126417,,,,,,,,2026NL3400171,2,,,,,,,,,,,,,,,,,1822477
8970905,09-02-2026 21:22:00,54.35250000,2.85117000,,,LV,Clupea harengus,I4537,2,,3280.415621,,1610556,1822478,NETHERLANDS,64T2,4458,12366,12105,,,8.69,9074,,9636,,,0,,,,,,,,,,,,,,,,6.67,,,,,,10183390,,,,,,,MRN2,,2,,6.66,,,,,34.58,,,,,,,,,,,,,,,,1600,,,1114,,VISO,F4B,,,,,,126417,,,,,,,,2026NL3400171,2,,,,,,,,,,,,,,,,,1822478
8970906,09-02-2026 21:22:00,54.35250000,2.85117000,,,LV,Clupea harengus,I4537,3,,3280.415621,,1610556,1822479,NETHERLANDS,64T2,4458,12366,12105,,,8.69,9074,,9636,,,0,,,,,,,,,,,,,,,,6.67,,,,,,10183390,,,,,,,MRN2,,2,,6.66,,,,,34.58,,,,,,,,,,,,,,,,1600,,,1114,,VISO,F4B,,,,,,126417,,,,,,,,2026NL3400171,2,,,,,,,,,,,,,,,,,1822479
8970907,09-02-2026 21:22:00,54.35250000,2.85117000,,,LV,Clupea harengus,I4537,2,,3280.415621,,1610556,1822480,NETHERLANDS,64T2,4458,12366,12105,,,8.69,9074,,9636,,,0,,,,,,,,,,,,,,,,6.67,,,,,,10183390,,,,,,,MRN2,,2,,6.66,,,,,34.58,,,,,,,,,,,,,,,,1600,,,1114,,VISO,F4B,,,,,,126417,,,,,,,,2026NL3400171,2,,,,,,,,,,,,,,,,,1822480
8970908,09-02-2026 21:22:00,54.35250000,2.85117000,,,LV,Clupea harengus,I4537,2,,3280.415621,,1610556,1822481,NETHERLANDS,64T2,4458,12366,12105,,,8.69,9074,,9636,,,0,,,,,,,,,,,,,,,,6.67,,,,,,10183390,,,,,,,MRN2,,2,,6.66,,,,,34.58,,,,,,,,,,,,,,,,1600,,,1114,,VISO,F4B,,,,,,126417,,,,,,,,2026NL3400171,2,,,,,,,,,,,,,,,,,1822481
8970909,09-02-2026 21:22:00,54.35250000,2.85117000,,,LV,Clupea harengus,I4537,4,,3280.415621,,1610556,1822482,NETHERLANDS,64T2,4458,12366,12105,,,8.69,9074,,9636,,,0,,,,,,,,,,,,,,,,6.67,,,,,,10183390,,,,,,,MRN2,,2,,6.66,,,,,34.58,,,,,,,,,,,,,,,,1600,,,1114,,VISO,F4B,,,,,,126417,,,,,,,,2026NL3400171,2,,,,,,,,,,,,,,,,,1822482
8970910,09-02-2026 21:22:00,54.35250000,2.85117000,,,LV,Clupea harengus,I4537,2,,3280.415621,,1610556,1822471,NETHERLANDS,64T2,4458,12366,12105,,,8.69,9074,,9636,,,0,,,,,,,,,,,,,,,,6.67,,,,,,10183390,,,,,,,MRN2,,2,,6.66,,,,,34.58,,,,,,,,,,,,,,,,1600,,,1114,,VISO,F4B,,,,,,126417,,,,,,,,2026NL3400171,2,,,,,,,,,,,,,,,,,1822471
8970911,09-02-2026 21:22:00,54.35250000,2.85117000,,,LV,Clupea harengus,I4537,1,,3280.415621,,1610556,1822472,NETHERLANDS,64T2,4458,12366,12105,,,8.69,9074,,9636,,,0,,,,,,,,,,,,,,,,6.67,,,,,,10183390,,,,,,,MRN2,,2,,6.66,,,,,34.58,,,,,,,,,,,,,,,,1600,,,1114,,VISO,F4B,,,,,,126417,,,,,,,,2026NL3400171,2,,,,,,,,,,,,,,,,,1822472
8970912,09-02-2026 21:22:00,54.35250000,2.85117000,,,LV,Sardina pilchardus,I4537,1,,3280.415621,,1610556,1822873,NETHERLANDS,64T2,4458,12366,12129,,,8.69,9074,,9636,,,0,,,,,,,,,,,,,,,,6.67,,,,,,10183390,,,,,,,MRN2,,2,,6.66,,,,,34.58,,,,,,,,,,,,,,,,1600,,,1114,,VISO,F4B,,,,,,126421,,,,,,,,2026NL3400171,2,,,,,,,,,,,,,,,,,1822873
8970913,09-02-2026 21:22:00,54.35250000,2.85117000,,,LV,Sardina pilchardus,I4537,1,,3280.415621,,1610556,1822874,NETHERLANDS,64T2,4458,12366,12129,,,8.69,9074,,9636,,,0,,,,,,,,,,,,,,,,6.67,,,,,,10183390,,,,,,,MRN2,,2,,6.66,,,,,34.58,,,,,,,,,,,,,,,,1600,,,1114,,VISO,F4B,,,,,,126421,,,,,,,,2026NL3400171,2,,,,,,,,,,,,,,,,,1822874
8970914,09-02-2026 22:37:00,54.59917000,2.83417000,,,LV,Clupea harengus,I4537,1,,3708.814619,,1610557,1822473,NETHERLANDS,64T2,4458,12366,12105,,,8.69,10259,,10509,,,0,,,,,,,,,,,,,,,,6.36,,,,,,10183417,,,,,,,MRN2,,2,,6.36,,,,,34.57,,,,,,,,,,,,,,,,1600,,,1137,,VISO,F4B,,,,,,126417,,,,,,,,2026NL3400172,2,,,,,,,,,,,,,,,,,1822473
8970915,09-02-2026 22:37:00,54.59917000,2.83417000,,,LV,Clupea harengus,I4537,2,,3708.814619,,1610557,1822474,NETHERLANDS,64T2,4458,12366,12105,,,8.69,10259,,10509,,,0,,,,,,,,,,,,,,,,6.36,,,,,,10183417,,,,,,,MRN2,,2,,6.36,,,,,34.57,,,,,,,,,,,,,,,,1600,,,1137,,VISO,F4B,,,,,,126417,,,,,,,,2026NL3400172,2,,,,,,,,,,,,,,,,,1822474
8970916,09-02-2026 22:37:00,54.59917000,2.83417000,,,LV,Clupea harengus,I4537,1,,3708.814619,,1610557,1822475,NETHERLANDS,64T2,4458,12366,12105,,,8.69,10259,,10509,,,0,,,,,,,,,,,,,,,,6.36,,,,,,10183417,,,,,,,MRN2,,2,,6.36,,,,,34.57,,,,,,,,,,,,,,,,1600,,,1137,,VISO,F4B,,,,,,126417,,,,,,,,2026NL3400172,2,,,,,,,,,,,,,,,,,1822475
8970917,09-02-2026 22:37:00,54.59917000,2.83417000,,,LV,Clupea harengus,I4537,1,,3708.814619,,1610557,1822476,NETHERLANDS,64T2,4458,12366,12105,,,8.69,10259,,10509,,,0,,,,,,,,,,,,,,,,6.36,,,,,,10183417,,,,,,,MRN2,,2,,6.36,,,,,34.57,,,,,,,,,,,,,,,,1600,,,1137,,VISO,F4B,,,,,,126417,,,,,,,,2026NL3400172,2,,,,,,,,,,,,,,,,,1822476
8970918,09-02-2026 22:37:00,54.59917000,2.83417000,,,LV,Clupea harengus,I4537,1,,3708.814619,,1610557,1822465,NETHERLANDS,64T2,4458,12366,12105,,,8.69,10259,,10509,,,0,,,,,,,,,,,,,,,,6.36,,,,,,10183417,,,,,,,MRN2,,2,,6.36,,,,,34.57,,,,,,,,,,,,,,,,1600,,,1137,,VISO,F4B,,,,,,126417,,,,,,,,2026NL3400172,2,,,,,,,,,,,,,,,,,1822465
8970919,09-02-2026 22:37:00,54.59917000,2.83417000,,,LV,Clupea harengus,I4537,1,,3708.814619,,1610557,1822466,NETHERLANDS,64T2,4458,12366,12105,,,8.69,10259,,10509,,,0,,,,,,,,,,,,,,,,6.36,,,,,,10183417,,,,,,,MRN2,,2,,6.36,,,,,34.57,,,,,,,,,,,,,,,,1600,,,1137,,VISO,F4B,,,,,,126417,,,,,,,,2026NL3400172,2,,,,,,,,,,,,,,,,,1822466
8970920,09-02-2026 22:37:00,54.59917000,2.83417000,,,LV,Clupea harengus,I4537,1,,3708.814619,,1610557,1822467,NETHERLANDS,64T2,4458,12366,12105,,,8.69,10259,,10509,,,0,,,,,,,,,,,,,,,,6.36,,,,,,10183417,,,,,,,MRN2,,2,,6.36,,,,,34.57,,,,,,,,,,,,,,,,1600,,,1137,,VISO,F4B,,,,,,126417,,,,,,,,2026NL3400172,2,,,,,,,,,,,,,,,,,1822467
8970921,09-02-2026 23:33:00,54.76783000,2.82633000,,,LV,Clupea harengus,I4537,1,,3379.83311,,1610558,1822468,NETHERLANDS,64T2,4458,12366,12105,,,8.69,9349,,9643,,,0,,,,,,,,,,,,,,,,6.12,,,,,,10183424,,,,,,,MRN2,,2,,6.12,,,,,34.53,,,,,,,,,,,,,,,,1600,,,1167,,VISO,F4B,,,,,,126417,,,,,,,,2026NL3400173,2,,,,,,,,,,,,,,,,,1822468
8970922,09-02-2026 23:33:00,54.76783000,2.82633000,,,LV,Clupea harengus,I4537,1,,3379.83311,,1610558,1822469,NETHERLANDS,64T2,4458,12366,12105,,,8.69,9349,,9643,,,0,,,,,,,,,,,,,,,,6.12,,,,,,10183424,,,,,,,MRN2,,2,,6.12,,,,,34.53,,,,,,,,,,,,,,,,1600,,,1167,,VISO,F4B,,,,,,126417,,,,,,,,2026NL3400173,2,,,,,,,,,,,,,,,,,1822469
8970923,09-02-2026 23:33:00,54.76783000,2.82633000,,,LV,Clupea harengus,I4537,1,,3379.83311,,1610558,1822470,NETHERLANDS,64T2,4458,12366,12105,,,8.69,9349,,9643,,,0,,,,,,,,,,,,,,,,6.12,,,,,,10183424,,,,,,,MRN2,,2,,6.12,,,,,34.53,,,,,,,,,,,,,,,,1600,,,1167,,VISO,F4B,,,,,,126417,,,,,,,,2026NL3400173,2,,,,,,,,,,,,,,,,,1822470
8970924,10-02-2026 00:44:00,54.86950000,3.17050000,,,LV,Clupea harengus,I4537,1,,3179.552059,,1610559,1822459,NETHERLANDS,64T2,4458,12366,12105,,,8.69,8795,,9644,,,0,,,,,,,,,,,,,,,,5.37,,,,,,10183409,,,,,,,MRN2,,2,,5.38,,,,,34.56,,,,,,,,,,,,,,,,1600,,,965,,VISO,F4B,,,,,,126417,,,,,,,,2026NL3400174,2,,,,,,,,,,,,,,,,,1822459
8970925,10-02-2026 00:44:00,54.86950000,3.17050000,,,LV,Clupea harengus,I4537,1,,3179.552059,,1610559,1822460,NETHERLANDS,64T2,4458,12366,12105,,,8.69,8795,,9644,,,0,,,,,,,,,,,,,,,,5.37,,,,,,10183409,,,,,,,MRN2,,2,,5.38,,,,,34.56,,,,,,,,,,,,,,,,1600,,,965,,VISO,F4B,,,,,,126417,,,,,,,,2026NL3400174,2,,,,,,,,,,,,,,,,,1822460
8970926,10-02-2026 00:44:00,54.86950000,3.17050000,,,LV,Clupea harengus,I4537,2,,3179.552059,,1610559,1822461,NETHERLANDS,64T2,4458,12366,12105,,,8.69,8795,,9644,,,0,,,,,,,,,,,,,,,,5.37,,,,,,10183409,,,,,,,MRN2,,2,,5.38,,,,,34.56,,,,,,,,,,,,,,,,1600,,,965,,VISO,F4B,,,,,,126417,,,,,,,,2026NL3400174,2,,,,,,,,,,,,,,,,,1822461
8970927,10-02-2026 00:44:00,54.86950000,3.17050000,,,LV,Clupea harengus,I4537,3,,3179.552059,,1610559,1822462,NETHERLANDS,64T2,4458,12366,12105,,,8.69,8795,,9644,,,0,,,,,,,,,,,,,,,,5.37,,,,,,10183409,,,,,,,MRN2,,2,,5.38,,,,,34.56,,,,,,,,,,,,,,,,1600,,,965,,VISO,F4B,,,,,,126417,,,,,,,,2026NL3400174,2,,,,,,,,,,,,,,,,,1822462
8970928,10-02-2026 00:44:00,54.86950000,3.17050000,,,LV,Clupea harengus,I4537,2,,3179.552059,,1610559,1822463,NETHERLANDS,64T2,4458,12366,12105,,,8.69,8795,,9644,,,0,,,,,,,,,,,,,,,,5.37,,,,,,10183409,,,,,,,MRN2,,2,,5.38,,,,,34.56,,,,,,,,,,,,,,,,1600,,,965,,VISO,F4B,,,,,,126417,,,,,,,,2026NL3400174,2,,,,,,,,,,,,,,,,,1822463
8970929,10-02-2026 00:44:00,54.86950000,3.17050000,,,LV,Clupea harengus,I4537,1,,3179.552059,,1610559,1822464,NETHERLANDS,64T2,4458,12366,12105,,,8.69,8795,,9644,,,0,,,,,,,,,,,,,,,,5.37,,,,,,10183409,,,,,,,MRN2,,2,,5.38,,,,,34.56,,,,,,,,,,,,,,,,1600,,,965,,VISO,F4B,,,,,,126417,,,,,,,,2026NL3400174,2,,,,,,,,,,,,,,,,,1822464
8970930,10-02-2026 00:44:00,54.86950000,3.17050000,,,LV,Clupea harengus,I4537,1,,3179.552059,,1610559,1822453,NETHERLANDS,64T2,4458,12366,12105,,,8.69,8795,,9644,,,0,,,,,,,,,,,,,,,,5.37,,,,,,10183409,,,,,,,MRN2,,2,,5.38,,,,,34.56,,,,,,,,,,,,,,,,1600,,,965,,VISO,F4B,,,,,,126417,,,,,,,,2026NL3400174,2,,,,,,,,,,,,,,,,,1822453
8970931,10-02-2026 00:44:00,54.86950000,3.17050000,,,LV,Sardina pilchardus,I4537,1,,3179.552059,,1610559,1822875,NETHERLANDS,64T2,4458,12366,12129,,,8.69,8795,,9644,,,0,,,,,,,,,,,,,,,,5.37,,,,,,10183409,,,,,,,MRN2,,2,,5.38,,,,,34.56,,,,,,,,,,,,,,,,1600,,,965,,VISO,F4B,,,,,,126421,,,,,,,,2026NL3400174,2,,,,,,,,,,,,,,,,,1822875
8970932,10-02-2026 02:08:00,55.13250000,3.17467000,,,LV,Clupea harengus,I4537,1,,3470.935681,,1610560,1822454,NETHERLANDS,64T2,4458,12366,12105,,,8.69,9601,,10243,,,0,,,,,,,,,,,,,,,,5.16,,,,,,10183426,,,,,,,MRN2,,2,,5.16,,,,,34.58,,,,,,,,,,,,,,,,1600,,,1162,,VISO,F4B,,,,,,126417,,,,,,,,2026NL3400175,2,,,,,,,,,,,,,,,,,1822454
8970933,10-02-2026 02:08:00,55.13250000,3.17467000,,,LV,Clupea harengus,I4537,1,,3470.935681,,1610560,1822455,NETHERLANDS,64T2,4458,12366,12105,,,8.69,9601,,10243,,,0,,,,,,,,,,,,,,,,5.16,,,,,,10183426,,,,,,,MRN2,,2,,5.16,,,,,34.58,,,,,,,,,,,,,,,,1600,,,1162,,VISO,F4B,,,,,,126417,,,,,,,,2026NL3400175,2,,,,,,,,,,,,,,,,,1822455
8970934,10-02-2026 02:08:00,55.13250000,3.17467000,,,LV,Clupea harengus,I4537,2,,3470.935681,,1610560,1822456,NETHERLANDS,64T2,4458,12366,12105,,,8.69,9601,,10243,,,0,,,,,,,,,,,,,,,,5.16,,,,,,10183426,,,,,,,MRN2,,2,,5.16,,,,,34.58,,,,,,,,,,,,,,,,1600,,,1162,,VISO,F4B,,,,,,126417,,,,,,,,2026NL3400175,2,,,,,,,,,,,,,,,,,1822456
8970935,10-02-2026 02:08:00,55.13250000,3.17467000,,,LV,Clupea harengus,I4537,3,,3470.935681,,1610560,1822457,NETHERLANDS,64T2,4458,12366,12105,,,8.69,9601,,10243,,,0,,,,,,,,,,,,,,,,5.16,,,,,,10183426,,,,,,,MRN2,,2,,5.16,,,,,34.58,,,,,,,,,,,,,,,,1600,,,1162,,VISO,F4B,,,,,,126417,,,,,,,,2026NL3400175,2,,,,,,,,,,,,,,,,,1822457
8970936,10-02-2026 02:08:00,55.13250000,3.17467000,,,LV,Clupea harengus,I4537,1,,3470.935681,,1610560,1822458,NETHERLANDS,64T2,4458,12366,12105,,,8.69,9601,,10243,,,0,,,,,,,,,,,,,,,,5.16,,,,,,10183426,,,,,,,MRN2,,2,,5.16,,,,,34.58,,,,,,,,,,,,,,,,1600,,,1162,,VISO,F4B,,,,,,126417,,,,,,,,2026NL3400175,2,,,,,,,,,,,,,,,,,1822458
8970937,10-02-2026 02:08:00,55.13250000,3.17467000,,,LV,Clupea harengus,I4537,2,,3470.935681,,1610560,1822447,NETHERLANDS,64T2,4458,12366,12105,,,8.69,9601,,10243,,,0,,,,,,,,,,,,,,,,5.16,,,,,,10183426,,,,,,,MRN2,,2,,5.16,,,,,34.58,,,,,,,,,,,,,,,,1600,,,1162,,VISO,F4B,,,,,,126417,,,,,,,,2026NL3400175,2,,,,,,,,,,,,,,,,,1822447
8970938,10-02-2026 02:08:00,55.13250000,3.17467000,,,LV,Clupea harengus,I4537,1,,3470.935681,,1610560,1822448,NETHERLANDS,64T2,4458,12366,12105,,,8.69,9601,,10243,,,0,,,,,,,,,,,,,,,,5.16,,,,,,10183426,,,,,,,MRN2,,2,,5.16,,,,,34.58,,,,,,,,,,,,,,,,1600,,,1162,,VISO,F4B,,,,Larvae too damaged to measure,,126417,,,,,,,,2026NL3400175,2,,,,,,,,,,,,,,,,,1822448
8970939,10-02-2026 02:08:00,55.13250000,3.17467000,,,LV,Sardina pilchardus,I4537,1,,3470.935681,,1610560,1822876,NETHERLANDS,64T2,4458,12366,12129,,,8.69,9601,,10243,,,0,,,,,,,,,,,,,,,,5.16,,,,,,10183426,,,,,,,MRN2,,2,,5.16,,,,,34.58,,,,,,,,,,,,,,,,1600,,,1162,,VISO,F4B,,,,,,126421,,,,,,,,2026NL3400175,2,,,,,,,,,,,,,,,,,1822876
8970940,10-02-2026 02:08:00,55.13250000,3.17467000,,,LV,Sardina pilchardus,I4537,1,,3470.935681,,1610560,1822865,NETHERLANDS,64T2,4458,12366,12129,,,8.69,9601,,10243,,,0,,,,,,,,,,,,,,,,5.16,,,,,,10183426,,,,,,,MRN2,,2,,5.16,,,,,34.58,,,,,,,,,,,,,,,,1600,,,1162,,VISO,F4B,,,,,,126421,,,,,,,,2026NL3400175,2,,,,,,,,,,,,,,,,,1822865
8970941,10-02-2026 03:18:00,55.32517000,3.18483000,,,LV,Clupea harengus,I4537,1,,4197.225629,,1610561,1822449,NETHERLANDS,64T2,4458,12366,12105,,,8.69,11610,,11516,,,0,,,,,,,,,,,,,,,,5.21,,,,,,10183425,,,,,,,MRN2,,2,,5.2,,,,,34.64,,,,,,,,,,,,,,,,1600,,,1299,,VISO,F4B,,,,,,126417,,,,,,,,2026NL3400176,2,,,,,,,,,,,,,,,,,1822449
8970942,10-02-2026 03:18:00,55.32517000,3.18483000,,,LV,Clupea harengus,I4537,1,,4197.225629,,1610561,1822450,NETHERLANDS,64T2,4458,12366,12105,,,8.69,11610,,11516,,,0,,,,,,,,,,,,,,,,5.21,,,,,,10183425,,,,,,,MRN2,,2,,5.2,,,,,34.64,,,,,,,,,,,,,,,,1600,,,1299,,VISO,F4B,,,,,,126417,,,,,,,,2026NL3400176,2,,,,,,,,,,,,,,,,,1822450
8970943,10-02-2026 03:18:00,55.32517000,3.18483000,,,LV,Clupea harengus,I4537,2,,4197.225629,,1610561,1822451,NETHERLANDS,64T2,4458,12366,12105,,,8.69,11610,,11516,,,0,,,,,,,,,,,,,,,,5.21,,,,,,10183425,,,,,,,MRN2,,2,,5.2,,,,,34.64,,,,,,,,,,,,,,,,1600,,,1299,,VISO,F4B,,,,,,126417,,,,,,,,2026NL3400176,2,,,,,,,,,,,,,,,,,1822451
8970944,10-02-2026 03:18:00,55.32517000,3.18483000,,,LV,Clupea harengus,I4537,3,,4197.225629,,1610561,1822452,NETHERLANDS,64T2,4458,12366,12105,,,8.69,11610,,11516,,,0,,,,,,,,,,,,,,,,5.21,,,,,,10183425,,,,,,,MRN2,,2,,5.2,,,,,34.64,,,,,,,,,,,,,,,,1600,,,1299,,VISO,F4B,,,,,,126417,,,,,,,,2026NL3400176,2,,,,,,,,,,,,,,,,,1822452
8970945,10-02-2026 03:18:00,55.32517000,3.18483000,,,LV,Clupea harengus,I4537,6,,4197.225629,,1610561,1822441,NETHERLANDS,64T2,4458,12366,12105,,,8.69,11610,,11516,,,0,,,,,,,,,,,,,,,,5.21,,,,,,10183425,,,,,,,MRN2,,2,,5.2,,,,,34.64,,,,,,,,,,,,,,,,1600,,,1299,,VISO,F4B,,,,,,126417,,,,,,,,2026NL3400176,2,,,,,,,,,,,,,,,,,1822441
8970946,10-02-2026 03:18:00,55.32517000,3.18483000,,,LV,Clupea harengus,I4537,4,,4197.225629,,1610561,1822442,NETHERLANDS,64T2,4458,12366,12105,,,8.69,11610,,11516,,,0,,,,,,,,,,,,,,,,5.21,,,,,,10183425,,,,,,,MRN2,,2,,5.2,,,,,34.64,,,,,,,,,,,,,,,,1600,,,1299,,VISO,F4B,,,,,,126417,,,,,,,,2026NL3400176,2,,,,,,,,,,,,,,,,,1822442
8970947,10-02-2026 03:18:00,55.32517000,3.18483000,,,LV,Clupea harengus,I4537,9,,4197.225629,,1610561,1822443,NETHERLANDS,64T2,4458,12366,12105,,,8.69,11610,,11516,,,0,,,,,,,,,,,,,,,,5.21,,,,,,10183425,,,,,,,MRN2,,2,,5.2,,,,,34.64,,,,,,,,,,,,,,,,1600,,,1299,,VISO,F4B,,,,,,126417,,,,,,,,2026NL3400176,2,,,,,,,,,,,,,,,,,1822443
8970948,10-02-2026 03:18:00,55.32517000,3.18483000,,,LV,Clupea harengus,I4537,6,,4197.225629,,1610561,1822444,NETHERLANDS,64T2,4458,12366,12105,,,8.69,11610,,11516,,,0,,,,,,,,,,,,,,,,5.21,,,,,,10183425,,,,,,,MRN2,,2,,5.2,,,,,34.64,,,,,,,,,,,,,,,,1600,,,1299,,VISO,F4B,,,,,,126417,,,,,,,,2026NL3400176,2,,,,,,,,,,,,,,,,,1822444
8970949,10-02-2026 03:18:00,55.32517000,3.18483000,,,LV,Clupea harengus,I4537,5,,4197.225629,,1610561,1822445,NETHERLANDS,64T2,4458,12366,12105,,,8.69,11610,,11516,,,0,,,,,,,,,,,,,,,,5.21,,,,,,10183425,,,,,,,MRN2,,2,,5.2,,,,,34.64,,,,,,,,,,,,,,,,1600,,,1299,,VISO,F4B,,,,,,126417,,,,,,,,2026NL3400176,2,,,,,,,,,,,,,,,,,1822445
8970950,10-02-2026 03:18:00,55.32517000,3.18483000,,,LV,Clupea harengus,I4537,3,,4197.225629,,1610561,1822446,NETHERLANDS,64T2,4458,12366,12105,,,8.69,11610,,11516,,,0,,,,,,,,,,,,,,,,5.21,,,,,,10183425,,,,,,,MRN2,,2,,5.2,,,,,34.64,,,,,,,,,,,,,,,,1600,,,1299,,VISO,F4B,,,,,,126417,,,,,,,,2026NL3400176,2,,,,,,,,,,,,,,,,,1822446
8970951,10-02-2026 03:18:00,55.32517000,3.18483000,,,LV,Clupea harengus,I4537,3,,4197.225629,,1610561,1822435,NETHERLANDS,64T2,4458,12366,12105,,,8.69,11610,,11516,,,0,,,,,,,,,,,,,,,,5.21,,,,,,10183425,,,,,,,MRN2,,2,,5.2,,,,,34.64,,,,,,,,,,,,,,,,1600,,,1299,,VISO,F4B,,,,,,126417,,,,,,,,2026NL3400176,2,,,,,,,,,,,,,,,,,1822435
8970952,10-02-2026 03:18:00,55.32517000,3.18483000,,,LV,Clupea harengus,I4537,3,,4197.225629,,1610561,1822436,NETHERLANDS,64T2,4458,12366,12105,,,8.69,11610,,11516,,,0,,,,,,,,,,,,,,,,5.21,,,,,,10183425,,,,,,,MRN2,,2,,5.2,,,,,34.64,,,,,,,,,,,,,,,,1600,,,1299,,VISO,F4B,,,,,,126417,,,,,,,,2026NL3400176,2,,,,,,,,,,,,,,,,,1822436
8970953,10-02-2026 03:18:00,55.32517000,3.18483000,,,LV,Clupea harengus,I4537,1,,4197.225629,,1610561,1822437,NETHERLANDS,64T2,4458,12366,12105,,,8.69,11610,,11516,,,0,,,,,,,,,,,,,,,,5.21,,,,,,10183425,,,,,,,MRN2,,2,,5.2,,,,,34.64,,,,,,,,,,,,,,,,1600,,,1299,,VISO,F4B,,,,,,126417,,,,,,,,2026NL3400176,2,,,,,,,,,,,,,,,,,1822437
8970954,10-02-2026 03:18:00,55.32517000,3.18483000,,,LV,Clupea harengus,I4537,1,,4197.225629,,1610561,1822438,NETHERLANDS,64T2,4458,12366,12105,,,8.69,11610,,11516,,,0,,,,,,,,,,,,,,,,5.21,,,,,,10183425,,,,,,,MRN2,,2,,5.2,,,,,34.64,,,,,,,,,,,,,,,,1600,,,1299,,VISO,F4B,,,,,,126417,,,,,,,,2026NL3400176,2,,,,,,,,,,,,,,,,,1822438
8970955,10-02-2026 03:18:00,55.32517000,3.18483000,,,LV,Sardina pilchardus,I4537,1,,4197.225629,,1610561,1822866,NETHERLANDS,64T2,4458,12366,12129,,,8.69,11610,,11516,,,0,,,,,,,,,,,,,,,,5.21,,,,,,10183425,,,,,,,MRN2,,2,,5.2,,,,,34.64,,,,,,,,,,,,,,,,1600,,,1299,,VISO,F4B,,,,,,126421,,,,,,,,2026NL3400176,2,,,,,,,,,,,,,,,,,1822866
8970956,10-02-2026 03:18:00,55.32517000,3.18483000,,,LV,Sardina pilchardus,I4537,1,,4197.225629,,1610561,1822867,NETHERLANDS,64T2,4458,12366,12129,,,8.69,11610,,11516,,,0,,,,,,,,,,,,,,,,5.21,,,,,,10183425,,,,,,,MRN2,,2,,5.2,,,,,34.64,,,,,,,,,,,,,,,,1600,,,1299,,VISO,F4B,,,,,,126421,,,,,,,,2026NL3400176,2,,,,,,,,,,,,,,,,,1822867
8970957,10-02-2026 04:44:00,55.58650000,3.20083000,,,LV,Clupea harengus,I4537,1,,4363.162456,,1610562,1822439,NETHERLANDS,64T2,4458,12366,12105,,,8.69,12069,,12084,,,0,,,,,,,,,,,,,,,,5.08,,,,,,10183394,,,,,,,MRN2,,2,,5.08,,,,,34.61,,,,,,,,,,,,,,,,1600,,,1276,,VISO,F4B,,,,,,126417,,,,,,,,2026NL3400177,2,,,,,,,,,,,,,,,,,1822439
8970958,10-02-2026 04:44:00,55.58650000,3.20083000,,,LV,Clupea harengus,I4537,2,,4363.162456,,1610562,1822440,NETHERLANDS,64T2,4458,12366,12105,,,8.69,12069,,12084,,,0,,,,,,,,,,,,,,,,5.08,,,,,,10183394,,,,,,,MRN2,,2,,5.08,,,,,34.61,,,,,,,,,,,,,,,,1600,,,1276,,VISO,F4B,,,,,,126417,,,,,,,,2026NL3400177,2,,,,,,,,,,,,,,,,,1822440
8970959,10-02-2026 04:44:00,55.58650000,3.20083000,,,LV,Clupea harengus,I4537,1,,4363.162456,,1610562,1822429,NETHERLANDS,64T2,4458,12366,12105,,,8.69,12069,,12084,,,0,,,,,,,,,,,,,,,,5.08,,,,,,10183394,,,,,,,MRN2,,2,,5.08,,,,,34.61,,,,,,,,,,,,,,,,1600,,,1276,,VISO,F4B,,,,,,126417,,,,,,,,2026NL3400177,2,,,,,,,,,,,,,,,,,1822429
8970960,10-02-2026 04:44:00,55.58650000,3.20083000,,,LV,Clupea harengus,I4537,1,,4363.162456,,1610562,1822430,NETHERLANDS,64T2,4458,12366,12105,,,8.69,12069,,12084,,,0,,,,,,,,,,,,,,,,5.08,,,,,,10183394,,,,,,,MRN2,,2,,5.08,,,,,34.61,,,,,,,,,,,,,,,,1600,,,1276,,VISO,F4B,,,,,,126417,,,,,,,,2026NL3400177,2,,,,,,,,,,,,,,,,,1822430
8970961,10-02-2026 04:44:00,55.58650000,3.20083000,,,LV,Clupea harengus,I4537,2,,4363.162456,,1610562,1822431,NETHERLANDS,64T2,4458,12366,12105,,,8.69,12069,,12084,,,0,,,,,,,,,,,,,,,,5.08,,,,,,10183394,,,,,,,MRN2,,2,,5.08,,,,,34.61,,,,,,,,,,,,,,,,1600,,,1276,,VISO,F4B,,,,,,126417,,,,,,,,2026NL3400177,2,,,,,,,,,,,,,,,,,1822431
8970962,10-02-2026 04:44:00,55.58650000,3.20083000,,,LV,Clupea harengus,I4537,5,,4363.162456,,1610562,1822432,NETHERLANDS,64T2,4458,12366,12105,,,8.69,12069,,12084,,,0,,,,,,,,,,,,,,,,5.08,,,,,,10183394,,,,,,,MRN2,,2,,5.08,,,,,34.61,,,,,,,,,,,,,,,,1600,,,1276,,VISO,F4B,,,,,,126417,,,,,,,,2026NL3400177,2,,,,,,,,,,,,,,,,,1822432
8970963,10-02-2026 04:44:00,55.58650000,3.20083000,,,LV,Clupea harengus,I4537,1,,4363.162456,,1610562,1822433,NETHERLANDS,64T2,4458,12366,12105,,,8.69,12069,,12084,,,0,,,,,,,,,,,,,,,,5.08,,,,,,10183394,,,,,,,MRN2,,2,,5.08,,,,,34.61,,,,,,,,,,,,,,,,1600,,,1276,,VISO,F4B,,,,,,126417,,,,,,,,2026NL3400177,2,,,,,,,,,,,,,,,,,1822433
8970964,10-02-2026 04:44:00,55.58650000,3.20083000,,,LV,Clupea harengus,I4537,2,,4363.162456,,1610562,1822434,NETHERLANDS,64T2,4458,12366,12105,,,8.69,12069,,12084,,,0,,,,,,,,,,,,,,,,5.08,,,,,,10183394,,,,,,,MRN2,,2,,5.08,,,,,34.61,,,,,,,,,,,,,,,,1600,,,1276,,VISO,F4B,,,,,,126417,,,,,,,,2026NL3400177,2,,,,,,,,,,,,,,,,,1822434
8970965,10-02-2026 04:44:00,55.58650000,3.20083000,,,LV,Clupea harengus,I4537,2,,4363.162456,,1610562,1822423,NETHERLANDS,64T2,4458,12366,12105,,,8.69,12069,,12084,,,0,,,,,,,,,,,,,,,,5.08,,,,,,10183394,,,,,,,MRN2,,2,,5.08,,,,,34.61,,,,,,,,,,,,,,,,1600,,,1276,,VISO,F4B,,,,,,126417,,,,,,,,2026NL3400177,2,,,,,,,,,,,,,,,,,1822423
8970966,10-02-2026 04:44:00,55.58650000,3.20083000,,,LV,Clupea harengus,I4537,1,,4363.162456,,1610562,1822424,NETHERLANDS,64T2,4458,12366,12105,,,8.69,12069,,12084,,,0,,,,,,,,,,,,,,,,5.08,,,,,,10183394,,,,,,,MRN2,,2,,5.08,,,,,34.61,,,,,,,,,,,,,,,,1600,,,1276,,VISO,F4B,,,,,,126417,,,,,,,,2026NL3400177,2,,,,,,,,,,,,,,,,,1822424
8970967,10-02-2026 04:44:00,55.58650000,3.20083000,,,LV,Clupea harengus,I4537,1,,4363.162456,,1610562,1822425,NETHERLANDS,64T2,4458,12366,12105,,,8.69,12069,,12084,,,0,,,,,,,,,,,,,,,,5.08,,,,,,10183394,,,,,,,MRN2,,2,,5.08,,,,,34.61,,,,,,,,,,,,,,,,1600,,,1276,,VISO,F4B,,,,,,126417,,,,,,,,2026NL3400177,2,,,,,,,,,,,,,,,,,1822425
8970968,10-02-2026 04:44:00,55.58650000,3.20083000,,,LV,Clupea harengus,I4537,1,,4363.162456,,1610562,1822426,NETHERLANDS,64T2,4458,12366,12105,,,8.69,12069,,12084,,,0,,,,,,,,,,,,,,,,5.08,,,,,,10183394,,,,,,,MRN2,,2,,5.08,,,,,34.61,,,,,,,,,,,,,,,,1600,,,1276,,VISO,F4B,,,,,,126417,,,,,,,,2026NL3400177,2,,,,,,,,,,,,,,,,,1822426
8970969,10-02-2026 05:46:00,55.75283000,3.17550000,,,LV,Clupea harengus,I4537,2,,,,1610563,1822427,NETHERLANDS,64T2,4458,12366,12105,,,8.69,,,14722,,,0,,,,,,,,,,,,,,,,4.96,,,,,,10183411,,,,,,,MRN2,,2,,4.95,,,,,34.53,,,,,,,,,,,,,,,,1600,,,1745,,VISO,F4B,,,,,,126417,,,,,,,,2026NL3400178,2,,,,,,,,,,,,,,,,,1822427
8970970,10-02-2026 05:46:00,55.75283000,3.17550000,,,LV,Clupea harengus,I4537,1,,,,1610563,1822428,NETHERLANDS,64T2,4458,12366,12105,,,8.69,,,14722,,,0,,,,,,,,,,,,,,,,4.96,,,,,,10183411,,,,,,,MRN2,,2,,4.95,,,,,34.53,,,,,,,,,,,,,,,,1600,,,1745,,VISO,F4B,,,,,,126417,,,,,,,,2026NL3400178,2,,,,,,,,,,,,,,,,,1822428
8970971,10-02-2026 05:46:00,55.75283000,3.17550000,,,LV,Clupea harengus,I4537,3,,,,1610563,1822417,NETHERLANDS,64T2,4458,12366,12105,,,8.69,,,14722,,,0,,,,,,,,,,,,,,,,4.96,,,,,,10183411,,,,,,,MRN2,,2,,4.95,,,,,34.53,,,,,,,,,,,,,,,,1600,,,1745,,VISO,F4B,,,,,,126417,,,,,,,,2026NL3400178,2,,,,,,,,,,,,,,,,,1822417
8970972,10-02-2026 05:46:00,55.75283000,3.17550000,,,LV,Clupea harengus,I4537,2,,,,1610563,1822418,NETHERLANDS,64T2,4458,12366,12105,,,8.69,,,14722,,,0,,,,,,,,,,,,,,,,4.96,,,,,,10183411,,,,,,,MRN2,,2,,4.95,,,,,34.53,,,,,,,,,,,,,,,,1600,,,1745,,VISO,F4B,,,,,,126417,,,,,,,,2026NL3400178,2,,,,,,,,,,,,,,,,,1822418
8970973,10-02-2026 05:46:00,55.75283000,3.17550000,,,LV,Clupea harengus,I4537,6,,,,1610563,1822419,NETHERLANDS,64T2,4458,12366,12105,,,8.69,,,14722,,,0,,,,,,,,,,,,,,,,4.96,,,,,,10183411,,,,,,,MRN2,,2,,4.95,,,,,34.53,,,,,,,,,,,,,,,,1600,,,1745,,VISO,F4B,,,,,,126417,,,,,,,,2026NL3400178,2,,,,,,,,,,,,,,,,,1822419
8970974,10-02-2026 05:46:00,55.75283000,3.17550000,,,LV,Clupea harengus,I4537,8,,,,1610563,1822420,NETHERLANDS,64T2,4458,12366,12105,,,8.69,,,14722,,,0,,,,,,,,,,,,,,,,4.96,,,,,,10183411,,,,,,,MRN2,,2,,4.95,,,,,34.53,,,,,,,,,,,,,,,,1600,,,1745,,VISO,F4B,,,,,,126417,,,,,,,,2026NL3400178,2,,,,,,,,,,,,,,,,,1822420
8970975,10-02-2026 05:46:00,55.75283000,3.17550000,,,LV,Clupea harengus,I4537,9,,,,1610563,1822421,NETHERLANDS,64T2,4458,12366,12105,,,8.69,,,14722,,,0,,,,,,,,,,,,,,,,4.96,,,,,,10183411,,,,,,,MRN2,,2,,4.95,,,,,34.53,,,,,,,,,,,,,,,,1600,,,1745,,VISO,F4B,,,,,,126417,,,,,,,,2026NL3400178,2,,,,,,,,,,,,,,,,,1822421
8970976,10-02-2026 05:46:00,55.75283000,3.17550000,,,LV,Clupea harengus,I4537,6,,,,1610563,1822422,NETHERLANDS,64T2,4458,12366,12105,,,8.69,,,14722,,,0,,,,,,,,,,,,,,,,4.96,,,,,,10183411,,,,,,,MRN2,,2,,4.95,,,,,34.53,,,,,,,,,,,,,,,,1600,,,1745,,VISO,F4B,,,,,,126417,,,,,,,,2026NL3400178,2,,,,,,,,,,,,,,,,,1822422
8970977,10-02-2026 05:46:00,55.75283000,3.17550000,,,LV,Clupea harengus,I4537,8,,,,1610563,1822411,NETHERLANDS,64T2,4458,12366,12105,,,8.69,,,14722,,,0,,,,,,,,,,,,,,,,4.96,,,,,,10183411,,,,,,,MRN2,,2,,4.95,,,,,34.53,,,,,,,,,,,,,,,,1600,,,1745,,VISO,F4B,,,,,,126417,,,,,,,,2026NL3400178,2,,,,,,,,,,,,,,,,,1822411
8970978,10-02-2026 05:46:00,55.75283000,3.17550000,,,LV,Clupea harengus,I4537,4,,,,1610563,1822412,NETHERLANDS,64T2,4458,12366,12105,,,8.69,,,14722,,,0,,,,,,,,,,,,,,,,4.96,,,,,,10183411,,,,,,,MRN2,,2,,4.95,,,,,34.53,,,,,,,,,,,,,,,,1600,,,1745,,VISO,F4B,,,,,,126417,,,,,,,,2026NL3400178,2,,,,,,,,,,,,,,,,,1822412
8970979,10-02-2026 05:46:00,55.75283000,3.17550000,,,LV,Clupea harengus,I4537,2,,,,1610563,1822413,NETHERLANDS,64T2,4458,12366,12105,,,8.69,,,14722,,,0,,,,,,,,,,,,,,,,4.96,,,,,,10183411,,,,,,,MRN2,,2,,4.95,,,,,34.53,,,,,,,,,,,,,,,,1600,,,1745,,VISO,F4B,,,,,,126417,,,,,,,,2026NL3400178,2,,,,,,,,,,,,,,,,,1822413
8970980,10-02-2026 05:46:00,55.75283000,3.17550000,,,LV,Clupea harengus,I4537,1,,,,1610563,1822414,NETHERLANDS,64T2,4458,12366,12105,,,8.69,,,14722,,,0,,,,,,,,,,,,,,,,4.96,,,,,,10183411,,,,,,,MRN2,,2,,4.95,,,,,34.53,,,,,,,,,,,,,,,,1600,,,1745,,VISO,F4B,,,,,,126417,,,,,,,,2026NL3400178,2,,,,,,,,,,,,,,,,,1822414
8970981,10-02-2026 05:46:00,55.75283000,3.17550000,,,LV,Clupea harengus,I4537,1,,,,1610563,1822415,NETHERLANDS,64T2,4458,12366,12105,,,8.69,,,14722,,,0,,,,,,,,,,,,,,,,4.96,,,,,,10183411,,,,,,,MRN2,,2,,4.95,,,,,34.53,,,,,,,,,,,,,,,,1600,,,1745,,VISO,F4B,,,,,,126417,,,,,,,,2026NL3400178,2,,,,,,,,,,,,,,,,,1822415
8970982,10-02-2026 18:55:00,56.20000000,2.59967000,,,LV,Clupea harengus,I4537,1,,7903.148102,,1610564,1822416,NETHERLANDS,64T2,4458,12366,12105,,,8.69,21861,,22519,,,0,,,,,,,,,,,,,,,,7.3,,,,,,10183349,,,,,,,MRN2,,2,,7.27,,,,,35.15,,,,,,,,,,,,,,,,1600,,,2506,,VISO,F4B,,,,,,126417,,,,,,,,2026NL3400179,2,,,,,,,,,,,,,,,,,1822416
8970983,10-02-2026 18:55:00,56.20000000,2.59967000,,,LV,Clupea harengus,I4537,1,,7903.148102,,1610564,1822405,NETHERLANDS,64T2,4458,12366,12105,,,8.69,21861,,22519,,,0,,,,,,,,,,,,,,,,7.3,,,,,,10183349,,,,,,,MRN2,,2,,7.27,,,,,35.15,,,,,,,,,,,,,,,,1600,,,2506,,VISO,F4B,,,,,,126417,,,,,,,,2026NL3400179,2,,,,,,,,,,,,,,,,,1822405
8970984,10-02-2026 18:55:00,56.20000000,2.59967000,,,LV,Clupea harengus,I4537,1,,7903.148102,,1610564,1822406,NETHERLANDS,64T2,4458,12366,12105,,,8.69,21861,,22519,,,0,,,,,,,,,,,,,,,,7.3,,,,,,10183349,,,,,,,MRN2,,2,,7.27,,,,,35.15,,,,,,,,,,,,,,,,1600,,,2506,,VISO,F4B,,,,,,126417,,,,,,,,2026NL3400179,2,,,,,,,,,,,,,,,,,1822406
8970985,10-02-2026 18:55:00,56.20000000,2.59967000,,,LV,Clupea harengus,I4537,1,,7903.148102,,1610564,1822407,NETHERLANDS,64T2,4458,12366,12105,,,8.69,21861,,22519,,,0,,,,,,,,,,,,,,,,7.3,,,,,,10183349,,,,,,,MRN2,,2,,7.27,,,,,35.15,,,,,,,,,,,,,,,,1600,,,2506,,VISO,F4B,,,,,,126417,,,,,,,,2026NL3400179,2,,,,,,,,,,,,,,,,,1822407
8970986,10-02-2026 18:55:00,56.20000000,2.59967000,,,LV,Clupea harengus,I4537,6,,7903.148102,,1610564,1822408,NETHERLANDS,64T2,4458,12366,12105,,,8.69,21861,,22519,,,0,,,,,,,,,,,,,,,,7.3,,,,,,10183349,,,,,,,MRN2,,2,,7.27,,,,,35.15,,,,,,,,,,,,,,,,1600,,,2506,,VISO,F4B,,,,,,126417,,,,,,,,2026NL3400179,2,,,,,,,,,,,,,,,,,1822408
8970987,10-02-2026 18:55:00,56.20000000,2.59967000,,,LV,Clupea harengus,I4537,3,,7903.148102,,1610564,1822409,NETHERLANDS,64T2,4458,12366,12105,,,8.69,21861,,22519,,,0,,,,,,,,,,,,,,,,7.3,,,,,,10183349,,,,,,,MRN2,,2,,7.27,,,,,35.15,,,,,,,,,,,,,,,,1600,,,2506,,VISO,F4B,,,,,,126417,,,,,,,,2026NL3400179,2,,,,,,,,,,,,,,,,,1822409
8970988,10-02-2026 20:12:00,56.39333000,2.46650000,,,LV,Clupea harengus,I4537,2,,5867.439445,,1610565,1822410,NETHERLANDS,64T2,4458,12366,12105,,,8.69,16230,,16307,,,0,,,,,,,,,,,,,,,,7.3,,,,,,10183428,,,,,,,MRN2,,2,,7.28,,,,,35.2,,,,,,,,,,,,,,,,1600,,,1908,,VISO,F4B,,,,,,126417,,,,,,,,2026NL3400180,2,,,,,,,,,,,,,,,,,1822410
8970989,10-02-2026 20:12:00,56.39333000,2.46650000,,,LV,Clupea harengus,I4537,1,,5867.439445,,1610565,1822399,NETHERLANDS,64T2,4458,12366,12105,,,8.69,16230,,16307,,,0,,,,,,,,,,,,,,,,7.3,,,,,,10183428,,,,,,,MRN2,,2,,7.28,,,,,35.2,,,,,,,,,,,,,,,,1600,,,1908,,VISO,F4B,,,,,,126417,,,,,,,,2026NL3400180,2,,,,,,,,,,,,,,,,,1822399
8970990,10-02-2026 20:12:00,56.39333000,2.46650000,,,LV,Clupea harengus,I4537,1,,5867.439445,,1610565,1822400,NETHERLANDS,64T2,4458,12366,12105,,,8.69,16230,,16307,,,0,,,,,,,,,,,,,,,,7.3,,,,,,10183428,,,,,,,MRN2,,2,,7.28,,,,,35.2,,,,,,,,,,,,,,,,1600,,,1908,,VISO,F4B,,,,,,126417,,,,,,,,2026NL3400180,2,,,,,,,,,,,,,,,,,1822400
8970991,10-02-2026 20:12:00,56.39333000,2.46650000,,,LV,Clupea harengus,I4537,1,,5867.439445,,1610565,1822401,NETHERLANDS,64T2,4458,12366,12105,,,8.69,16230,,16307,,,0,,,,,,,,,,,,,,,,7.3,,,,,,10183428,,,,,,,MRN2,,2,,7.28,,,,,35.2,,,,,,,,,,,,,,,,1600,,,1908,,VISO,F4B,,,,,,126417,,,,,,,,2026NL3400180,2,,,,,,,,,,,,,,,,,1822401
8970992,10-02-2026 21:31:00,56.59167000,2.26000000,,,LV,Clupea harengus,I4537,1,,7914.716683,,1610566,1822402,NETHERLANDS,64T2,4458,12366,12105,,,8.69,21893,,22028,,,0,,,,,,,,,,,,,,,,7.34,,,,,,10183437,,,,,,,MRN2,,2,,7.34,,,,,35.21,,,,,,,,,,,,,,,,1600,,,2447,,VISO,F4B,,,,,,126417,,,,,,,,2026NL3400181,2,,,,,,,,,,,,,,,,,1822402
8970993,10-02-2026 21:31:00,56.59167000,2.26000000,,,LV,Clupea harengus,I4537,3,,7914.716683,,1610566,1822403,NETHERLANDS,64T2,4458,12366,12105,,,8.69,21893,,22028,,,0,,,,,,,,,,,,,,,,7.34,,,,,,10183437,,,,,,,MRN2,,2,,7.34,,,,,35.21,,,,,,,,,,,,,,,,1600,,,2447,,VISO,F4B,,,,,,126417,,,,,,,,2026NL3400181,2,,,,,,,,,,,,,,,,,1822403
8970994,10-02-2026 21:31:00,56.59167000,2.26000000,,,LV,Clupea harengus,I4537,1,,7914.716683,,1610566,1822404,NETHERLANDS,64T2,4458,12366,12105,,,8.69,21893,,22028,,,0,,,,,,,,,,,,,,,,7.34,,,,,,10183437,,,,,,,MRN2,,2,,7.34,,,,,35.21,,,,,,,,,,,,,,,,1600,,,2447,,VISO,F4B,,,,,,126417,,,,,,,,2026NL3400181,2,,,,,,,,,,,,,,,,,1822404
8970995,10-02-2026 22:42:00,56.75183000,2.14000000,,,LV,Clupea harengus,I4537,2,,6679.047674,,1610567,1822393,NETHERLANDS,64T2,4458,12366,12105,,,8.69,18475,,18418,,,0,,,,,,,,,,,,,,,,7.28,,,,,,10183361,,,,,,,MRN2,,2,,7.27,,,,,35.21,,,,,,,,,,,,,,,,1600,,,2030,,VISO,F4B,,,,,,126417,,,,,,,,2026NL3400182,2,,,,,,,,,,,,,,,,,1822393
8970996,10-02-2026 22:42:00,56.75183000,2.14000000,,,LV,Clupea harengus,I4537,1,,6679.047674,,1610567,1822394,NETHERLANDS,64T2,4458,12366,12105,,,8.69,18475,,18418,,,0,,,,,,,,,,,,,,,,7.28,,,,,,10183361,,,,,,,MRN2,,2,,7.27,,,,,35.21,,,,,,,,,,,,,,,,1600,,,2030,,VISO,F4B,,,,,,126417,,,,,,,,2026NL3400182,2,,,,,,,,,,,,,,,,,1822394
8970997,10-02-2026 22:42:00,56.75183000,2.14000000,,,LV,Clupea harengus,I4537,1,,6679.047674,,1610567,1822395,NETHERLANDS,64T2,4458,12366,12105,,,8.69,18475,,18418,,,0,,,,,,,,,,,,,,,,7.28,,,,,,10183361,,,,,,,MRN2,,2,,7.27,,,,,35.21,,,,,,,,,,,,,,,,1600,,,2030,,VISO,F4B,,,,,,126417,,,,,,,,2026NL3400182,2,,,,,,,,,,,,,,,,,1822395
8970998,10-02-2026 22:42:00,56.75183000,2.14000000,,,LV,Clupea harengus,I4537,1,,6679.047674,,1610567,1822396,NETHERLANDS,64T2,4458,12366,12105,,,8.69,18475,,18418,,,0,,,,,,,,,,,,,,,,7.28,,,,,,10183361,,,,,,,MRN2,,2,,7.27,,,,,35.21,,,,,,,,,,,,,,,,1600,,,2030,,VISO,F4B,,,,,,126417,,,,,,,,2026NL3400182,2,,,,,,,,,,,,,,,,,1822396
8970999,10-02-2026 22:42:00,56.75183000,2.14000000,,,LV,Clupea harengus,I4537,1,,6679.047674,,1610567,1822397,NETHERLANDS,64T2,4458,12366,12105,,,8.69,18475,,18418,,,0,,,,,,,,,,,,,,,,7.28,,,,,,10183361,,,,,,,MRN2,,2,,7.27,,,,,35.21,,,,,,,,,,,,,,,,1600,,,2030,,VISO,F4B,,,,,,126417,,,,,,,,2026NL3400182,2,,,,,,,,,,,,,,,,,1822397
8971000,10-02-2026 23:55:00,56.76150000,1.74417000,,,LV,Clupea harengus,I4537,1,,7467.880259,,1610568,1822398,NETHERLANDS,64T2,4458,12366,12105,,,8.69,20657,,21074,,,0,,,,,,,,,,,,,,,,6.64,,,,,,10183368,,,,,,,MRN2,,2,,6.74,,,,,35.17,,,,,,,,,,,,,,,,1600,,,2216,,VISO,F4B,,,,,,126417,,,,,,,,2026NL3400183,2,,,,,,,,,,,,,,,,,1822398
8971001,10-02-2026 23:55:00,56.76150000,1.74417000,,,LV,Clupea harengus,I4537,1,,7467.880259,,1610568,1822387,NETHERLANDS,64T2,4458,12366,12105,,,8.69,20657,,21074,,,0,,,,,,,,,,,,,,,,6.64,,,,,,10183368,,,,,,,MRN2,,2,,6.74,,,,,35.17,,,,,,,,,,,,,,,,1600,,,2216,,VISO,F4B,,,,,,126417,,,,,,,,2026NL3400183,2,,,,,,,,,,,,,,,,,1822387
8971002,10-02-2026 23:55:00,56.76150000,1.74417000,,,LV,Clupea harengus,I4537,1,,7467.880259,,1610568,1822388,NETHERLANDS,64T2,4458,12366,12105,,,8.69,20657,,21074,,,0,,,,,,,,,,,,,,,,6.64,,,,,,10183368,,,,,,,MRN2,,2,,6.74,,,,,35.17,,,,,,,,,,,,,,,,1600,,,2216,,VISO,F4B,,,,,,126417,,,,,,,,2026NL3400183,2,,,,,,,,,,,,,,,,,1822388
8971003,10-02-2026 23:55:00,56.76150000,1.74417000,,,LV,Clupea harengus,I4537,2,,7467.880259,,1610568,1822389,NETHERLANDS,64T2,4458,12366,12105,,,8.69,20657,,21074,,,0,,,,,,,,,,,,,,,,6.64,,,,,,10183368,,,,,,,MRN2,,2,,6.74,,,,,35.17,,,,,,,,,,,,,,,,1600,,,2216,,VISO,F4B,,,,,,126417,,,,,,,,2026NL3400183,2,,,,,,,,,,,,,,,,,1822389
8971004,10-02-2026 23:55:00,56.76150000,1.74417000,,,LV,Clupea harengus,I4537,2,,7467.880259,,1610568,1822390,NETHERLANDS,64T2,4458,12366,12105,,,8.69,20657,,21074,,,0,,,,,,,,,,,,,,,,6.64,,,,,,10183368,,,,,,,MRN2,,2,,6.74,,,,,35.17,,,,,,,,,,,,,,,,1600,,,2216,,VISO,F4B,,,,,,126417,,,,,,,,2026NL3400183,2,,,,,,,,,,,,,,,,,1822390
8971005,10-02-2026 23:55:00,56.76150000,1.74417000,,,LV,Clupea harengus,I4537,4,,7467.880259,,1610568,1822391,NETHERLANDS,64T2,4458,12366,12105,,,8.69,20657,,21074,,,0,,,,,,,,,,,,,,,,6.64,,,,,,10183368,,,,,,,MRN2,,2,,6.74,,,,,35.17,,,,,,,,,,,,,,,,1600,,,2216,,VISO,F4B,,,,,,126417,,,,,,,,2026NL3400183,2,,,,,,,,,,,,,,,,,1822391
8971006,10-02-2026 23:55:00,56.76150000,1.74417000,,,LV,Clupea harengus,I4537,1,,7467.880259,,1610568,1822392,NETHERLANDS,64T2,4458,12366,12105,,,8.69,20657,,21074,,,0,,,,,,,,,,,,,,,,6.64,,,,,,10183368,,,,,,,MRN2,,2,,6.74,,,,,35.17,,,,,,,,,,,,,,,,1600,,,2216,,VISO,F4B,,,,,,126417,,,,,,,,2026NL3400183,2,,,,,,,,,,,,,,,,,1822392
8971007,11-02-2026 01:21:00,56.75333000,1.26450000,,,LV,Clupea harengus,I4537,1,,8358.660961,,1610569,1822381,NETHERLANDS,64T2,4458,12366,12105,,,8.69,23121,,24143,,,0,,,,,,,,,,,,,,,,6.72,,,,,,10183412,,,,,,,MRN2,,2,,7.22,,,,,35.17,,,,,,,,,,,,,,,,1600,,,2522,,VISO,F4B,,,,,,126417,,,,,,,,2026NL3400184,2,,,,,,,,,,,,,,,,,1822381
8971008,11-02-2026 01:21:00,56.75333000,1.26450000,,,LV,Clupea harengus,I4537,2,,8358.660961,,1610569,1822382,NETHERLANDS,64T2,4458,12366,12105,,,8.69,23121,,24143,,,0,,,,,,,,,,,,,,,,6.72,,,,,,10183412,,,,,,,MRN2,,2,,7.22,,,,,35.17,,,,,,,,,,,,,,,,1600,,,2522,,VISO,F4B,,,,,,126417,,,,,,,,2026NL3400184,2,,,,,,,,,,,,,,,,,1822382
8971009,11-02-2026 01:21:00,56.75333000,1.26450000,,,LV,Clupea harengus,I4537,1,,8358.660961,,1610569,1822383,NETHERLANDS,64T2,4458,12366,12105,,,8.69,23121,,24143,,,0,,,,,,,,,,,,,,,,6.72,,,,,,10183412,,,,,,,MRN2,,2,,7.22,,,,,35.17,,,,,,,,,,,,,,,,1600,,,2522,,VISO,F4B,,,,,,126417,,,,,,,,2026NL3400184,2,,,,,,,,,,,,,,,,,1822383
8971010,11-02-2026 01:21:00,56.75333000,1.26450000,,,LV,Clupea harengus,I4537,2,,8358.660961,,1610569,1822384,NETHERLANDS,64T2,4458,12366,12105,,,8.69,23121,,24143,,,0,,,,,,,,,,,,,,,,6.72,,,,,,10183412,,,,,,,MRN2,,2,,7.22,,,,,35.17,,,,,,,,,,,,,,,,1600,,,2522,,VISO,F4B,,,,,,126417,,,,,,,,2026NL3400184,2,,,,,,,,,,,,,,,,,1822384
8971011,11-02-2026 01:21:00,56.75333000,1.26450000,,,LV,Clupea harengus,I4537,1,,8358.660961,,1610569,1822385,NETHERLANDS,64T2,4458,12366,12105,,,8.69,23121,,24143,,,0,,,,,,,,,,,,,,,,6.72,,,,,,10183412,,,,,,,MRN2,,2,,7.22,,,,,35.17,,,,,,,,,,,,,,,,1600,,,2522,,VISO,F4B,,,,,,126417,,,,,,,,2026NL3400184,2,,,,,,,,,,,,,,,,,1822385
8971012,11-02-2026 01:21:00,56.75333000,1.26450000,,,LV,Clupea harengus,I4537,1,,8358.660961,,1610569,1822386,NETHERLANDS,64T2,4458,12366,12105,,,8.69,23121,,24143,,,0,,,,,,,,,,,,,,,,6.72,,,,,,10183412,,,,,,,MRN2,,2,,7.22,,,,,35.17,,,,,,,,,,,,,,,,1600,,,2522,,VISO,F4B,,,,,,126417,,,,,,,,2026NL3400184,2,,,,,,,,,,,,,,,,,1822386
8971013,11-02-2026 03:40:00,56.39850000,1.41783000,,,LV,Clupea harengus,I4537,1,,6109.6566,,1610570,1822375,NETHERLANDS,64T2,4458,12366,12105,,,8.69,16900,,17938,,,0,,,,,,,,,,,,,,,,7.67,,,,,,10183406,,,,,,,MRN2,,2,,7.62,,,,,35.11,,,,,,,,,,,,,,,,1600,,,1906,,VISO,F4B,,,,,,126417,,,,,,,,2026NL3400185,2,,,,,,,,,,,,,,,,,1822375
8971014,11-02-2026 03:40:00,56.39850000,1.41783000,,,LV,Clupea harengus,I4537,1,,6109.6566,,1610570,1822376,NETHERLANDS,64T2,4458,12366,12105,,,8.69,16900,,17938,,,0,,,,,,,,,,,,,,,,7.67,,,,,,10183406,,,,,,,MRN2,,2,,7.62,,,,,35.11,,,,,,,,,,,,,,,,1600,,,1906,,VISO,F4B,,,,,,126417,,,,,,,,2026NL3400185,2,,,,,,,,,,,,,,,,,1822376
8971015,11-02-2026 03:40:00,56.39850000,1.41783000,,,LV,Clupea harengus,I4537,2,,6109.6566,,1610570,1822377,NETHERLANDS,64T2,4458,12366,12105,,,8.69,16900,,17938,,,0,,,,,,,,,,,,,,,,7.67,,,,,,10183406,,,,,,,MRN2,,2,,7.62,,,,,35.11,,,,,,,,,,,,,,,,1600,,,1906,,VISO,F4B,,,,,,126417,,,,,,,,2026NL3400185,2,,,,,,,,,,,,,,,,,1822377
8971016,11-02-2026 03:40:00,56.39850000,1.41783000,,,LV,Clupea harengus,I4537,1,,6109.6566,,1610570,1822378,NETHERLANDS,64T2,4458,12366,12105,,,8.69,16900,,17938,,,0,,,,,,,,,,,,,,,,7.67,,,,,,10183406,,,,,,,MRN2,,2,,7.62,,,,,35.11,,,,,,,,,,,,,,,,1600,,,1906,,VISO,F4B,,,,,,126417,,,,,,,,2026NL3400185,2,,,,,,,,,,,,,,,,,1822378
8971017,11-02-2026 03:40:00,56.39850000,1.41783000,,,LV,Clupea harengus,I4537,2,,6109.6566,,1610570,1822379,NETHERLANDS,64T2,4458,12366,12105,,,8.69,16900,,17938,,,0,,,,,,,,,,,,,,,,7.67,,,,,,10183406,,,,,,,MRN2,,2,,7.62,,,,,35.11,,,,,,,,,,,,,,,,1600,,,1906,,VISO,F4B,,,,,,126417,,,,,,,,2026NL3400185,2,,,,,,,,,,,,,,,,,1822379
8971018,11-02-2026 03:40:00,56.39850000,1.41783000,,,LV,Clupea harengus,I4537,1,,6109.6566,,1610570,1822380,NETHERLANDS,64T2,4458,12366,12105,,,8.69,16900,,17938,,,0,,,,,,,,,,,,,,,,7.67,,,,,,10183406,,,,,,,MRN2,,2,,7.62,,,,,35.11,,,,,,,,,,,,,,,,1600,,,1906,,VISO,F4B,,,,,,126417,,,,,,,,2026NL3400185,2,,,,,,,,,,,,,,,,,1822380
8971019,11-02-2026 05:20:00,56.38150000,1.76933000,,,LV,Clupea harengus,I4537,2,,6820.762785,,1610571,1822369,NETHERLANDS,64T2,4458,12366,12105,,,8.69,18867,,20215,,,0,,,,,,,,,,,,,,,,7.62,,,,,,10183378,,,,,,,MRN2,,2,,7.61,,,,,35.12,,,,,,,,,,,,,,,,1600,,,2214,,VISO,F4B,,,,,,126417,,,,,,,,2026NL3400186,2,,,,,,,,,,,,,,,,,1822369
8971020,11-02-2026 05:20:00,56.38150000,1.76933000,,,LV,Clupea harengus,I4537,6,,6820.762785,,1610571,1822370,NETHERLANDS,64T2,4458,12366,12105,,,8.69,18867,,20215,,,0,,,,,,,,,,,,,,,,7.62,,,,,,10183378,,,,,,,MRN2,,2,,7.61,,,,,35.12,,,,,,,,,,,,,,,,1600,,,2214,,VISO,F4B,,,,,,126417,,,,,,,,2026NL3400186,2,,,,,,,,,,,,,,,,,1822370
8971021,11-02-2026 05:20:00,56.38150000,1.76933000,,,LV,Clupea harengus,I4537,1,,6820.762785,,1610571,1822371,NETHERLANDS,64T2,4458,12366,12105,,,8.69,18867,,20215,,,0,,,,,,,,,,,,,,,,7.62,,,,,,10183378,,,,,,,MRN2,,2,,7.61,,,,,35.12,,,,,,,,,,,,,,,,1600,,,2214,,VISO,F4B,,,,,,126417,,,,,,,,2026NL3400186,2,,,,,,,,,,,,,,,,,1822371
8971022,12-02-2026 17:42:00,56.73267000,-0.36100000,,,LV,Clupea harengus,I4537,1,,6390.194678,,1610572,1822372,NETHERLANDS,64T2,4458,12366,12105,,,8.69,17676,,17306,,,0,,,,,,,,,,,,,,,,7.5,,,,,,10183402,,,,,,,MRN2,,2,,7.5,,,,,35.16,,,,,,,,,,,,,,,,1600,,,1941,,VISO,F4B,,,,Larvae too damaged to measure,,126417,,,,,,,,2026NL3400187,2,,,,,,,,,,,,,,,,,1822372
8971023,12-02-2026 18:56:00,56.58850000,-0.13583000,,,LV,Clupea harengus,I4537,1,,7083.947993,,1610573,1822373,NETHERLANDS,64T2,4458,12366,12105,,,8.69,19595,,18929,,,0,,,,,,,,,,,,,,,,7.72,,,,,,10183382,,,,,,,MRN2,,2,,7.67,,,,,35.03,,,,,,,,,,,,,,,,1600,,,2170,,VISO,F4B,,,,,,126417,,,,,,,,2026NL3400188,2,,,,,,,,,,,,,,,,,1822373
8971024,12-02-2026 18:56:00,56.58850000,-0.13583000,,,LV,Clupea harengus,I4537,1,,7083.947993,,1610573,1822374,NETHERLANDS,64T2,4458,12366,12105,,,8.69,19595,,18929,,,0,,,,,,,,,,,,,,,,7.72,,,,,,10183382,,,,,,,MRN2,,2,,7.67,,,,,35.03,,,,,,,,,,,,,,,,1600,,,2170,,VISO,F4B,,,,,,126417,,,,,,,,2026NL3400188,2,,,,,,,,,,,,,,,,,1822374
8971025,12-02-2026 20:32:00,56.39100000,0.19317000,,,LV,Clupea harengus,I4537,1,,7420.521383,,1610574,1822363,NETHERLANDS,64T2,4458,12366,12105,,,8.69,20526,,20888,,,0,,,,,,,,,,,,,,,,7.59,,,,,,10183377,,,,,,,MRN2,,2,,7.56,,,,,35.09,,,,,,,,,,,,,,,,1600,,,2265,,VISO,F4B,,,,,,126417,,,,,,,,2026NL3400189,2,,,,,,,,,,,,,,,,,1822363
8971026,12-02-2026 20:32:00,56.39100000,0.19317000,,,LV,Clupea harengus,I4537,2,,7420.521383,,1610574,1822364,NETHERLANDS,64T2,4458,12366,12105,,,8.69,20526,,20888,,,0,,,,,,,,,,,,,,,,7.59,,,,,,10183377,,,,,,,MRN2,,2,,7.56,,,,,35.09,,,,,,,,,,,,,,,,1600,,,2265,,VISO,F4B,,,,,,126417,,,,,,,,2026NL3400189,2,,,,,,,,,,,,,,,,,1822364
8971027,12-02-2026 20:32:00,56.39100000,0.19317000,,,LV,Clupea harengus,I4537,2,,7420.521383,,1610574,1822365,NETHERLANDS,64T2,4458,12366,12105,,,8.69,20526,,20888,,,0,,,,,,,,,,,,,,,,7.59,,,,,,10183377,,,,,,,MRN2,,2,,7.56,,,,,35.09,,,,,,,,,,,,,,,,1600,,,2265,,VISO,F4B,,,,,,126417,,,,,,,,2026NL3400189,2,,,,,,,,,,,,,,,,,1822365
8971028,12-02-2026 20:32:00,56.39100000,0.19317000,,,LV,Clupea harengus,I4537,1,,7420.521383,,1610574,1822366,NETHERLANDS,64T2,4458,12366,12105,,,8.69,20526,,20888,,,0,,,,,,,,,,,,,,,,7.59,,,,,,10183377,,,,,,,MRN2,,2,,7.56,,,,,35.09,,,,,,,,,,,,,,,,1600,,,2265,,VISO,F4B,,,,,,126417,,,,,,,,2026NL3400189,2,,,,,,,,,,,,,,,,,1822366
8971029,12-02-2026 20:32:00,56.39100000,0.19317000,,,LV,Clupea harengus,I4537,1,,7420.521383,,1610574,1822367,NETHERLANDS,64T2,4458,12366,12105,,,8.69,20526,,20888,,,0,,,,,,,,,,,,,,,,7.59,,,,,,10183377,,,,,,,MRN2,,2,,7.56,,,,,35.09,,,,,,,,,,,,,,,,1600,,,2265,,VISO,F4B,,,,,,126417,,,,,,,,2026NL3400189,2,,,,,,,,,,,,,,,,,1822367
8971030,12-02-2026 20:32:00,56.39100000,0.19317000,,,LV,Clupea harengus,I4537,2,,7420.521383,,1610574,1822368,NETHERLANDS,64T2,4458,12366,12105,,,8.69,20526,,20888,,,0,,,,,,,,,,,,,,,,7.59,,,,,,10183377,,,,,,,MRN2,,2,,7.56,,,,,35.09,,,,,,,,,,,,,,,,1600,,,2265,,VISO,F4B,,,,,,126417,,,,,,,,2026NL3400189,2,,,,,,,,,,,,,,,,,1822368
8971031,12-02-2026 21:48:00,56.37600000,-0.20600000,,,LV,Clupea harengus,I4537,2,,7573.443557,,1610575,1822357,NETHERLANDS,64T2,4458,12366,12105,,,8.69,20949,,21441,,,0,,,,,,,,,,,,,,,,7.78,,,,,,10183347,,,,,,,MRN2,,2,,7.7,,,,,35.02,,,,,,,,,,,,,,,,1600,,,2400,,VISO,F4B,,,,,,126417,,,,,,,,2026NL3400190,2,,,,,,,,,,,,,,,,,1822357
8971032,12-02-2026 21:48:00,56.37600000,-0.20600000,,,LV,Clupea harengus,I4537,1,,7573.443557,,1610575,1822358,NETHERLANDS,64T2,4458,12366,12105,,,8.69,20949,,21441,,,0,,,,,,,,,,,,,,,,7.78,,,,,,10183347,,,,,,,MRN2,,2,,7.7,,,,,35.02,,,,,,,,,,,,,,,,1600,,,2400,,VISO,F4B,,,,,,126417,,,,,,,,2026NL3400190,2,,,,,,,,,,,,,,,,,1822358
8971033,12-02-2026 21:48:00,56.37600000,-0.20600000,,,LV,Clupea harengus,I4537,1,,7573.443557,,1610575,1822359,NETHERLANDS,64T2,4458,12366,12105,,,8.69,20949,,21441,,,0,,,,,,,,,,,,,,,,7.78,,,,,,10183347,,,,,,,MRN2,,2,,7.7,,,,,35.02,,,,,,,,,,,,,,,,1600,,,2400,,VISO,F4B,,,,,,126417,,,,,,,,2026NL3400190,2,,,,,,,,,,,,,,,,,1822359
8971034,12-02-2026 21:48:00,56.37600000,-0.20600000,,,LV,Clupea harengus,I4537,1,,7573.443557,,1610575,1822360,NETHERLANDS,64T2,4458,12366,12105,,,8.69,20949,,21441,,,0,,,,,,,,,,,,,,,,7.78,,,,,,10183347,,,,,,,MRN2,,2,,7.7,,,,,35.02,,,,,,,,,,,,,,,,1600,,,2400,,VISO,F4B,,,,,,126417,,,,,,,,2026NL3400190,2,,,,,,,,,,,,,,,,,1822360
8971035,12-02-2026 21:48:00,56.37600000,-0.20600000,,,LV,Clupea harengus,I4537,1,,7573.443557,,1610575,1822361,NETHERLANDS,64T2,4458,12366,12105,,,8.69,20949,,21441,,,0,,,,,,,,,,,,,,,,7.78,,,,,,10183347,,,,,,,MRN2,,2,,7.7,,,,,35.02,,,,,,,,,,,,,,,,1600,,,2400,,VISO,F4B,,,,,,126417,,,,,,,,2026NL3400190,2,,,,,,,,,,,,,,,,,1822361
8971036,12-02-2026 21:48:00,56.37600000,-0.20600000,,,LV,Clupea harengus,I4537,1,,7573.443557,,1610575,1822362,NETHERLANDS,64T2,4458,12366,12105,,,8.69,20949,,21441,,,0,,,,,,,,,,,,,,,,7.78,,,,,,10183347,,,,,,,MRN2,,2,,7.7,,,,,35.02,,,,,,,,,,,,,,,,1600,,,2400,,VISO,F4B,,,,,,126417,,,,,,,,2026NL3400190,2,,,,,,,,,,,,,,,,,1822362
8971037,12-02-2026 21:48:00,56.37600000,-0.20600000,,,LV,Clupea harengus,I4537,2,,7573.443557,,1610575,1822351,NETHERLANDS,64T2,4458,12366,12105,,,8.69,20949,,21441,,,0,,,,,,,,,,,,,,,,7.78,,,,,,10183347,,,,,,,MRN2,,2,,7.7,,,,,35.02,,,,,,,,,,,,,,,,1600,,,2400,,VISO,F4B,,,,,,126417,,,,,,,,2026NL3400190,2,,,,,,,,,,,,,,,,,1822351
8971038,12-02-2026 21:48:00,56.37600000,-0.20600000,,,LV,Clupea harengus,I4537,1,,7573.443557,,1610575,1822352,NETHERLANDS,64T2,4458,12366,12105,,,8.69,20949,,21441,,,0,,,,,,,,,,,,,,,,7.78,,,,,,10183347,,,,,,,MRN2,,2,,7.7,,,,,35.02,,,,,,,,,,,,,,,,1600,,,2400,,VISO,F4B,,,,,,126417,,,,,,,,2026NL3400190,2,,,,,,,,,,,,,,,,,1822352
8971039,12-02-2026 23:04:00,56.19633000,-0.17433000,,,LV,Clupea harengus,I4537,3,,6776.657572,,1610576,1822353,NETHERLANDS,64T2,4458,12366,12105,,,8.69,18745,,19346,,,0,,,,,,,,,,,,,,,,7.79,,,,,,10183432,,,,,,,MRN2,,2,,7.78,,,,,34.99,,,,,,,,,,,,,,,,1600,,,2229,,VISO,F4B,,,,,,126417,,,,,,,,2026NL3400191,2,,,,,,,,,,,,,,,,,1822353
8971040,12-02-2026 23:04:00,56.19633000,-0.17433000,,,LV,Clupea harengus,I4537,1,,6776.657572,,1610576,1822354,NETHERLANDS,64T2,4458,12366,12105,,,8.69,18745,,19346,,,0,,,,,,,,,,,,,,,,7.79,,,,,,10183432,,,,,,,MRN2,,2,,7.78,,,,,34.99,,,,,,,,,,,,,,,,1600,,,2229,,VISO,F4B,,,,,,126417,,,,,,,,2026NL3400191,2,,,,,,,,,,,,,,,,,1822354
8971041,12-02-2026 23:04:00,56.19633000,-0.17433000,,,LV,Clupea harengus,I4537,1,,6776.657572,,1610576,1822355,NETHERLANDS,64T2,4458,12366,12105,,,8.69,18745,,19346,,,0,,,,,,,,,,,,,,,,7.79,,,,,,10183432,,,,,,,MRN2,,2,,7.78,,,,,34.99,,,,,,,,,,,,,,,,1600,,,2229,,VISO,F4B,,,,,,126417,,,,,,,,2026NL3400191,2,,,,,,,,,,,,,,,,,1822355
8971042,12-02-2026 23:04:00,56.19633000,-0.17433000,,,LV,Clupea harengus,I4537,1,,6776.657572,,1610576,1822356,NETHERLANDS,64T2,4458,12366,12105,,,8.69,18745,,19346,,,0,,,,,,,,,,,,,,,,7.79,,,,,,10183432,,,,,,,MRN2,,2,,7.78,,,,,34.99,,,,,,,,,,,,,,,,1600,,,2229,,VISO,F4B,,,,,,126417,,,,,,,,2026NL3400191,2,,,,,,,,,,,,,,,,,1822356
8971043,12-02-2026 23:04:00,56.19633000,-0.17433000,,,LV,Clupea harengus,I4537,1,,6776.657572,,1610576,1822345,NETHERLANDS,64T2,4458,12366,12105,,,8.69,18745,,19346,,,0,,,,,,,,,,,,,,,,7.79,,,,,,10183432,,,,,,,MRN2,,2,,7.78,,,,,34.99,,,,,,,,,,,,,,,,1600,,,2229,,VISO,F4B,,,,,,126417,,,,,,,,2026NL3400191,2,,,,,,,,,,,,,,,,,1822345
8971044,12-02-2026 23:04:00,56.19633000,-0.17433000,,,LV,Clupea harengus,I4537,1,,6776.657572,,1610576,1822346,NETHERLANDS,64T2,4458,12366,12105,,,8.69,18745,,19346,,,0,,,,,,,,,,,,,,,,7.79,,,,,,10183432,,,,,,,MRN2,,2,,7.78,,,,,34.99,,,,,,,,,,,,,,,,1600,,,2229,,VISO,F4B,,,,,,126417,,,,,,,,2026NL3400191,2,,,,,,,,,,,,,,,,,1822346
8971045,12-02-2026 23:04:00,56.19633000,-0.17433000,,,LV,Clupea harengus,I4537,1,,6776.657572,,1610576,1822347,NETHERLANDS,64T2,4458,12366,12105,,,8.69,18745,,19346,,,0,,,,,,,,,,,,,,,,7.79,,,,,,10183432,,,,,,,MRN2,,2,,7.78,,,,,34.99,,,,,,,,,,,,,,,,1600,,,2229,,VISO,F4B,,,,,,126417,,,,,,,,2026NL3400191,2,,,,,,,,,,,,,,,,,1822347
8971046,13-02-2026 00:28:00,56.09450000,0.18333000,,,LV,Clupea harengus,I4537,1,,7431.005409,,1610577,1822348,NETHERLANDS,64T2,4458,12366,12105,,,8.69,20555,,21340,,,0,,,,,,,,,,,,,,,,7.72,,,,,,10183430,,,,,,,MRN2,,2,,7.72,,,,,35.03,,,,,,,,,,,,,,,,1600,,,2296,,VISO,F4B,,,,,,126417,,,,,,,,2026NL3400192,2,,,,,,,,,,,,,,,,,1822348
8971047,13-02-2026 00:28:00,56.09450000,0.18333000,,,LV,Clupea harengus,I4537,2,,7431.005409,,1610577,1822349,NETHERLANDS,64T2,4458,12366,12105,,,8.69,20555,,21340,,,0,,,,,,,,,,,,,,,,7.72,,,,,,10183430,,,,,,,MRN2,,2,,7.72,,,,,35.03,,,,,,,,,,,,,,,,1600,,,2296,,VISO,F4B,,,,,,126417,,,,,,,,2026NL3400192,2,,,,,,,,,,,,,,,,,1822349
8971048,13-02-2026 00:28:00,56.09450000,0.18333000,,,LV,Clupea harengus,I4537,2,,7431.005409,,1610577,1822350,NETHERLANDS,64T2,4458,12366,12105,,,8.69,20555,,21340,,,0,,,,,,,,,,,,,,,,7.72,,,,,,10183430,,,,,,,MRN2,,2,,7.72,,,,,35.03,,,,,,,,,,,,,,,,1600,,,2296,,VISO,F4B,,,,,,126417,,,,,,,,2026NL3400192,2,,,,,,,,,,,,,,,,,1822350
8971049,13-02-2026 00:28:00,56.09450000,0.18333000,,,LV,Clupea harengus,I4537,3,,7431.005409,,1610577,1822339,NETHERLANDS,64T2,4458,12366,12105,,,8.69,20555,,21340,,,0,,,,,,,,,,,,,,,,7.72,,,,,,10183430,,,,,,,MRN2,,2,,7.72,,,,,35.03,,,,,,,,,,,,,,,,1600,,,2296,,VISO,F4B,,,,,,126417,,,,,,,,2026NL3400192,2,,,,,,,,,,,,,,,,,1822339
8971050,13-02-2026 00:28:00,56.09450000,0.18333000,,,LV,Clupea harengus,I4537,1,,7431.005409,,1610577,1822340,NETHERLANDS,64T2,4458,12366,12105,,,8.69,20555,,21340,,,0,,,,,,,,,,,,,,,,7.72,,,,,,10183430,,,,,,,MRN2,,2,,7.72,,,,,35.03,,,,,,,,,,,,,,,,1600,,,2296,,VISO,F4B,,,,,,126417,,,,,,,,2026NL3400192,2,,,,,,,,,,,,,,,,,1822340
8971051,13-02-2026 00:28:00,56.09450000,0.18333000,,,LV,Clupea harengus,I4537,1,,7431.005409,,1610577,1822341,NETHERLANDS,64T2,4458,12366,12105,,,8.69,20555,,21340,,,0,,,,,,,,,,,,,,,,7.72,,,,,,10183430,,,,,,,MRN2,,2,,7.72,,,,,35.03,,,,,,,,,,,,,,,,1600,,,2296,,VISO,F4B,,,,,,126417,,,,,,,,2026NL3400192,2,,,,,,,,,,,,,,,,,1822341
8971052,13-02-2026 00:28:00,56.09450000,0.18333000,,,LV,Clupea harengus,I4537,2,,7431.005409,,1610577,1822342,NETHERLANDS,64T2,4458,12366,12105,,,8.69,20555,,21340,,,0,,,,,,,,,,,,,,,,7.72,,,,,,10183430,,,,,,,MRN2,,2,,7.72,,,,,35.03,,,,,,,,,,,,,,,,1600,,,2296,,VISO,F4B,,,,,,126417,,,,,,,,2026NL3400192,2,,,,,,,,,,,,,,,,,1822342
8971053,13-02-2026 03:05:00,55.74950000,-0.34817000,,,LV,Clupea harengus,I4537,1,,6898.489186,,1610579,1822343,NETHERLANDS,64T2,4458,12366,12105,,,8.69,19082,,18947,,,0,,,,,,,,,,,,,,,,7.78,,,,,,10183441,,,,,,,MRN2,,2,,7.74,,,,,34.93,,,,,,,,,,,,,,,,1600,,,2070,,VISO,F4B,,,,,,126417,,,,,,,,2026NL3400194,2,,,,,,,,,,,,,,,,,1822343
8971054,13-02-2026 03:05:00,55.74950000,-0.34817000,,,LV,Clupea harengus,I4537,1,,6898.489186,,1610579,1822344,NETHERLANDS,64T2,4458,12366,12105,,,8.69,19082,,18947,,,0,,,,,,,,,,,,,,,,7.78,,,,,,10183441,,,,,,,MRN2,,2,,7.74,,,,,34.93,,,,,,,,,,,,,,,,1600,,,2070,,VISO,F4B,,,,,,126417,,,,,,,,2026NL3400194,2,,,,,,,,,,,,,,,,,1822344
8971055,13-02-2026 03:05:00,55.74950000,-0.34817000,,,LV,Clupea harengus,I4537,2,,6898.489186,,1610579,1822333,NETHERLANDS,64T2,4458,12366,12105,,,8.69,19082,,18947,,,0,,,,,,,,,,,,,,,,7.78,,,,,,10183441,,,,,,,MRN2,,2,,7.74,,,,,34.93,,,,,,,,,,,,,,,,1600,,,2070,,VISO,F4B,,,,,,126417,,,,,,,,2026NL3400194,2,,,,,,,,,,,,,,,,,1822333
8971056,13-02-2026 03:05:00,55.74950000,-0.34817000,,,LV,Clupea harengus,I4537,4,,6898.489186,,1610579,1822334,NETHERLANDS,64T2,4458,12366,12105,,,8.69,19082,,18947,,,0,,,,,,,,,,,,,,,,7.78,,,,,,10183441,,,,,,,MRN2,,2,,7.74,,,,,34.93,,,,,,,,,,,,,,,,1600,,,2070,,VISO,F4B,,,,,,126417,,,,,,,,2026NL3400194,2,,,,,,,,,,,,,,,,,1822334
8971057,13-02-2026 03:05:00,55.74950000,-0.34817000,,,LV,Clupea harengus,I4537,4,,6898.489186,,1610579,1822335,NETHERLANDS,64T2,4458,12366,12105,,,8.69,19082,,18947,,,0,,,,,,,,,,,,,,,,7.78,,,,,,10183441,,,,,,,MRN2,,2,,7.74,,,,,34.93,,,,,,,,,,,,,,,,1600,,,2070,,VISO,F4B,,,,,,126417,,,,,,,,2026NL3400194,2,,,,,,,,,,,,,,,,,1822335
8971058,13-02-2026 04:13:00,55.62100000,-0.52050000,,,LV,Clupea harengus,I4537,1,,4790.4769,,1610580,1822336,NETHERLANDS,64T2,4458,12366,12105,,,8.69,13251,,12967,,,0,,,,,,,,,,,,,,,,7.59,,,,,,10183422,,,,,,,MRN2,,2,,7.58,,,,,34.79,,,,,,,,,,,,,,,,1600,,,1355,,VISO,F4B,,,,,,126417,,,,,,,,2026NL3400195,2,,,,,,,,,,,,,,,,,1822336
8971059,13-02-2026 04:13:00,55.62100000,-0.52050000,,,LV,Clupea harengus,I4537,2,,4790.4769,,1610580,1822337,NETHERLANDS,64T2,4458,12366,12105,,,8.69,13251,,12967,,,0,,,,,,,,,,,,,,,,7.59,,,,,,10183422,,,,,,,MRN2,,2,,7.58,,,,,34.79,,,,,,,,,,,,,,,,1600,,,1355,,VISO,F4B,,,,,,126417,,,,,,,,2026NL3400195,2,,,,,,,,,,,,,,,,,1822337
8971060,13-02-2026 05:18:00,55.61200000,-0.81883000,,,LV,Clupea harengus,I4537,1,,7954.845197,,1610581,1822338,NETHERLANDS,64T2,4458,12366,12105,,,8.69,22004,,22300,,,0,,,,,,,,,,,,,,,,7.75,,,,,,10183359,,,,,,,MRN2,,2,,7.26,,,,,34.54,,,,,,,,,,,,,,,,1600,,,2247,,VISO,F4B,,,,,,126417,,,,,,,,2026NL3400196,2,,,,,,,,,,,,,,,,,1822338
8971061,13-02-2026 05:18:00,55.61200000,-0.81883000,,,LV,Clupea harengus,I4537,1,,7954.845197,,1610581,1822327,NETHERLANDS,64T2,4458,12366,12105,,,8.69,22004,,22300,,,0,,,,,,,,,,,,,,,,7.75,,,,,,10183359,,,,,,,MRN2,,2,,7.26,,,,,34.54,,,,,,,,,,,,,,,,1600,,,2247,,VISO,F4B,,,,,,126417,,,,,,,,2026NL3400196,2,,,,,,,,,,,,,,,,,1822327
8971062,13-02-2026 05:18:00,55.61200000,-0.81883000,,,LV,Clupea harengus,I4537,2,,7954.845197,,1610581,1822328,NETHERLANDS,64T2,4458,12366,12105,,,8.69,22004,,22300,,,0,,,,,,,,,,,,,,,,7.75,,,,,,10183359,,,,,,,MRN2,,2,,7.26,,,,,34.54,,,,,,,,,,,,,,,,1600,,,2247,,VISO,F4B,,,,,,126417,,,,,,,,2026NL3400196,2,,,,,,,,,,,,,,,,,1822328
8971063,13-02-2026 20:58:00,55.24350000,-0.77867000,,,LV,Clupea harengus,I4537,1,,5389.150943,,1610583,1822329,NETHERLANDS,64T2,4458,12366,12105,,,8.69,14907,,15452,,,0,,,,,,,,,,,,,,,,7.43,,,,,,10183435,,,,,,,MRN2,,2,,7.11,,,,,34.32,,,,,,,,,,,,,,,,1600,,,1837,,VISO,F4B,,,,,,126417,,,,,,,,2026NL3400198,2,,,,,,,,,,,,,,,,,1822329
8971064,13-02-2026 20:58:00,55.24350000,-0.77867000,,,LV,Clupea harengus,I4537,1,,5389.150943,,1610583,1822330,NETHERLANDS,64T2,4458,12366,12105,,,8.69,14907,,15452,,,0,,,,,,,,,,,,,,,,7.43,,,,,,10183435,,,,,,,MRN2,,2,,7.11,,,,,34.32,,,,,,,,,,,,,,,,1600,,,1837,,VISO,F4B,,,,,,126417,,,,,,,,2026NL3400198,2,,,,,,,,,,,,,,,,,1822330
8971065,13-02-2026 20:58:00,55.24350000,-0.77867000,,,LV,Clupea harengus,I4537,2,,5389.150943,,1610583,1822331,NETHERLANDS,64T2,4458,12366,12105,,,8.69,14907,,15452,,,0,,,,,,,,,,,,,,,,7.43,,,,,,10183435,,,,,,,MRN2,,2,,7.11,,,,,34.32,,,,,,,,,,,,,,,,1600,,,1837,,VISO,F4B,,,,,,126417,,,,,,,,2026NL3400198,2,,,,,,,,,,,,,,,,,1822331
8971066,13-02-2026 20:58:00,55.24350000,-0.77867000,,,LV,Clupea harengus,I4537,3,,5389.150943,,1610583,1822332,NETHERLANDS,64T2,4458,12366,12105,,,8.69,14907,,15452,,,0,,,,,,,,,,,,,,,,7.43,,,,,,10183435,,,,,,,MRN2,,2,,7.11,,,,,34.32,,,,,,,,,,,,,,,,1600,,,1837,,VISO,F4B,,,,,,126417,,,,,,,,2026NL3400198,2,,,,,,,,,,,,,,,,,1822332
8971067,13-02-2026 20:58:00,55.24350000,-0.77867000,,,LV,Clupea harengus,I4537,2,,5389.150943,,1610583,1822321,NETHERLANDS,64T2,4458,12366,12105,,,8.69,14907,,15452,,,0,,,,,,,,,,,,,,,,7.43,,,,,,10183435,,,,,,,MRN2,,2,,7.11,,,,,34.32,,,,,,,,,,,,,,,,1600,,,1837,,VISO,F4B,,,,,,126417,,,,,,,,2026NL3400198,2,,,,,,,,,,,,,,,,,1822321
8971068,13-02-2026 20:58:00,55.24350000,-0.77867000,,,LV,Clupea harengus,I4537,2,,5389.150943,,1610583,1822322,NETHERLANDS,64T2,4458,12366,12105,,,8.69,14907,,15452,,,0,,,,,,,,,,,,,,,,7.43,,,,,,10183435,,,,,,,MRN2,,2,,7.11,,,,,34.32,,,,,,,,,,,,,,,,1600,,,1837,,VISO,F4B,,,,,,126417,,,,,,,,2026NL3400198,2,,,,,,,,,,,,,,,,,1822322
8971069,13-02-2026 20:58:00,55.24350000,-0.77867000,,,LV,Clupea harengus,I4537,5,,5389.150943,,1610583,1822323,NETHERLANDS,64T2,4458,12366,12105,,,8.69,14907,,15452,,,0,,,,,,,,,,,,,,,,7.43,,,,,,10183435,,,,,,,MRN2,,2,,7.11,,,,,34.32,,,,,,,,,,,,,,,,1600,,,1837,,VISO,F4B,,,,,,126417,,,,,,,,2026NL3400198,2,,,,,,,,,,,,,,,,,1822323
8971070,13-02-2026 20:58:00,55.24350000,-0.77867000,,,LV,Clupea harengus,I4537,5,,5389.150943,,1610583,1822324,NETHERLANDS,64T2,4458,12366,12105,,,8.69,14907,,15452,,,0,,,,,,,,,,,,,,,,7.43,,,,,,10183435,,,,,,,MRN2,,2,,7.11,,,,,34.32,,,,,,,,,,,,,,,,1600,,,1837,,VISO,F4B,,,,,,126417,,,,,,,,2026NL3400198,2,,,,,,,,,,,,,,,,,1822324
8971071,13-02-2026 20:58:00,55.24350000,-0.77867000,,,LV,Clupea harengus,I4537,3,,5389.150943,,1610583,1822325,NETHERLANDS,64T2,4458,12366,12105,,,8.69,14907,,15452,,,0,,,,,,,,,,,,,,,,7.43,,,,,,10183435,,,,,,,MRN2,,2,,7.11,,,,,34.32,,,,,,,,,,,,,,,,1600,,,1837,,VISO,F4B,,,,,,126417,,,,,,,,2026NL3400198,2,,,,,,,,,,,,,,,,,1822325
8971072,13-02-2026 20:58:00,55.24350000,-0.77867000,,,LV,Sardina pilchardus,I4537,1,,5389.150943,,1610583,1822868,NETHERLANDS,64T2,4458,12366,12129,,,8.69,14907,,15452,,,0,,,,,,,,,,,,,,,,7.43,,,,,,10183435,,,,,,,MRN2,,2,,7.11,,,,,34.32,,,,,,,,,,,,,,,,1600,,,1837,,VISO,F4B,,,,,,126421,,,,,,,,2026NL3400198,2,,,,,,,,,,,,,,,,,1822868
8971073,13-02-2026 22:24:00,55.41383000,-1.18183000,,,LV,Clupea harengus,I4537,4,,5608.592455,,1610584,1822326,NETHERLANDS,64T2,4458,12366,12105,,,8.69,15514,,16504,,,0,,,,,,,,,,,,,,,,7.53,,,,,,10183354,,,,,,,MRN2,,2,,6.81,,,,,34.03,,,,,,,,,,,,,,,,1600,,,1683,,VISO,F4B,,,,,,126417,,,,,,,,2026NL3400199,2,,,,,,,,,,,,,,,,,1822326
8971074,13-02-2026 22:24:00,55.41383000,-1.18183000,,,LV,Clupea harengus,I4537,1,,5608.592455,,1610584,1822315,NETHERLANDS,64T2,4458,12366,12105,,,8.69,15514,,16504,,,0,,,,,,,,,,,,,,,,7.53,,,,,,10183354,,,,,,,MRN2,,2,,6.81,,,,,34.03,,,,,,,,,,,,,,,,1600,,,1683,,VISO,F4B,,,,,,126417,,,,,,,,2026NL3400199,2,,,,,,,,,,,,,,,,,1822315
8971075,13-02-2026 22:24:00,55.41383000,-1.18183000,,,LV,Clupea harengus,I4537,2,,5608.592455,,1610584,1822316,NETHERLANDS,64T2,4458,12366,12105,,,8.69,15514,,16504,,,0,,,,,,,,,,,,,,,,7.53,,,,,,10183354,,,,,,,MRN2,,2,,6.81,,,,,34.03,,,,,,,,,,,,,,,,1600,,,1683,,VISO,F4B,,,,,,126417,,,,,,,,2026NL3400199,2,,,,,,,,,,,,,,,,,1822316
8971076,13-02-2026 22:24:00,55.41383000,-1.18183000,,,LV,Clupea harengus,I4537,2,,5608.592455,,1610584,1822317,NETHERLANDS,64T2,4458,12366,12105,,,8.69,15514,,16504,,,0,,,,,,,,,,,,,,,,7.53,,,,,,10183354,,,,,,,MRN2,,2,,6.81,,,,,34.03,,,,,,,,,,,,,,,,1600,,,1683,,VISO,F4B,,,,,,126417,,,,,,,,2026NL3400199,2,,,,,,,,,,,,,,,,,1822317
8971077,13-02-2026 23:33:00,55.60167000,-1.17650000,,,LV,Clupea harengus,I4537,4,,5943.358255,,1610585,1822318,NETHERLANDS,64T2,4458,12366,12105,,,8.69,16440,,17156,,,0,,,,,,,,,,,,,,,,7.85,,,,,,10183381,,,,,,,MRN2,,2,,6.78,,,,,34.16,,,,,,,,,,,,,,,,1600,,,1586,,VISO,F4B,,,,,,126417,,,,,,,,2026NL3400200,2,,,,,,,,,,,,,,,,,1822318
8971078,13-02-2026 23:33:00,55.60167000,-1.17650000,,,LV,Clupea harengus,I4537,1,,5943.358255,,1610585,1822319,NETHERLANDS,64T2,4458,12366,12105,,,8.69,16440,,17156,,,0,,,,,,,,,,,,,,,,7.85,,,,,,10183381,,,,,,,MRN2,,2,,6.78,,,,,34.16,,,,,,,,,,,,,,,,1600,,,1586,,VISO,F4B,,,,,,126417,,,,,,,,2026NL3400200,2,,,,,,,,,,,,,,,,,1822319
8971079,13-02-2026 23:33:00,55.60167000,-1.17650000,,,LV,Clupea harengus,I4537,2,,5943.358255,,1610585,1822320,NETHERLANDS,64T2,4458,12366,12105,,,8.69,16440,,17156,,,0,,,,,,,,,,,,,,,,7.85,,,,,,10183381,,,,,,,MRN2,,2,,6.78,,,,,34.16,,,,,,,,,,,,,,,,1600,,,1586,,VISO,F4B,,,,,,126417,,,,,,,,2026NL3400200,2,,,,,,,,,,,,,,,,,1822320
8971080,13-02-2026 23:33:00,55.60167000,-1.17650000,,,LV,Clupea harengus,I4537,7,,5943.358255,,1610585,1822309,NETHERLANDS,64T2,4458,12366,12105,,,8.69,16440,,17156,,,0,,,,,,,,,,,,,,,,7.85,,,,,,10183381,,,,,,,MRN2,,2,,6.78,,,,,34.16,,,,,,,,,,,,,,,,1600,,,1586,,VISO,F4B,,,,,,126417,,,,,,,,2026NL3400200,2,,,,,,,,,,,,,,,,,1822309
8971081,13-02-2026 23:33:00,55.60167000,-1.17650000,,,LV,Clupea harengus,I4537,7,,5943.358255,,1610585,1822310,NETHERLANDS,64T2,4458,12366,12105,,,8.69,16440,,17156,,,0,,,,,,,,,,,,,,,,7.85,,,,,,10183381,,,,,,,MRN2,,2,,6.78,,,,,34.16,,,,,,,,,,,,,,,,1600,,,1586,,VISO,F4B,,,,,,126417,,,,,,,,2026NL3400200,2,,,,,,,,,,,,,,,,,1822310
8971082,13-02-2026 23:33:00,55.60167000,-1.17650000,,,LV,Clupea harengus,I4537,8,,5943.358255,,1610585,1822311,NETHERLANDS,64T2,4458,12366,12105,,,8.69,16440,,17156,,,0,,,,,,,,,,,,,,,,7.85,,,,,,10183381,,,,,,,MRN2,,2,,6.78,,,,,34.16,,,,,,,,,,,,,,,,1600,,,1586,,VISO,F4B,,,,,,126417,,,,,,,,2026NL3400200,2,,,,,,,,,,,,,,,,,1822311
8971083,13-02-2026 23:33:00,55.60167000,-1.17650000,,,LV,Clupea harengus,I4537,3,,5943.358255,,1610585,1822312,NETHERLANDS,64T2,4458,12366,12105,,,8.69,16440,,17156,,,0,,,,,,,,,,,,,,,,7.85,,,,,,10183381,,,,,,,MRN2,,2,,6.78,,,,,34.16,,,,,,,,,,,,,,,,1600,,,1586,,VISO,F4B,,,,,,126417,,,,,,,,2026NL3400200,2,,,,,,,,,,,,,,,,,1822312
8971084,13-02-2026 23:33:00,55.60167000,-1.17650000,,,LV,Clupea harengus,I4537,1,,5943.358255,,1610585,1822313,NETHERLANDS,64T2,4458,12366,12105,,,8.69,16440,,17156,,,0,,,,,,,,,,,,,,,,7.85,,,,,,10183381,,,,,,,MRN2,,2,,6.78,,,,,34.16,,,,,,,,,,,,,,,,1600,,,1586,,VISO,F4B,,,,,,126417,,,,,,,,2026NL3400200,2,,,,,,,,,,,,,,,,,1822313
8971085,13-02-2026 23:33:00,55.60167000,-1.17650000,,,LV,Clupea harengus,I4537,3,,5943.358255,,1610585,1822314,NETHERLANDS,64T2,4458,12366,12105,,,8.69,16440,,17156,,,0,,,,,,,,,,,,,,,,7.85,,,,,,10183381,,,,,,,MRN2,,2,,6.78,,,,,34.16,,,,,,,,,,,,,,,,1600,,,1586,,VISO,F4B,,,,,,126417,,,,,,,,2026NL3400200,2,,,,,,,,,,,,,,,,,1822314
8971086,13-02-2026 23:33:00,55.60167000,-1.17650000,,,LV,Clupea harengus,I4537,1,,5943.358255,,1610585,1822303,NETHERLANDS,64T2,4458,12366,12105,,,8.69,16440,,17156,,,0,,,,,,,,,,,,,,,,7.85,,,,,,10183381,,,,,,,MRN2,,2,,6.78,,,,,34.16,,,,,,,,,,,,,,,,1600,,,1586,,VISO,F4B,,,,,,126417,,,,,,,,2026NL3400200,2,,,,,,,,,,,,,,,,,1822303
8971087,14-02-2026 00:45:00,55.80733000,-1.15600000,,,LV,Clupea harengus,I4537,4,,5584.37074,,1610586,1822304,NETHERLANDS,64T2,4458,12366,12105,,,8.69,15447,,15999,,,0,,,,,,,,,,,,,,,,7.68,,,,,,10183383,,,,,,,MRN2,,2,,7.2,,,,,34.55,,,,,,,,,,,,,,,,1600,,,1557,,VISO,F4B,,,,,,126417,,,,,,,,2026NL3400201,2,,,,,,,,,,,,,,,,,1822304
8971088,14-02-2026 00:45:00,55.80733000,-1.15600000,,,LV,Clupea harengus,I4537,3,,5584.37074,,1610586,1822305,NETHERLANDS,64T2,4458,12366,12105,,,8.69,15447,,15999,,,0,,,,,,,,,,,,,,,,7.68,,,,,,10183383,,,,,,,MRN2,,2,,7.2,,,,,34.55,,,,,,,,,,,,,,,,1600,,,1557,,VISO,F4B,,,,,,126417,,,,,,,,2026NL3400201,2,,,,,,,,,,,,,,,,,1822305
8971089,14-02-2026 00:45:00,55.80733000,-1.15600000,,,LV,Clupea harengus,I4537,1,,5584.37074,,1610586,1822306,NETHERLANDS,64T2,4458,12366,12105,,,8.69,15447,,15999,,,0,,,,,,,,,,,,,,,,7.68,,,,,,10183383,,,,,,,MRN2,,2,,7.2,,,,,34.55,,,,,,,,,,,,,,,,1600,,,1557,,VISO,F4B,,,,,,126417,,,,,,,,2026NL3400201,2,,,,,,,,,,,,,,,,,1822306
8971090,14-02-2026 00:45:00,55.80733000,-1.15600000,,,LV,Clupea harengus,I4537,1,,5584.37074,,1610586,1822307,NETHERLANDS,64T2,4458,12366,12105,,,8.69,15447,,15999,,,0,,,,,,,,,,,,,,,,7.68,,,,,,10183383,,,,,,,MRN2,,2,,7.2,,,,,34.55,,,,,,,,,,,,,,,,1600,,,1557,,VISO,F4B,,,,,,126417,,,,,,,,2026NL3400201,2,,,,,,,,,,,,,,,,,1822307
8971091,14-02-2026 00:45:00,55.80733000,-1.15600000,,,LV,Clupea harengus,I4537,5,,5584.37074,,1610586,1822308,NETHERLANDS,64T2,4458,12366,12105,,,8.69,15447,,15999,,,0,,,,,,,,,,,,,,,,7.68,,,,,,10183383,,,,,,,MRN2,,2,,7.2,,,,,34.55,,,,,,,,,,,,,,,,1600,,,1557,,VISO,F4B,,,,,,126417,,,,,,,,2026NL3400201,2,,,,,,,,,,,,,,,,,1822308
8971092,14-02-2026 00:45:00,55.80733000,-1.15600000,,,LV,Clupea harengus,I4537,2,,5584.37074,,1610586,1822297,NETHERLANDS,64T2,4458,12366,12105,,,8.69,15447,,15999,,,0,,,,,,,,,,,,,,,,7.68,,,,,,10183383,,,,,,,MRN2,,2,,7.2,,,,,34.55,,,,,,,,,,,,,,,,1600,,,1557,,VISO,F4B,,,,,,126417,,,,,,,,2026NL3400201,2,,,,,,,,,,,,,,,,,1822297
8971093,14-02-2026 00:45:00,55.80733000,-1.15600000,,,LV,Clupea harengus,I4537,5,,5584.37074,,1610586,1822298,NETHERLANDS,64T2,4458,12366,12105,,,8.69,15447,,15999,,,0,,,,,,,,,,,,,,,,7.68,,,,,,10183383,,,,,,,MRN2,,2,,7.2,,,,,34.55,,,,,,,,,,,,,,,,1600,,,1557,,VISO,F4B,,,,,,126417,,,,,,,,2026NL3400201,2,,,,,,,,,,,,,,,,,1822298
8971094,14-02-2026 00:45:00,55.80733000,-1.15600000,,,LV,Clupea harengus,I4537,3,,5584.37074,,1610586,1822299,NETHERLANDS,64T2,4458,12366,12105,,,8.69,15447,,15999,,,0,,,,,,,,,,,,,,,,7.68,,,,,,10183383,,,,,,,MRN2,,2,,7.2,,,,,34.55,,,,,,,,,,,,,,,,1600,,,1557,,VISO,F4B,,,,,,126417,,,,,,,,2026NL3400201,2,,,,,,,,,,,,,,,,,1822299
8971095,14-02-2026 00:45:00,55.80733000,-1.15600000,,,LV,Clupea harengus,I4537,1,,5584.37074,,1610586,1822300,NETHERLANDS,64T2,4458,12366,12105,,,8.69,15447,,15999,,,0,,,,,,,,,,,,,,,,7.68,,,,,,10183383,,,,,,,MRN2,,2,,7.2,,,,,34.55,,,,,,,,,,,,,,,,1600,,,1557,,VISO,F4B,,,,,,126417,,,,,,,,2026NL3400201,2,,,,,,,,,,,,,,,,,1822300
8971096,14-02-2026 00:45:00,55.80733000,-1.15600000,,,LV,Clupea harengus,I4537,1,,5584.37074,,1610586,1822301,NETHERLANDS,64T2,4458,12366,12105,,,8.69,15447,,15999,,,0,,,,,,,,,,,,,,,,7.68,,,,,,10183383,,,,,,,MRN2,,2,,7.2,,,,,34.55,,,,,,,,,,,,,,,,1600,,,1557,,VISO,F4B,,,,,,126417,,,,,,,,2026NL3400201,2,,,,,,,,,,,,,,,,,1822301
8971097,14-02-2026 02:21:00,56.10050000,-1.17283000,,,LV,Clupea harengus,I4537,3,,4308.573216,,1610587,1822302,NETHERLANDS,64T2,4458,12366,12105,,,8.69,11918,,12693,,,0,,,,,,,,,,,,,,,,7.53,,,,,,10183374,,,,,,,MRN2,,2,,7.46,,,,,34.81,,,,,,,,,,,,,,,,1600,,,1236,,VISO,F4B,,,,,,126417,,,,,,,,2026NL3400202,2,,,,,,,,,,,,,,,,,1822302
8971098,14-02-2026 02:21:00,56.10050000,-1.17283000,,,LV,Clupea harengus,I4537,1,,4308.573216,,1610587,1822291,NETHERLANDS,64T2,4458,12366,12105,,,8.69,11918,,12693,,,0,,,,,,,,,,,,,,,,7.53,,,,,,10183374,,,,,,,MRN2,,2,,7.46,,,,,34.81,,,,,,,,,,,,,,,,1600,,,1236,,VISO,F4B,,,,,,126417,,,,,,,,2026NL3400202,2,,,,,,,,,,,,,,,,,1822291
8971099,14-02-2026 02:21:00,56.10050000,-1.17283000,,,LV,Clupea harengus,I4537,1,,4308.573216,,1610587,1822292,NETHERLANDS,64T2,4458,12366,12105,,,8.69,11918,,12693,,,0,,,,,,,,,,,,,,,,7.53,,,,,,10183374,,,,,,,MRN2,,2,,7.46,,,,,34.81,,,,,,,,,,,,,,,,1600,,,1236,,VISO,F4B,,,,,,126417,,,,,,,,2026NL3400202,2,,,,,,,,,,,,,,,,,1822292
8971100,14-02-2026 02:21:00,56.10050000,-1.17283000,,,LV,Clupea harengus,I4537,1,,4308.573216,,1610587,1822293,NETHERLANDS,64T2,4458,12366,12105,,,8.69,11918,,12693,,,0,,,,,,,,,,,,,,,,7.53,,,,,,10183374,,,,,,,MRN2,,2,,7.46,,,,,34.81,,,,,,,,,,,,,,,,1600,,,1236,,VISO,F4B,,,,,,126417,,,,,,,,2026NL3400202,2,,,,,,,,,,,,,,,,,1822293
8971101,14-02-2026 02:21:00,56.10050000,-1.17283000,,,LV,Clupea harengus,I4537,1,,4308.573216,,1610587,1822294,NETHERLANDS,64T2,4458,12366,12105,,,8.69,11918,,12693,,,0,,,,,,,,,,,,,,,,7.53,,,,,,10183374,,,,,,,MRN2,,2,,7.46,,,,,34.81,,,,,,,,,,,,,,,,1600,,,1236,,VISO,F4B,,,,,,126417,,,,,,,,2026NL3400202,2,,,,,,,,,,,,,,,,,1822294
8971102,14-02-2026 02:21:00,56.10050000,-1.17283000,,,LV,Clupea harengus,I4537,1,,4308.573216,,1610587,1822295,NETHERLANDS,64T2,4458,12366,12105,,,8.69,11918,,12693,,,0,,,,,,,,,,,,,,,,7.53,,,,,,10183374,,,,,,,MRN2,,2,,7.46,,,,,34.81,,,,,,,,,,,,,,,,1600,,,1236,,VISO,F4B,,,,,,126417,,,,,,,,2026NL3400202,2,,,,,,,,,,,,,,,,,1822295
8971103,14-02-2026 03:39:00,56.10117000,-1.59233000,,,LV,Clupea harengus,I4537,1,,4110.099756,,1610588,1822296,NETHERLANDS,64T2,4458,12366,12105,,,8.69,11369,,11986,,,0,,,,,,,,,,,,,,,,7.72,,,,,,10183385,,,,,,,MRN2,,2,,6.75,,,,,34.24,,,,,,,,,,,,,,,,1600,,,1213,,VISO,F4B,,,,,,126417,,,,,,,,2026NL3400203,2,,,,,,,,,,,,,,,,,1822296
8971104,14-02-2026 03:39:00,56.10117000,-1.59233000,,,LV,Clupea harengus,I4537,1,,4110.099756,,1610588,1822285,NETHERLANDS,64T2,4458,12366,12105,,,8.69,11369,,11986,,,0,,,,,,,,,,,,,,,,7.72,,,,,,10183385,,,,,,,MRN2,,2,,6.75,,,,,34.24,,,,,,,,,,,,,,,,1600,,,1213,,VISO,F4B,,,,,,126417,,,,,,,,2026NL3400203,2,,,,,,,,,,,,,,,,,1822285
8971105,14-02-2026 03:39:00,56.10117000,-1.59233000,,,LV,Clupea harengus,I4537,2,,4110.099756,,1610588,1822286,NETHERLANDS,64T2,4458,12366,12105,,,8.69,11369,,11986,,,0,,,,,,,,,,,,,,,,7.72,,,,,,10183385,,,,,,,MRN2,,2,,6.75,,,,,34.24,,,,,,,,,,,,,,,,1600,,,1213,,VISO,F4B,,,,,,126417,,,,,,,,2026NL3400203,2,,,,,,,,,,,,,,,,,1822286
8971106,14-02-2026 03:39:00,56.10117000,-1.59233000,,,LV,Clupea harengus,I4537,2,,4110.099756,,1610588,1822287,NETHERLANDS,64T2,4458,12366,12105,,,8.69,11369,,11986,,,0,,,,,,,,,,,,,,,,7.72,,,,,,10183385,,,,,,,MRN2,,2,,6.75,,,,,34.24,,,,,,,,,,,,,,,,1600,,,1213,,VISO,F4B,,,,,,126417,,,,,,,,2026NL3400203,2,,,,,,,,,,,,,,,,,1822287
8971107,14-02-2026 05:15:00,56.09267000,-2.17450000,,,LV,Clupea harengus,I4537,2,,4464.749054,,1610589,1822288,NETHERLANDS,64T2,4458,12366,12105,,,8.69,12350,,12995,,,0,,,,,,,,,,,,,,,,7.66,,,,,,10183373,,,,,,,MRN2,,2,,6.4,,,,,34.01,,,,,,,,,,,,,,,,1600,,,1420,,VISO,F4B,,,,,,126417,,,,,,,,2026NL3400204,2,,,,,,,,,,,,,,,,,1822288
8971108,14-02-2026 05:15:00,56.09267000,-2.17450000,,,LV,Clupea harengus,I4537,1,,4464.749054,,1610589,1822289,NETHERLANDS,64T2,4458,12366,12105,,,8.69,12350,,12995,,,0,,,,,,,,,,,,,,,,7.66,,,,,,10183373,,,,,,,MRN2,,2,,6.4,,,,,34.01,,,,,,,,,,,,,,,,1600,,,1420,,VISO,F4B,,,,,,126417,,,,,,,,2026NL3400204,2,,,,,,,,,,,,,,,,,1822289
8971109,14-02-2026 05:15:00,56.09267000,-2.17450000,,,LV,Clupea harengus,I4537,1,,4464.749054,,1610589,1822290,NETHERLANDS,64T2,4458,12366,12105,,,8.69,12350,,12995,,,0,,,,,,,,,,,,,,,,7.66,,,,,,10183373,,,,,,,MRN2,,2,,6.4,,,,,34.01,,,,,,,,,,,,,,,,1600,,,1420,,VISO,F4B,,,,,,126417,,,,,,,,2026NL3400204,2,,,,,,,,,,,,,,,,,1822290
8971110,14-02-2026 05:15:00,56.09267000,-2.17450000,,,LV,Clupea harengus,I4537,1,,4464.749054,,1610589,1822279,NETHERLANDS,64T2,4458,12366,12105,,,8.69,12350,,12995,,,0,,,,,,,,,,,,,,,,7.66,,,,,,10183373,,,,,,,MRN2,,2,,6.4,,,,,34.01,,,,,,,,,,,,,,,,1600,,,1420,,VISO,F4B,,,,,,126417,,,,,,,,2026NL3400204,2,,,,,,,,,,,,,,,,,1822279
8971111,14-02-2026 05:15:00,56.09267000,-2.17450000,,,LV,Clupea harengus,I4537,3,,4464.749054,,1610589,1822280,NETHERLANDS,64T2,4458,12366,12105,,,8.69,12350,,12995,,,0,,,,,,,,,,,,,,,,7.66,,,,,,10183373,,,,,,,MRN2,,2,,6.4,,,,,34.01,,,,,,,,,,,,,,,,1600,,,1420,,VISO,F4B,,,,,,126417,,,,,,,,2026NL3400204,2,,,,,,,,,,,,,,,,,1822280
8971112,14-02-2026 05:15:00,56.09267000,-2.17450000,,,LV,Clupea harengus,I4537,2,,4464.749054,,1610589,1822281,NETHERLANDS,64T2,4458,12366,12105,,,8.69,12350,,12995,,,0,,,,,,,,,,,,,,,,7.66,,,,,,10183373,,,,,,,MRN2,,2,,6.4,,,,,34.01,,,,,,,,,,,,,,,,1600,,,1420,,VISO,F4B,,,,,,126417,,,,,,,,2026NL3400204,2,,,,,,,,,,,,,,,,,1822281
8971113,14-02-2026 05:15:00,56.09267000,-2.17450000,,,LV,Clupea harengus,I4537,1,,4464.749054,,1610589,1822282,NETHERLANDS,64T2,4458,12366,12105,,,8.69,12350,,12995,,,0,,,,,,,,,,,,,,,,7.66,,,,,,10183373,,,,,,,MRN2,,2,,6.4,,,,,34.01,,,,,,,,,,,,,,,,1600,,,1420,,VISO,F4B,,,,,,126417,,,,,,,,2026NL3400204,2,,,,,,,,,,,,,,,,,1822282
8971114,16-02-2026 22:20:00,55.91500000,-1.79833000,,,LV,Clupea harengus,I4537,2,,4685.636639,,1610593,1822283,NETHERLANDS,64T2,4458,12366,12105,,,8.69,12961,,12737,,,0,,,,,,,,,,,,,,,,7.66,,,,,,10183427,,,,,,,MRN2,,2,,6.77,,,,,34.35,,,,,,,,,,,,,,,,1600,,,1420,,VISO,F4B,,,,,,126417,,,,,,,,2026NL3400208,2,,,,,,,,,,,,,,,,,1822283
8971115,16-02-2026 22:20:00,55.91500000,-1.79833000,,,LV,Clupea harengus,I4537,3,,4685.636639,,1610593,1822284,NETHERLANDS,64T2,4458,12366,12105,,,8.69,12961,,12737,,,0,,,,,,,,,,,,,,,,7.66,,,,,,10183427,,,,,,,MRN2,,2,,6.77,,,,,34.35,,,,,,,,,,,,,,,,1600,,,1420,,VISO,F4B,,,,,,126417,,,,,,,,2026NL3400208,2,,,,,,,,,,,,,,,,,1822284
8971116,16-02-2026 22:20:00,55.91500000,-1.79833000,,,LV,Clupea harengus,I4537,1,,4685.636639,,1610593,1822273,NETHERLANDS,64T2,4458,12366,12105,,,8.69,12961,,12737,,,0,,,,,,,,,,,,,,,,7.66,,,,,,10183427,,,,,,,MRN2,,2,,6.77,,,,,34.35,,,,,,,,,,,,,,,,1600,,,1420,,VISO,F4B,,,,,,126417,,,,,,,,2026NL3400208,2,,,,,,,,,,,,,,,,,1822273
8971117,16-02-2026 22:20:00,55.91500000,-1.79833000,,,LV,Clupea harengus,I4537,3,,4685.636639,,1610593,1822274,NETHERLANDS,64T2,4458,12366,12105,,,8.69,12961,,12737,,,0,,,,,,,,,,,,,,,,7.66,,,,,,10183427,,,,,,,MRN2,,2,,6.77,,,,,34.35,,,,,,,,,,,,,,,,1600,,,1420,,VISO,F4B,,,,,,126417,,,,,,,,2026NL3400208,2,,,,,,,,,,,,,,,,,1822274
8971118,16-02-2026 22:20:00,55.91500000,-1.79833000,,,LV,Clupea harengus,I4537,2,,4685.636639,,1610593,1822275,NETHERLANDS,64T2,4458,12366,12105,,,8.69,12961,,12737,,,0,,,,,,,,,,,,,,,,7.66,,,,,,10183427,,,,,,,MRN2,,2,,6.77,,,,,34.35,,,,,,,,,,,,,,,,1600,,,1420,,VISO,F4B,,,,,,126417,,,,,,,,2026NL3400208,2,,,,,,,,,,,,,,,,,1822275
8971119,16-02-2026 22:20:00,55.91500000,-1.79833000,,,LV,Clupea harengus,I4537,2,,4685.636639,,1610593,1822276,NETHERLANDS,64T2,4458,12366,12105,,,8.69,12961,,12737,,,0,,,,,,,,,,,,,,,,7.66,,,,,,10183427,,,,,,,MRN2,,2,,6.77,,,,,34.35,,,,,,,,,,,,,,,,1600,,,1420,,VISO,F4B,,,,,,126417,,,,,,,,2026NL3400208,2,,,,,,,,,,,,,,,,,1822276
8971120,16-02-2026 22:20:00,55.91500000,-1.79833000,,,LV,Clupea harengus,I4537,4,,4685.636639,,1610593,1822277,NETHERLANDS,64T2,4458,12366,12105,,,8.69,12961,,12737,,,0,,,,,,,,,,,,,,,,7.66,,,,,,10183427,,,,,,,MRN2,,2,,6.77,,,,,34.35,,,,,,,,,,,,,,,,1600,,,1420,,VISO,F4B,,,,,,126417,,,,,,,,2026NL3400208,2,,,,,,,,,,,,,,,,,1822277
8971121,16-02-2026 22:20:00,55.91500000,-1.79833000,,,LV,Clupea harengus,I4537,2,,4685.636639,,1610593,1822278,NETHERLANDS,64T2,4458,12366,12105,,,8.69,12961,,12737,,,0,,,,,,,,,,,,,,,,7.66,,,,,,10183427,,,,,,,MRN2,,2,,6.77,,,,,34.35,,,,,,,,,,,,,,,,1600,,,1420,,VISO,F4B,,,,,,126417,,,,,,,,2026NL3400208,2,,,,,,,,,,,,,,,,,1822278
8971122,16-02-2026 22:20:00,55.91500000,-1.79833000,,,LV,Clupea harengus,I4537,1,,4685.636639,,1610593,1822267,NETHERLANDS,64T2,4458,12366,12105,,,8.69,12961,,12737,,,0,,,,,,,,,,,,,,,,7.66,,,,,,10183427,,,,,,,MRN2,,2,,6.77,,,,,34.35,,,,,,,,,,,,,,,,1600,,,1420,,VISO,F4B,,,,,,126417,,,,,,,,2026NL3400208,2,,,,,,,,,,,,,,,,,1822267
8971123,16-02-2026 22:20:00,55.91500000,-1.79833000,,,LV,Clupea harengus,I4537,1,,4685.636639,,1610593,1822268,NETHERLANDS,64T2,4458,12366,12105,,,8.69,12961,,12737,,,0,,,,,,,,,,,,,,,,7.66,,,,,,10183427,,,,,,,MRN2,,2,,6.77,,,,,34.35,,,,,,,,,,,,,,,,1600,,,1420,,VISO,F4B,,,,,,126417,,,,,,,,2026NL3400208,2,,,,,,,,,,,,,,,,,1822268
8971124,16-02-2026 22:20:00,55.91500000,-1.79833000,,,LV,Clupea harengus,I4537,1,,4685.636639,,1610593,1822269,NETHERLANDS,64T2,4458,12366,12105,,,8.69,12961,,12737,,,0,,,,,,,,,,,,,,,,7.66,,,,,,10183427,,,,,,,MRN2,,2,,6.77,,,,,34.35,,,,,,,,,,,,,,,,1600,,,1420,,VISO,F4B,,,,,,126417,,,,,,,,2026NL3400208,2,,,,,,,,,,,,,,,,,1822269
8971125,16-02-2026 23:27:00,55.77200000,-1.59717000,,,LV,Clupea harengus,I4537,1,,,,1610594,1822270,NETHERLANDS,64T2,4458,12366,12105,,,8.69,,,,,,0,,,,,,,,,,,,,,,,7.4,,,,,,10183339,,,,,,,MRN2,,2,,6.58,,,,,34.1,,,,,,,,,,,,,,,,1600,,,2171,,VISO,F4B,,,,,,126417,,,,,,,,2026NL3400209,2,,,,,,,,,,,,,,,,,1822270
8971126,16-02-2026 23:27:00,55.77200000,-1.59717000,,,LV,Clupea harengus,I4537,1,,,,1610594,1822271,NETHERLANDS,64T2,4458,12366,12105,,,8.69,,,,,,0,,,,,,,,,,,,,,,,7.4,,,,,,10183339,,,,,,,MRN2,,2,,6.58,,,,,34.1,,,,,,,,,,,,,,,,1600,,,2171,,VISO,F4B,,,,,,126417,,,,,,,,2026NL3400209,2,,,,,,,,,,,,,,,,,1822271
8971127,16-02-2026 23:27:00,55.77200000,-1.59717000,,,LV,Clupea harengus,I4537,1,,,,1610594,1822272,NETHERLANDS,64T2,4458,12366,12105,,,8.69,,,,,,0,,,,,,,,,,,,,,,,7.4,,,,,,10183339,,,,,,,MRN2,,2,,6.58,,,,,34.1,,,,,,,,,,,,,,,,1600,,,2171,,VISO,F4B,,,,,,126417,,,,,,,,2026NL3400209,2,,,,,,,,,,,,,,,,,1822272
8971128,17-02-2026 18:00:00,55.13250000,-1.15333000,,,LV,Clupea harengus,I4537,2,,,,1610595,1822261,NETHERLANDS,64T2,4458,12366,12105,,,8.69,,,21075,,,0,,,,,,,,,,,,,,,,6.89,,,,,,10183392,,,,,,,MRN2,,2,,6.83,,,,,34.2,,,,,,,,,,,,,,,,1600,,,2339,,VISO,F4B,,,,,,126417,,,,,,,,2026NL3400210,2,,,,,,,,,,,,,,,,,1822261
8971129,17-02-2026 18:00:00,55.13250000,-1.15333000,,,LV,Clupea harengus,I4537,1,,,,1610595,1822262,NETHERLANDS,64T2,4458,12366,12105,,,8.69,,,21075,,,0,,,,,,,,,,,,,,,,6.89,,,,,,10183392,,,,,,,MRN2,,2,,6.83,,,,,34.2,,,,,,,,,,,,,,,,1600,,,2339,,VISO,F4B,,,,,,126417,,,,,,,,2026NL3400210,2,,,,,,,,,,,,,,,,,1822262
8971130,17-02-2026 18:00:00,55.13250000,-1.15333000,,,LV,Clupea harengus,I4537,1,,,,1610595,1822263,NETHERLANDS,64T2,4458,12366,12105,,,8.69,,,21075,,,0,,,,,,,,,,,,,,,,6.89,,,,,,10183392,,,,,,,MRN2,,2,,6.83,,,,,34.2,,,,,,,,,,,,,,,,1600,,,2339,,VISO,F4B,,,,,,126417,,,,,,,,2026NL3400210,2,,,,,,,,,,,,,,,,,1822263
8971131,17-02-2026 18:00:00,55.13250000,-1.15333000,,,LV,Clupea harengus,I4537,2,,,,1610595,1822264,NETHERLANDS,64T2,4458,12366,12105,,,8.69,,,21075,,,0,,,,,,,,,,,,,,,,6.89,,,,,,10183392,,,,,,,MRN2,,2,,6.83,,,,,34.2,,,,,,,,,,,,,,,,1600,,,2339,,VISO,F4B,,,,,,126417,,,,,,,,2026NL3400210,2,,,,,,,,,,,,,,,,,1822264
8971132,17-02-2026 18:00:00,55.13250000,-1.15333000,,,LV,Clupea harengus,I4537,3,,,,1610595,1822265,NETHERLANDS,64T2,4458,12366,12105,,,8.69,,,21075,,,0,,,,,,,,,,,,,,,,6.89,,,,,,10183392,,,,,,,MRN2,,2,,6.83,,,,,34.2,,,,,,,,,,,,,,,,1600,,,2339,,VISO,F4B,,,,,,126417,,,,,,,,2026NL3400210,2,,,,,,,,,,,,,,,,,1822265
8971133,17-02-2026 18:00:00,55.13250000,-1.15333000,,,LV,Clupea harengus,I4537,3,,,,1610595,1822266,NETHERLANDS,64T2,4458,12366,12105,,,8.69,,,21075,,,0,,,,,,,,,,,,,,,,6.89,,,,,,10183392,,,,,,,MRN2,,2,,6.83,,,,,34.2,,,,,,,,,,,,,,,,1600,,,2339,,VISO,F4B,,,,,,126417,,,,,,,,2026NL3400210,2,,,,,,,,,,,,,,,,,1822266
8971134,17-02-2026 18:00:00,55.13250000,-1.15333000,,,LV,Clupea harengus,I4537,3,,,,1610595,1822255,NETHERLANDS,64T2,4458,12366,12105,,,8.69,,,21075,,,0,,,,,,,,,,,,,,,,6.89,,,,,,10183392,,,,,,,MRN2,,2,,6.83,,,,,34.2,,,,,,,,,,,,,,,,1600,,,2339,,VISO,F4B,,,,,,126417,,,,,,,,2026NL3400210,2,,,,,,,,,,,,,,,,,1822255
8971135,17-02-2026 18:00:00,55.13250000,-1.15333000,,,LV,Clupea harengus,I4537,4,,,,1610595,1822256,NETHERLANDS,64T2,4458,12366,12105,,,8.69,,,21075,,,0,,,,,,,,,,,,,,,,6.89,,,,,,10183392,,,,,,,MRN2,,2,,6.83,,,,,34.2,,,,,,,,,,,,,,,,1600,,,2339,,VISO,F4B,,,,,,126417,,,,,,,,2026NL3400210,2,,,,,,,,,,,,,,,,,1822256
8971136,17-02-2026 18:00:00,55.13250000,-1.15333000,,,LV,Clupea harengus,I4537,2,,,,1610595,1822257,NETHERLANDS,64T2,4458,12366,12105,,,8.69,,,21075,,,0,,,,,,,,,,,,,,,,6.89,,,,,,10183392,,,,,,,MRN2,,2,,6.83,,,,,34.2,,,,,,,,,,,,,,,,1600,,,2339,,VISO,F4B,,,,,,126417,,,,,,,,2026NL3400210,2,,,,,,,,,,,,,,,,,1822257
8971137,17-02-2026 18:00:00,55.13250000,-1.15333000,,,LV,Clupea harengus,I4537,2,,,,1610595,1822258,NETHERLANDS,64T2,4458,12366,12105,,,8.69,,,21075,,,0,,,,,,,,,,,,,,,,6.89,,,,,,10183392,,,,,,,MRN2,,2,,6.83,,,,,34.2,,,,,,,,,,,,,,,,1600,,,2339,,VISO,F4B,,,,,,126417,,,,,,,,2026NL3400210,2,,,,,,,,,,,,,,,,,1822258
8971138,17-02-2026 18:00:00,55.13250000,-1.15333000,,,LV,Clupea harengus,I4537,1,,,,1610595,1822259,NETHERLANDS,64T2,4458,12366,12105,,,8.69,,,21075,,,0,,,,,,,,,,,,,,,,6.89,,,,,,10183392,,,,,,,MRN2,,2,,6.83,,,,,34.2,,,,,,,,,,,,,,,,1600,,,2339,,VISO,F4B,,,,,,126417,,,,,,,,2026NL3400210,2,,,,,,,,,,,,,,,,,1822259
8971139,17-02-2026 19:48:00,54.91650000,-0.83167000,,,LV,Clupea harengus,I4537,1,,5153.079596,,1610596,1822260,NETHERLANDS,64T2,4458,12366,12105,,,8.69,14254,,15292,,,0,,,,,,,,,,,,,,,,7.13,,,,,,10183372,,,,,,,MRN2,,2,,7.06,,,,,34.36,,,,,,,,,,,,,,,,1600,,,1392,,VISO,F4B,,,,,,126417,,,,,,,,2026NL3400211,2,,,,,,,,,,,,,,,,,1822260
8971140,17-02-2026 19:48:00,54.91650000,-0.83167000,,,LV,Clupea harengus,I4537,1,,5153.079596,,1610596,1822249,NETHERLANDS,64T2,4458,12366,12105,,,8.69,14254,,15292,,,0,,,,,,,,,,,,,,,,7.13,,,,,,10183372,,,,,,,MRN2,,2,,7.06,,,,,34.36,,,,,,,,,,,,,,,,1600,,,1392,,VISO,F4B,,,,,,126417,,,,,,,,2026NL3400211,2,,,,,,,,,,,,,,,,,1822249
8971141,17-02-2026 19:48:00,54.91650000,-0.83167000,,,LV,Clupea harengus,I4537,1,,5153.079596,,1610596,1822250,NETHERLANDS,64T2,4458,12366,12105,,,8.69,14254,,15292,,,0,,,,,,,,,,,,,,,,7.13,,,,,,10183372,,,,,,,MRN2,,2,,7.06,,,,,34.36,,,,,,,,,,,,,,,,1600,,,1392,,VISO,F4B,,,,,,126417,,,,,,,,2026NL3400211,2,,,,,,,,,,,,,,,,,1822250
8971142,17-02-2026 19:48:00,54.91650000,-0.83167000,,,LV,Clupea harengus,I4537,1,,5153.079596,,1610596,1822251,NETHERLANDS,64T2,4458,12366,12105,,,8.69,14254,,15292,,,0,,,,,,,,,,,,,,,,7.13,,,,,,10183372,,,,,,,MRN2,,2,,7.06,,,,,34.36,,,,,,,,,,,,,,,,1600,,,1392,,VISO,F4B,,,,,,126417,,,,,,,,2026NL3400211,2,,,,,,,,,,,,,,,,,1822251
8971143,17-02-2026 19:48:00,54.91650000,-0.83167000,,,LV,Clupea harengus,I4537,1,,5153.079596,,1610596,1822252,NETHERLANDS,64T2,4458,12366,12105,,,8.69,14254,,15292,,,0,,,,,,,,,,,,,,,,7.13,,,,,,10183372,,,,,,,MRN2,,2,,7.06,,,,,34.36,,,,,,,,,,,,,,,,1600,,,1392,,VISO,F4B,,,,,,126417,,,,,,,,2026NL3400211,2,,,,,,,,,,,,,,,,,1822252
8971144,17-02-2026 19:48:00,54.91650000,-0.83167000,,,LV,Clupea harengus,I4537,1,,5153.079596,,1610596,1822253,NETHERLANDS,64T2,4458,12366,12105,,,8.69,14254,,15292,,,0,,,,,,,,,,,,,,,,7.13,,,,,,10183372,,,,,,,MRN2,,2,,7.06,,,,,34.36,,,,,,,,,,,,,,,,1600,,,1392,,VISO,F4B,,,,,,126417,,,,,,,,2026NL3400211,2,,,,,,,,,,,,,,,,,1822253
8971146,17-02-2026 21:02:00,54.88867000,-0.54050000,,,LV,Clupea harengus,I4537,1,,3980.314743,,1610597,1822254,NETHERLANDS,64T2,4458,12366,12105,,,8.69,11010,,11942,,,0,,,,,,,,,,,,,,,,7.13,,,,,,10183771,,,,,,,MRN2,,2,,7.12,,,,,34.43,,,,,,,,,,,,,,,,1600,,,1054,,VISO,F4B,,,,,,126417,,,,,,,,2026NL3400212,2,,,,,,,,,,,,,,,,,1822254
8971147,17-02-2026 21:02:00,54.88867000,-0.54050000,,,LV,Clupea harengus,I4537,1,,3980.314743,,1610597,1822243,NETHERLANDS,64T2,4458,12366,12105,,,8.69,11010,,11942,,,0,,,,,,,,,,,,,,,,7.13,,,,,,10183771,,,,,,,MRN2,,2,,7.12,,,,,34.43,,,,,,,,,,,,,,,,1600,,,1054,,VISO,F4B,,,,,,126417,,,,,,,,2026NL3400212,2,,,,,,,,,,,,,,,,,1822243
8971148,17-02-2026 21:02:00,54.88867000,-0.54050000,,,LV,Clupea harengus,I4537,1,,3980.314743,,1610597,1822244,NETHERLANDS,64T2,4458,12366,12105,,,8.69,11010,,11942,,,0,,,,,,,,,,,,,,,,7.13,,,,,,10183771,,,,,,,MRN2,,2,,7.12,,,,,34.43,,,,,,,,,,,,,,,,1600,,,1054,,VISO,F4B,,,,,,126417,,,,,,,,2026NL3400212,2,,,,,,,,,,,,,,,,,1822244
8971149,17-02-2026 21:02:00,54.88867000,-0.54050000,,,LV,Clupea harengus,I4537,3,,3980.314743,,1610597,1822245,NETHERLANDS,64T2,4458,12366,12105,,,8.69,11010,,11942,,,0,,,,,,,,,,,,,,,,7.13,,,,,,10183771,,,,,,,MRN2,,2,,7.12,,,,,34.43,,,,,,,,,,,,,,,,1600,,,1054,,VISO,F4B,,,,,,126417,,,,,,,,2026NL3400212,2,,,,,,,,,,,,,,,,,1822245
8971150,17-02-2026 21:02:00,54.88867000,-0.54050000,,,LV,Clupea harengus,I4537,3,,3980.314743,,1610597,1822246,NETHERLANDS,64T2,4458,12366,12105,,,8.69,11010,,11942,,,0,,,,,,,,,,,,,,,,7.13,,,,,,10183771,,,,,,,MRN2,,2,,7.12,,,,,34.43,,,,,,,,,,,,,,,,1600,,,1054,,VISO,F4B,,,,,,126417,,,,,,,,2026NL3400212,2,,,,,,,,,,,,,,,,,1822246
8971151,17-02-2026 21:02:00,54.88867000,-0.54050000,,,LV,Clupea harengus,I4537,1,,3980.314743,,1610597,1822247,NETHERLANDS,64T2,4458,12366,12105,,,8.69,11010,,11942,,,0,,,,,,,,,,,,,,,,7.13,,,,,,10183771,,,,,,,MRN2,,2,,7.12,,,,,34.43,,,,,,,,,,,,,,,,1600,,,1054,,VISO,F4B,,,,,,126417,,,,,,,,2026NL3400212,2,,,,,,,,,,,,,,,,,1822247
8971152,17-02-2026 21:02:00,54.88867000,-0.54050000,,,LV,Clupea harengus,I4537,2,,3980.314743,,1610597,1822248,NETHERLANDS,64T2,4458,12366,12105,,,8.69,11010,,11942,,,0,,,,,,,,,,,,,,,,7.13,,,,,,10183771,,,,,,,MRN2,,2,,7.12,,,,,34.43,,,,,,,,,,,,,,,,1600,,,1054,,VISO,F4B,,,,,,126417,,,,,,,,2026NL3400212,2,,,,,,,,,,,,,,,,,1822248
8971153,17-02-2026 21:02:00,54.88867000,-0.54050000,,,LV,Clupea harengus,I4537,1,,3980.314743,,1610597,1822237,NETHERLANDS,64T2,4458,12366,12105,,,8.69,11010,,11942,,,0,,,,,,,,,,,,,,,,7.13,,,,,,10183771,,,,,,,MRN2,,2,,7.12,,,,,34.43,,,,,,,,,,,,,,,,1600,,,1054,,VISO,F4B,,,,,,126417,,,,,,,,2026NL3400212,2,,,,,,,,,,,,,,,,,1822237
8971154,17-02-2026 22:05:00,54.90633000,-0.21567000,,,LV,Clupea harengus,I4537,2,,5222.129561,,1610598,1822238,NETHERLANDS,64T2,4458,12366,12105,,,8.69,14445,,15747,,,0,,,,,,,,,,,,,,,,7.19,,,,,,10183357,,,,,,,MRN2,,2,,7.22,,,,,34.5,,,,,,,,,,,,,,,,1600,,,1560,,VISO,F4B,,,,,,126417,,,,,,,,2026NL3400213,2,,,,,,,,,,,,,,,,,1822238
8971155,17-02-2026 22:05:00,54.90633000,-0.21567000,,,LV,Clupea harengus,I4537,1,,5222.129561,,1610598,1822239,NETHERLANDS,64T2,4458,12366,12105,,,8.69,14445,,15747,,,0,,,,,,,,,,,,,,,,7.19,,,,,,10183357,,,,,,,MRN2,,2,,7.22,,,,,34.5,,,,,,,,,,,,,,,,1600,,,1560,,VISO,F4B,,,,,,126417,,,,,,,,2026NL3400213,2,,,,,,,,,,,,,,,,,1822239
8971156,17-02-2026 22:05:00,54.90633000,-0.21567000,,,LV,Clupea harengus,I4537,1,,5222.129561,,1610598,1822240,NETHERLANDS,64T2,4458,12366,12105,,,8.69,14445,,15747,,,0,,,,,,,,,,,,,,,,7.19,,,,,,10183357,,,,,,,MRN2,,2,,7.22,,,,,34.5,,,,,,,,,,,,,,,,1600,,,1560,,VISO,F4B,,,,,,126417,,,,,,,,2026NL3400213,2,,,,,,,,,,,,,,,,,1822240
8971157,17-02-2026 22:05:00,54.90633000,-0.21567000,,,LV,Clupea harengus,I4537,3,,5222.129561,,1610598,1822241,NETHERLANDS,64T2,4458,12366,12105,,,8.69,14445,,15747,,,0,,,,,,,,,,,,,,,,7.19,,,,,,10183357,,,,,,,MRN2,,2,,7.22,,,,,34.5,,,,,,,,,,,,,,,,1600,,,1560,,VISO,F4B,,,,,,126417,,,,,,,,2026NL3400213,2,,,,,,,,,,,,,,,,,1822241
8971158,17-02-2026 22:05:00,54.90633000,-0.21567000,,,LV,Clupea harengus,I4537,1,,5222.129561,,1610598,1822242,NETHERLANDS,64T2,4458,12366,12105,,,8.69,14445,,15747,,,0,,,,,,,,,,,,,,,,7.19,,,,,,10183357,,,,,,,MRN2,,2,,7.22,,,,,34.5,,,,,,,,,,,,,,,,1600,,,1560,,VISO,F4B,,,,,,126417,,,,,,,,2026NL3400213,2,,,,,,,,,,,,,,,,,1822242
8971159,17-02-2026 22:05:00,54.90633000,-0.21567000,,,LV,Clupea harengus,I4537,2,,5222.129561,,1610598,1822231,NETHERLANDS,64T2,4458,12366,12105,,,8.69,14445,,15747,,,0,,,,,,,,,,,,,,,,7.19,,,,,,10183357,,,,,,,MRN2,,2,,7.22,,,,,34.5,,,,,,,,,,,,,,,,1600,,,1560,,VISO,F4B,,,,,,126417,,,,,,,,2026NL3400213,2,,,,,,,,,,,,,,,,,1822231
8971160,17-02-2026 22:05:00,54.90633000,-0.21567000,,,LV,Clupea harengus,I4537,2,,5222.129561,,1610598,1822232,NETHERLANDS,64T2,4458,12366,12105,,,8.69,14445,,15747,,,0,,,,,,,,,,,,,,,,7.19,,,,,,10183357,,,,,,,MRN2,,2,,7.22,,,,,34.5,,,,,,,,,,,,,,,,1600,,,1560,,VISO,F4B,,,,,,126417,,,,,,,,2026NL3400213,2,,,,,,,,,,,,,,,,,1822232
8971161,17-02-2026 22:05:00,54.90633000,-0.21567000,,,LV,Clupea harengus,I4537,1,,5222.129561,,1610598,1822233,NETHERLANDS,64T2,4458,12366,12105,,,8.69,14445,,15747,,,0,,,,,,,,,,,,,,,,7.19,,,,,,10183357,,,,,,,MRN2,,2,,7.22,,,,,34.5,,,,,,,,,,,,,,,,1600,,,1560,,VISO,F4B,,,,,,126417,,,,,,,,2026NL3400213,2,,,,,,,,,,,,,,,,,1822233
8971162,17-02-2026 22:05:00,54.90633000,-0.21567000,,,LV,Sardina pilchardus,I4537,1,,5222.129561,,1610598,1822869,NETHERLANDS,64T2,4458,12366,12129,,,8.69,14445,,15747,,,0,,,,,,,,,,,,,,,,7.19,,,,,,10183357,,,,,,,MRN2,,2,,7.22,,,,,34.5,,,,,,,,,,,,,,,,1600,,,1560,,VISO,F4B,,,,,,126421,,,,,,,,2026NL3400213,2,,,,,,,,,,,,,,,,,1822869
8971163,17-02-2026 23:22:00,54.91500000,0.17400000,,,LV,Clupea harengus,I4537,2,,5674.027239,,1610599,1822234,NETHERLANDS,64T2,4458,12366,12105,,,8.69,15695,,16889,,,0,,,,,,,,,,,,,,,,7.24,,,,,,10183336,,,,,,,MRN2,,2,,7.21,,,,,34.5,,,,,,,,,,,,,,,,1600,,,1640,,VISO,F4B,,,,,,126417,,,,,,,,2026NL3400214,2,,,,,,,,,,,,,,,,,1822234
8971164,17-02-2026 23:22:00,54.91500000,0.17400000,,,LV,Clupea harengus,I4537,1,,5674.027239,,1610599,1822235,NETHERLANDS,64T2,4458,12366,12105,,,8.69,15695,,16889,,,0,,,,,,,,,,,,,,,,7.24,,,,,,10183336,,,,,,,MRN2,,2,,7.21,,,,,34.5,,,,,,,,,,,,,,,,1600,,,1640,,VISO,F4B,,,,,,126417,,,,,,,,2026NL3400214,2,,,,,,,,,,,,,,,,,1822235
8971165,17-02-2026 23:22:00,54.91500000,0.17400000,,,LV,Clupea harengus,I4537,2,,5674.027239,,1610599,1822236,NETHERLANDS,64T2,4458,12366,12105,,,8.69,15695,,16889,,,0,,,,,,,,,,,,,,,,7.24,,,,,,10183336,,,,,,,MRN2,,2,,7.21,,,,,34.5,,,,,,,,,,,,,,,,1600,,,1640,,VISO,F4B,,,,,,126417,,,,,,,,2026NL3400214,2,,,,,,,,,,,,,,,,,1822236
8971166,17-02-2026 23:22:00,54.91500000,0.17400000,,,LV,Clupea harengus,I4537,2,,5674.027239,,1610599,1822225,NETHERLANDS,64T2,4458,12366,12105,,,8.69,15695,,16889,,,0,,,,,,,,,,,,,,,,7.24,,,,,,10183336,,,,,,,MRN2,,2,,7.21,,,,,34.5,,,,,,,,,,,,,,,,1600,,,1640,,VISO,F4B,,,,,,126417,,,,,,,,2026NL3400214,2,,,,,,,,,,,,,,,,,1822225
8971167,17-02-2026 23:22:00,54.91500000,0.17400000,,,LV,Clupea harengus,I4537,3,,5674.027239,,1610599,1822226,NETHERLANDS,64T2,4458,12366,12105,,,8.69,15695,,16889,,,0,,,,,,,,,,,,,,,,7.24,,,,,,10183336,,,,,,,MRN2,,2,,7.21,,,,,34.5,,,,,,,,,,,,,,,,1600,,,1640,,VISO,F4B,,,,,,126417,,,,,,,,2026NL3400214,2,,,,,,,,,,,,,,,,,1822226
8971168,17-02-2026 23:22:00,54.91500000,0.17400000,,,LV,Clupea harengus,I4537,5,,5674.027239,,1610599,1822227,NETHERLANDS,64T2,4458,12366,12105,,,8.69,15695,,16889,,,0,,,,,,,,,,,,,,,,7.24,,,,,,10183336,,,,,,,MRN2,,2,,7.21,,,,,34.5,,,,,,,,,,,,,,,,1600,,,1640,,VISO,F4B,,,,,,126417,,,,,,,,2026NL3400214,2,,,,,,,,,,,,,,,,,1822227
8971169,17-02-2026 23:22:00,54.91500000,0.17400000,,,LV,Clupea harengus,I4537,2,,5674.027239,,1610599,1822228,NETHERLANDS,64T2,4458,12366,12105,,,8.69,15695,,16889,,,0,,,,,,,,,,,,,,,,7.24,,,,,,10183336,,,,,,,MRN2,,2,,7.21,,,,,34.5,,,,,,,,,,,,,,,,1600,,,1640,,VISO,F4B,,,,,,126417,,,,,,,,2026NL3400214,2,,,,,,,,,,,,,,,,,1822228
8971170,17-02-2026 23:22:00,54.91500000,0.17400000,,,LV,Clupea harengus,I4537,1,,5674.027239,,1610599,1822229,NETHERLANDS,64T2,4458,12366,12105,,,8.69,15695,,16889,,,0,,,,,,,,,,,,,,,,7.24,,,,,,10183336,,,,,,,MRN2,,2,,7.21,,,,,34.5,,,,,,,,,,,,,,,,1600,,,1640,,VISO,F4B,,,,,,126417,,,,,,,,2026NL3400214,2,,,,,,,,,,,,,,,,,1822229
8971171,17-02-2026 23:22:00,54.91500000,0.17400000,,,LV,Clupea harengus,I4537,1,,5674.027239,,1610599,1822230,NETHERLANDS,64T2,4458,12366,12105,,,8.69,15695,,16889,,,0,,,,,,,,,,,,,,,,7.24,,,,,,10183336,,,,,,,MRN2,,2,,7.21,,,,,34.5,,,,,,,,,,,,,,,,1600,,,1640,,VISO,F4B,,,,,,126417,,,,,,,,2026NL3400214,2,,,,,,,,,,,,,,,,,1822230
8971172,18-02-2026 00:28:00,54.91000000,0.49533000,,,LV,Clupea harengus,I4537,2,,5826.949413,,1610600,1822219,NETHERLANDS,64T2,4458,12366,12105,,,8.69,16118,,15676,,,0,,,,,,,,,,,,,,,,7.38,,,,,,10183436,,,,,,,MRN2,,2,,7.35,,,,,34.74,,,,,,,,,,,,,,,,1600,,,1782,,VISO,F4B,,,,,,126417,,,,,,,,2026NL3400215,2,,,,,,,,,,,,,,,,,1822219
8971173,18-02-2026 00:28:00,54.91000000,0.49533000,,,LV,Clupea harengus,I4537,1,,5826.949413,,1610600,1822220,NETHERLANDS,64T2,4458,12366,12105,,,8.69,16118,,15676,,,0,,,,,,,,,,,,,,,,7.38,,,,,,10183436,,,,,,,MRN2,,2,,7.35,,,,,34.74,,,,,,,,,,,,,,,,1600,,,1782,,VISO,F4B,,,,,,126417,,,,,,,,2026NL3400215,2,,,,,,,,,,,,,,,,,1822220
8971174,18-02-2026 00:28:00,54.91000000,0.49533000,,,LV,Clupea harengus,I4537,1,,5826.949413,,1610600,1822221,NETHERLANDS,64T2,4458,12366,12105,,,8.69,16118,,15676,,,0,,,,,,,,,,,,,,,,7.38,,,,,,10183436,,,,,,,MRN2,,2,,7.35,,,,,34.74,,,,,,,,,,,,,,,,1600,,,1782,,VISO,F4B,,,,,,126417,,,,,,,,2026NL3400215,2,,,,,,,,,,,,,,,,,1822221
8971175,18-02-2026 01:41:00,55.10667000,0.49200000,,,LV,Clupea harengus,I4537,3,,6180.152638,,1610601,1822222,NETHERLANDS,64T2,4458,12366,12105,,,8.69,17095,,18072,,,0,,,,,,,,,,,,,,,,7.45,,,,,,10183405,,,,,,,MRN2,,2,,7.37,,,,,34.78,,,,,,,,,,,,,,,,1600,,,2035,,VISO,F4B,,,,,,126417,,,,,,,,2026NL3400216,2,,,,,,,,,,,,,,,,,1822222
8971176,18-02-2026 01:41:00,55.10667000,0.49200000,,,LV,Clupea harengus,I4537,1,,6180.152638,,1610601,1822223,NETHERLANDS,64T2,4458,12366,12105,,,8.69,17095,,18072,,,0,,,,,,,,,,,,,,,,7.45,,,,,,10183405,,,,,,,MRN2,,2,,7.37,,,,,34.78,,,,,,,,,,,,,,,,1600,,,2035,,VISO,F4B,,,,,,126417,,,,,,,,2026NL3400216,2,,,,,,,,,,,,,,,,,1822223
8971177,18-02-2026 01:41:00,55.10667000,0.49200000,,,LV,Clupea harengus,I4537,1,,6180.152638,,1610601,1822224,NETHERLANDS,64T2,4458,12366,12105,,,8.69,17095,,18072,,,0,,,,,,,,,,,,,,,,7.45,,,,,,10183405,,,,,,,MRN2,,2,,7.37,,,,,34.78,,,,,,,,,,,,,,,,1600,,,2035,,VISO,F4B,,,,,,126417,,,,,,,,2026NL3400216,2,,,,,,,,,,,,,,,,,1822224
8971178,18-02-2026 01:41:00,55.10667000,0.49200000,,,LV,Clupea harengus,I4537,1,,6180.152638,,1610601,1822213,NETHERLANDS,64T2,4458,12366,12105,,,8.69,17095,,18072,,,0,,,,,,,,,,,,,,,,7.45,,,,,,10183405,,,,,,,MRN2,,2,,7.37,,,,,34.78,,,,,,,,,,,,,,,,1600,,,2035,,VISO,F4B,,,,,,126417,,,,,,,,2026NL3400216,2,,,,,,,,,,,,,,,,,1822213
8971179,18-02-2026 01:41:00,55.10667000,0.49200000,,,LV,Clupea harengus,I4537,1,,6180.152638,,1610601,1822214,NETHERLANDS,64T2,4458,12366,12105,,,8.69,17095,,18072,,,0,,,,,,,,,,,,,,,,7.45,,,,,,10183405,,,,,,,MRN2,,2,,7.37,,,,,34.78,,,,,,,,,,,,,,,,1600,,,2035,,VISO,F4B,,,,,,126417,,,,,,,,2026NL3400216,2,,,,,,,,,,,,,,,,,1822214
8971180,18-02-2026 03:08:00,55.08883000,0.13883000,,,LV,Clupea harengus,I4537,1,,5391.320052,,1610603,1822215,NETHERLANDS,64T2,4458,12366,12105,,,8.69,14913,,16143,,,0,,,,,,,,,,,,,,,,7.32,,,,,,10183352,,,,,,,MRN2,,2,,7.2,,,,,34.56,,,,,,,,,,,,,,,,1600,,,1747,,VISO,F4B,,,,,,126417,,,,,,,,2026NL3400218,2,,,,,,,,,,,,,,,,,1822215
