tblUploadID,tblHaulID,tblCodeID_Country,tblCodeID_Institute,tblCodeID_Survey,ICES_HaulID,RecordType,Survey,Country,Institute,Campaign,SurveyPeriod,Ship,Gear,GearDeployment,MeshSize,MeshType,CodendMesh,StationNumber,HaulID,ELHaulFlag,NationalHaulID,Day,Month,Year,Hour,Minute,StartLatitude,StartLongitude,HaulDurationMinutes,HaulDurationSeconds,Distance,WireAngle,WireLength,Netopening,NetopeningArea,FlowEfficiency,NetClogging,FlowmeterType,FlowmeterBrand,FlowIntRevs,FlowIntCalibr,FlowExtRevs,FlowExtCalibr,VolumeFiltInt,ELVolFlag,DepthUpper,DepthLower,DepthBottom,SurTemp,Temp20m,Temp50m,Temp100m,BotTemp,SurSal,Sal20m,BotSal,STATREC,Notes
14531,1609779,12095,12308,12366,1609779,EH,I4537,SE,4484,MIKQ1SE2026,,77SE,MRN2,dO,1600,WovFab,500,39,2026SE101,,2026SE901,18,1,2026,19,3,58.19488,11.20437,11,,426,,,,3.1416,,,MCR,Hydro-Bios,3029,3.33,,,,F,,37.1,56,,,,,,,,,45G1,
14531,1609779,12095,12308,12366,1609779,EH,I4537,SE,4484,MIKQ1SE2026,,77SE,MRN2,dO,1600,WovFab,500,39,2026SE101,,2026SE901,18,1,2026,19,3,58.19488,11.20437,11,,426,,,,3.1416,,,MCR,Hydro-Bios,3029,3.33,,,,F,,37.1,56,,,,,,,,,45G1,
14531,1609779,12095,12308,12366,1609779,EH,I4537,SE,4484,MIKQ1SE2026,,77SE,MRN2,dO,1600,WovFab,500,39,2026SE101,,2026SE901,18,1,2026,19,3,58.19488,11.20437,11,,426,,,,3.1416,,,MCR,Hydro-Bios,3029,3.33,,,,F,,37.1,56,,,,,,,,,45G1,
14531,1609781,12095,12308,12366,1609781,EH,I4537,SE,4484,MIKQ1SE2026,,77SE,MRN2,dO,1600,WovFab,500,41,2026SE103,,2026SE903,18,1,2026,22,58,57.91551,10.83835,50,,4463,,,,3.1416,,,MCR,Hydro-Bios,14986,3.33,,,,F,,98.5,139.9,,,,,,,,,44G0,
14531,1609782,12095,12308,12366,1609782,EH,I4537,SE,4484,MIKQ1SE2026,,77SE,MRN2,dO,1600,WovFab,500,42,2026SE104,,2026SE904,19,1,2026,0,57,57.86703,11.19805,33,,3278,,,,3.1416,,,MCR,Hydro-Bios,11633,3.33,,,,F,,54.4,59,,,,,,,,,44G1,
14531,1609782,12095,12308,12366,1609782,EH,I4537,SE,4484,MIKQ1SE2026,,77SE,MRN2,dO,1600,WovFab,500,42,2026SE104,,2026SE904,19,1,2026,0,57,57.86703,11.19805,33,,3278,,,,3.1416,,,MCR,Hydro-Bios,11633,3.33,,,,F,,54.4,59,,,,,,,,,44G1,
14531,1609782,12095,12308,12366,1609782,EH,I4537,SE,4484,MIKQ1SE2026,,77SE,MRN2,dO,1600,WovFab,500,42,2026SE104,,2026SE904,19,1,2026,0,57,57.86703,11.19805,33,,3278,,,,3.1416,,,MCR,Hydro-Bios,11633,3.33,,,,F,,54.4,59,,,,,,,,,44G1,
14531,1609782,12095,12308,12366,1609782,EH,I4537,SE,4484,MIKQ1SE2026,,77SE,MRN2,dO,1600,WovFab,500,42,2026SE104,,2026SE904,19,1,2026,0,57,57.86703,11.19805,33,,3278,,,,3.1416,,,MCR,Hydro-Bios,11633,3.33,,,,F,,54.4,59,,,,,,,,,44G1,
14531,1609782,12095,12308,12366,1609782,EH,I4537,SE,4484,MIKQ1SE2026,,77SE,MRN2,dO,1600,WovFab,500,42,2026SE104,,2026SE904,19,1,2026,0,57,57.86703,11.19805,33,,3278,,,,3.1416,,,MCR,Hydro-Bios,11633,3.33,,,,F,,54.4,59,,,,,,,,,44G1,
14531,1609782,12095,12308,12366,1609782,EH,I4537,SE,4484,MIKQ1SE2026,,77SE,MRN2,dO,1600,WovFab,500,42,2026SE104,,2026SE904,19,1,2026,0,57,57.86703,11.19805,33,,3278,,,,3.1416,,,MCR,Hydro-Bios,11633,3.33,,,,F,,54.4,59,,,,,,,,,44G1,
14531,1609782,12095,12308,12366,1609782,EH,I4537,SE,4484,MIKQ1SE2026,,77SE,MRN2,dO,1600,WovFab,500,42,2026SE104,,2026SE904,19,1,2026,0,57,57.86703,11.19805,33,,3278,,,,3.1416,,,MCR,Hydro-Bios,11633,3.33,,,,F,,54.4,59,,,,,,,,,44G1,
14531,1609782,12095,12308,12366,1609782,EH,I4537,SE,4484,MIKQ1SE2026,,77SE,MRN2,dO,1600,WovFab,500,42,2026SE104,,2026SE904,19,1,2026,0,57,57.86703,11.19805,33,,3278,,,,3.1416,,,MCR,Hydro-Bios,11633,3.33,,,,F,,54.4,59,,,,,,,,,44G1,
14531,1609783,12095,12308,12366,1609783,EH,I4537,SE,4484,MIKQ1SE2026,,77SE,MRN2,dO,1600,WovFab,500,46,2026SE105,,2026SE905,19,1,2026,17,12,57.43844,10.84117,14,,1074,,,,3.1416,,,MCR,Hydro-Bios,4372,3.33,,,,F,,31.3,38.9,,,,,,,,,43G0,
14531,1609783,12095,12308,12366,1609783,EH,I4537,SE,4484,MIKQ1SE2026,,77SE,MRN2,dO,1600,WovFab,500,46,2026SE105,,2026SE905,19,1,2026,17,12,57.43844,10.84117,14,,1074,,,,3.1416,,,MCR,Hydro-Bios,4372,3.33,,,,F,,31.3,38.9,,,,,,,,,43G0,
14531,1609783,12095,12308,12366,1609783,EH,I4537,SE,4484,MIKQ1SE2026,,77SE,MRN2,dO,1600,WovFab,500,46,2026SE105,,2026SE905,19,1,2026,17,12,57.43844,10.84117,14,,1074,,,,3.1416,,,MCR,Hydro-Bios,4372,3.33,,,,F,,31.3,38.9,,,,,,,,,43G0,
14531,1609783,12095,12308,12366,1609783,EH,I4537,SE,4484,MIKQ1SE2026,,77SE,MRN2,dO,1600,WovFab,500,46,2026SE105,,2026SE905,19,1,2026,17,12,57.43844,10.84117,14,,1074,,,,3.1416,,,MCR,Hydro-Bios,4372,3.33,,,,F,,31.3,38.9,,,,,,,,,43G0,
14531,1609783,12095,12308,12366,1609783,EH,I4537,SE,4484,MIKQ1SE2026,,77SE,MRN2,dO,1600,WovFab,500,46,2026SE105,,2026SE905,19,1,2026,17,12,57.43844,10.84117,14,,1074,,,,3.1416,,,MCR,Hydro-Bios,4372,3.33,,,,F,,31.3,38.9,,,,,,,,,43G0,
14531,1609783,12095,12308,12366,1609783,EH,I4537,SE,4484,MIKQ1SE2026,,77SE,MRN2,dO,1600,WovFab,500,46,2026SE105,,2026SE905,19,1,2026,17,12,57.43844,10.84117,14,,1074,,,,3.1416,,,MCR,Hydro-Bios,4372,3.33,,,,F,,31.3,38.9,,,,,,,,,43G0,
14531,1609783,12095,12308,12366,1609783,EH,I4537,SE,4484,MIKQ1SE2026,,77SE,MRN2,dO,1600,WovFab,500,46,2026SE105,,2026SE905,19,1,2026,17,12,57.43844,10.84117,14,,1074,,,,3.1416,,,MCR,Hydro-Bios,4372,3.33,,,,F,,31.3,38.9,,,,,,,,,43G0,
14531,1609783,12095,12308,12366,1609783,EH,I4537,SE,4484,MIKQ1SE2026,,77SE,MRN2,dO,1600,WovFab,500,46,2026SE105,,2026SE905,19,1,2026,17,12,57.43844,10.84117,14,,1074,,,,3.1416,,,MCR,Hydro-Bios,4372,3.33,,,,F,,31.3,38.9,,,,,,,,,43G0,
14531,1609783,12095,12308,12366,1609783,EH,I4537,SE,4484,MIKQ1SE2026,,77SE,MRN2,dO,1600,WovFab,500,46,2026SE105,,2026SE905,19,1,2026,17,12,57.43844,10.84117,14,,1074,,,,3.1416,,,MCR,Hydro-Bios,4372,3.33,,,,F,,31.3,38.9,,,,,,,,,43G0,
14531,1609783,12095,12308,12366,1609783,EH,I4537,SE,4484,MIKQ1SE2026,,77SE,MRN2,dO,1600,WovFab,500,46,2026SE105,,2026SE905,19,1,2026,17,12,57.43844,10.84117,14,,1074,,,,3.1416,,,MCR,Hydro-Bios,4372,3.33,,,,F,,31.3,38.9,,,,,,,,,43G0,
14531,1609783,12095,12308,12366,1609783,EH,I4537,SE,4484,MIKQ1SE2026,,77SE,MRN2,dO,1600,WovFab,500,46,2026SE105,,2026SE905,19,1,2026,17,12,57.43844,10.84117,14,,1074,,,,3.1416,,,MCR,Hydro-Bios,4372,3.33,,,,F,,31.3,38.9,,,,,,,,,43G0,
14531,1609784,12095,12308,12366,1609784,EH,I4537,SE,4484,MIKQ1SE2026,,77SE,MRN2,dO,1600,WovFab,500,47,2026SE106,,2026SE906,19,1,2026,18,44,57.58589,10.80679,15,,1500,,,,3.1416,,,MCR,Hydro-Bios,4593,3.33,,,,F,,21,28.1,,,,,,,,,44G0,
14531,1609784,12095,12308,12366,1609784,EH,I4537,SE,4484,MIKQ1SE2026,,77SE,MRN2,dO,1600,WovFab,500,47,2026SE106,,2026SE906,19,1,2026,18,44,57.58589,10.80679,15,,1500,,,,3.1416,,,MCR,Hydro-Bios,4593,3.33,,,,F,,21,28.1,,,,,,,,,44G0,
14531,1609784,12095,12308,12366,1609784,EH,I4537,SE,4484,MIKQ1SE2026,,77SE,MRN2,dO,1600,WovFab,500,47,2026SE106,,2026SE906,19,1,2026,18,44,57.58589,10.80679,15,,1500,,,,3.1416,,,MCR,Hydro-Bios,4593,3.33,,,,F,,21,28.1,,,,,,,,,44G0,
14531,1609784,12095,12308,12366,1609784,EH,I4537,SE,4484,MIKQ1SE2026,,77SE,MRN2,dO,1600,WovFab,500,47,2026SE106,,2026SE906,19,1,2026,18,44,57.58589,10.80679,15,,1500,,,,3.1416,,,MCR,Hydro-Bios,4593,3.33,,,,F,,21,28.1,,,,,,,,,44G0,
14531,1609784,12095,12308,12366,1609784,EH,I4537,SE,4484,MIKQ1SE2026,,77SE,MRN2,dO,1600,WovFab,500,47,2026SE106,,2026SE906,19,1,2026,18,44,57.58589,10.80679,15,,1500,,,,3.1416,,,MCR,Hydro-Bios,4593,3.33,,,,F,,21,28.1,,,,,,,,,44G0,
14531,1609784,12095,12308,12366,1609784,EH,I4537,SE,4484,MIKQ1SE2026,,77SE,MRN2,dO,1600,WovFab,500,47,2026SE106,,2026SE906,19,1,2026,18,44,57.58589,10.80679,15,,1500,,,,3.1416,,,MCR,Hydro-Bios,4593,3.33,,,,F,,21,28.1,,,,,,,,,44G0,
14531,1609784,12095,12308,12366,1609784,EH,I4537,SE,4484,MIKQ1SE2026,,77SE,MRN2,dO,1600,WovFab,500,47,2026SE106,,2026SE906,19,1,2026,18,44,57.58589,10.80679,15,,1500,,,,3.1416,,,MCR,Hydro-Bios,4593,3.33,,,,F,,21,28.1,,,,,,,,,44G0,
14531,1609784,12095,12308,12366,1609784,EH,I4537,SE,4484,MIKQ1SE2026,,77SE,MRN2,dO,1600,WovFab,500,47,2026SE106,,2026SE906,19,1,2026,18,44,57.58589,10.80679,15,,1500,,,,3.1416,,,MCR,Hydro-Bios,4593,3.33,,,,F,,21,28.1,,,,,,,,,44G0,
14531,1609785,12095,12308,12366,1609785,EH,I4537,SE,4484,MIKQ1SE2026,,77SE,MRN2,dO,1600,WovFab,500,48,2026SE107,,2026SE907,19,1,2026,20,45,57.74786,11.1667,19,,1556,,,,3.1416,,,MCR,Hydro-Bios,5492,3.33,,,,F,,37.2,43.9,,,,,,,,,44G1,
14531,1609785,12095,12308,12366,1609785,EH,I4537,SE,4484,MIKQ1SE2026,,77SE,MRN2,dO,1600,WovFab,500,48,2026SE107,,2026SE907,19,1,2026,20,45,57.74786,11.1667,19,,1556,,,,3.1416,,,MCR,Hydro-Bios,5492,3.33,,,,F,,37.2,43.9,,,,,,,,,44G1,
14531,1609786,12095,12308,12366,1609786,EH,I4537,SE,4484,MIKQ1SE2026,,77SE,MRN2,dO,1600,WovFab,500,49,2026SE108,,2026SE908,19,1,2026,22,22,57.58523,11.28882,20,,1241,,,,3.1416,,,MCR,Hydro-Bios,5364,3.33,,,,F,,45,52.8,,,,,,,,,44G1,
14531,1609786,12095,12308,12366,1609786,EH,I4537,SE,4484,MIKQ1SE2026,,77SE,MRN2,dO,1600,WovFab,500,49,2026SE108,,2026SE908,19,1,2026,22,22,57.58523,11.28882,20,,1241,,,,3.1416,,,MCR,Hydro-Bios,5364,3.33,,,,F,,45,52.8,,,,,,,,,44G1,
14531,1609787,12095,12308,12366,1609787,EH,I4537,SE,4484,MIKQ1SE2026,,77SE,MRN2,dO,1600,WovFab,500,50,2026SE109,,2026SE909,20,1,2026,0,25,57.41009,11.61492,26,,2408,,,,3.1416,,,MCR,Hydro-Bios,8034,3.33,,,,F,,45.8,52.5,,,,,,,,,43G1,
14531,1609787,12095,12308,12366,1609787,EH,I4537,SE,4484,MIKQ1SE2026,,77SE,MRN2,dO,1600,WovFab,500,50,2026SE109,,2026SE909,20,1,2026,0,25,57.41009,11.61492,26,,2408,,,,3.1416,,,MCR,Hydro-Bios,8034,3.33,,,,F,,45.8,52.5,,,,,,,,,43G1,
14531,1609787,12095,12308,12366,1609787,EH,I4537,SE,4484,MIKQ1SE2026,,77SE,MRN2,dO,1600,WovFab,500,50,2026SE109,,2026SE909,20,1,2026,0,25,57.41009,11.61492,26,,2408,,,,3.1416,,,MCR,Hydro-Bios,8034,3.33,,,,F,,45.8,52.5,,,,,,,,,43G1,
14531,1609787,12095,12308,12366,1609787,EH,I4537,SE,4484,MIKQ1SE2026,,77SE,MRN2,dO,1600,WovFab,500,50,2026SE109,,2026SE909,20,1,2026,0,25,57.41009,11.61492,26,,2408,,,,3.1416,,,MCR,Hydro-Bios,8034,3.33,,,,F,,45.8,52.5,,,,,,,,,43G1,
14531,1609787,12095,12308,12366,1609787,EH,I4537,SE,4484,MIKQ1SE2026,,77SE,MRN2,dO,1600,WovFab,500,50,2026SE109,,2026SE909,20,1,2026,0,25,57.41009,11.61492,26,,2408,,,,3.1416,,,MCR,Hydro-Bios,8034,3.33,,,,F,,45.8,52.5,,,,,,,,,43G1,
14531,1609787,12095,12308,12366,1609787,EH,I4537,SE,4484,MIKQ1SE2026,,77SE,MRN2,dO,1600,WovFab,500,50,2026SE109,,2026SE909,20,1,2026,0,25,57.41009,11.61492,26,,2408,,,,3.1416,,,MCR,Hydro-Bios,8034,3.33,,,,F,,45.8,52.5,,,,,,,,,43G1,
14531,1609788,12095,12308,12366,1609788,EH,I4537,SE,4484,MIKQ1SE2026,,77SE,MRN2,dO,1600,WovFab,500,51,2026SE110,,2026SE910,20,1,2026,2,28,57.34095,11.28049,20,,2111,,,,3.1416,,,MCR,Hydro-Bios,6231,3.33,,,,F,,30.3,36.8,,,,,,,,,43G1,
14531,1609788,12095,12308,12366,1609788,EH,I4537,SE,4484,MIKQ1SE2026,,77SE,MRN2,dO,1600,WovFab,500,51,2026SE110,,2026SE910,20,1,2026,2,28,57.34095,11.28049,20,,2111,,,,3.1416,,,MCR,Hydro-Bios,6231,3.33,,,,F,,30.3,36.8,,,,,,,,,43G1,
14531,1609788,12095,12308,12366,1609788,EH,I4537,SE,4484,MIKQ1SE2026,,77SE,MRN2,dO,1600,WovFab,500,51,2026SE110,,2026SE910,20,1,2026,2,28,57.34095,11.28049,20,,2111,,,,3.1416,,,MCR,Hydro-Bios,6231,3.33,,,,F,,30.3,36.8,,,,,,,,,43G1,
14531,1609788,12095,12308,12366,1609788,EH,I4537,SE,4484,MIKQ1SE2026,,77SE,MRN2,dO,1600,WovFab,500,51,2026SE110,,2026SE910,20,1,2026,2,28,57.34095,11.28049,20,,2111,,,,3.1416,,,MCR,Hydro-Bios,6231,3.33,,,,F,,30.3,36.8,,,,,,,,,43G1,
14531,1609788,12095,12308,12366,1609788,EH,I4537,SE,4484,MIKQ1SE2026,,77SE,MRN2,dO,1600,WovFab,500,51,2026SE110,,2026SE910,20,1,2026,2,28,57.34095,11.28049,20,,2111,,,,3.1416,,,MCR,Hydro-Bios,6231,3.33,,,,F,,30.3,36.8,,,,,,,,,43G1,
14531,1609788,12095,12308,12366,1609788,EH,I4537,SE,4484,MIKQ1SE2026,,77SE,MRN2,dO,1600,WovFab,500,51,2026SE110,,2026SE910,20,1,2026,2,28,57.34095,11.28049,20,,2111,,,,3.1416,,,MCR,Hydro-Bios,6231,3.33,,,,F,,30.3,36.8,,,,,,,,,43G1,
14531,1609788,12095,12308,12366,1609788,EH,I4537,SE,4484,MIKQ1SE2026,,77SE,MRN2,dO,1600,WovFab,500,51,2026SE110,,2026SE910,20,1,2026,2,28,57.34095,11.28049,20,,2111,,,,3.1416,,,MCR,Hydro-Bios,6231,3.33,,,,F,,30.3,36.8,,,,,,,,,43G1,
14531,1609789,12095,12308,12366,1609789,EH,I4537,SE,4484,MIKQ1SE2026,,77SE,MRN2,dO,1600,WovFab,500,56,2026SE111,,2026SE911,20,1,2026,17,9,56.8455,11.73407,20,,1833,,,,3.1416,,,MCR,Hydro-Bios,6356,3.33,,,,F,,37.8,44.9,,,,,,,,,42G1,
14531,1609789,12095,12308,12366,1609789,EH,I4537,SE,4484,MIKQ1SE2026,,77SE,MRN2,dO,1600,WovFab,500,56,2026SE111,,2026SE911,20,1,2026,17,9,56.8455,11.73407,20,,1833,,,,3.1416,,,MCR,Hydro-Bios,6356,3.33,,,,F,,37.8,44.9,,,,,,,,,42G1,
14531,1609789,12095,12308,12366,1609789,EH,I4537,SE,4484,MIKQ1SE2026,,77SE,MRN2,dO,1600,WovFab,500,56,2026SE111,,2026SE911,20,1,2026,17,9,56.8455,11.73407,20,,1833,,,,3.1416,,,MCR,Hydro-Bios,6356,3.33,,,,F,,37.8,44.9,,,,,,,,,42G1,
14531,1609789,12095,12308,12366,1609789,EH,I4537,SE,4484,MIKQ1SE2026,,77SE,MRN2,dO,1600,WovFab,500,56,2026SE111,,2026SE911,20,1,2026,17,9,56.8455,11.73407,20,,1833,,,,3.1416,,,MCR,Hydro-Bios,6356,3.33,,,,F,,37.8,44.9,,,,,,,,,42G1,
14531,1609789,12095,12308,12366,1609789,EH,I4537,SE,4484,MIKQ1SE2026,,77SE,MRN2,dO,1600,WovFab,500,56,2026SE111,,2026SE911,20,1,2026,17,9,56.8455,11.73407,20,,1833,,,,3.1416,,,MCR,Hydro-Bios,6356,3.33,,,,F,,37.8,44.9,,,,,,,,,42G1,
14531,1609790,12095,12308,12366,1609790,EH,I4537,SE,4484,MIKQ1SE2026,,77SE,MRN2,dO,1600,WovFab,500,57,2026SE112,,2026SE913,20,1,2026,19,56,56.58224,11.58166,19,,1556,,,,3.1416,,,MCR,Hydro-Bios,5499,3.33,,,,F,,22.7,30,,,,,,,,,42G1,
14531,1609790,12095,12308,12366,1609790,EH,I4537,SE,4484,MIKQ1SE2026,,77SE,MRN2,dO,1600,WovFab,500,57,2026SE112,,2026SE913,20,1,2026,19,56,56.58224,11.58166,19,,1556,,,,3.1416,,,MCR,Hydro-Bios,5499,3.33,,,,F,,22.7,30,,,,,,,,,42G1,
14531,1609790,12095,12308,12366,1609790,EH,I4537,SE,4484,MIKQ1SE2026,,77SE,MRN2,dO,1600,WovFab,500,57,2026SE112,,2026SE913,20,1,2026,19,56,56.58224,11.58166,19,,1556,,,,3.1416,,,MCR,Hydro-Bios,5499,3.33,,,,F,,22.7,30,,,,,,,,,42G1,
14531,1609790,12095,12308,12366,1609790,EH,I4537,SE,4484,MIKQ1SE2026,,77SE,MRN2,dO,1600,WovFab,500,57,2026SE112,,2026SE913,20,1,2026,19,56,56.58224,11.58166,19,,1556,,,,3.1416,,,MCR,Hydro-Bios,5499,3.33,,,,F,,22.7,30,,,,,,,,,42G1,
14531,1609790,12095,12308,12366,1609790,EH,I4537,SE,4484,MIKQ1SE2026,,77SE,MRN2,dO,1600,WovFab,500,57,2026SE112,,2026SE913,20,1,2026,19,56,56.58224,11.58166,19,,1556,,,,3.1416,,,MCR,Hydro-Bios,5499,3.33,,,,F,,22.7,30,,,,,,,,,42G1,
14531,1609790,12095,12308,12366,1609790,EH,I4537,SE,4484,MIKQ1SE2026,,77SE,MRN2,dO,1600,WovFab,500,57,2026SE112,,2026SE913,20,1,2026,19,56,56.58224,11.58166,19,,1556,,,,3.1416,,,MCR,Hydro-Bios,5499,3.33,,,,F,,22.7,30,,,,,,,,,42G1,
14531,1609793,12095,12308,12366,1609793,EH,I4537,SE,4484,MIKQ1SE2026,,77SE,MRN2,dO,1600,WovFab,500,60,2026SE115,,2026SE916,21,1,2026,0,12,56.2752,11.16096,11,,982,,,,3.1416,,,MCR,Hydro-Bios,3486,3.33,,,,F,,14.7,21.7,,,,,,,,,41G1,
14531,1609793,12095,12308,12366,1609793,EH,I4537,SE,4484,MIKQ1SE2026,,77SE,MRN2,dO,1600,WovFab,500,60,2026SE115,,2026SE916,21,1,2026,0,12,56.2752,11.16096,11,,982,,,,3.1416,,,MCR,Hydro-Bios,3486,3.33,,,,F,,14.7,21.7,,,,,,,,,41G1,
14531,1609794,12095,12308,12366,1609794,EH,I4537,SE,4484,MIKQ1SE2026,,77SE,MRN2,dO,1600,WovFab,500,61,2026SE116,,2026SE917,21,1,2026,1,39,56.15716,10.93765,13,,1222,,,,3.1416,,,MCR,Hydro-Bios,3481,3.33,,,,F,,14.6,21.6,,,,,,,,,41G0,
14531,1609794,12095,12308,12366,1609794,EH,I4537,SE,4484,MIKQ1SE2026,,77SE,MRN2,dO,1600,WovFab,500,61,2026SE116,,2026SE917,21,1,2026,1,39,56.15716,10.93765,13,,1222,,,,3.1416,,,MCR,Hydro-Bios,3481,3.33,,,,F,,14.6,21.6,,,,,,,,,41G0,
14531,1609794,12095,12308,12366,1609794,EH,I4537,SE,4484,MIKQ1SE2026,,77SE,MRN2,dO,1600,WovFab,500,61,2026SE116,,2026SE917,21,1,2026,1,39,56.15716,10.93765,13,,1222,,,,3.1416,,,MCR,Hydro-Bios,3481,3.33,,,,F,,14.6,21.6,,,,,,,,,41G0,
14531,1609794,12095,12308,12366,1609794,EH,I4537,SE,4484,MIKQ1SE2026,,77SE,MRN2,dO,1600,WovFab,500,61,2026SE116,,2026SE917,21,1,2026,1,39,56.15716,10.93765,13,,1222,,,,3.1416,,,MCR,Hydro-Bios,3481,3.33,,,,F,,14.6,21.6,,,,,,,,,41G0,
14531,1609795,12095,12308,12366,1609795,EH,I4537,SE,4484,MIKQ1SE2026,,77SE,MRN2,dO,1600,WovFab,500,65,2026SE117,,2026SE918,21,1,2026,17,8,56.312,12.42215,17,,1500,,,,3.1416,,,MCR,Hydro-Bios,5325,3.33,,,,F,,22.2,28.5,,,,,,,,,41G2,
14531,1609795,12095,12308,12366,1609795,EH,I4537,SE,4484,MIKQ1SE2026,,77SE,MRN2,dO,1600,WovFab,500,65,2026SE117,,2026SE918,21,1,2026,17,8,56.312,12.42215,17,,1500,,,,3.1416,,,MCR,Hydro-Bios,5325,3.33,,,,F,,22.2,28.5,,,,,,,,,41G2,
14531,1609795,12095,12308,12366,1609795,EH,I4537,SE,4484,MIKQ1SE2026,,77SE,MRN2,dO,1600,WovFab,500,65,2026SE117,,2026SE918,21,1,2026,17,8,56.312,12.42215,17,,1500,,,,3.1416,,,MCR,Hydro-Bios,5325,3.33,,,,F,,22.2,28.5,,,,,,,,,41G2,
14531,1609796,12095,12308,12366,1609796,EH,I4537,SE,4484,MIKQ1SE2026,,77SE,MRN2,dO,1600,WovFab,500,66,2026SE118,,2026SE919,21,1,2026,18,34,56.43694,12.3822,12,,815,,,,3.1416,,,MCR,Hydro-Bios,3506,3.33,,,,F,,23.6,30,,,,,,,,,41G2,
14531,1609796,12095,12308,12366,1609796,EH,I4537,SE,4484,MIKQ1SE2026,,77SE,MRN2,dO,1600,WovFab,500,66,2026SE118,,2026SE919,21,1,2026,18,34,56.43694,12.3822,12,,815,,,,3.1416,,,MCR,Hydro-Bios,3506,3.33,,,,F,,23.6,30,,,,,,,,,41G2,
14531,1609796,12095,12308,12366,1609796,EH,I4537,SE,4484,MIKQ1SE2026,,77SE,MRN2,dO,1600,WovFab,500,66,2026SE118,,2026SE919,21,1,2026,18,34,56.43694,12.3822,12,,815,,,,3.1416,,,MCR,Hydro-Bios,3506,3.33,,,,F,,23.6,30,,,,,,,,,41G2,
14531,1609797,12095,12308,12366,1609797,EH,I4537,SE,4484,MIKQ1SE2026,,77SE,MRN2,dO,1600,WovFab,500,67,2026SE119,,2026SE920,21,1,2026,20,1,56.58502,12.42913,13,,1019,,,,3.1416,,,MCR,Hydro-Bios,4166,3.33,,,,F,,22.3,29.8,,,,,,,,,42G2,
14531,1609797,12095,12308,12366,1609797,EH,I4537,SE,4484,MIKQ1SE2026,,77SE,MRN2,dO,1600,WovFab,500,67,2026SE119,,2026SE920,21,1,2026,20,1,56.58502,12.42913,13,,1019,,,,3.1416,,,MCR,Hydro-Bios,4166,3.33,,,,F,,22.3,29.8,,,,,,,,,42G2,
14531,1609799,12095,12308,12366,1609799,EH,I4537,SE,4484,MIKQ1SE2026,,77SE,MRN2,dO,1600,WovFab,500,69,2026SE121,,2026SE922,21,1,2026,23,43,56.60772,11.84307,13,,1333,,,,3.1416,,,MCR,Hydro-Bios,4720,3.33,,,,F,,23,32.8,,,,,,,,,42G1,
14531,1609799,12095,12308,12366,1609799,EH,I4537,SE,4484,MIKQ1SE2026,,77SE,MRN2,dO,1600,WovFab,500,69,2026SE121,,2026SE922,21,1,2026,23,43,56.60772,11.84307,13,,1333,,,,3.1416,,,MCR,Hydro-Bios,4720,3.33,,,,F,,23,32.8,,,,,,,,,42G1,
14531,1609799,12095,12308,12366,1609799,EH,I4537,SE,4484,MIKQ1SE2026,,77SE,MRN2,dO,1600,WovFab,500,69,2026SE121,,2026SE922,21,1,2026,23,43,56.60772,11.84307,13,,1333,,,,3.1416,,,MCR,Hydro-Bios,4720,3.33,,,,F,,23,32.8,,,,,,,,,42G1,
14531,1609799,12095,12308,12366,1609799,EH,I4537,SE,4484,MIKQ1SE2026,,77SE,MRN2,dO,1600,WovFab,500,69,2026SE121,,2026SE922,21,1,2026,23,43,56.60772,11.84307,13,,1333,,,,3.1416,,,MCR,Hydro-Bios,4720,3.33,,,,F,,23,32.8,,,,,,,,,42G1,
14531,1609799,12095,12308,12366,1609799,EH,I4537,SE,4484,MIKQ1SE2026,,77SE,MRN2,dO,1600,WovFab,500,69,2026SE121,,2026SE922,21,1,2026,23,43,56.60772,11.84307,13,,1333,,,,3.1416,,,MCR,Hydro-Bios,4720,3.33,,,,F,,23,32.8,,,,,,,,,42G1,
14531,1609799,12095,12308,12366,1609799,EH,I4537,SE,4484,MIKQ1SE2026,,77SE,MRN2,dO,1600,WovFab,500,69,2026SE121,,2026SE922,21,1,2026,23,43,56.60772,11.84307,13,,1333,,,,3.1416,,,MCR,Hydro-Bios,4720,3.33,,,,F,,23,32.8,,,,,,,,,42G1,
14531,1609799,12095,12308,12366,1609799,EH,I4537,SE,4484,MIKQ1SE2026,,77SE,MRN2,dO,1600,WovFab,500,69,2026SE121,,2026SE922,21,1,2026,23,43,56.60772,11.84307,13,,1333,,,,3.1416,,,MCR,Hydro-Bios,4720,3.33,,,,F,,23,32.8,,,,,,,,,42G1,
14531,1609799,12095,12308,12366,1609799,EH,I4537,SE,4484,MIKQ1SE2026,,77SE,MRN2,dO,1600,WovFab,500,69,2026SE121,,2026SE922,21,1,2026,23,43,56.60772,11.84307,13,,1333,,,,3.1416,,,MCR,Hydro-Bios,4720,3.33,,,,F,,23,32.8,,,,,,,,,42G1,
14531,1609799,12095,12308,12366,1609799,EH,I4537,SE,4484,MIKQ1SE2026,,77SE,MRN2,dO,1600,WovFab,500,69,2026SE121,,2026SE922,21,1,2026,23,43,56.60772,11.84307,13,,1333,,,,3.1416,,,MCR,Hydro-Bios,4720,3.33,,,,F,,23,32.8,,,,,,,,,42G1,
14531,1609800,12095,12308,12366,1609800,EH,I4537,SE,4484,MIKQ1SE2026,,77SE,MRN2,dO,1600,WovFab,500,70,2026SE122,,2026SE923,22,1,2026,1,39,56.40981,11.83285,12,,1111,,,,3.1416,,,MCR,Hydro-Bios,4069,3.33,,,,F,,24.3,31.7,,,,,,,,,41G1,
14531,1609800,12095,12308,12366,1609800,EH,I4537,SE,4484,MIKQ1SE2026,,77SE,MRN2,dO,1600,WovFab,500,70,2026SE122,,2026SE923,22,1,2026,1,39,56.40981,11.83285,12,,1111,,,,3.1416,,,MCR,Hydro-Bios,4069,3.33,,,,F,,24.3,31.7,,,,,,,,,41G1,
14531,1609800,12095,12308,12366,1609800,EH,I4537,SE,4484,MIKQ1SE2026,,77SE,MRN2,dO,1600,WovFab,500,70,2026SE122,,2026SE923,22,1,2026,1,39,56.40981,11.83285,12,,1111,,,,3.1416,,,MCR,Hydro-Bios,4069,3.33,,,,F,,24.3,31.7,,,,,,,,,41G1,
14531,1609800,12095,12308,12366,1609800,EH,I4537,SE,4484,MIKQ1SE2026,,77SE,MRN2,dO,1600,WovFab,500,70,2026SE122,,2026SE923,22,1,2026,1,39,56.40981,11.83285,12,,1111,,,,3.1416,,,MCR,Hydro-Bios,4069,3.33,,,,F,,24.3,31.7,,,,,,,,,41G1,
14531,1609800,12095,12308,12366,1609800,EH,I4537,SE,4484,MIKQ1SE2026,,77SE,MRN2,dO,1600,WovFab,500,70,2026SE122,,2026SE923,22,1,2026,1,39,56.40981,11.83285,12,,1111,,,,3.1416,,,MCR,Hydro-Bios,4069,3.33,,,,F,,24.3,31.7,,,,,,,,,41G1,
14531,1609800,12095,12308,12366,1609800,EH,I4537,SE,4484,MIKQ1SE2026,,77SE,MRN2,dO,1600,WovFab,500,70,2026SE122,,2026SE923,22,1,2026,1,39,56.40981,11.83285,12,,1111,,,,3.1416,,,MCR,Hydro-Bios,4069,3.33,,,,F,,24.3,31.7,,,,,,,,,41G1,
14531,1609800,12095,12308,12366,1609800,EH,I4537,SE,4484,MIKQ1SE2026,,77SE,MRN2,dO,1600,WovFab,500,70,2026SE122,,2026SE923,22,1,2026,1,39,56.40981,11.83285,12,,1111,,,,3.1416,,,MCR,Hydro-Bios,4069,3.33,,,,F,,24.3,31.7,,,,,,,,,41G1,
14531,1609801,12095,12308,12366,1609801,EH,I4537,SE,4484,MIKQ1SE2026,,77SE,MRN2,dO,1600,WovFab,500,77,2026SE123,,2026SE924,22,1,2026,19,48,56.89505,11.90948,11,,982,,,,3.1416,,,MCR,Hydro-Bios,4443,3.33,,,,F,,22.8,31.7,,,,,,,,,42G1,
14531,1609801,12095,12308,12366,1609801,EH,I4537,SE,4484,MIKQ1SE2026,,77SE,MRN2,dO,1600,WovFab,500,77,2026SE123,,2026SE924,22,1,2026,19,48,56.89505,11.90948,11,,982,,,,3.1416,,,MCR,Hydro-Bios,4443,3.33,,,,F,,22.8,31.7,,,,,,,,,42G1,
14531,1609801,12095,12308,12366,1609801,EH,I4537,SE,4484,MIKQ1SE2026,,77SE,MRN2,dO,1600,WovFab,500,77,2026SE123,,2026SE924,22,1,2026,19,48,56.89505,11.90948,11,,982,,,,3.1416,,,MCR,Hydro-Bios,4443,3.33,,,,F,,22.8,31.7,,,,,,,,,42G1,
14531,1609801,12095,12308,12366,1609801,EH,I4537,SE,4484,MIKQ1SE2026,,77SE,MRN2,dO,1600,WovFab,500,77,2026SE123,,2026SE924,22,1,2026,19,48,56.89505,11.90948,11,,982,,,,3.1416,,,MCR,Hydro-Bios,4443,3.33,,,,F,,22.8,31.7,,,,,,,,,42G1,
14531,1609801,12095,12308,12366,1609801,EH,I4537,SE,4484,MIKQ1SE2026,,77SE,MRN2,dO,1600,WovFab,500,77,2026SE123,,2026SE924,22,1,2026,19,48,56.89505,11.90948,11,,982,,,,3.1416,,,MCR,Hydro-Bios,4443,3.33,,,,F,,22.8,31.7,,,,,,,,,42G1,
14531,1609802,12095,12308,12366,1609802,EH,I4537,SE,4484,MIKQ1SE2026,,77SE,MRN2,dO,1600,WovFab,500,78,2026SE124,,2026SE925,22,1,2026,21,39,57.09115,11.82783,22,,2019,,,,3.1416,,,MCR,Hydro-Bios,7015,3.33,,,,F,,50.6,57.3,,,,,,,,,43G1,
14531,1609802,12095,12308,12366,1609802,EH,I4537,SE,4484,MIKQ1SE2026,,77SE,MRN2,dO,1600,WovFab,500,78,2026SE124,,2026SE925,22,1,2026,21,39,57.09115,11.82783,22,,2019,,,,3.1416,,,MCR,Hydro-Bios,7015,3.33,,,,F,,50.6,57.3,,,,,,,,,43G1,
14531,1609802,12095,12308,12366,1609802,EH,I4537,SE,4484,MIKQ1SE2026,,77SE,MRN2,dO,1600,WovFab,500,78,2026SE124,,2026SE925,22,1,2026,21,39,57.09115,11.82783,22,,2019,,,,3.1416,,,MCR,Hydro-Bios,7015,3.33,,,,F,,50.6,57.3,,,,,,,,,43G1,
14531,1609803,12095,12308,12366,1609803,EH,I4537,SE,4484,MIKQ1SE2026,,77SE,MRN2,dO,1600,WovFab,500,79,2026SE125,,2026SE926,22,1,2026,22,59,57.07771,12.08199,16,,1482,,,,3.1416,,,MCR,Hydro-Bios,5094,3.33,,,,F,,33,40.1,,,,,,,,,43G2,
14531,1609804,12095,12308,12366,1609804,EH,I4537,SE,4484,MIKQ1SE2026,,77SE,MRN2,dO,1600,WovFab,500,80,2026SE126,,2026SE927,23,1,2026,1,0,56.8444,12.21914,14,,1370,,,,3.1416,,,MCR,Hydro-Bios,4754,3.33,,,,F,,30.2,37.7,,,,,,,,,42G2,
14531,1609805,12095,12308,12366,1609805,EH,I4537,SE,4484,MIKQ1SE2026,,77SE,MRN2,dO,1600,WovFab,500,81,2026SE127,,2026SE928,23,1,2026,2,54,56.6336,12.28583,14,,1204,,,,3.1416,,,MCR,Hydro-Bios,5030,3.33,,,,F,,30.6,38.9,,,,,,,,,42G2,
14531,1609806,12095,12308,12366,1609806,EH,I4537,SE,4484,MIKQ1SE2026,,77SE,MRN2,dO,1600,WovFab,500,86,2026SE128,,2026SE929,23,1,2026,17,22,57.21826,12.02242,16,,1537,,,,3.1416,,,MCR,Hydro-Bios,5495,3.33,,,,F,,30.8,36.3,,,,,,,,,43G2,
14531,1609806,12095,12308,12366,1609806,EH,I4537,SE,4484,MIKQ1SE2026,,77SE,MRN2,dO,1600,WovFab,500,86,2026SE128,,2026SE929,23,1,2026,17,22,57.21826,12.02242,16,,1537,,,,3.1416,,,MCR,Hydro-Bios,5495,3.33,,,,F,,30.8,36.3,,,,,,,,,43G2,
14531,1609807,12095,12308,12366,1609807,EH,I4537,SE,4484,MIKQ1SE2026,,77SE,MRN2,dO,1600,WovFab,500,87,2026SE129,,2026SE930,23,1,2026,19,23,57.3676,11.7028,20,,1982,,,,3.1416,,,MCR,Hydro-Bios,7546,3.33,,,,F,,40.3,47,,,,,,,,,43G1,
14531,1609807,12095,12308,12366,1609807,EH,I4537,SE,4484,MIKQ1SE2026,,77SE,MRN2,dO,1600,WovFab,500,87,2026SE129,,2026SE930,23,1,2026,19,23,57.3676,11.7028,20,,1982,,,,3.1416,,,MCR,Hydro-Bios,7546,3.33,,,,F,,40.3,47,,,,,,,,,43G1,
14531,1609807,12095,12308,12366,1609807,EH,I4537,SE,4484,MIKQ1SE2026,,77SE,MRN2,dO,1600,WovFab,500,87,2026SE129,,2026SE930,23,1,2026,19,23,57.3676,11.7028,20,,1982,,,,3.1416,,,MCR,Hydro-Bios,7546,3.33,,,,F,,40.3,47,,,,,,,,,43G1,
14531,1609808,12095,12308,12366,1609808,EH,I4537,SE,4484,MIKQ1SE2026,,77SE,MRN2,dO,1600,WovFab,500,89,2026SE130,,2026SE931,23,1,2026,23,9,57.54648,10.8706,13,,1093,,,,3.1416,,,MCR,Hydro-Bios,4391,3.33,,,,F,,24.8,31.8,,,,,,,,,44G0,
14531,1609808,12095,12308,12366,1609808,EH,I4537,SE,4484,MIKQ1SE2026,,77SE,MRN2,dO,1600,WovFab,500,89,2026SE130,,2026SE931,23,1,2026,23,9,57.54648,10.8706,13,,1093,,,,3.1416,,,MCR,Hydro-Bios,4391,3.33,,,,F,,24.8,31.8,,,,,,,,,44G0,
14531,1609808,12095,12308,12366,1609808,EH,I4537,SE,4484,MIKQ1SE2026,,77SE,MRN2,dO,1600,WovFab,500,89,2026SE130,,2026SE931,23,1,2026,23,9,57.54648,10.8706,13,,1093,,,,3.1416,,,MCR,Hydro-Bios,4391,3.33,,,,F,,24.8,31.8,,,,,,,,,44G0,
14531,1609808,12095,12308,12366,1609808,EH,I4537,SE,4484,MIKQ1SE2026,,77SE,MRN2,dO,1600,WovFab,500,89,2026SE130,,2026SE931,23,1,2026,23,9,57.54648,10.8706,13,,1093,,,,3.1416,,,MCR,Hydro-Bios,4391,3.33,,,,F,,24.8,31.8,,,,,,,,,44G0,
14531,1609808,12095,12308,12366,1609808,EH,I4537,SE,4484,MIKQ1SE2026,,77SE,MRN2,dO,1600,WovFab,500,89,2026SE130,,2026SE931,23,1,2026,23,9,57.54648,10.8706,13,,1093,,,,3.1416,,,MCR,Hydro-Bios,4391,3.33,,,,F,,24.8,31.8,,,,,,,,,44G0,
14531,1609809,12095,12308,12366,1609809,EH,I4537,SE,4484,MIKQ1SE2026,,77SE,MRN2,dO,1600,WovFab,500,90,2026SE131,,2026SE932,24,1,2026,1,4,57.67362,11.24693,21,,1945,,,,3.1416,,,MCR,Hydro-Bios,6639,3.33,,,,F,,37.5,46.2,,,,,,,,,44G1,
14531,1609810,12095,12308,12366,1609810,EH,I4537,SE,4484,MIKQ1SE2026,,77SE,MRN2,dO,1600,WovFab,500,99,2026SE132,,2026SE933,25,1,2026,17,10,56.90892,6.50382,16,,1167,,,,3.1416,,,MCR,Hydro-Bios,5275,3.33,,,,F,,37.2,46.1,,,,,,,,,42F6,
14531,1609810,12095,12308,12366,1609810,EH,I4537,SE,4484,MIKQ1SE2026,,77SE,MRN2,dO,1600,WovFab,500,99,2026SE132,,2026SE933,25,1,2026,17,10,56.90892,6.50382,16,,1167,,,,3.1416,,,MCR,Hydro-Bios,5275,3.33,,,,F,,37.2,46.1,,,,,,,,,42F6,
14531,1609810,12095,12308,12366,1609810,EH,I4537,SE,4484,MIKQ1SE2026,,77SE,MRN2,dO,1600,WovFab,500,99,2026SE132,,2026SE933,25,1,2026,17,10,56.90892,6.50382,16,,1167,,,,3.1416,,,MCR,Hydro-Bios,5275,3.33,,,,F,,37.2,46.1,,,,,,,,,42F6,
14531,1609810,12095,12308,12366,1609810,EH,I4537,SE,4484,MIKQ1SE2026,,77SE,MRN2,dO,1600,WovFab,500,99,2026SE132,,2026SE933,25,1,2026,17,10,56.90892,6.50382,16,,1167,,,,3.1416,,,MCR,Hydro-Bios,5275,3.33,,,,F,,37.2,46.1,,,,,,,,,42F6,
14531,1609810,12095,12308,12366,1609810,EH,I4537,SE,4484,MIKQ1SE2026,,77SE,MRN2,dO,1600,WovFab,500,99,2026SE132,,2026SE933,25,1,2026,17,10,56.90892,6.50382,16,,1167,,,,3.1416,,,MCR,Hydro-Bios,5275,3.33,,,,F,,37.2,46.1,,,,,,,,,42F6,
14531,1609810,12095,12308,12366,1609810,EH,I4537,SE,4484,MIKQ1SE2026,,77SE,MRN2,dO,1600,WovFab,500,99,2026SE132,,2026SE933,25,1,2026,17,10,56.90892,6.50382,16,,1167,,,,3.1416,,,MCR,Hydro-Bios,5275,3.33,,,,F,,37.2,46.1,,,,,,,,,42F6,
14531,1609810,12095,12308,12366,1609810,EH,I4537,SE,4484,MIKQ1SE2026,,77SE,MRN2,dO,1600,WovFab,500,99,2026SE132,,2026SE933,25,1,2026,17,10,56.90892,6.50382,16,,1167,,,,3.1416,,,MCR,Hydro-Bios,5275,3.33,,,,F,,37.2,46.1,,,,,,,,,42F6,
14531,1609810,12095,12308,12366,1609810,EH,I4537,SE,4484,MIKQ1SE2026,,77SE,MRN2,dO,1600,WovFab,500,99,2026SE132,,2026SE933,25,1,2026,17,10,56.90892,6.50382,16,,1167,,,,3.1416,,,MCR,Hydro-Bios,5275,3.33,,,,F,,37.2,46.1,,,,,,,,,42F6,
14531,1609810,12095,12308,12366,1609810,EH,I4537,SE,4484,MIKQ1SE2026,,77SE,MRN2,dO,1600,WovFab,500,99,2026SE132,,2026SE933,25,1,2026,17,10,56.90892,6.50382,16,,1167,,,,3.1416,,,MCR,Hydro-Bios,5275,3.33,,,,F,,37.2,46.1,,,,,,,,,42F6,
14531,1609810,12095,12308,12366,1609810,EH,I4537,SE,4484,MIKQ1SE2026,,77SE,MRN2,dO,1600,WovFab,500,99,2026SE132,,2026SE933,25,1,2026,17,10,56.90892,6.50382,16,,1167,,,,3.1416,,,MCR,Hydro-Bios,5275,3.33,,,,F,,37.2,46.1,,,,,,,,,42F6,
14531,1609810,12095,12308,12366,1609810,EH,I4537,SE,4484,MIKQ1SE2026,,77SE,MRN2,dO,1600,WovFab,500,99,2026SE132,,2026SE933,25,1,2026,17,10,56.90892,6.50382,16,,1167,,,,3.1416,,,MCR,Hydro-Bios,5275,3.33,,,,F,,37.2,46.1,,,,,,,,,42F6,
14531,1609814,12095,12308,12366,1609814,EH,I4537,SE,4484,MIKQ1SE2026,,77SE,MRN2,dO,1600,WovFab,500,103,2026SE136,,2026SE937,26,1,2026,0,55,56.91813,5.83045,22,,1889,,,,3.1416,,,MCR,Hydro-Bios,8119,3.33,,,,F,,47.6,56.2,,,,,,,,,42F5,
14531,1609814,12095,12308,12366,1609814,EH,I4537,SE,4484,MIKQ1SE2026,,77SE,MRN2,dO,1600,WovFab,500,103,2026SE136,,2026SE937,26,1,2026,0,55,56.91813,5.83045,22,,1889,,,,3.1416,,,MCR,Hydro-Bios,8119,3.33,,,,F,,47.6,56.2,,,,,,,,,42F5,
14531,1609814,12095,12308,12366,1609814,EH,I4537,SE,4484,MIKQ1SE2026,,77SE,MRN2,dO,1600,WovFab,500,103,2026SE136,,2026SE937,26,1,2026,0,55,56.91813,5.83045,22,,1889,,,,3.1416,,,MCR,Hydro-Bios,8119,3.33,,,,F,,47.6,56.2,,,,,,,,,42F5,
14531,1609814,12095,12308,12366,1609814,EH,I4537,SE,4484,MIKQ1SE2026,,77SE,MRN2,dO,1600,WovFab,500,103,2026SE136,,2026SE937,26,1,2026,0,55,56.91813,5.83045,22,,1889,,,,3.1416,,,MCR,Hydro-Bios,8119,3.33,,,,F,,47.6,56.2,,,,,,,,,42F5,
14531,1609814,12095,12308,12366,1609814,EH,I4537,SE,4484,MIKQ1SE2026,,77SE,MRN2,dO,1600,WovFab,500,103,2026SE136,,2026SE937,26,1,2026,0,55,56.91813,5.83045,22,,1889,,,,3.1416,,,MCR,Hydro-Bios,8119,3.33,,,,F,,47.6,56.2,,,,,,,,,42F5,
14531,1609814,12095,12308,12366,1609814,EH,I4537,SE,4484,MIKQ1SE2026,,77SE,MRN2,dO,1600,WovFab,500,103,2026SE136,,2026SE937,26,1,2026,0,55,56.91813,5.83045,22,,1889,,,,3.1416,,,MCR,Hydro-Bios,8119,3.33,,,,F,,47.6,56.2,,,,,,,,,42F5,
14531,1609814,12095,12308,12366,1609814,EH,I4537,SE,4484,MIKQ1SE2026,,77SE,MRN2,dO,1600,WovFab,500,103,2026SE136,,2026SE937,26,1,2026,0,55,56.91813,5.83045,22,,1889,,,,3.1416,,,MCR,Hydro-Bios,8119,3.33,,,,F,,47.6,56.2,,,,,,,,,42F5,
14531,1609814,12095,12308,12366,1609814,EH,I4537,SE,4484,MIKQ1SE2026,,77SE,MRN2,dO,1600,WovFab,500,103,2026SE136,,2026SE937,26,1,2026,0,55,56.91813,5.83045,22,,1889,,,,3.1416,,,MCR,Hydro-Bios,8119,3.33,,,,F,,47.6,56.2,,,,,,,,,42F5,
14531,1609815,12095,12308,12366,1609815,EH,I4537,SE,4484,MIKQ1SE2026,,77SE,MRN2,dO,1600,WovFab,500,106,2026SE137,,2026SE938,26,1,2026,20,27,56.91447,7.66388,16,,1222,,,,3.1416,,,MCR,Hydro-Bios,5274,3.33,,,,F,,36.3,45.1,,,,,,,,,42F7,
14531,1609815,12095,12308,12366,1609815,EH,I4537,SE,4484,MIKQ1SE2026,,77SE,MRN2,dO,1600,WovFab,500,106,2026SE137,,2026SE938,26,1,2026,20,27,56.91447,7.66388,16,,1222,,,,3.1416,,,MCR,Hydro-Bios,5274,3.33,,,,F,,36.3,45.1,,,,,,,,,42F7,
14531,1609815,12095,12308,12366,1609815,EH,I4537,SE,4484,MIKQ1SE2026,,77SE,MRN2,dO,1600,WovFab,500,106,2026SE137,,2026SE938,26,1,2026,20,27,56.91447,7.66388,16,,1222,,,,3.1416,,,MCR,Hydro-Bios,5274,3.33,,,,F,,36.3,45.1,,,,,,,,,42F7,
14531,1609815,12095,12308,12366,1609815,EH,I4537,SE,4484,MIKQ1SE2026,,77SE,MRN2,dO,1600,WovFab,500,106,2026SE137,,2026SE938,26,1,2026,20,27,56.91447,7.66388,16,,1222,,,,3.1416,,,MCR,Hydro-Bios,5274,3.33,,,,F,,36.3,45.1,,,,,,,,,42F7,
14531,1609815,12095,12308,12366,1609815,EH,I4537,SE,4484,MIKQ1SE2026,,77SE,MRN2,dO,1600,WovFab,500,106,2026SE137,,2026SE938,26,1,2026,20,27,56.91447,7.66388,16,,1222,,,,3.1416,,,MCR,Hydro-Bios,5274,3.33,,,,F,,36.3,45.1,,,,,,,,,42F7,
14531,1609818,12095,12308,12366,1609818,EH,I4537,SE,4484,MIKQ1SE2026,,77SE,MRN2,dO,1600,WovFab,500,113,2026SE140,,2026SE941,27,1,2026,19,24,57.58165,8.83717,24,,1519,,,,3.1416,,,MCR,Hydro-Bios,7383,3.33,,,,F,,61,70.2,,,,,,,,,44F8,
14531,1609818,12095,12308,12366,1609818,EH,I4537,SE,4484,MIKQ1SE2026,,77SE,MRN2,dO,1600,WovFab,500,113,2026SE140,,2026SE941,27,1,2026,19,24,57.58165,8.83717,24,,1519,,,,3.1416,,,MCR,Hydro-Bios,7383,3.33,,,,F,,61,70.2,,,,,,,,,44F8,
14531,1609823,12095,12308,12366,1609823,EH,I4537,SE,4484,MIKQ1SE2026,,77SE,MRN2,dO,1600,WovFab,500,125,2026SE145,,2026SE946,29,1,2026,18,47,58.09107,11.21828,17,,1445,,,,3.1416,,,MCR,Hydro-Bios,5588,3.33,,,,F,,42.9,53,,,,,,,,,45G1,
14531,1609824,12095,12308,12366,1609824,EH,I4537,SE,4484,MIKQ1SE2026,,77SE,MRN2,dO,1600,WovFab,500,126,2026SE146,,2026SE947,29,1,2026,21,4,58.22179,10.83786,52,,4649,,,,3.1416,,,MCR,Hydro-Bios,14573,3.33,,,,F,,99.3,158.1,,,,,,,,,45G0,
14531,1609825,12095,12308,12366,1609825,EH,I4537,SE,4484,MIKQ1SE2026,,77SE,MRN2,dO,1600,WovFab,500,127,2026SE147,,2026SE948,30,1,2026,0,1,58.2496,10.40548,56,,5223,,,,3.1416,,,MCR,Hydro-Bios,17152,3.33,,,,F,,99.1,318.8,,,,,,,,,45G0,
14531,1609825,12095,12308,12366,1609825,EH,I4537,SE,4484,MIKQ1SE2026,,77SE,MRN2,dO,1600,WovFab,500,127,2026SE147,,2026SE948,30,1,2026,0,1,58.2496,10.40548,56,,5223,,,,3.1416,,,MCR,Hydro-Bios,17152,3.33,,,,F,,99.1,318.8,,,,,,,,,45G0,
14531,1609825,12095,12308,12366,1609825,EH,I4537,SE,4484,MIKQ1SE2026,,77SE,MRN2,dO,1600,WovFab,500,127,2026SE147,,2026SE948,30,1,2026,0,1,58.2496,10.40548,56,,5223,,,,3.1416,,,MCR,Hydro-Bios,17152,3.33,,,,F,,99.1,318.8,,,,,,,,,45G0,
14531,1609827,12095,12308,12366,1609827,EH,I4537,SE,4484,MIKQ1SE2026,,77SE,MRN2,dO,1600,WovFab,500,134,2026SE149,,2026SE950,30,1,2026,19,5,58.58327,10.84939,33,,3056,,,,3.1416,,,MCR,Hydro-Bios,9838,3.33,,,,F,,70.6,78,,,,,,,,,46G0,
14531,1609827,12095,12308,12366,1609827,EH,I4537,SE,4484,MIKQ1SE2026,,77SE,MRN2,dO,1600,WovFab,500,134,2026SE149,,2026SE950,30,1,2026,19,5,58.58327,10.84939,33,,3056,,,,3.1416,,,MCR,Hydro-Bios,9838,3.33,,,,F,,70.6,78,,,,,,,,,46G0,
14531,1609830,12095,12308,12366,1609830,EH,I4537,SE,4484,MIKQ1SE2026,,77SE,MRN2,dO,1600,WovFab,500,137,2026SE152,,2026SE953,31,1,2026,1,50,58.6214,10.85712,34,,3111,,,,3.1416,,,MCR,Hydro-Bios,10816,3.33,,,,F,,71.7,78.4,,,,,,,,,46G0,
14531,1609834,12095,12308,12366,1609834,EH,I4537,SE,4484,MIKQ1SE2026,,77SE,MRN2,dO,1600,WovFab,500,145,2026SE156,,2026SE957,1,2,2026,1,22,58.08596,9.82635,47,,4167,,,,3.1416,,,MCR,Hydro-Bios,14114,3.33,,,,F,,101.3,255.4,,,,,,,,,45F9,
14531,1609834,12095,12308,12366,1609834,EH,I4537,SE,4484,MIKQ1SE2026,,77SE,MRN2,dO,1600,WovFab,500,145,2026SE156,,2026SE957,1,2,2026,1,22,58.08596,9.82635,47,,4167,,,,3.1416,,,MCR,Hydro-Bios,14114,3.33,,,,F,,101.3,255.4,,,,,,,,,45F9,
14532,1609885,12092,12264,12366,1609885,EH,I4537,DE,1570,MIKQ1DE2026,,26D4,MRN2,dO,1600,MonFilP,500,21,2026DE_021,,,8,2,2026,17,33,54.91685,6.79295,10,26,796,,,,3.1416,,,MCR,HydroBios,2695,3.520047317,,,,F,,27,34.7,,,,,,,,,38F6,
14532,1609885,12092,12264,12366,1609885,EH,I4537,DE,1570,MIKQ1DE2026,,26D4,MRN2,dO,1600,MonFilP,500,21,2026DE_021,,,8,2,2026,17,33,54.91685,6.79295,10,26,796,,,,3.1416,,,MCR,HydroBios,2695,3.520047317,,,,F,,27,34.7,,,,,,,,,38F6,
14532,1609885,12092,12264,12366,1609885,EH,I4537,DE,1570,MIKQ1DE2026,,26D4,MRN2,dO,1600,MonFilP,500,21,2026DE_021,,,8,2,2026,17,33,54.91685,6.79295,10,26,796,,,,3.1416,,,MCR,HydroBios,2695,3.520047317,,,,F,,27,34.7,,,,,,,,,38F6,
14532,1609885,12092,12264,12366,1609885,EH,I4537,DE,1570,MIKQ1DE2026,,26D4,MRN2,dO,1600,MonFilP,500,21,2026DE_021,,,8,2,2026,17,33,54.91685,6.79295,10,26,796,,,,3.1416,,,MCR,HydroBios,2695,3.520047317,,,,F,,27,34.7,,,,,,,,,38F6,
14532,1609885,12092,12264,12366,1609885,EH,I4537,DE,1570,MIKQ1DE2026,,26D4,MRN2,dO,1600,MonFilP,500,21,2026DE_021,,,8,2,2026,17,33,54.91685,6.79295,10,26,796,,,,3.1416,,,MCR,HydroBios,2695,3.520047317,,,,F,,27,34.7,,,,,,,,,38F6,
14532,1609885,12092,12264,12366,1609885,EH,I4537,DE,1570,MIKQ1DE2026,,26D4,MRN2,dO,1600,MonFilP,500,21,2026DE_021,,,8,2,2026,17,33,54.91685,6.79295,10,26,796,,,,3.1416,,,MCR,HydroBios,2695,3.520047317,,,,F,,27,34.7,,,,,,,,,38F6,
14532,1609885,12092,12264,12366,1609885,EH,I4537,DE,1570,MIKQ1DE2026,,26D4,MRN2,dO,1600,MonFilP,500,21,2026DE_021,,,8,2,2026,17,33,54.91685,6.79295,10,26,796,,,,3.1416,,,MCR,HydroBios,2695,3.520047317,,,,F,,27,34.7,,,,,,,,,38F6,
14532,1609885,12092,12264,12366,1609885,EH,I4537,DE,1570,MIKQ1DE2026,,26D4,MRN2,dO,1600,MonFilP,500,21,2026DE_021,,,8,2,2026,17,33,54.91685,6.79295,10,26,796,,,,3.1416,,,MCR,HydroBios,2695,3.520047317,,,,F,,27,34.7,,,,,,,,,38F6,
14532,1609885,12092,12264,12366,1609885,EH,I4537,DE,1570,MIKQ1DE2026,,26D4,MRN2,dO,1600,MonFilP,500,21,2026DE_021,,,8,2,2026,17,33,54.91685,6.79295,10,26,796,,,,3.1416,,,MCR,HydroBios,2695,3.520047317,,,,F,,27,34.7,,,,,,,,,38F6,
14532,1609885,12092,12264,12366,1609885,EH,I4537,DE,1570,MIKQ1DE2026,,26D4,MRN2,dO,1600,MonFilP,500,21,2026DE_021,,,8,2,2026,17,33,54.91685,6.79295,10,26,796,,,,3.1416,,,MCR,HydroBios,2695,3.520047317,,,,F,,27,34.7,,,,,,,,,38F6,
14532,1609885,12092,12264,12366,1609885,EH,I4537,DE,1570,MIKQ1DE2026,,26D4,MRN2,dO,1600,MonFilP,500,21,2026DE_021,,,8,2,2026,17,33,54.91685,6.79295,10,26,796,,,,3.1416,,,MCR,HydroBios,2695,3.520047317,,,,F,,27,34.7,,,,,,,,,38F6,
14532,1609886,12092,12264,12366,1609886,EH,I4537,DE,1570,MIKQ1DE2026,,26D4,MRN2,dO,1600,MonFilP,500,22,2026DE_022,,,8,2,2026,19,26,54.90906667,6.256883333,12,48,1130,,,,3.1416,,,MCR,HydroBios,3788,3.520047317,,,,F,,32,41.1,,,,,,,,,38F6,
14532,1609886,12092,12264,12366,1609886,EH,I4537,DE,1570,MIKQ1DE2026,,26D4,MRN2,dO,1600,MonFilP,500,22,2026DE_022,,,8,2,2026,19,26,54.90906667,6.256883333,12,48,1130,,,,3.1416,,,MCR,HydroBios,3788,3.520047317,,,,F,,32,41.1,,,,,,,,,38F6,
14532,1609886,12092,12264,12366,1609886,EH,I4537,DE,1570,MIKQ1DE2026,,26D4,MRN2,dO,1600,MonFilP,500,22,2026DE_022,,,8,2,2026,19,26,54.90906667,6.256883333,12,48,1130,,,,3.1416,,,MCR,HydroBios,3788,3.520047317,,,,F,,32,41.1,,,,,,,,,38F6,
14532,1609886,12092,12264,12366,1609886,EH,I4537,DE,1570,MIKQ1DE2026,,26D4,MRN2,dO,1600,MonFilP,500,22,2026DE_022,,,8,2,2026,19,26,54.90906667,6.256883333,12,48,1130,,,,3.1416,,,MCR,HydroBios,3788,3.520047317,,,,F,,32,41.1,,,,,,,,,38F6,
14532,1609886,12092,12264,12366,1609886,EH,I4537,DE,1570,MIKQ1DE2026,,26D4,MRN2,dO,1600,MonFilP,500,22,2026DE_022,,,8,2,2026,19,26,54.90906667,6.256883333,12,48,1130,,,,3.1416,,,MCR,HydroBios,3788,3.520047317,,,,F,,32,41.1,,,,,,,,,38F6,
14532,1609886,12092,12264,12366,1609886,EH,I4537,DE,1570,MIKQ1DE2026,,26D4,MRN2,dO,1600,MonFilP,500,22,2026DE_022,,,8,2,2026,19,26,54.90906667,6.256883333,12,48,1130,,,,3.1416,,,MCR,HydroBios,3788,3.520047317,,,,F,,32,41.1,,,,,,,,,38F6,
14532,1609886,12092,12264,12366,1609886,EH,I4537,DE,1570,MIKQ1DE2026,,26D4,MRN2,dO,1600,MonFilP,500,22,2026DE_022,,,8,2,2026,19,26,54.90906667,6.256883333,12,48,1130,,,,3.1416,,,MCR,HydroBios,3788,3.520047317,,,,F,,32,41.1,,,,,,,,,38F6,
14532,1609886,12092,12264,12366,1609886,EH,I4537,DE,1570,MIKQ1DE2026,,26D4,MRN2,dO,1600,MonFilP,500,22,2026DE_022,,,8,2,2026,19,26,54.90906667,6.256883333,12,48,1130,,,,3.1416,,,MCR,HydroBios,3788,3.520047317,,,,F,,32,41.1,,,,,,,,,38F6,
14532,1609886,12092,12264,12366,1609886,EH,I4537,DE,1570,MIKQ1DE2026,,26D4,MRN2,dO,1600,MonFilP,500,22,2026DE_022,,,8,2,2026,19,26,54.90906667,6.256883333,12,48,1130,,,,3.1416,,,MCR,HydroBios,3788,3.520047317,,,,F,,32,41.1,,,,,,,,,38F6,
14532,1609887,12092,12264,12366,1609887,EH,I4537,DE,1570,MIKQ1DE2026,,26D4,MRN2,dO,1600,MonFilP,500,23,2026DE_023,,,8,2,2026,21,27,55.09486667,5.812616667,14,9,1296,,,,3.1416,,,MCR,HydroBios,4191,3.520047317,,,,F,,37,43.7,,,,,,,,,39F5,
14532,1609887,12092,12264,12366,1609887,EH,I4537,DE,1570,MIKQ1DE2026,,26D4,MRN2,dO,1600,MonFilP,500,23,2026DE_023,,,8,2,2026,21,27,55.09486667,5.812616667,14,9,1296,,,,3.1416,,,MCR,HydroBios,4191,3.520047317,,,,F,,37,43.7,,,,,,,,,39F5,
14532,1609887,12092,12264,12366,1609887,EH,I4537,DE,1570,MIKQ1DE2026,,26D4,MRN2,dO,1600,MonFilP,500,23,2026DE_023,,,8,2,2026,21,27,55.09486667,5.812616667,14,9,1296,,,,3.1416,,,MCR,HydroBios,4191,3.520047317,,,,F,,37,43.7,,,,,,,,,39F5,
14532,1609887,12092,12264,12366,1609887,EH,I4537,DE,1570,MIKQ1DE2026,,26D4,MRN2,dO,1600,MonFilP,500,23,2026DE_023,,,8,2,2026,21,27,55.09486667,5.812616667,14,9,1296,,,,3.1416,,,MCR,HydroBios,4191,3.520047317,,,,F,,37,43.7,,,,,,,,,39F5,
14532,1609888,12092,12264,12366,1609888,EH,I4537,DE,1570,MIKQ1DE2026,,26D4,MRN2,dO,1600,MonFilP,500,24,2026DE_024,,,8,2,2026,23,10,55.33886667,5.663183333,19,9,1704,,,,3.1416,,,MCR,HydroBios,5330,3.520047317,,,,F,,41,47.55,,,,,,,,,39F5,
14532,1609888,12092,12264,12366,1609888,EH,I4537,DE,1570,MIKQ1DE2026,,26D4,MRN2,dO,1600,MonFilP,500,24,2026DE_024,,,8,2,2026,23,10,55.33886667,5.663183333,19,9,1704,,,,3.1416,,,MCR,HydroBios,5330,3.520047317,,,,F,,41,47.55,,,,,,,,,39F5,
14532,1609888,12092,12264,12366,1609888,EH,I4537,DE,1570,MIKQ1DE2026,,26D4,MRN2,dO,1600,MonFilP,500,24,2026DE_024,,,8,2,2026,23,10,55.33886667,5.663183333,19,9,1704,,,,3.1416,,,MCR,HydroBios,5330,3.520047317,,,,F,,41,47.55,,,,,,,,,39F5,
14532,1609888,12092,12264,12366,1609888,EH,I4537,DE,1570,MIKQ1DE2026,,26D4,MRN2,dO,1600,MonFilP,500,24,2026DE_024,,,8,2,2026,23,10,55.33886667,5.663183333,19,9,1704,,,,3.1416,,,MCR,HydroBios,5330,3.520047317,,,,F,,41,47.55,,,,,,,,,39F5,
14532,1609888,12092,12264,12366,1609888,EH,I4537,DE,1570,MIKQ1DE2026,,26D4,MRN2,dO,1600,MonFilP,500,24,2026DE_024,,,8,2,2026,23,10,55.33886667,5.663183333,19,9,1704,,,,3.1416,,,MCR,HydroBios,5330,3.520047317,,,,F,,41,47.55,,,,,,,,,39F5,
14532,1609888,12092,12264,12366,1609888,EH,I4537,DE,1570,MIKQ1DE2026,,26D4,MRN2,dO,1600,MonFilP,500,24,2026DE_024,,,8,2,2026,23,10,55.33886667,5.663183333,19,9,1704,,,,3.1416,,,MCR,HydroBios,5330,3.520047317,,,,F,,41,47.55,,,,,,,,,39F5,
14532,1609888,12092,12264,12366,1609888,EH,I4537,DE,1570,MIKQ1DE2026,,26D4,MRN2,dO,1600,MonFilP,500,24,2026DE_024,,,8,2,2026,23,10,55.33886667,5.663183333,19,9,1704,,,,3.1416,,,MCR,HydroBios,5330,3.520047317,,,,F,,41,47.55,,,,,,,,,39F5,
14532,1609888,12092,12264,12366,1609888,EH,I4537,DE,1570,MIKQ1DE2026,,26D4,MRN2,dO,1600,MonFilP,500,24,2026DE_024,,,8,2,2026,23,10,55.33886667,5.663183333,19,9,1704,,,,3.1416,,,MCR,HydroBios,5330,3.520047317,,,,F,,41,47.55,,,,,,,,,39F5,
14532,1609888,12092,12264,12366,1609888,EH,I4537,DE,1570,MIKQ1DE2026,,26D4,MRN2,dO,1600,MonFilP,500,24,2026DE_024,,,8,2,2026,23,10,55.33886667,5.663183333,19,9,1704,,,,3.1416,,,MCR,HydroBios,5330,3.520047317,,,,F,,41,47.55,,,,,,,,,39F5,
14532,1609888,12092,12264,12366,1609888,EH,I4537,DE,1570,MIKQ1DE2026,,26D4,MRN2,dO,1600,MonFilP,500,24,2026DE_024,,,8,2,2026,23,10,55.33886667,5.663183333,19,9,1704,,,,3.1416,,,MCR,HydroBios,5330,3.520047317,,,,F,,41,47.55,,,,,,,,,39F5,
14532,1609888,12092,12264,12366,1609888,EH,I4537,DE,1570,MIKQ1DE2026,,26D4,MRN2,dO,1600,MonFilP,500,24,2026DE_024,,,8,2,2026,23,10,55.33886667,5.663183333,19,9,1704,,,,3.1416,,,MCR,HydroBios,5330,3.520047317,,,,F,,41,47.55,,,,,,,,,39F5,
14532,1609888,12092,12264,12366,1609888,EH,I4537,DE,1570,MIKQ1DE2026,,26D4,MRN2,dO,1600,MonFilP,500,24,2026DE_024,,,8,2,2026,23,10,55.33886667,5.663183333,19,9,1704,,,,3.1416,,,MCR,HydroBios,5330,3.520047317,,,,F,,41,47.55,,,,,,,,,39F5,
14532,1609888,12092,12264,12366,1609888,EH,I4537,DE,1570,MIKQ1DE2026,,26D4,MRN2,dO,1600,MonFilP,500,24,2026DE_024,,,8,2,2026,23,10,55.33886667,5.663183333,19,9,1704,,,,3.1416,,,MCR,HydroBios,5330,3.520047317,,,,F,,41,47.55,,,,,,,,,39F5,
14532,1609888,12092,12264,12366,1609888,EH,I4537,DE,1570,MIKQ1DE2026,,26D4,MRN2,dO,1600,MonFilP,500,24,2026DE_024,,,8,2,2026,23,10,55.33886667,5.663183333,19,9,1704,,,,3.1416,,,MCR,HydroBios,5330,3.520047317,,,,F,,41,47.55,,,,,,,,,39F5,
14532,1609888,12092,12264,12366,1609888,EH,I4537,DE,1570,MIKQ1DE2026,,26D4,MRN2,dO,1600,MonFilP,500,24,2026DE_024,,,8,2,2026,23,10,55.33886667,5.663183333,19,9,1704,,,,3.1416,,,MCR,HydroBios,5330,3.520047317,,,,F,,41,47.55,,,,,,,,,39F5,
14532,1609888,12092,12264,12366,1609888,EH,I4537,DE,1570,MIKQ1DE2026,,26D4,MRN2,dO,1600,MonFilP,500,24,2026DE_024,,,8,2,2026,23,10,55.33886667,5.663183333,19,9,1704,,,,3.1416,,,MCR,HydroBios,5330,3.520047317,,,,F,,41,47.55,,,,,,,,,39F5,
14532,1609888,12092,12264,12366,1609888,EH,I4537,DE,1570,MIKQ1DE2026,,26D4,MRN2,dO,1600,MonFilP,500,24,2026DE_024,,,8,2,2026,23,10,55.33886667,5.663183333,19,9,1704,,,,3.1416,,,MCR,HydroBios,5330,3.520047317,,,,F,,41,47.55,,,,,,,,,39F5,
14532,1609889,12092,12264,12366,1609889,EH,I4537,DE,1570,MIKQ1DE2026,,26D4,MRN2,dO,1600,MonFilP,500,25,2026DE_025,,,9,2,2026,0,58,55.58125,5.532666667,10,59,815,,,,3.1416,,,MCR,HydroBios,2932,3.520047317,,,,F,,47,52.4,,,,,,,,,40F5,
14532,1609889,12092,12264,12366,1609889,EH,I4537,DE,1570,MIKQ1DE2026,,26D4,MRN2,dO,1600,MonFilP,500,25,2026DE_025,,,9,2,2026,0,58,55.58125,5.532666667,10,59,815,,,,3.1416,,,MCR,HydroBios,2932,3.520047317,,,,F,,47,52.4,,,,,,,,,40F5,
14532,1609890,12092,12264,12366,1609890,EH,I4537,DE,1570,MIKQ1DE2026,,26D4,MRN2,dO,1600,MonFilP,500,26,2026DE_026,,,9,2,2026,4,1,55.40965,6.1555,18,12,1574,,,,3.1416,,,MCR,HydroBios,6488,3.520047317,,,,F,,43,48.85,,,,,,,,,39F6,
14532,1609890,12092,12264,12366,1609890,EH,I4537,DE,1570,MIKQ1DE2026,,26D4,MRN2,dO,1600,MonFilP,500,26,2026DE_026,,,9,2,2026,4,1,55.40965,6.1555,18,12,1574,,,,3.1416,,,MCR,HydroBios,6488,3.520047317,,,,F,,43,48.85,,,,,,,,,39F6,
14532,1609890,12092,12264,12366,1609890,EH,I4537,DE,1570,MIKQ1DE2026,,26D4,MRN2,dO,1600,MonFilP,500,26,2026DE_026,,,9,2,2026,4,1,55.40965,6.1555,18,12,1574,,,,3.1416,,,MCR,HydroBios,6488,3.520047317,,,,F,,43,48.85,,,,,,,,,39F6,
14532,1609890,12092,12264,12366,1609890,EH,I4537,DE,1570,MIKQ1DE2026,,26D4,MRN2,dO,1600,MonFilP,500,26,2026DE_026,,,9,2,2026,4,1,55.40965,6.1555,18,12,1574,,,,3.1416,,,MCR,HydroBios,6488,3.520047317,,,,F,,43,48.85,,,,,,,,,39F6,
14532,1609890,12092,12264,12366,1609890,EH,I4537,DE,1570,MIKQ1DE2026,,26D4,MRN2,dO,1600,MonFilP,500,26,2026DE_026,,,9,2,2026,4,1,55.40965,6.1555,18,12,1574,,,,3.1416,,,MCR,HydroBios,6488,3.520047317,,,,F,,43,48.85,,,,,,,,,39F6,
14532,1609890,12092,12264,12366,1609890,EH,I4537,DE,1570,MIKQ1DE2026,,26D4,MRN2,dO,1600,MonFilP,500,26,2026DE_026,,,9,2,2026,4,1,55.40965,6.1555,18,12,1574,,,,3.1416,,,MCR,HydroBios,6488,3.520047317,,,,F,,43,48.85,,,,,,,,,39F6,
14532,1609890,12092,12264,12366,1609890,EH,I4537,DE,1570,MIKQ1DE2026,,26D4,MRN2,dO,1600,MonFilP,500,26,2026DE_026,,,9,2,2026,4,1,55.40965,6.1555,18,12,1574,,,,3.1416,,,MCR,HydroBios,6488,3.520047317,,,,F,,43,48.85,,,,,,,,,39F6,
14532,1609890,12092,12264,12366,1609890,EH,I4537,DE,1570,MIKQ1DE2026,,26D4,MRN2,dO,1600,MonFilP,500,26,2026DE_026,,,9,2,2026,4,1,55.40965,6.1555,18,12,1574,,,,3.1416,,,MCR,HydroBios,6488,3.520047317,,,,F,,43,48.85,,,,,,,,,39F6,
14532,1609890,12092,12264,12366,1609890,EH,I4537,DE,1570,MIKQ1DE2026,,26D4,MRN2,dO,1600,MonFilP,500,26,2026DE_026,,,9,2,2026,4,1,55.40965,6.1555,18,12,1574,,,,3.1416,,,MCR,HydroBios,6488,3.520047317,,,,F,,43,48.85,,,,,,,,,39F6,
14532,1609890,12092,12264,12366,1609890,EH,I4537,DE,1570,MIKQ1DE2026,,26D4,MRN2,dO,1600,MonFilP,500,26,2026DE_026,,,9,2,2026,4,1,55.40965,6.1555,18,12,1574,,,,3.1416,,,MCR,HydroBios,6488,3.520047317,,,,F,,43,48.85,,,,,,,,,39F6,
14532,1609891,12092,12264,12366,1609891,EH,I4537,DE,1570,MIKQ1DE2026,,26D4,MRN2,dO,1600,MonFilP,500,27,2026DE_027,,,9,2,2026,5,32,55.31988333,6.441033333,15,57,1296,,,,3.1416,,,MCR,HydroBios,5933,3.520047317,,,,F,,38,40.7,,,,,,,,,39F6,
14532,1609891,12092,12264,12366,1609891,EH,I4537,DE,1570,MIKQ1DE2026,,26D4,MRN2,dO,1600,MonFilP,500,27,2026DE_027,,,9,2,2026,5,32,55.31988333,6.441033333,15,57,1296,,,,3.1416,,,MCR,HydroBios,5933,3.520047317,,,,F,,38,40.7,,,,,,,,,39F6,
14532,1609891,12092,12264,12366,1609891,EH,I4537,DE,1570,MIKQ1DE2026,,26D4,MRN2,dO,1600,MonFilP,500,27,2026DE_027,,,9,2,2026,5,32,55.31988333,6.441033333,15,57,1296,,,,3.1416,,,MCR,HydroBios,5933,3.520047317,,,,F,,38,40.7,,,,,,,,,39F6,
14532,1609891,12092,12264,12366,1609891,EH,I4537,DE,1570,MIKQ1DE2026,,26D4,MRN2,dO,1600,MonFilP,500,27,2026DE_027,,,9,2,2026,5,32,55.31988333,6.441033333,15,57,1296,,,,3.1416,,,MCR,HydroBios,5933,3.520047317,,,,F,,38,40.7,,,,,,,,,39F6,
14532,1609891,12092,12264,12366,1609891,EH,I4537,DE,1570,MIKQ1DE2026,,26D4,MRN2,dO,1600,MonFilP,500,27,2026DE_027,,,9,2,2026,5,32,55.31988333,6.441033333,15,57,1296,,,,3.1416,,,MCR,HydroBios,5933,3.520047317,,,,F,,38,40.7,,,,,,,,,39F6,
14532,1609891,12092,12264,12366,1609891,EH,I4537,DE,1570,MIKQ1DE2026,,26D4,MRN2,dO,1600,MonFilP,500,27,2026DE_027,,,9,2,2026,5,32,55.31988333,6.441033333,15,57,1296,,,,3.1416,,,MCR,HydroBios,5933,3.520047317,,,,F,,38,40.7,,,,,,,,,39F6,
14532,1609891,12092,12264,12366,1609891,EH,I4537,DE,1570,MIKQ1DE2026,,26D4,MRN2,dO,1600,MonFilP,500,27,2026DE_027,,,9,2,2026,5,32,55.31988333,6.441033333,15,57,1296,,,,3.1416,,,MCR,HydroBios,5933,3.520047317,,,,F,,38,40.7,,,,,,,,,39F6,
14532,1609891,12092,12264,12366,1609891,EH,I4537,DE,1570,MIKQ1DE2026,,26D4,MRN2,dO,1600,MonFilP,500,27,2026DE_027,,,9,2,2026,5,32,55.31988333,6.441033333,15,57,1296,,,,3.1416,,,MCR,HydroBios,5933,3.520047317,,,,F,,38,40.7,,,,,,,,,39F6,
14532,1609891,12092,12264,12366,1609891,EH,I4537,DE,1570,MIKQ1DE2026,,26D4,MRN2,dO,1600,MonFilP,500,27,2026DE_027,,,9,2,2026,5,32,55.31988333,6.441033333,15,57,1296,,,,3.1416,,,MCR,HydroBios,5933,3.520047317,,,,F,,38,40.7,,,,,,,,,39F6,
14532,1609892,12092,12264,12366,1609892,EH,I4537,DE,1570,MIKQ1DE2026,,26D4,MRN2,dO,1600,MonFilP,500,34,2026DE_034,,,9,2,2026,17,38,55.59483333,5.8353,15,57,1389,,,,3.1416,,,MCR,HydroBios,4715,3.520047317,,,,F,,43,49.65,,,,,,,,,40F5,
14531,1609779,12095,12308,12366,1609779,EH,I4537,SE,4484,MIKQ1SE2026,,77SE,MRN2,dO,1600,WovFab,500,39,2026SE101,,2026SE901,18,1,2026,19,3,58.19488,11.20437,11,,426,,,,3.1416,,,MCR,Hydro-Bios,3029,3.33,,,,F,,37.1,56,,,,,,,,,45G1,
14531,1609780,12095,12308,12366,1609780,EH,I4537,SE,4484,MIKQ1SE2026,,77SE,MRN2,dO,1600,WovFab,500,40,2026SE102,,2026SE902,18,1,2026,20,59,58.09208,10.83077,50,,4556,,,,3.1416,,,MCR,Hydro-Bios,14375,3.33,,,,F,,97,193.4,,,,,,,,,45G0,
14531,1609781,12095,12308,12366,1609781,EH,I4537,SE,4484,MIKQ1SE2026,,77SE,MRN2,dO,1600,WovFab,500,41,2026SE103,,2026SE903,18,1,2026,22,58,57.91551,10.83835,50,,4463,,,,3.1416,,,MCR,Hydro-Bios,14986,3.33,,,,F,,98.5,139.9,,,,,,,,,44G0,
14531,1609782,12095,12308,12366,1609782,EH,I4537,SE,4484,MIKQ1SE2026,,77SE,MRN2,dO,1600,WovFab,500,42,2026SE104,,2026SE904,19,1,2026,0,57,57.86703,11.19805,33,,3278,,,,3.1416,,,MCR,Hydro-Bios,11633,3.33,,,,F,,54.4,59,,,,,,,,,44G1,
14531,1609783,12095,12308,12366,1609783,EH,I4537,SE,4484,MIKQ1SE2026,,77SE,MRN2,dO,1600,WovFab,500,46,2026SE105,,2026SE905,19,1,2026,17,12,57.43844,10.84117,14,,1074,,,,3.1416,,,MCR,Hydro-Bios,4372,3.33,,,,F,,31.3,38.9,,,,,,,,,43G0,
14531,1609784,12095,12308,12366,1609784,EH,I4537,SE,4484,MIKQ1SE2026,,77SE,MRN2,dO,1600,WovFab,500,47,2026SE106,,2026SE906,19,1,2026,18,44,57.58589,10.80679,15,,1500,,,,3.1416,,,MCR,Hydro-Bios,4593,3.33,,,,F,,21,28.1,,,,,,,,,44G0,
14531,1609785,12095,12308,12366,1609785,EH,I4537,SE,4484,MIKQ1SE2026,,77SE,MRN2,dO,1600,WovFab,500,48,2026SE107,,2026SE907,19,1,2026,20,45,57.74786,11.1667,19,,1556,,,,3.1416,,,MCR,Hydro-Bios,5492,3.33,,,,F,,37.2,43.9,,,,,,,,,44G1,
14531,1609786,12095,12308,12366,1609786,EH,I4537,SE,4484,MIKQ1SE2026,,77SE,MRN2,dO,1600,WovFab,500,49,2026SE108,,2026SE908,19,1,2026,22,22,57.58523,11.28882,20,,1241,,,,3.1416,,,MCR,Hydro-Bios,5364,3.33,,,,F,,45,52.8,,,,,,,,,44G1,
14531,1609787,12095,12308,12366,1609787,EH,I4537,SE,4484,MIKQ1SE2026,,77SE,MRN2,dO,1600,WovFab,500,50,2026SE109,,2026SE909,20,1,2026,0,25,57.41009,11.61492,26,,2408,,,,3.1416,,,MCR,Hydro-Bios,8034,3.33,,,,F,,45.8,52.5,,,,,,,,,43G1,
14531,1609788,12095,12308,12366,1609788,EH,I4537,SE,4484,MIKQ1SE2026,,77SE,MRN2,dO,1600,WovFab,500,51,2026SE110,,2026SE910,20,1,2026,2,28,57.34095,11.28049,20,,2111,,,,3.1416,,,MCR,Hydro-Bios,6231,3.33,,,,F,,30.3,36.8,,,,,,,,,43G1,
14531,1609789,12095,12308,12366,1609789,EH,I4537,SE,4484,MIKQ1SE2026,,77SE,MRN2,dO,1600,WovFab,500,56,2026SE111,,2026SE911,20,1,2026,17,9,56.8455,11.73407,20,,1833,,,,3.1416,,,MCR,Hydro-Bios,6356,3.33,,,,F,,37.8,44.9,,,,,,,,,42G1,
14531,1609790,12095,12308,12366,1609790,EH,I4537,SE,4484,MIKQ1SE2026,,77SE,MRN2,dO,1600,WovFab,500,57,2026SE112,,2026SE913,20,1,2026,19,56,56.58224,11.58166,19,,1556,,,,3.1416,,,MCR,Hydro-Bios,5499,3.33,,,,F,,22.7,30,,,,,,,,,42G1,
14531,1609791,12095,12308,12366,1609791,EH,I4537,SE,4484,MIKQ1SE2026,,77SE,MRN2,dO,1600,WovFab,500,58,2026SE113,,2026SE914,20,1,2026,21,35,56.41845,11.6797,16,,1333,,,,3.1416,,,MCR,Hydro-Bios,4514,3.33,,,,F,,21.8,29,,,,,,,,,41G1,
14531,1609793,12095,12308,12366,1609793,EH,I4537,SE,4484,MIKQ1SE2026,,77SE,MRN2,dO,1600,WovFab,500,60,2026SE115,,2026SE916,21,1,2026,0,12,56.2752,11.16096,11,,982,,,,3.1416,,,MCR,Hydro-Bios,3486,3.33,,,,F,,14.7,21.7,,,,,,,,,41G1,
14531,1609794,12095,12308,12366,1609794,EH,I4537,SE,4484,MIKQ1SE2026,,77SE,MRN2,dO,1600,WovFab,500,61,2026SE116,,2026SE917,21,1,2026,1,39,56.15716,10.93765,13,,1222,,,,3.1416,,,MCR,Hydro-Bios,3481,3.33,,,,F,,14.6,21.6,,,,,,,,,41G0,
14531,1609795,12095,12308,12366,1609795,EH,I4537,SE,4484,MIKQ1SE2026,,77SE,MRN2,dO,1600,WovFab,500,65,2026SE117,,2026SE918,21,1,2026,17,8,56.312,12.42215,17,,1500,,,,3.1416,,,MCR,Hydro-Bios,5325,3.33,,,,F,,22.2,28.5,,,,,,,,,41G2,
14531,1609796,12095,12308,12366,1609796,EH,I4537,SE,4484,MIKQ1SE2026,,77SE,MRN2,dO,1600,WovFab,500,66,2026SE118,,2026SE919,21,1,2026,18,34,56.43694,12.3822,12,,815,,,,3.1416,,,MCR,Hydro-Bios,3506,3.33,,,,F,,23.6,30,,,,,,,,,41G2,
14531,1609797,12095,12308,12366,1609797,EH,I4537,SE,4484,MIKQ1SE2026,,77SE,MRN2,dO,1600,WovFab,500,67,2026SE119,,2026SE920,21,1,2026,20,1,56.58502,12.42913,13,,1019,,,,3.1416,,,MCR,Hydro-Bios,4166,3.33,,,,F,,22.3,29.8,,,,,,,,,42G2,
14531,1609798,12095,12308,12366,1609798,EH,I4537,SE,4484,MIKQ1SE2026,,77SE,MRN2,dO,1600,WovFab,500,68,2026SE120,,2026SE921,21,1,2026,21,29,56.71458,12.27782,12,,982,,,,3.1416,,,MCR,Hydro-Bios,3757,3.33,,,,F,,29.1,37.6,,,,,,,,,42G2,
14531,1609799,12095,12308,12366,1609799,EH,I4537,SE,4484,MIKQ1SE2026,,77SE,MRN2,dO,1600,WovFab,500,69,2026SE121,,2026SE922,21,1,2026,23,43,56.60772,11.84307,13,,1333,,,,3.1416,,,MCR,Hydro-Bios,4720,3.33,,,,F,,23,32.8,,,,,,,,,42G1,
14531,1609800,12095,12308,12366,1609800,EH,I4537,SE,4484,MIKQ1SE2026,,77SE,MRN2,dO,1600,WovFab,500,70,2026SE122,,2026SE923,22,1,2026,1,39,56.40981,11.83285,12,,1111,,,,3.1416,,,MCR,Hydro-Bios,4069,3.33,,,,F,,24.3,31.7,,,,,,,,,41G1,
14531,1609801,12095,12308,12366,1609801,EH,I4537,SE,4484,MIKQ1SE2026,,77SE,MRN2,dO,1600,WovFab,500,77,2026SE123,,2026SE924,22,1,2026,19,48,56.89505,11.90948,11,,982,,,,3.1416,,,MCR,Hydro-Bios,4443,3.33,,,,F,,22.8,31.7,,,,,,,,,42G1,
14531,1609802,12095,12308,12366,1609802,EH,I4537,SE,4484,MIKQ1SE2026,,77SE,MRN2,dO,1600,WovFab,500,78,2026SE124,,2026SE925,22,1,2026,21,39,57.09115,11.82783,22,,2019,,,,3.1416,,,MCR,Hydro-Bios,7015,3.33,,,,F,,50.6,57.3,,,,,,,,,43G1,
14531,1609803,12095,12308,12366,1609803,EH,I4537,SE,4484,MIKQ1SE2026,,77SE,MRN2,dO,1600,WovFab,500,79,2026SE125,,2026SE926,22,1,2026,22,59,57.07771,12.08199,16,,1482,,,,3.1416,,,MCR,Hydro-Bios,5094,3.33,,,,F,,33,40.1,,,,,,,,,43G2,
14531,1609804,12095,12308,12366,1609804,EH,I4537,SE,4484,MIKQ1SE2026,,77SE,MRN2,dO,1600,WovFab,500,80,2026SE126,,2026SE927,23,1,2026,1,0,56.8444,12.21914,14,,1370,,,,3.1416,,,MCR,Hydro-Bios,4754,3.33,,,,F,,30.2,37.7,,,,,,,,,42G2,
14531,1609805,12095,12308,12366,1609805,EH,I4537,SE,4484,MIKQ1SE2026,,77SE,MRN2,dO,1600,WovFab,500,81,2026SE127,,2026SE928,23,1,2026,2,54,56.6336,12.28583,14,,1204,,,,3.1416,,,MCR,Hydro-Bios,5030,3.33,,,,F,,30.6,38.9,,,,,,,,,42G2,
14531,1609806,12095,12308,12366,1609806,EH,I4537,SE,4484,MIKQ1SE2026,,77SE,MRN2,dO,1600,WovFab,500,86,2026SE128,,2026SE929,23,1,2026,17,22,57.21826,12.02242,16,,1537,,,,3.1416,,,MCR,Hydro-Bios,5495,3.33,,,,F,,30.8,36.3,,,,,,,,,43G2,
14531,1609807,12095,12308,12366,1609807,EH,I4537,SE,4484,MIKQ1SE2026,,77SE,MRN2,dO,1600,WovFab,500,87,2026SE129,,2026SE930,23,1,2026,19,23,57.3676,11.7028,20,,1982,,,,3.1416,,,MCR,Hydro-Bios,7546,3.33,,,,F,,40.3,47,,,,,,,,,43G1,
14531,1609808,12095,12308,12366,1609808,EH,I4537,SE,4484,MIKQ1SE2026,,77SE,MRN2,dO,1600,WovFab,500,89,2026SE130,,2026SE931,23,1,2026,23,9,57.54648,10.8706,13,,1093,,,,3.1416,,,MCR,Hydro-Bios,4391,3.33,,,,F,,24.8,31.8,,,,,,,,,44G0,
14531,1609809,12095,12308,12366,1609809,EH,I4537,SE,4484,MIKQ1SE2026,,77SE,MRN2,dO,1600,WovFab,500,90,2026SE131,,2026SE932,24,1,2026,1,4,57.67362,11.24693,21,,1945,,,,3.1416,,,MCR,Hydro-Bios,6639,3.33,,,,F,,37.5,46.2,,,,,,,,,44G1,
14531,1609810,12095,12308,12366,1609810,EH,I4537,SE,4484,MIKQ1SE2026,,77SE,MRN2,dO,1600,WovFab,500,99,2026SE132,,2026SE933,25,1,2026,17,10,56.90892,6.50382,16,,1167,,,,3.1416,,,MCR,Hydro-Bios,5275,3.33,,,,F,,37.2,46.1,,,,,,,,,42F6,
14531,1609814,12095,12308,12366,1609814,EH,I4537,SE,4484,MIKQ1SE2026,,77SE,MRN2,dO,1600,WovFab,500,103,2026SE136,,2026SE937,26,1,2026,0,55,56.91813,5.83045,22,,1889,,,,3.1416,,,MCR,Hydro-Bios,8119,3.33,,,,F,,47.6,56.2,,,,,,,,,42F5,
14531,1609815,12095,12308,12366,1609815,EH,I4537,SE,4484,MIKQ1SE2026,,77SE,MRN2,dO,1600,WovFab,500,106,2026SE137,,2026SE938,26,1,2026,20,27,56.91447,7.66388,16,,1222,,,,3.1416,,,MCR,Hydro-Bios,5274,3.33,,,,F,,36.3,45.1,,,,,,,,,42F7,
14531,1609817,12095,12308,12366,1609817,EH,I4537,SE,4484,MIKQ1SE2026,,77SE,MRN2,dO,1600,WovFab,500,112,2026SE139,,2026SE940,27,1,2026,17,42,57.4316,8.89775,12,,759,,,,3.1416,,,MCR,Hydro-Bios,3654,3.33,,,,F,,23.5,28.4,,,,,,,,,43F8,
14531,1609818,12095,12308,12366,1609818,EH,I4537,SE,4484,MIKQ1SE2026,,77SE,MRN2,dO,1600,WovFab,500,113,2026SE140,,2026SE941,27,1,2026,19,24,57.58165,8.83717,24,,1519,,,,3.1416,,,MCR,Hydro-Bios,7383,3.33,,,,F,,61,70.2,,,,,,,,,44F8,
14531,1609819,12095,12308,12366,1609819,EH,I4537,SE,4484,MIKQ1SE2026,,77SE,MRN2,dO,1600,WovFab,500,114,2026SE141,,2026SE942,27,1,2026,21,25,57.74975,8.84608,57,,4778,,,,3.1416,,,MCR,Hydro-Bios,17103,3.33,,,,F,,98.8,160.3,,,,,,,,,44F8,
14531,1609821,12095,12308,12366,1609821,EH,I4537,SE,4484,MIKQ1SE2026,,77SE,MRN2,dO,1600,WovFab,500,120,2026SE143,,2026SE944,28,1,2026,17,10,57.76426,9.79042,11,,444,,,,3.1416,,,MCR,Hydro-Bios,3808,3.33,,,,F,,31.6,38.6,,,,,,,,,44F9,
14531,1609822,12095,12308,12366,1609822,EH,I4537,SE,4484,MIKQ1SE2026,,77SE,MRN2,dO,1600,WovFab,500,121,2026SE144,,2026SE945,28,1,2026,19,15,57.7849,10.18196,21,,574,,,,3.1416,,,MCR,Hydro-Bios,6546,3.33,,,,F,,68.3,76.6,,,,,,,,,44G0,
14531,1609823,12095,12308,12366,1609823,EH,I4537,SE,4484,MIKQ1SE2026,,77SE,MRN2,dO,1600,WovFab,500,125,2026SE145,,2026SE946,29,1,2026,18,47,58.09107,11.21828,17,,1445,,,,3.1416,,,MCR,Hydro-Bios,5588,3.33,,,,F,,42.9,53,,,,,,,,,45G1,
14531,1609824,12095,12308,12366,1609824,EH,I4537,SE,4484,MIKQ1SE2026,,77SE,MRN2,dO,1600,WovFab,500,126,2026SE146,,2026SE947,29,1,2026,21,4,58.22179,10.83786,52,,4649,,,,3.1416,,,MCR,Hydro-Bios,14573,3.33,,,,F,,99.3,158.1,,,,,,,,,45G0,
14531,1609825,12095,12308,12366,1609825,EH,I4537,SE,4484,MIKQ1SE2026,,77SE,MRN2,dO,1600,WovFab,500,127,2026SE147,,2026SE948,30,1,2026,0,1,58.2496,10.40548,56,,5223,,,,3.1416,,,MCR,Hydro-Bios,17152,3.33,,,,F,,99.1,318.8,,,,,,,,,45G0,
14531,1609827,12095,12308,12366,1609827,EH,I4537,SE,4484,MIKQ1SE2026,,77SE,MRN2,dO,1600,WovFab,500,134,2026SE149,,2026SE950,30,1,2026,19,5,58.58327,10.84939,33,,3056,,,,3.1416,,,MCR,Hydro-Bios,9838,3.33,,,,F,,70.6,78,,,,,,,,,46G0,
14531,1609828,12095,12308,12366,1609828,EH,I4537,SE,4484,MIKQ1SE2026,,77SE,MRN2,dO,1600,WovFab,500,135,2026SE150,,2026SE951,30,1,2026,21,20,58.58435,10.50343,60,,5667,,,,3.1416,,,MCR,Hydro-Bios,17506,3.33,,,,F,,99.6,160.5,,,,,,,,,46G0,
14531,1609829,12095,12308,12366,1609829,EH,I4537,SE,4484,MIKQ1SE2026,,77SE,MRN2,dO,1600,WovFab,500,136,2026SE151,,2026SE952,30,1,2026,23,35,58.74889,10.50422,42,,3741,,,,3.1416,,,MCR,Hydro-Bios,11457,3.33,,,,F,,101.4,119.8,,,,,,,,,46G0,
14531,1609830,12095,12308,12366,1609830,EH,I4537,SE,4484,MIKQ1SE2026,,77SE,MRN2,dO,1600,WovFab,500,137,2026SE152,,2026SE953,31,1,2026,1,50,58.6214,10.85712,34,,3111,,,,3.1416,,,MCR,Hydro-Bios,10816,3.33,,,,F,,71.7,78.4,,,,,,,,,46G0,
14531,1609831,12095,12308,12366,1609831,EH,I4537,SE,4484,MIKQ1SE2026,,77SE,MRN2,dO,1600,WovFab,500,142,2026SE153,,2026SE954,31,1,2026,17,4,58.5531,10.25911,58,,5260,,,,3.1416,,,MCR,Hydro-Bios,19020,3.33,,,,F,,98.8,307.9,,,,,,,,,46G0,
14531,1609834,12095,12308,12366,1609834,EH,I4537,SE,4484,MIKQ1SE2026,,77SE,MRN2,dO,1600,WovFab,500,145,2026SE156,,2026SE957,1,2,2026,1,22,58.08596,9.82635,47,,4167,,,,3.1416,,,MCR,Hydro-Bios,14114,3.33,,,,F,,101.3,255.4,,,,,,,,,45F9,
14532,1609882,12092,12264,12366,1609882,EH,I4537,DE,1570,MIKQ1DE2026,,26D4,MRN2,dO,1600,MonFilP,500,12,2026DE_012,,,8,2,2026,1,1,55.11496667,7.836083333,12,24,1093,,,,3.1416,,,MCR,HydroBios,3755,3.520047317,,,,F,,13,19.5,,,,,,,,,39F7,
14532,1609883,12092,12264,12366,1609883,EH,I4537,DE,1570,MIKQ1DE2026,,26D4,MRN2,dO,1600,MonFilP,500,13,2026DE_013,,,8,2,2026,2,23,54.91978333,7.835733333,12,6,963,,,,3.1416,,,MCR,HydroBios,3780,3.520047317,,,,F,,15,21.25,,,,,,,,,38F7,
14532,1609885,12092,12264,12366,1609885,EH,I4537,DE,1570,MIKQ1DE2026,,26D4,MRN2,dO,1600,MonFilP,500,21,2026DE_021,,,8,2,2026,17,33,54.91685,6.79295,10,26,796,,,,3.1416,,,MCR,HydroBios,2695,3.520047317,,,,F,,27,34.7,,,,,,,,,38F6,
14532,1609886,12092,12264,12366,1609886,EH,I4537,DE,1570,MIKQ1DE2026,,26D4,MRN2,dO,1600,MonFilP,500,22,2026DE_022,,,8,2,2026,19,26,54.90906667,6.256883333,12,48,1130,,,,3.1416,,,MCR,HydroBios,3788,3.520047317,,,,F,,32,41.1,,,,,,,,,38F6,
14532,1609887,12092,12264,12366,1609887,EH,I4537,DE,1570,MIKQ1DE2026,,26D4,MRN2,dO,1600,MonFilP,500,23,2026DE_023,,,8,2,2026,21,27,55.09486667,5.812616667,14,9,1296,,,,3.1416,,,MCR,HydroBios,4191,3.520047317,,,,F,,37,43.7,,,,,,,,,39F5,
14532,1609888,12092,12264,12366,1609888,EH,I4537,DE,1570,MIKQ1DE2026,,26D4,MRN2,dO,1600,MonFilP,500,24,2026DE_024,,,8,2,2026,23,10,55.33886667,5.663183333,19,9,1704,,,,3.1416,,,MCR,HydroBios,5330,3.520047317,,,,F,,41,47.55,,,,,,,,,39F5,
14532,1609889,12092,12264,12366,1609889,EH,I4537,DE,1570,MIKQ1DE2026,,26D4,MRN2,dO,1600,MonFilP,500,25,2026DE_025,,,9,2,2026,0,58,55.58125,5.532666667,10,59,815,,,,3.1416,,,MCR,HydroBios,2932,3.520047317,,,,F,,47,52.4,,,,,,,,,40F5,
14532,1609890,12092,12264,12366,1609890,EH,I4537,DE,1570,MIKQ1DE2026,,26D4,MRN2,dO,1600,MonFilP,500,26,2026DE_026,,,9,2,2026,4,1,55.40965,6.1555,18,12,1574,,,,3.1416,,,MCR,HydroBios,6488,3.520047317,,,,F,,43,48.85,,,,,,,,,39F6,
14532,1609891,12092,12264,12366,1609891,EH,I4537,DE,1570,MIKQ1DE2026,,26D4,MRN2,dO,1600,MonFilP,500,27,2026DE_027,,,9,2,2026,5,32,55.31988333,6.441033333,15,57,1296,,,,3.1416,,,MCR,HydroBios,5933,3.520047317,,,,F,,38,40.7,,,,,,,,,39F6,
14532,1609892,12092,12264,12366,1609892,EH,I4537,DE,1570,MIKQ1DE2026,,26D4,MRN2,dO,1600,MonFilP,500,34,2026DE_034,,,9,2,2026,17,38,55.59483333,5.8353,15,57,1389,,,,3.1416,,,MCR,HydroBios,4715,3.520047317,,,,F,,43,49.65,,,,,,,,,40F5,
14532,1609893,12092,12264,12366,1609893,EH,I4537,DE,1570,MIKQ1DE2026,,26D4,MRN2,dO,1600,MonFilP,500,35,2026DE_035,,,9,2,2026,19,56,55.90261667,6.188116667,13,35,1148,,,,3.1416,,,MCR,HydroBios,3968,3.520047317,,,,F,,40,46.35,,,,,,,,,40F6,
14532,1609894,12092,12264,12366,1609894,EH,I4537,DE,1570,MIKQ1DE2026,,26D4,MRN2,dO,1600,MonFilP,500,36,2026DE_036,,,9,2,2026,21,21,55.9068,6.512316667,13,30,1185,,,,3.1416,,,MCR,HydroBios,3941,3.520047317,,,,F,,36,41.55,,,,,,,,,40F6,
14532,1609895,12092,12264,12366,1609895,EH,I4537,DE,1570,MIKQ1DE2026,,26D4,MRN2,dO,1600,MonFilP,500,37,2026DE_037,,,9,2,2026,22,54,56.08615,6.7895,15,18,1167,,,,3.1416,,,MCR,HydroBios,4073,3.520047317,,,,F,,33,39,,,,,,,,,41F6,
14532,1609896,12092,12264,12366,1609896,EH,I4537,DE,1570,MIKQ1DE2026,,26D4,MRN2,dO,1600,MonFilP,500,38,2026DE_038,,,10,2,2026,0,30,56.09731667,7.199433333,13,28,1148,,,,3.1416,,,MCR,HydroBios,3999,3.520047317,,,,F,,22,28.1,,,,,,,,,41F7,
14532,1609898,12092,12264,12366,1609898,EH,I4537,DE,1570,MIKQ1DE2026,,26D4,MRN2,dO,1600,MonFilP,500,40,2026DE_040,,,10,2,2026,3,29,55.91536667,7.169983333,16,52,1574,,,,3.1416,,,MCR,HydroBios,5353,3.520047317,,,,F,,20,29,,,,,,,,,40F7,
14532,1609900,12092,12264,12366,1609900,EH,I4537,DE,1570,MIKQ1DE2026,,26D4,MRN2,dO,1600,MonFilP,500,50,2026DE_050,,,10,2,2026,20,57,56.24515,5.207883333,16,29,1445,,,,3.1416,,,MCR,HydroBios,5075,3.520047317,,,,F,,48,54.95,,,,,,,,,41F5,
14532,1609901,12092,12264,12366,1609901,EH,I4537,DE,1570,MIKQ1DE2026,,26D4,MRN2,dO,1600,MonFilP,500,51,2026DE_051,,,10,2,2026,22,26,56.26965,4.847166667,14,45,1167,,,,3.1416,,,MCR,HydroBios,4267,3.520047317,,,,F,,55,60.7,,,,,,,,,41F4,
14532,1609902,12092,12264,12366,1609902,EH,I4537,DE,1570,MIKQ1DE2026,,26D4,MRN2,dO,1600,MonFilP,500,52,2026DE_052,,,10,2,2026,23,54,56.09321667,4.80535,11,58,852,,,,3.1416,,,MCR,HydroBios,3009,3.520047317,,,,F,,50,55.05,,,,,,,,,41F4,
14532,1609903,12092,12264,12366,1609903,EH,I4537,DE,1570,MIKQ1DE2026,,26D4,MRN2,dO,1600,MonFilP,500,53,2026DE_053,,,11,2,2026,1,12,55.92426667,4.8105,11,11,870,,,,3.1416,,,MCR,HydroBios,2896,3.520047317,,,,F,,34,39.55,,,,,,,,,40F4,
14532,1609905,12092,12264,12366,1609905,EH,I4537,DE,1570,MIKQ1DE2026,,26D4,MRN2,dO,1600,MonFilP,500,63,2026DE_063,,,11,2,2026,20,27,56.1922,3.813833333,16,2,1315,,,,3.1416,,,MCR,HydroBios,4232,3.520047317,,,,F,,65,71.8,,,,,,,,,41F3,
14532,1609906,12092,12264,12366,1609906,EH,I4537,DE,1570,MIKQ1DE2026,,26D4,MRN2,dO,1600,MonFilP,500,64,2026DE_064,,,11,2,2026,22,8,56.3954,3.814433333,19,44,1593,,,,3.1416,,,MCR,HydroBios,6703,3.520047317,,,,F,,56,65.95,,,,,,,,,41F3,
14532,1609908,12092,12264,12366,1609908,EH,I4537,DE,1570,MIKQ1DE2026,,26D4,MRN2,dO,1600,MonFilP,500,66,2026DE_066,,,12,2,2026,1,22,56.7823,3.817216667,10,41,741,,,,3.1416,,,MCR,HydroBios,3509,3.520047317,,,,F,,51,57.25,,,,,,,,,42F3,
14532,1609909,12092,12264,12366,1609909,EH,I4537,DE,1570,MIKQ1DE2026,,26D4,MRN2,dO,1600,MonFilP,500,67,2026DE_067,,,12,2,2026,3,14,56.75311667,4.170183333,16,2,1389,,,,3.1416,,,MCR,HydroBios,6428,3.520047317,,,,F,,45,52.2,,,,,,,,,42F4,
14532,1609892,12092,12264,12366,1609892,EH,I4537,DE,1570,MIKQ1DE2026,,26D4,MRN2,dO,1600,MonFilP,500,34,2026DE_034,,,9,2,2026,17,38,55.59483333,5.8353,15,57,1389,,,,3.1416,,,MCR,HydroBios,4715,3.520047317,,,,F,,43,49.65,,,,,,,,,40F5,
14532,1609892,12092,12264,12366,1609892,EH,I4537,DE,1570,MIKQ1DE2026,,26D4,MRN2,dO,1600,MonFilP,500,34,2026DE_034,,,9,2,2026,17,38,55.59483333,5.8353,15,57,1389,,,,3.1416,,,MCR,HydroBios,4715,3.520047317,,,,F,,43,49.65,,,,,,,,,40F5,
14532,1609892,12092,12264,12366,1609892,EH,I4537,DE,1570,MIKQ1DE2026,,26D4,MRN2,dO,1600,MonFilP,500,34,2026DE_034,,,9,2,2026,17,38,55.59483333,5.8353,15,57,1389,,,,3.1416,,,MCR,HydroBios,4715,3.520047317,,,,F,,43,49.65,,,,,,,,,40F5,
14532,1609892,12092,12264,12366,1609892,EH,I4537,DE,1570,MIKQ1DE2026,,26D4,MRN2,dO,1600,MonFilP,500,34,2026DE_034,,,9,2,2026,17,38,55.59483333,5.8353,15,57,1389,,,,3.1416,,,MCR,HydroBios,4715,3.520047317,,,,F,,43,49.65,,,,,,,,,40F5,
14532,1609892,12092,12264,12366,1609892,EH,I4537,DE,1570,MIKQ1DE2026,,26D4,MRN2,dO,1600,MonFilP,500,34,2026DE_034,,,9,2,2026,17,38,55.59483333,5.8353,15,57,1389,,,,3.1416,,,MCR,HydroBios,4715,3.520047317,,,,F,,43,49.65,,,,,,,,,40F5,
14532,1609893,12092,12264,12366,1609893,EH,I4537,DE,1570,MIKQ1DE2026,,26D4,MRN2,dO,1600,MonFilP,500,35,2026DE_035,,,9,2,2026,19,56,55.90261667,6.188116667,13,35,1148,,,,3.1416,,,MCR,HydroBios,3968,3.520047317,,,,F,,40,46.35,,,,,,,,,40F6,
14532,1609894,12092,12264,12366,1609894,EH,I4537,DE,1570,MIKQ1DE2026,,26D4,MRN2,dO,1600,MonFilP,500,36,2026DE_036,,,9,2,2026,21,21,55.9068,6.512316667,13,30,1185,,,,3.1416,,,MCR,HydroBios,3941,3.520047317,,,,F,,36,41.55,,,,,,,,,40F6,
14532,1609894,12092,12264,12366,1609894,EH,I4537,DE,1570,MIKQ1DE2026,,26D4,MRN2,dO,1600,MonFilP,500,36,2026DE_036,,,9,2,2026,21,21,55.9068,6.512316667,13,30,1185,,,,3.1416,,,MCR,HydroBios,3941,3.520047317,,,,F,,36,41.55,,,,,,,,,40F6,
14532,1609898,12092,12264,12366,1609898,EH,I4537,DE,1570,MIKQ1DE2026,,26D4,MRN2,dO,1600,MonFilP,500,40,2026DE_040,,,10,2,2026,3,29,55.91536667,7.169983333,16,52,1574,,,,3.1416,,,MCR,HydroBios,5353,3.520047317,,,,F,,20,29,,,,,,,,,40F7,
14532,1609900,12092,12264,12366,1609900,EH,I4537,DE,1570,MIKQ1DE2026,,26D4,MRN2,dO,1600,MonFilP,500,50,2026DE_050,,,10,2,2026,20,57,56.24515,5.207883333,16,29,1445,,,,3.1416,,,MCR,HydroBios,5075,3.520047317,,,,F,,48,54.95,,,,,,,,,41F5,
14532,1609900,12092,12264,12366,1609900,EH,I4537,DE,1570,MIKQ1DE2026,,26D4,MRN2,dO,1600,MonFilP,500,50,2026DE_050,,,10,2,2026,20,57,56.24515,5.207883333,16,29,1445,,,,3.1416,,,MCR,HydroBios,5075,3.520047317,,,,F,,48,54.95,,,,,,,,,41F5,
14532,1609900,12092,12264,12366,1609900,EH,I4537,DE,1570,MIKQ1DE2026,,26D4,MRN2,dO,1600,MonFilP,500,50,2026DE_050,,,10,2,2026,20,57,56.24515,5.207883333,16,29,1445,,,,3.1416,,,MCR,HydroBios,5075,3.520047317,,,,F,,48,54.95,,,,,,,,,41F5,
14532,1609900,12092,12264,12366,1609900,EH,I4537,DE,1570,MIKQ1DE2026,,26D4,MRN2,dO,1600,MonFilP,500,50,2026DE_050,,,10,2,2026,20,57,56.24515,5.207883333,16,29,1445,,,,3.1416,,,MCR,HydroBios,5075,3.520047317,,,,F,,48,54.95,,,,,,,,,41F5,
14532,1609900,12092,12264,12366,1609900,EH,I4537,DE,1570,MIKQ1DE2026,,26D4,MRN2,dO,1600,MonFilP,500,50,2026DE_050,,,10,2,2026,20,57,56.24515,5.207883333,16,29,1445,,,,3.1416,,,MCR,HydroBios,5075,3.520047317,,,,F,,48,54.95,,,,,,,,,41F5,
14532,1609900,12092,12264,12366,1609900,EH,I4537,DE,1570,MIKQ1DE2026,,26D4,MRN2,dO,1600,MonFilP,500,50,2026DE_050,,,10,2,2026,20,57,56.24515,5.207883333,16,29,1445,,,,3.1416,,,MCR,HydroBios,5075,3.520047317,,,,F,,48,54.95,,,,,,,,,41F5,
14532,1609900,12092,12264,12366,1609900,EH,I4537,DE,1570,MIKQ1DE2026,,26D4,MRN2,dO,1600,MonFilP,500,50,2026DE_050,,,10,2,2026,20,57,56.24515,5.207883333,16,29,1445,,,,3.1416,,,MCR,HydroBios,5075,3.520047317,,,,F,,48,54.95,,,,,,,,,41F5,
14532,1609900,12092,12264,12366,1609900,EH,I4537,DE,1570,MIKQ1DE2026,,26D4,MRN2,dO,1600,MonFilP,500,50,2026DE_050,,,10,2,2026,20,57,56.24515,5.207883333,16,29,1445,,,,3.1416,,,MCR,HydroBios,5075,3.520047317,,,,F,,48,54.95,,,,,,,,,41F5,
14532,1609900,12092,12264,12366,1609900,EH,I4537,DE,1570,MIKQ1DE2026,,26D4,MRN2,dO,1600,MonFilP,500,50,2026DE_050,,,10,2,2026,20,57,56.24515,5.207883333,16,29,1445,,,,3.1416,,,MCR,HydroBios,5075,3.520047317,,,,F,,48,54.95,,,,,,,,,41F5,
14532,1609900,12092,12264,12366,1609900,EH,I4537,DE,1570,MIKQ1DE2026,,26D4,MRN2,dO,1600,MonFilP,500,50,2026DE_050,,,10,2,2026,20,57,56.24515,5.207883333,16,29,1445,,,,3.1416,,,MCR,HydroBios,5075,3.520047317,,,,F,,48,54.95,,,,,,,,,41F5,
14532,1609903,12092,12264,12366,1609903,EH,I4537,DE,1570,MIKQ1DE2026,,26D4,MRN2,dO,1600,MonFilP,500,53,2026DE_053,,,11,2,2026,1,12,55.92426667,4.8105,11,11,870,,,,3.1416,,,MCR,HydroBios,2896,3.520047317,,,,F,,34,39.55,,,,,,,,,40F4,
14532,1609903,12092,12264,12366,1609903,EH,I4537,DE,1570,MIKQ1DE2026,,26D4,MRN2,dO,1600,MonFilP,500,53,2026DE_053,,,11,2,2026,1,12,55.92426667,4.8105,11,11,870,,,,3.1416,,,MCR,HydroBios,2896,3.520047317,,,,F,,34,39.55,,,,,,,,,40F4,
14532,1609905,12092,12264,12366,1609905,EH,I4537,DE,1570,MIKQ1DE2026,,26D4,MRN2,dO,1600,MonFilP,500,63,2026DE_063,,,11,2,2026,20,27,56.1922,3.813833333,16,2,1315,,,,3.1416,,,MCR,HydroBios,4232,3.520047317,,,,F,,65,71.8,,,,,,,,,41F3,
14532,1609906,12092,12264,12366,1609906,EH,I4537,DE,1570,MIKQ1DE2026,,26D4,MRN2,dO,1600,MonFilP,500,64,2026DE_064,,,11,2,2026,22,8,56.3954,3.814433333,19,44,1593,,,,3.1416,,,MCR,HydroBios,6703,3.520047317,,,,F,,56,65.95,,,,,,,,,41F3,
14532,1609909,12092,12264,12366,1609909,EH,I4537,DE,1570,MIKQ1DE2026,,26D4,MRN2,dO,1600,MonFilP,500,67,2026DE_067,,,12,2,2026,3,14,56.75311667,4.170183333,16,2,1389,,,,3.1416,,,MCR,HydroBios,6428,3.520047317,,,,F,,45,52.2,,,,,,,,,42F4,
14532,1609909,12092,12264,12366,1609909,EH,I4537,DE,1570,MIKQ1DE2026,,26D4,MRN2,dO,1600,MonFilP,500,67,2026DE_067,,,12,2,2026,3,14,56.75311667,4.170183333,16,2,1389,,,,3.1416,,,MCR,HydroBios,6428,3.520047317,,,,F,,45,52.2,,,,,,,,,42F4,
14532,1609909,12092,12264,12366,1609909,EH,I4537,DE,1570,MIKQ1DE2026,,26D4,MRN2,dO,1600,MonFilP,500,67,2026DE_067,,,12,2,2026,3,14,56.75311667,4.170183333,16,2,1389,,,,3.1416,,,MCR,HydroBios,6428,3.520047317,,,,F,,45,52.2,,,,,,,,,42F4,
14532,1609910,12092,12264,12366,1609910,EH,I4537,DE,1570,MIKQ1DE2026,,26D4,MRN2,dO,1600,MonFilP,500,68,2026DE_068,,,12,2,2026,5,3,56.72233333,4.4976,17,6,1537,,,,3.1416,,,MCR,HydroBios,4786,3.520047317,,,,F,,50,55.3,,,,,,,,,42F4,
14532,1609910,12092,12264,12366,1609910,EH,I4537,DE,1570,MIKQ1DE2026,,26D4,MRN2,dO,1600,MonFilP,500,68,2026DE_068,,,12,2,2026,5,3,56.72233333,4.4976,17,6,1537,,,,3.1416,,,MCR,HydroBios,4786,3.520047317,,,,F,,50,55.3,,,,,,,,,42F4,
14532,1609910,12092,12264,12366,1609910,EH,I4537,DE,1570,MIKQ1DE2026,,26D4,MRN2,dO,1600,MonFilP,500,68,2026DE_068,,,12,2,2026,5,3,56.72233333,4.4976,17,6,1537,,,,3.1416,,,MCR,HydroBios,4786,3.520047317,,,,F,,50,55.3,,,,,,,,,42F4,
14532,1609910,12092,12264,12366,1609910,EH,I4537,DE,1570,MIKQ1DE2026,,26D4,MRN2,dO,1600,MonFilP,500,68,2026DE_068,,,12,2,2026,5,3,56.72233333,4.4976,17,6,1537,,,,3.1416,,,MCR,HydroBios,4786,3.520047317,,,,F,,50,55.3,,,,,,,,,42F4,
14532,1609910,12092,12264,12366,1609910,EH,I4537,DE,1570,MIKQ1DE2026,,26D4,MRN2,dO,1600,MonFilP,500,68,2026DE_068,,,12,2,2026,5,3,56.72233333,4.4976,17,6,1537,,,,3.1416,,,MCR,HydroBios,4786,3.520047317,,,,F,,50,55.3,,,,,,,,,42F4,
14532,1609911,12092,12264,12366,1609911,EH,I4537,DE,1570,MIKQ1DE2026,,26D4,MRN2,dO,1600,MonFilP,500,75,2026DE_075,,,12,2,2026,20,41,56.33886667,2.802333333,17,50,1370,,,,3.1416,,,MCR,HydroBios,4687,3.520047317,,,,F,,68,75.35,,,,,,,,,41F2,
14532,1609911,12092,12264,12366,1609911,EH,I4537,DE,1570,MIKQ1DE2026,,26D4,MRN2,dO,1600,MonFilP,500,75,2026DE_075,,,12,2,2026,20,41,56.33886667,2.802333333,17,50,1370,,,,3.1416,,,MCR,HydroBios,4687,3.520047317,,,,F,,68,75.35,,,,,,,,,41F2,
14532,1609911,12092,12264,12366,1609911,EH,I4537,DE,1570,MIKQ1DE2026,,26D4,MRN2,dO,1600,MonFilP,500,75,2026DE_075,,,12,2,2026,20,41,56.33886667,2.802333333,17,50,1370,,,,3.1416,,,MCR,HydroBios,4687,3.520047317,,,,F,,68,75.35,,,,,,,,,41F2,
14532,1609911,12092,12264,12366,1609911,EH,I4537,DE,1570,MIKQ1DE2026,,26D4,MRN2,dO,1600,MonFilP,500,75,2026DE_075,,,12,2,2026,20,41,56.33886667,2.802333333,17,50,1370,,,,3.1416,,,MCR,HydroBios,4687,3.520047317,,,,F,,68,75.35,,,,,,,,,41F2,
14532,1609911,12092,12264,12366,1609911,EH,I4537,DE,1570,MIKQ1DE2026,,26D4,MRN2,dO,1600,MonFilP,500,75,2026DE_075,,,12,2,2026,20,41,56.33886667,2.802333333,17,50,1370,,,,3.1416,,,MCR,HydroBios,4687,3.520047317,,,,F,,68,75.35,,,,,,,,,41F2,
14532,1609911,12092,12264,12366,1609911,EH,I4537,DE,1570,MIKQ1DE2026,,26D4,MRN2,dO,1600,MonFilP,500,75,2026DE_075,,,12,2,2026,20,41,56.33886667,2.802333333,17,50,1370,,,,3.1416,,,MCR,HydroBios,4687,3.520047317,,,,F,,68,75.35,,,,,,,,,41F2,
14532,1609912,12092,12264,12366,1609912,EH,I4537,DE,1570,MIKQ1DE2026,,26D4,MRN2,dO,1600,MonFilP,500,76,2026DE_076,,,12,2,2026,21,58,56.4064,2.508616667,19,46,1611,,,,3.1416,,,MCR,HydroBios,5659,3.520047317,,,,F,,65,71.45,,,,,,,,,41F2,
14532,1609912,12092,12264,12366,1609912,EH,I4537,DE,1570,MIKQ1DE2026,,26D4,MRN2,dO,1600,MonFilP,500,76,2026DE_076,,,12,2,2026,21,58,56.4064,2.508616667,19,46,1611,,,,3.1416,,,MCR,HydroBios,5659,3.520047317,,,,F,,65,71.45,,,,,,,,,41F2,
14532,1609912,12092,12264,12366,1609912,EH,I4537,DE,1570,MIKQ1DE2026,,26D4,MRN2,dO,1600,MonFilP,500,76,2026DE_076,,,12,2,2026,21,58,56.4064,2.508616667,19,46,1611,,,,3.1416,,,MCR,HydroBios,5659,3.520047317,,,,F,,65,71.45,,,,,,,,,41F2,
14532,1609912,12092,12264,12366,1609912,EH,I4537,DE,1570,MIKQ1DE2026,,26D4,MRN2,dO,1600,MonFilP,500,76,2026DE_076,,,12,2,2026,21,58,56.4064,2.508616667,19,46,1611,,,,3.1416,,,MCR,HydroBios,5659,3.520047317,,,,F,,65,71.45,,,,,,,,,41F2,
14532,1609913,12092,12264,12366,1609913,EH,I4537,DE,1570,MIKQ1DE2026,,26D4,MRN2,dO,1600,MonFilP,500,77,2026DE_077,,,12,2,2026,23,25,56.59428333,2.490716667,16,18,1370,,,,3.1416,,,MCR,HydroBios,4502,3.520047317,,,,F,,66,72.1,,,,,,,,,42F2,
14532,1609913,12092,12264,12366,1609913,EH,I4537,DE,1570,MIKQ1DE2026,,26D4,MRN2,dO,1600,MonFilP,500,77,2026DE_077,,,12,2,2026,23,25,56.59428333,2.490716667,16,18,1370,,,,3.1416,,,MCR,HydroBios,4502,3.520047317,,,,F,,66,72.1,,,,,,,,,42F2,
14532,1609913,12092,12264,12366,1609913,EH,I4537,DE,1570,MIKQ1DE2026,,26D4,MRN2,dO,1600,MonFilP,500,77,2026DE_077,,,12,2,2026,23,25,56.59428333,2.490716667,16,18,1370,,,,3.1416,,,MCR,HydroBios,4502,3.520047317,,,,F,,66,72.1,,,,,,,,,42F2,
14532,1609915,12092,12264,12366,1609915,EH,I4537,DE,1570,MIKQ1DE2026,,26D4,MRN2,dO,1600,MonFilP,500,79,2026DE_079,,,13,2,2026,2,4,56.59496667,1.83185,21,5,1593,,,,3.1416,,,MCR,HydroBios,5556,3.520047317,,,,F,,84,91.1,,,,,,,,,42F1,
14532,1609915,12092,12264,12366,1609915,EH,I4537,DE,1570,MIKQ1DE2026,,26D4,MRN2,dO,1600,MonFilP,500,79,2026DE_079,,,13,2,2026,2,4,56.59496667,1.83185,21,5,1593,,,,3.1416,,,MCR,HydroBios,5556,3.520047317,,,,F,,84,91.1,,,,,,,,,42F1,
14532,1609915,12092,12264,12366,1609915,EH,I4537,DE,1570,MIKQ1DE2026,,26D4,MRN2,dO,1600,MonFilP,500,79,2026DE_079,,,13,2,2026,2,4,56.59496667,1.83185,21,5,1593,,,,3.1416,,,MCR,HydroBios,5556,3.520047317,,,,F,,84,91.1,,,,,,,,,42F1,
14532,1609915,12092,12264,12366,1609915,EH,I4537,DE,1570,MIKQ1DE2026,,26D4,MRN2,dO,1600,MonFilP,500,79,2026DE_079,,,13,2,2026,2,4,56.59496667,1.83185,21,5,1593,,,,3.1416,,,MCR,HydroBios,5556,3.520047317,,,,F,,84,91.1,,,,,,,,,42F1,
14532,1609916,12092,12264,12366,1609916,EH,I4537,DE,1570,MIKQ1DE2026,,26D4,MRN2,dO,1600,MonFilP,500,80,2026DE_080,,,13,2,2026,3,23,56.5921,1.513116667,28,8,2408,,,,3.1416,,,MCR,HydroBios,8603,3.520047317,,,,F,,88,94.85,,,,,,,,,42F1,
14532,1609916,12092,12264,12366,1609916,EH,I4537,DE,1570,MIKQ1DE2026,,26D4,MRN2,dO,1600,MonFilP,500,80,2026DE_080,,,13,2,2026,3,23,56.5921,1.513116667,28,8,2408,,,,3.1416,,,MCR,HydroBios,8603,3.520047317,,,,F,,88,94.85,,,,,,,,,42F1,
14532,1609916,12092,12264,12366,1609916,EH,I4537,DE,1570,MIKQ1DE2026,,26D4,MRN2,dO,1600,MonFilP,500,80,2026DE_080,,,13,2,2026,3,23,56.5921,1.513116667,28,8,2408,,,,3.1416,,,MCR,HydroBios,8603,3.520047317,,,,F,,88,94.85,,,,,,,,,42F1,
14532,1609916,12092,12264,12366,1609916,EH,I4537,DE,1570,MIKQ1DE2026,,26D4,MRN2,dO,1600,MonFilP,500,80,2026DE_080,,,13,2,2026,3,23,56.5921,1.513116667,28,8,2408,,,,3.1416,,,MCR,HydroBios,8603,3.520047317,,,,F,,88,94.85,,,,,,,,,42F1,
14532,1609917,12092,12264,12366,1609917,EH,I4537,DE,1570,MIKQ1DE2026,,26D4,MRN2,dO,1600,MonFilP,500,81,2026DE_081,,,13,2,2026,4,52,56.41793333,1.6569,25,27,2130,,,,3.1416,,,MCR,HydroBios,7513,3.520047317,,,,F,,82,90.75,,,,,,,,,41F1,
14532,1609917,12092,12264,12366,1609917,EH,I4537,DE,1570,MIKQ1DE2026,,26D4,MRN2,dO,1600,MonFilP,500,81,2026DE_081,,,13,2,2026,4,52,56.41793333,1.6569,25,27,2130,,,,3.1416,,,MCR,HydroBios,7513,3.520047317,,,,F,,82,90.75,,,,,,,,,41F1,
14532,1609917,12092,12264,12366,1609917,EH,I4537,DE,1570,MIKQ1DE2026,,26D4,MRN2,dO,1600,MonFilP,500,81,2026DE_081,,,13,2,2026,4,52,56.41793333,1.6569,25,27,2130,,,,3.1416,,,MCR,HydroBios,7513,3.520047317,,,,F,,82,90.75,,,,,,,,,41F1,
14532,1609917,12092,12264,12366,1609917,EH,I4537,DE,1570,MIKQ1DE2026,,26D4,MRN2,dO,1600,MonFilP,500,81,2026DE_081,,,13,2,2026,4,52,56.41793333,1.6569,25,27,2130,,,,3.1416,,,MCR,HydroBios,7513,3.520047317,,,,F,,82,90.75,,,,,,,,,41F1,
14532,1609917,12092,12264,12366,1609917,EH,I4537,DE,1570,MIKQ1DE2026,,26D4,MRN2,dO,1600,MonFilP,500,81,2026DE_081,,,13,2,2026,4,52,56.41793333,1.6569,25,27,2130,,,,3.1416,,,MCR,HydroBios,7513,3.520047317,,,,F,,82,90.75,,,,,,,,,41F1,
14532,1609918,12092,12264,12366,1609918,EH,I4537,DE,1570,MIKQ1DE2026,,26D4,MRN2,dO,1600,MonFilP,500,90,2026DE_090,,,13,2,2026,20,27,56.7694,0.850233333,24,12,2093,,,,3.1416,,,MCR,HydroBios,7154,3.520047317,,,,F,,81,86.6,,,,,,,,,42F0,
14532,1609918,12092,12264,12366,1609918,EH,I4537,DE,1570,MIKQ1DE2026,,26D4,MRN2,dO,1600,MonFilP,500,90,2026DE_090,,,13,2,2026,20,27,56.7694,0.850233333,24,12,2093,,,,3.1416,,,MCR,HydroBios,7154,3.520047317,,,,F,,81,86.6,,,,,,,,,42F0,
14532,1609918,12092,12264,12366,1609918,EH,I4537,DE,1570,MIKQ1DE2026,,26D4,MRN2,dO,1600,MonFilP,500,90,2026DE_090,,,13,2,2026,20,27,56.7694,0.850233333,24,12,2093,,,,3.1416,,,MCR,HydroBios,7154,3.520047317,,,,F,,81,86.6,,,,,,,,,42F0,
14532,1609919,12092,12264,12366,1609919,EH,I4537,DE,1570,MIKQ1DE2026,,26D4,MRN2,dO,1600,MonFilP,500,91,2026DE_091,,,13,2,2026,21,53,56.58901667,0.846266667,29,28,2408,,,,3.1416,,,MCR,HydroBios,8065,3.520047317,,,,F,,102,123.55,,,,,,,,,42F0,
14532,1609919,12092,12264,12366,1609919,EH,I4537,DE,1570,MIKQ1DE2026,,26D4,MRN2,dO,1600,MonFilP,500,91,2026DE_091,,,13,2,2026,21,53,56.58901667,0.846266667,29,28,2408,,,,3.1416,,,MCR,HydroBios,8065,3.520047317,,,,F,,102,123.55,,,,,,,,,42F0,
14532,1609919,12092,12264,12366,1609919,EH,I4537,DE,1570,MIKQ1DE2026,,26D4,MRN2,dO,1600,MonFilP,500,91,2026DE_091,,,13,2,2026,21,53,56.58901667,0.846266667,29,28,2408,,,,3.1416,,,MCR,HydroBios,8065,3.520047317,,,,F,,102,123.55,,,,,,,,,42F0,
14532,1609919,12092,12264,12366,1609919,EH,I4537,DE,1570,MIKQ1DE2026,,26D4,MRN2,dO,1600,MonFilP,500,91,2026DE_091,,,13,2,2026,21,53,56.58901667,0.846266667,29,28,2408,,,,3.1416,,,MCR,HydroBios,8065,3.520047317,,,,F,,102,123.55,,,,,,,,,42F0,
14532,1609920,12092,12264,12366,1609920,EH,I4537,DE,1570,MIKQ1DE2026,,26D4,MRN2,dO,1600,MonFilP,500,92,2026DE_092,,,13,2,2026,23,42,56.41663333,1.173333333,19,49,1500,,,,3.1416,,,MCR,HydroBios,4978,3.520047317,,,,F,,81,89.45,,,,,,,,,41F1,
14532,1609920,12092,12264,12366,1609920,EH,I4537,DE,1570,MIKQ1DE2026,,26D4,MRN2,dO,1600,MonFilP,500,92,2026DE_092,,,13,2,2026,23,42,56.41663333,1.173333333,19,49,1500,,,,3.1416,,,MCR,HydroBios,4978,3.520047317,,,,F,,81,89.45,,,,,,,,,41F1,
14532,1609920,12092,12264,12366,1609920,EH,I4537,DE,1570,MIKQ1DE2026,,26D4,MRN2,dO,1600,MonFilP,500,92,2026DE_092,,,13,2,2026,23,42,56.41663333,1.173333333,19,49,1500,,,,3.1416,,,MCR,HydroBios,4978,3.520047317,,,,F,,81,89.45,,,,,,,,,41F1,
14532,1609920,12092,12264,12366,1609920,EH,I4537,DE,1570,MIKQ1DE2026,,26D4,MRN2,dO,1600,MonFilP,500,92,2026DE_092,,,13,2,2026,23,42,56.41663333,1.173333333,19,49,1500,,,,3.1416,,,MCR,HydroBios,4978,3.520047317,,,,F,,81,89.45,,,,,,,,,41F1,
14532,1609920,12092,12264,12366,1609920,EH,I4537,DE,1570,MIKQ1DE2026,,26D4,MRN2,dO,1600,MonFilP,500,92,2026DE_092,,,13,2,2026,23,42,56.41663333,1.173333333,19,49,1500,,,,3.1416,,,MCR,HydroBios,4978,3.520047317,,,,F,,81,89.45,,,,,,,,,41F1,
14532,1609920,12092,12264,12366,1609920,EH,I4537,DE,1570,MIKQ1DE2026,,26D4,MRN2,dO,1600,MonFilP,500,92,2026DE_092,,,13,2,2026,23,42,56.41663333,1.173333333,19,49,1500,,,,3.1416,,,MCR,HydroBios,4978,3.520047317,,,,F,,81,89.45,,,,,,,,,41F1,
14532,1609921,12092,12264,12366,1609921,EH,I4537,DE,1570,MIKQ1DE2026,,26D4,MRN2,dO,1600,MonFilP,500,93,2026DE_093,,,14,2,2026,1,14,56.4128,0.843616667,21,41,1593,,,,3.1416,,,MCR,HydroBios,5910,3.520047317,,,,F,,85,92.4,,,,,,,,,41F0,
14532,1609921,12092,12264,12366,1609921,EH,I4537,DE,1570,MIKQ1DE2026,,26D4,MRN2,dO,1600,MonFilP,500,93,2026DE_093,,,14,2,2026,1,14,56.4128,0.843616667,21,41,1593,,,,3.1416,,,MCR,HydroBios,5910,3.520047317,,,,F,,85,92.4,,,,,,,,,41F0,
14532,1609921,12092,12264,12366,1609921,EH,I4537,DE,1570,MIKQ1DE2026,,26D4,MRN2,dO,1600,MonFilP,500,93,2026DE_093,,,14,2,2026,1,14,56.4128,0.843616667,21,41,1593,,,,3.1416,,,MCR,HydroBios,5910,3.520047317,,,,F,,85,92.4,,,,,,,,,41F0,
14532,1609921,12092,12264,12366,1609921,EH,I4537,DE,1570,MIKQ1DE2026,,26D4,MRN2,dO,1600,MonFilP,500,93,2026DE_093,,,14,2,2026,1,14,56.4128,0.843616667,21,41,1593,,,,3.1416,,,MCR,HydroBios,5910,3.520047317,,,,F,,85,92.4,,,,,,,,,41F0,
14532,1609922,12092,12264,12366,1609922,EH,I4537,DE,1570,MIKQ1DE2026,,26D4,MRN2,dO,1600,MonFilP,500,94,2026DE_094,,,14,2,2026,2,44,56.4132,0.4966,23,41,1741,,,,3.1416,,,MCR,HydroBios,6847,3.520047317,,,,F,,83,89.9,,,,,,,,,41F0,
14532,1609922,12092,12264,12366,1609922,EH,I4537,DE,1570,MIKQ1DE2026,,26D4,MRN2,dO,1600,MonFilP,500,94,2026DE_094,,,14,2,2026,2,44,56.4132,0.4966,23,41,1741,,,,3.1416,,,MCR,HydroBios,6847,3.520047317,,,,F,,83,89.9,,,,,,,,,41F0,
14532,1609923,12092,12264,12366,1609923,EH,I4537,DE,1570,MIKQ1DE2026,,26D4,MRN2,dO,1600,MonFilP,500,103,2026DE_103,,,14,2,2026,17,23,57.09665,1.176833333,26,28,2685,,,,3.1416,,,MCR,HydroBios,8403,3.520047317,,,,F,,78,84.65,,,,,,,,,43F1,
14532,1609923,12092,12264,12366,1609923,EH,I4537,DE,1570,MIKQ1DE2026,,26D4,MRN2,dO,1600,MonFilP,500,103,2026DE_103,,,14,2,2026,17,23,57.09665,1.176833333,26,28,2685,,,,3.1416,,,MCR,HydroBios,8403,3.520047317,,,,F,,78,84.65,,,,,,,,,43F1,
14532,1609923,12092,12264,12366,1609923,EH,I4537,DE,1570,MIKQ1DE2026,,26D4,MRN2,dO,1600,MonFilP,500,103,2026DE_103,,,14,2,2026,17,23,57.09665,1.176833333,26,28,2685,,,,3.1416,,,MCR,HydroBios,8403,3.520047317,,,,F,,78,84.65,,,,,,,,,43F1,
14532,1609923,12092,12264,12366,1609923,EH,I4537,DE,1570,MIKQ1DE2026,,26D4,MRN2,dO,1600,MonFilP,500,103,2026DE_103,,,14,2,2026,17,23,57.09665,1.176833333,26,28,2685,,,,3.1416,,,MCR,HydroBios,8403,3.520047317,,,,F,,78,84.65,,,,,,,,,43F1,
14532,1609923,12092,12264,12366,1609923,EH,I4537,DE,1570,MIKQ1DE2026,,26D4,MRN2,dO,1600,MonFilP,500,103,2026DE_103,,,14,2,2026,17,23,57.09665,1.176833333,26,28,2685,,,,3.1416,,,MCR,HydroBios,8403,3.520047317,,,,F,,78,84.65,,,,,,,,,43F1,
14532,1609923,12092,12264,12366,1609923,EH,I4537,DE,1570,MIKQ1DE2026,,26D4,MRN2,dO,1600,MonFilP,500,103,2026DE_103,,,14,2,2026,17,23,57.09665,1.176833333,26,28,2685,,,,3.1416,,,MCR,HydroBios,8403,3.520047317,,,,F,,78,84.65,,,,,,,,,43F1,
14532,1609923,12092,12264,12366,1609923,EH,I4537,DE,1570,MIKQ1DE2026,,26D4,MRN2,dO,1600,MonFilP,500,103,2026DE_103,,,14,2,2026,17,23,57.09665,1.176833333,26,28,2685,,,,3.1416,,,MCR,HydroBios,8403,3.520047317,,,,F,,78,84.65,,,,,,,,,43F1,
14532,1609924,12092,12264,12366,1609924,EH,I4537,DE,1570,MIKQ1DE2026,,26D4,MRN2,dO,1600,MonFilP,500,104,2026DE_104,,,14,2,2026,18,48,57.27258333,1.153633333,29,20,2648,,,,3.1416,,,MCR,HydroBios,9519,3.520047317,,,,F,,82,88.6,,,,,,,,,43F1,
14532,1609924,12092,12264,12366,1609924,EH,I4537,DE,1570,MIKQ1DE2026,,26D4,MRN2,dO,1600,MonFilP,500,104,2026DE_104,,,14,2,2026,18,48,57.27258333,1.153633333,29,20,2648,,,,3.1416,,,MCR,HydroBios,9519,3.520047317,,,,F,,82,88.6,,,,,,,,,43F1,
14532,1609932,12092,12264,12366,1609932,EH,I4537,DE,1570,MIKQ1DE2026,,26D4,MRN2,dO,1600,MonFilP,500,116,2026DE_116,,,18,2,2026,23,30,57.72605,-1.81225,18,39,1074,,,,3.1416,,,MCR,HydroBios,5570,3.520047317,,,,F,,53,58.25,,,,,,,,,44E8,
14532,1609932,12092,12264,12366,1609932,EH,I4537,DE,1570,MIKQ1DE2026,,26D4,MRN2,dO,1600,MonFilP,500,116,2026DE_116,,,18,2,2026,23,30,57.72605,-1.81225,18,39,1074,,,,3.1416,,,MCR,HydroBios,5570,3.520047317,,,,F,,53,58.25,,,,,,,,,44E8,
14532,1609932,12092,12264,12366,1609932,EH,I4537,DE,1570,MIKQ1DE2026,,26D4,MRN2,dO,1600,MonFilP,500,116,2026DE_116,,,18,2,2026,23,30,57.72605,-1.81225,18,39,1074,,,,3.1416,,,MCR,HydroBios,5570,3.520047317,,,,F,,53,58.25,,,,,,,,,44E8,
14532,1609932,12092,12264,12366,1609932,EH,I4537,DE,1570,MIKQ1DE2026,,26D4,MRN2,dO,1600,MonFilP,500,116,2026DE_116,,,18,2,2026,23,30,57.72605,-1.81225,18,39,1074,,,,3.1416,,,MCR,HydroBios,5570,3.520047317,,,,F,,53,58.25,,,,,,,,,44E8,
14532,1609932,12092,12264,12366,1609932,EH,I4537,DE,1570,MIKQ1DE2026,,26D4,MRN2,dO,1600,MonFilP,500,116,2026DE_116,,,18,2,2026,23,30,57.72605,-1.81225,18,39,1074,,,,3.1416,,,MCR,HydroBios,5570,3.520047317,,,,F,,53,58.25,,,,,,,,,44E8,
14532,1609932,12092,12264,12366,1609932,EH,I4537,DE,1570,MIKQ1DE2026,,26D4,MRN2,dO,1600,MonFilP,500,116,2026DE_116,,,18,2,2026,23,30,57.72605,-1.81225,18,39,1074,,,,3.1416,,,MCR,HydroBios,5570,3.520047317,,,,F,,53,58.25,,,,,,,,,44E8,
14532,1609932,12092,12264,12366,1609932,EH,I4537,DE,1570,MIKQ1DE2026,,26D4,MRN2,dO,1600,MonFilP,500,116,2026DE_116,,,18,2,2026,23,30,57.72605,-1.81225,18,39,1074,,,,3.1416,,,MCR,HydroBios,5570,3.520047317,,,,F,,53,58.25,,,,,,,,,44E8,
14532,1609932,12092,12264,12366,1609932,EH,I4537,DE,1570,MIKQ1DE2026,,26D4,MRN2,dO,1600,MonFilP,500,116,2026DE_116,,,18,2,2026,23,30,57.72605,-1.81225,18,39,1074,,,,3.1416,,,MCR,HydroBios,5570,3.520047317,,,,F,,53,58.25,,,,,,,,,44E8,
14532,1609932,12092,12264,12366,1609932,EH,I4537,DE,1570,MIKQ1DE2026,,26D4,MRN2,dO,1600,MonFilP,500,116,2026DE_116,,,18,2,2026,23,30,57.72605,-1.81225,18,39,1074,,,,3.1416,,,MCR,HydroBios,5570,3.520047317,,,,F,,53,58.25,,,,,,,,,44E8,
14532,1609932,12092,12264,12366,1609932,EH,I4537,DE,1570,MIKQ1DE2026,,26D4,MRN2,dO,1600,MonFilP,500,116,2026DE_116,,,18,2,2026,23,30,57.72605,-1.81225,18,39,1074,,,,3.1416,,,MCR,HydroBios,5570,3.520047317,,,,F,,53,58.25,,,,,,,,,44E8,
14532,1609932,12092,12264,12366,1609932,EH,I4537,DE,1570,MIKQ1DE2026,,26D4,MRN2,dO,1600,MonFilP,500,116,2026DE_116,,,18,2,2026,23,30,57.72605,-1.81225,18,39,1074,,,,3.1416,,,MCR,HydroBios,5570,3.520047317,,,,F,,53,58.25,,,,,,,,,44E8,
14532,1609932,12092,12264,12366,1609932,EH,I4537,DE,1570,MIKQ1DE2026,,26D4,MRN2,dO,1600,MonFilP,500,116,2026DE_116,,,18,2,2026,23,30,57.72605,-1.81225,18,39,1074,,,,3.1416,,,MCR,HydroBios,5570,3.520047317,,,,F,,53,58.25,,,,,,,,,44E8,
14532,1609932,12092,12264,12366,1609932,EH,I4537,DE,1570,MIKQ1DE2026,,26D4,MRN2,dO,1600,MonFilP,500,116,2026DE_116,,,18,2,2026,23,30,57.72605,-1.81225,18,39,1074,,,,3.1416,,,MCR,HydroBios,5570,3.520047317,,,,F,,53,58.25,,,,,,,,,44E8,
14532,1609933,12092,12264,12366,1609933,EH,I4537,DE,1570,MIKQ1DE2026,,26D4,MRN2,dO,1600,MonFilP,500,117,2026DE_117,,,19,2,2026,1,10,57.73081667,-2.2208,12,10,852,,,,3.1416,,,MCR,HydroBios,3860,3.520047317,,,,F,,40,46.55,,,,,,,,,44E7,
14532,1609933,12092,12264,12366,1609933,EH,I4537,DE,1570,MIKQ1DE2026,,26D4,MRN2,dO,1600,MonFilP,500,117,2026DE_117,,,19,2,2026,1,10,57.73081667,-2.2208,12,10,852,,,,3.1416,,,MCR,HydroBios,3860,3.520047317,,,,F,,40,46.55,,,,,,,,,44E7,
14532,1609933,12092,12264,12366,1609933,EH,I4537,DE,1570,MIKQ1DE2026,,26D4,MRN2,dO,1600,MonFilP,500,117,2026DE_117,,,19,2,2026,1,10,57.73081667,-2.2208,12,10,852,,,,3.1416,,,MCR,HydroBios,3860,3.520047317,,,,F,,40,46.55,,,,,,,,,44E7,
14532,1609933,12092,12264,12366,1609933,EH,I4537,DE,1570,MIKQ1DE2026,,26D4,MRN2,dO,1600,MonFilP,500,117,2026DE_117,,,19,2,2026,1,10,57.73081667,-2.2208,12,10,852,,,,3.1416,,,MCR,HydroBios,3860,3.520047317,,,,F,,40,46.55,,,,,,,,,44E7,
14532,1609933,12092,12264,12366,1609933,EH,I4537,DE,1570,MIKQ1DE2026,,26D4,MRN2,dO,1600,MonFilP,500,117,2026DE_117,,,19,2,2026,1,10,57.73081667,-2.2208,12,10,852,,,,3.1416,,,MCR,HydroBios,3860,3.520047317,,,,F,,40,46.55,,,,,,,,,44E7,
14532,1609933,12092,12264,12366,1609933,EH,I4537,DE,1570,MIKQ1DE2026,,26D4,MRN2,dO,1600,MonFilP,500,117,2026DE_117,,,19,2,2026,1,10,57.73081667,-2.2208,12,10,852,,,,3.1416,,,MCR,HydroBios,3860,3.520047317,,,,F,,40,46.55,,,,,,,,,44E7,
14532,1609934,12092,12264,12366,1609934,EH,I4537,DE,1570,MIKQ1DE2026,,26D4,MRN2,dO,1600,MonFilP,500,118,2026DE_118,,,19,2,2026,2,53,57.74006667,-2.717766667,12,34,1000,,,,3.1416,,,MCR,HydroBios,4100,3.520047317,,,,F,,36,43.05,,,,,,,,,44E7,
14532,1609934,12092,12264,12366,1609934,EH,I4537,DE,1570,MIKQ1DE2026,,26D4,MRN2,dO,1600,MonFilP,500,118,2026DE_118,,,19,2,2026,2,53,57.74006667,-2.717766667,12,34,1000,,,,3.1416,,,MCR,HydroBios,4100,3.520047317,,,,F,,36,43.05,,,,,,,,,44E7,
14532,1609934,12092,12264,12366,1609934,EH,I4537,DE,1570,MIKQ1DE2026,,26D4,MRN2,dO,1600,MonFilP,500,118,2026DE_118,,,19,2,2026,2,53,57.74006667,-2.717766667,12,34,1000,,,,3.1416,,,MCR,HydroBios,4100,3.520047317,,,,F,,36,43.05,,,,,,,,,44E7,
14532,1609934,12092,12264,12366,1609934,EH,I4537,DE,1570,MIKQ1DE2026,,26D4,MRN2,dO,1600,MonFilP,500,118,2026DE_118,,,19,2,2026,2,53,57.74006667,-2.717766667,12,34,1000,,,,3.1416,,,MCR,HydroBios,4100,3.520047317,,,,F,,36,43.05,,,,,,,,,44E7,
14532,1609935,12092,12264,12366,1609935,EH,I4537,DE,1570,MIKQ1DE2026,,26D4,MRN2,dO,1600,MonFilP,500,119,2026DE_119,,,19,2,2026,4,31,57.77238333,-3.1672,15,30,1482,,,,3.1416,,,MCR,HydroBios,5196,3.520047317,,,,F,,22,31,,,,,,,,,44E6,
14532,1609935,12092,12264,12366,1609935,EH,I4537,DE,1570,MIKQ1DE2026,,26D4,MRN2,dO,1600,MonFilP,500,119,2026DE_119,,,19,2,2026,4,31,57.77238333,-3.1672,15,30,1482,,,,3.1416,,,MCR,HydroBios,5196,3.520047317,,,,F,,22,31,,,,,,,,,44E6,
14532,1609935,12092,12264,12366,1609935,EH,I4537,DE,1570,MIKQ1DE2026,,26D4,MRN2,dO,1600,MonFilP,500,119,2026DE_119,,,19,2,2026,4,31,57.77238333,-3.1672,15,30,1482,,,,3.1416,,,MCR,HydroBios,5196,3.520047317,,,,F,,22,31,,,,,,,,,44E6,
14532,1609935,12092,12264,12366,1609935,EH,I4537,DE,1570,MIKQ1DE2026,,26D4,MRN2,dO,1600,MonFilP,500,119,2026DE_119,,,19,2,2026,4,31,57.77238333,-3.1672,15,30,1482,,,,3.1416,,,MCR,HydroBios,5196,3.520047317,,,,F,,22,31,,,,,,,,,44E6,
14532,1609935,12092,12264,12366,1609935,EH,I4537,DE,1570,MIKQ1DE2026,,26D4,MRN2,dO,1600,MonFilP,500,119,2026DE_119,,,19,2,2026,4,31,57.77238333,-3.1672,15,30,1482,,,,3.1416,,,MCR,HydroBios,5196,3.520047317,,,,F,,22,31,,,,,,,,,44E6,
14532,1609935,12092,12264,12366,1609935,EH,I4537,DE,1570,MIKQ1DE2026,,26D4,MRN2,dO,1600,MonFilP,500,119,2026DE_119,,,19,2,2026,4,31,57.77238333,-3.1672,15,30,1482,,,,3.1416,,,MCR,HydroBios,5196,3.520047317,,,,F,,22,31,,,,,,,,,44E6,
14532,1609936,12092,12264,12366,1609936,EH,I4537,DE,1570,MIKQ1DE2026,,26D4,MRN2,dO,1600,MonFilP,500,120,2026DE_120,,,19,2,2026,5,40,57.91258333,-3.274766667,20,10,1852,,,,3.1416,,,MCR,HydroBios,7277,3.520047317,,,,F,,52,59.45,,,,,,,,,44E6,
14532,1609839,12092,12264,12366,1609839,EH,I4537,DE,1570,MIKQ1DE2026,,26D4,MRN2,dO,1600,MonFilP,500,143,2026DE_143,,,20,2,2026,23,56,59.06511667,-0.787933333,28,35,2185,,,,3.1416,,,MCR,HydroBios,8808,3.520047317,,,,F,,100,136.2,,,,,,,,,47E9,
14532,1609839,12092,12264,12366,1609839,EH,I4537,DE,1570,MIKQ1DE2026,,26D4,MRN2,dO,1600,MonFilP,500,143,2026DE_143,,,20,2,2026,23,56,59.06511667,-0.787933333,28,35,2185,,,,3.1416,,,MCR,HydroBios,8808,3.520047317,,,,F,,100,136.2,,,,,,,,,47E9,
14532,1609839,12092,12264,12366,1609839,EH,I4537,DE,1570,MIKQ1DE2026,,26D4,MRN2,dO,1600,MonFilP,500,143,2026DE_143,,,20,2,2026,23,56,59.06511667,-0.787933333,28,35,2185,,,,3.1416,,,MCR,HydroBios,8808,3.520047317,,,,F,,100,136.2,,,,,,,,,47E9,
14532,1609840,12092,12264,12366,1609840,EH,I4537,DE,1570,MIKQ1DE2026,,26D4,MRN2,dO,1600,MonFilP,500,144,2026DE_144,,,21,2,2026,1,36,59.07998333,-1.185083333,31,36,1667,,,,3.1416,,,MCR,HydroBios,9330,3.520047317,,,,F,,100,121.85,,,,,,,,,47E8,
14532,1609840,12092,12264,12366,1609840,EH,I4537,DE,1570,MIKQ1DE2026,,26D4,MRN2,dO,1600,MonFilP,500,144,2026DE_144,,,21,2,2026,1,36,59.07998333,-1.185083333,31,36,1667,,,,3.1416,,,MCR,HydroBios,9330,3.520047317,,,,F,,100,121.85,,,,,,,,,47E8,
14532,1609841,12092,12264,12366,1609841,EH,I4537,DE,1570,MIKQ1DE2026,,26D4,MRN2,dO,1600,MonFilP,500,145,2026DE_145,,,21,2,2026,3,12,59.2516,-1.1881,36,26,2908,,,,3.1416,,,MCR,HydroBios,12218,3.520047317,,,,F,,100,117.2,,,,,,,,,47E8,
14532,1609843,12092,12264,12366,1609843,EH,I4537,DE,1570,MIKQ1DE2026,,26D4,MRN2,dO,1600,MonFilP,500,155,2026DE_155,,,21,2,2026,18,17,59.61188333,-0.805683333,36,7,3945,,,,3.1416,,,MCR,HydroBios,12352,3.520047317,,,,F,,100,123.85,,,,,,,,,48E9,
14532,1609848,12092,12264,12366,1609848,EH,I4537,DE,1570,MIKQ1DE2026,,26D4,MRN2,dO,1600,MonFilP,500,160,2026DE_160,,,22,2,2026,3,21,59.5976,0.202716667,30,19,3056,,,,3.1416,,,MCR,HydroBios,10272,3.520047317,,,,F,,100,137,,,,,,,,,48F0,
14532,1609849,12092,12264,12366,1609849,EH,I4537,DE,1570,MIKQ1DE2026,,26D4,MRN2,dO,1600,MonFilP,500,161,2026DE_161,,,22,2,2026,5,4,59.42695,0.184333333,33,48,3352,,,,3.1416,,,MCR,HydroBios,11979,3.520047317,,,,F,,100,133.45,,,,,,,,,47F0,
14532,1609850,12092,12264,12366,1609850,EH,I4537,DE,1570,MIKQ1DE2026,,26D4,MRN2,dO,1600,MonFilP,500,168,2026DE_168,,,22,2,2026,17,47,59.1068,1.204466667,32,32,3185,,,,3.1416,,,MCR,HydroBios,11236,3.520047317,,,,F,,100,118.45,,,,,,,,,47F1,
14532,1609850,12092,12264,12366,1609850,EH,I4537,DE,1570,MIKQ1DE2026,,26D4,MRN2,dO,1600,MonFilP,500,168,2026DE_168,,,22,2,2026,17,47,59.1068,1.204466667,32,32,3185,,,,3.1416,,,MCR,HydroBios,11236,3.520047317,,,,F,,100,118.45,,,,,,,,,47F1,
14532,1609851,12092,12264,12366,1609851,EH,I4537,DE,1570,MIKQ1DE2026,,26D4,MRN2,dO,1600,MonFilP,500,169,2026DE_169,,,22,2,2026,19,32,59.10888333,0.8109,35,13,3204,,,,3.1416,,,MCR,HydroBios,12519,3.520047317,,,,F,,100,144.35,,,,,,,,,47F0,
14532,1609851,12092,12264,12366,1609851,EH,I4537,DE,1570,MIKQ1DE2026,,26D4,MRN2,dO,1600,MonFilP,500,169,2026DE_169,,,22,2,2026,19,32,59.10888333,0.8109,35,13,3204,,,,3.1416,,,MCR,HydroBios,12519,3.520047317,,,,F,,100,144.35,,,,,,,,,47F0,
14532,1609853,12092,12264,12366,1609853,EH,I4537,DE,1570,MIKQ1DE2026,,26D4,MRN2,dO,1600,MonFilP,500,171,2026DE_171,,,23,2,2026,0,32,58.60291667,1.162283333,25,53,2185,,,,3.1416,,,MCR,HydroBios,7549,3.520047317,,,,F,,100,134.25,,,,,,,,,46F1,
14532,1609856,12092,12264,12366,1609856,EH,I4537,DE,1570,MIKQ1DE2026,,26D4,MRN2,dO,1600,MonFilP,500,174,2026DE_174,,,23,2,2026,5,5,58.33896667,0.525066667,30,6,2797,,,,3.1416,,,MCR,HydroBios,10235,3.520047317,,,,F,,100,149.05,,,,,,,,,45F0,
14532,1609859,12092,12264,12366,1609859,EH,I4537,DE,1570,MIKQ1DE2026,,26D4,MRN2,dO,1600,MonFilP,500,185,2026DE_185,,,23,2,2026,21,36,58.60143333,2.4766,31,57,3130,,,,3.1416,,,MCR,HydroBios,10527,3.520047317,,,,F,,97,102,,,,,,,,,46F2,
14532,1609859,12092,12264,12366,1609859,EH,I4537,DE,1570,MIKQ1DE2026,,26D4,MRN2,dO,1600,MonFilP,500,185,2026DE_185,,,23,2,2026,21,36,58.60143333,2.4766,31,57,3130,,,,3.1416,,,MCR,HydroBios,10527,3.520047317,,,,F,,97,102,,,,,,,,,46F2,
14532,1609859,12092,12264,12366,1609859,EH,I4537,DE,1570,MIKQ1DE2026,,26D4,MRN2,dO,1600,MonFilP,500,185,2026DE_185,,,23,2,2026,21,36,58.60143333,2.4766,31,57,3130,,,,3.1416,,,MCR,HydroBios,10527,3.520047317,,,,F,,97,102,,,,,,,,,46F2,
14532,1609859,12092,12264,12366,1609859,EH,I4537,DE,1570,MIKQ1DE2026,,26D4,MRN2,dO,1600,MonFilP,500,185,2026DE_185,,,23,2,2026,21,36,58.60143333,2.4766,31,57,3130,,,,3.1416,,,MCR,HydroBios,10527,3.520047317,,,,F,,97,102,,,,,,,,,46F2,
14532,1609859,12092,12264,12366,1609859,EH,I4537,DE,1570,MIKQ1DE2026,,26D4,MRN2,dO,1600,MonFilP,500,185,2026DE_185,,,23,2,2026,21,36,58.60143333,2.4766,31,57,3130,,,,3.1416,,,MCR,HydroBios,10527,3.520047317,,,,F,,97,102,,,,,,,,,46F2,
14532,1609865,12092,12264,12366,1609865,EH,I4537,DE,1570,MIKQ1DE2026,,26D4,MRN2,dO,1600,MonFilP,500,200,2026DE_200,,,24,2,2026,21,54,57.91535,2.8204,18,56,1593,,,,3.1416,,,MCR,HydroBios,6659,3.520047317,,,,F,,54,61.65,,,,,,,,,44F2,
14532,1609865,12092,12264,12366,1609865,EH,I4537,DE,1570,MIKQ1DE2026,,26D4,MRN2,dO,1600,MonFilP,500,200,2026DE_200,,,24,2,2026,21,54,57.91535,2.8204,18,56,1593,,,,3.1416,,,MCR,HydroBios,6659,3.520047317,,,,F,,54,61.65,,,,,,,,,44F2,
14532,1609865,12092,12264,12366,1609865,EH,I4537,DE,1570,MIKQ1DE2026,,26D4,MRN2,dO,1600,MonFilP,500,200,2026DE_200,,,24,2,2026,21,54,57.91535,2.8204,18,56,1593,,,,3.1416,,,MCR,HydroBios,6659,3.520047317,,,,F,,54,61.65,,,,,,,,,44F2,
14532,1609865,12092,12264,12366,1609865,EH,I4537,DE,1570,MIKQ1DE2026,,26D4,MRN2,dO,1600,MonFilP,500,200,2026DE_200,,,24,2,2026,21,54,57.91535,2.8204,18,56,1593,,,,3.1416,,,MCR,HydroBios,6659,3.520047317,,,,F,,54,61.65,,,,,,,,,44F2,
14532,1609865,12092,12264,12366,1609865,EH,I4537,DE,1570,MIKQ1DE2026,,26D4,MRN2,dO,1600,MonFilP,500,200,2026DE_200,,,24,2,2026,21,54,57.91535,2.8204,18,56,1593,,,,3.1416,,,MCR,HydroBios,6659,3.520047317,,,,F,,54,61.65,,,,,,,,,44F2,
14532,1609910,12092,12264,12366,1609910,EH,I4537,DE,1570,MIKQ1DE2026,,26D4,MRN2,dO,1600,MonFilP,500,68,2026DE_068,,,12,2,2026,5,3,56.72233333,4.4976,17,6,1537,,,,3.1416,,,MCR,HydroBios,4786,3.520047317,,,,F,,50,55.3,,,,,,,,,42F4,
14532,1609911,12092,12264,12366,1609911,EH,I4537,DE,1570,MIKQ1DE2026,,26D4,MRN2,dO,1600,MonFilP,500,75,2026DE_075,,,12,2,2026,20,41,56.33886667,2.802333333,17,50,1370,,,,3.1416,,,MCR,HydroBios,4687,3.520047317,,,,F,,68,75.35,,,,,,,,,41F2,
14532,1609912,12092,12264,12366,1609912,EH,I4537,DE,1570,MIKQ1DE2026,,26D4,MRN2,dO,1600,MonFilP,500,76,2026DE_076,,,12,2,2026,21,58,56.4064,2.508616667,19,46,1611,,,,3.1416,,,MCR,HydroBios,5659,3.520047317,,,,F,,65,71.45,,,,,,,,,41F2,
14532,1609913,12092,12264,12366,1609913,EH,I4537,DE,1570,MIKQ1DE2026,,26D4,MRN2,dO,1600,MonFilP,500,77,2026DE_077,,,12,2,2026,23,25,56.59428333,2.490716667,16,18,1370,,,,3.1416,,,MCR,HydroBios,4502,3.520047317,,,,F,,66,72.1,,,,,,,,,42F2,
14532,1609914,12092,12264,12366,1609914,EH,I4537,DE,1570,MIKQ1DE2026,,26D4,MRN2,dO,1600,MonFilP,500,78,2026DE_078,,,13,2,2026,0,40,56.59856667,2.1634,24,35,2278,,,,3.1416,,,MCR,HydroBios,7914,3.520047317,,,,F,,77,84.05,,,,,,,,,42F2,
14532,1609915,12092,12264,12366,1609915,EH,I4537,DE,1570,MIKQ1DE2026,,26D4,MRN2,dO,1600,MonFilP,500,79,2026DE_079,,,13,2,2026,2,4,56.59496667,1.83185,21,5,1593,,,,3.1416,,,MCR,HydroBios,5556,3.520047317,,,,F,,84,91.1,,,,,,,,,42F1,
14532,1609916,12092,12264,12366,1609916,EH,I4537,DE,1570,MIKQ1DE2026,,26D4,MRN2,dO,1600,MonFilP,500,80,2026DE_080,,,13,2,2026,3,23,56.5921,1.513116667,28,8,2408,,,,3.1416,,,MCR,HydroBios,8603,3.520047317,,,,F,,88,94.85,,,,,,,,,42F1,
14532,1609917,12092,12264,12366,1609917,EH,I4537,DE,1570,MIKQ1DE2026,,26D4,MRN2,dO,1600,MonFilP,500,81,2026DE_081,,,13,2,2026,4,52,56.41793333,1.6569,25,27,2130,,,,3.1416,,,MCR,HydroBios,7513,3.520047317,,,,F,,82,90.75,,,,,,,,,41F1,
14532,1609918,12092,12264,12366,1609918,EH,I4537,DE,1570,MIKQ1DE2026,,26D4,MRN2,dO,1600,MonFilP,500,90,2026DE_090,,,13,2,2026,20,27,56.7694,0.850233333,24,12,2093,,,,3.1416,,,MCR,HydroBios,7154,3.520047317,,,,F,,81,86.6,,,,,,,,,42F0,
14532,1609919,12092,12264,12366,1609919,EH,I4537,DE,1570,MIKQ1DE2026,,26D4,MRN2,dO,1600,MonFilP,500,91,2026DE_091,,,13,2,2026,21,53,56.58901667,0.846266667,29,28,2408,,,,3.1416,,,MCR,HydroBios,8065,3.520047317,,,,F,,102,123.55,,,,,,,,,42F0,
14532,1609920,12092,12264,12366,1609920,EH,I4537,DE,1570,MIKQ1DE2026,,26D4,MRN2,dO,1600,MonFilP,500,92,2026DE_092,,,13,2,2026,23,42,56.41663333,1.173333333,19,49,1500,,,,3.1416,,,MCR,HydroBios,4978,3.520047317,,,,F,,81,89.45,,,,,,,,,41F1,
14532,1609921,12092,12264,12366,1609921,EH,I4537,DE,1570,MIKQ1DE2026,,26D4,MRN2,dO,1600,MonFilP,500,93,2026DE_093,,,14,2,2026,1,14,56.4128,0.843616667,21,41,1593,,,,3.1416,,,MCR,HydroBios,5910,3.520047317,,,,F,,85,92.4,,,,,,,,,41F0,
14532,1609922,12092,12264,12366,1609922,EH,I4537,DE,1570,MIKQ1DE2026,,26D4,MRN2,dO,1600,MonFilP,500,94,2026DE_094,,,14,2,2026,2,44,56.4132,0.4966,23,41,1741,,,,3.1416,,,MCR,HydroBios,6847,3.520047317,,,,F,,83,89.9,,,,,,,,,41F0,
14532,1609923,12092,12264,12366,1609923,EH,I4537,DE,1570,MIKQ1DE2026,,26D4,MRN2,dO,1600,MonFilP,500,103,2026DE_103,,,14,2,2026,17,23,57.09665,1.176833333,26,28,2685,,,,3.1416,,,MCR,HydroBios,8403,3.520047317,,,,F,,78,84.65,,,,,,,,,43F1,
14532,1609924,12092,12264,12366,1609924,EH,I4537,DE,1570,MIKQ1DE2026,,26D4,MRN2,dO,1600,MonFilP,500,104,2026DE_104,,,14,2,2026,18,48,57.27258333,1.153633333,29,20,2648,,,,3.1416,,,MCR,HydroBios,9519,3.520047317,,,,F,,82,88.6,,,,,,,,,43F1,
14532,1609930,12092,12264,12366,1609930,EH,I4537,DE,1570,MIKQ1DE2026,,26D4,MRN2,dO,1600,MonFilP,500,114,2026DE_114,,,18,2,2026,19,38,57.68413333,-0.788133333,25,59,2000,,,,3.1416,,,MCR,HydroBios,8134,3.520047317,,,,F,,100,114.5,,,,,,,,,44E9,
14532,1609931,12092,12264,12366,1609931,EH,I4537,DE,1570,MIKQ1DE2026,,26D4,MRN2,dO,1600,MonFilP,500,115,2026DE_115,,,18,2,2026,22,5,57.71501667,-1.482716667,24,43,2296,,,,3.1416,,,MCR,HydroBios,7938,3.520047317,,,,F,,73,78.55,,,,,,,,,44E8,
14532,1609932,12092,12264,12366,1609932,EH,I4537,DE,1570,MIKQ1DE2026,,26D4,MRN2,dO,1600,MonFilP,500,116,2026DE_116,,,18,2,2026,23,30,57.72605,-1.81225,18,39,1074,,,,3.1416,,,MCR,HydroBios,5570,3.520047317,,,,F,,53,58.25,,,,,,,,,44E8,
14532,1609933,12092,12264,12366,1609933,EH,I4537,DE,1570,MIKQ1DE2026,,26D4,MRN2,dO,1600,MonFilP,500,117,2026DE_117,,,19,2,2026,1,10,57.73081667,-2.2208,12,10,852,,,,3.1416,,,MCR,HydroBios,3860,3.520047317,,,,F,,40,46.55,,,,,,,,,44E7,
14532,1609934,12092,12264,12366,1609934,EH,I4537,DE,1570,MIKQ1DE2026,,26D4,MRN2,dO,1600,MonFilP,500,118,2026DE_118,,,19,2,2026,2,53,57.74006667,-2.717766667,12,34,1000,,,,3.1416,,,MCR,HydroBios,4100,3.520047317,,,,F,,36,43.05,,,,,,,,,44E7,
14532,1609935,12092,12264,12366,1609935,EH,I4537,DE,1570,MIKQ1DE2026,,26D4,MRN2,dO,1600,MonFilP,500,119,2026DE_119,,,19,2,2026,4,31,57.77238333,-3.1672,15,30,1482,,,,3.1416,,,MCR,HydroBios,5196,3.520047317,,,,F,,22,31,,,,,,,,,44E6,
14532,1609936,12092,12264,12366,1609936,EH,I4537,DE,1570,MIKQ1DE2026,,26D4,MRN2,dO,1600,MonFilP,500,120,2026DE_120,,,19,2,2026,5,40,57.91258333,-3.274766667,20,10,1852,,,,3.1416,,,MCR,HydroBios,7277,3.520047317,,,,F,,52,59.45,,,,,,,,,44E6,
14532,1609938,12092,12264,12366,1609938,EH,I4537,DE,1570,MIKQ1DE2026,,26D4,MRN2,dO,1600,MonFilP,500,130,2026DE_130,,,19,2,2026,23,9,58.39886667,-2.896583333,18,14,2334,,,,3.1416,,,MCR,HydroBios,6106,3.520047317,,,,F,,65,75.9,,,,,,,,,45E7,
14532,1609939,12092,12264,12366,1609939,EH,I4537,DE,1570,MIKQ1DE2026,,26D4,MRN2,dO,1600,MonFilP,500,131,2026DE_131,,,20,2,2026,1,5,58.57796667,-2.678366667,20,7,1982,,,,3.1416,,,MCR,HydroBios,6659,3.520047317,,,,F,,51,64.45,,,,,,,,,46E7,
14532,1609838,12092,12264,12366,1609838,EH,I4537,DE,1570,MIKQ1DE2026,,26D4,MRN2,dO,1600,MonFilP,500,142,2026DE_142,,,20,2,2026,22,29,58.90905,-0.806783333,30,43,2611,,,,3.1416,,,MCR,HydroBios,9429,3.520047317,,,,F,,100,130.85,,,,,,,,,46E9,
14532,1609839,12092,12264,12366,1609839,EH,I4537,DE,1570,MIKQ1DE2026,,26D4,MRN2,dO,1600,MonFilP,500,143,2026DE_143,,,20,2,2026,23,56,59.06511667,-0.787933333,28,35,2185,,,,3.1416,,,MCR,HydroBios,8808,3.520047317,,,,F,,100,136.2,,,,,,,,,47E9,
14532,1609840,12092,12264,12366,1609840,EH,I4537,DE,1570,MIKQ1DE2026,,26D4,MRN2,dO,1600,MonFilP,500,144,2026DE_144,,,21,2,2026,1,36,59.07998333,-1.185083333,31,36,1667,,,,3.1416,,,MCR,HydroBios,9330,3.520047317,,,,F,,100,121.85,,,,,,,,,47E8,
14532,1609841,12092,12264,12366,1609841,EH,I4537,DE,1570,MIKQ1DE2026,,26D4,MRN2,dO,1600,MonFilP,500,145,2026DE_145,,,21,2,2026,3,12,59.2516,-1.1881,36,26,2908,,,,3.1416,,,MCR,HydroBios,12218,3.520047317,,,,F,,100,117.2,,,,,,,,,47E8,
14532,1609843,12092,12264,12366,1609843,EH,I4537,DE,1570,MIKQ1DE2026,,26D4,MRN2,dO,1600,MonFilP,500,155,2026DE_155,,,21,2,2026,18,17,59.61188333,-0.805683333,36,7,3945,,,,3.1416,,,MCR,HydroBios,12352,3.520047317,,,,F,,100,123.85,,,,,,,,,48E9,
14532,1609845,12092,12264,12366,1609845,EH,I4537,DE,1570,MIKQ1DE2026,,26D4,MRN2,dO,1600,MonFilP,500,157,2026DE_157,,,21,2,2026,21,7,59.78143333,-1.176283333,29,9,3222,,,,3.1416,,,MCR,HydroBios,9607,3.520047317,,,,F,,100,104.9,,,,,,,,,48E8,
14532,1609846,12092,12264,12366,1609846,EH,I4537,DE,1570,MIKQ1DE2026,,26D4,MRN2,dO,1600,MonFilP,500,158,2026DE_158,,,21,2,2026,22,39,59.78668333,-0.797666667,34,7,3482,,,,3.1416,,,MCR,HydroBios,10699,3.520047317,,,,F,,100,122.8,,,,,,,,,48E9,
14532,1609847,12092,12264,12366,1609847,EH,I4537,DE,1570,MIKQ1DE2026,,26D4,MRN2,dO,1600,MonFilP,500,159,2026DE_159,,,22,2,2026,1,58,59.76566667,0.20405,24,36,2296,,,,3.1416,,,MCR,HydroBios,7430,3.520047317,,,,F,,100,137,,,,,,,,,48F0,
14532,1609848,12092,12264,12366,1609848,EH,I4537,DE,1570,MIKQ1DE2026,,26D4,MRN2,dO,1600,MonFilP,500,160,2026DE_160,,,22,2,2026,3,21,59.5976,0.202716667,30,19,3056,,,,3.1416,,,MCR,HydroBios,10272,3.520047317,,,,F,,100,137,,,,,,,,,48F0,
14532,1609849,12092,12264,12366,1609849,EH,I4537,DE,1570,MIKQ1DE2026,,26D4,MRN2,dO,1600,MonFilP,500,161,2026DE_161,,,22,2,2026,5,4,59.42695,0.184333333,33,48,3352,,,,3.1416,,,MCR,HydroBios,11979,3.520047317,,,,F,,100,133.45,,,,,,,,,47F0,
14532,1609850,12092,12264,12366,1609850,EH,I4537,DE,1570,MIKQ1DE2026,,26D4,MRN2,dO,1600,MonFilP,500,168,2026DE_168,,,22,2,2026,17,47,59.1068,1.204466667,32,32,3185,,,,3.1416,,,MCR,HydroBios,11236,3.520047317,,,,F,,100,118.45,,,,,,,,,47F1,
14532,1609851,12092,12264,12366,1609851,EH,I4537,DE,1570,MIKQ1DE2026,,26D4,MRN2,dO,1600,MonFilP,500,169,2026DE_169,,,22,2,2026,19,32,59.10888333,0.8109,35,13,3204,,,,3.1416,,,MCR,HydroBios,12519,3.520047317,,,,F,,100,144.35,,,,,,,,,47F0,
14532,1609853,12092,12264,12366,1609853,EH,I4537,DE,1570,MIKQ1DE2026,,26D4,MRN2,dO,1600,MonFilP,500,171,2026DE_171,,,23,2,2026,0,32,58.60291667,1.162283333,25,53,2185,,,,3.1416,,,MCR,HydroBios,7549,3.520047317,,,,F,,100,134.25,,,,,,,,,46F1,
14532,1609856,12092,12264,12366,1609856,EH,I4537,DE,1570,MIKQ1DE2026,,26D4,MRN2,dO,1600,MonFilP,500,174,2026DE_174,,,23,2,2026,5,5,58.33896667,0.525066667,30,6,2797,,,,3.1416,,,MCR,HydroBios,10235,3.520047317,,,,F,,100,149.05,,,,,,,,,45F0,
14532,1609858,12092,12264,12366,1609858,EH,I4537,DE,1570,MIKQ1DE2026,,26D4,MRN2,dO,1600,MonFilP,500,184,2026DE_184,,,23,2,2026,20,10,58.41313333,2.5227,25,33,2630,,,,3.1416,,,MCR,HydroBios,9057,3.520047317,,,,F,,66,72.95,,,,,,,,,45F2,
14532,1609859,12092,12264,12366,1609859,EH,I4537,DE,1570,MIKQ1DE2026,,26D4,MRN2,dO,1600,MonFilP,500,185,2026DE_185,,,23,2,2026,21,36,58.60143333,2.4766,31,57,3130,,,,3.1416,,,MCR,HydroBios,10527,3.520047317,,,,F,,97,102,,,,,,,,,46F2,
14532,1609861,12092,12264,12366,1609861,EH,I4537,DE,1570,MIKQ1DE2026,,26D4,MRN2,dO,1600,MonFilP,500,187,2026DE_187,,,24,2,2026,0,30,58.60216667,3.1602,30,24,2815,,,,3.1416,,,MCR,HydroBios,9399,3.520047317,,,,F,,98,105.2,,,,,,,,,46F3,
14532,1609865,12092,12264,12366,1609865,EH,I4537,DE,1570,MIKQ1DE2026,,26D4,MRN2,dO,1600,MonFilP,500,200,2026DE_200,,,24,2,2026,21,54,57.91535,2.8204,18,56,1593,,,,3.1416,,,MCR,HydroBios,6659,3.520047317,,,,F,,54,61.65,,,,,,,,,44F2,
14532,1609866,12092,12264,12366,1609866,EH,I4537,DE,1570,MIKQ1DE2026,,26D4,MRN2,dO,1600,MonFilP,500,201,2026DE_201,,,25,2,2026,0,25,57.59985,3.175733333,20,38,1852,,,,3.1416,,,MCR,HydroBios,6338,3.520047317,,,,F,,57,65.15,,,,,,,,,44F3,
14532,1609867,12092,12264,12366,1609867,EH,I4537,DE,1570,MIKQ1DE2026,,26D4,MRN2,dO,1600,MonFilP,500,202,2026DE_202,,,25,2,2026,2,17,57.40721667,3.5072,15,48,1352,,,,3.1416,,,MCR,HydroBios,4589,3.520047317,,,,F,,56,64.1,,,,,,,,,43F3,
14532,1609868,12092,12264,12366,1609868,EH,I4537,DE,1570,MIKQ1DE2026,,26D4,MRN2,dO,1600,MonFilP,500,203,2026DE_203,,,25,2,2026,4,41,57.40473333,2.8462,19,57,1945,,,,3.1416,,,MCR,HydroBios,6713,3.520047317,,,,F,,62,68.65,,,,,,,,,43F2,
14532,1609869,12092,12264,12366,1609869,EH,I4537,DE,1570,MIKQ1DE2026,,26D4,MRN2,dO,1600,MonFilP,500,204,2026DE_204,,,25,2,2026,5,56,57.25191667,2.805916667,21,54,1796,,,,3.1416,,,MCR,HydroBios,7358,3.520047317,,,,F,,62,71.85,,,,,,,,,43F2,
14532,1609871,12092,12264,12366,1609871,EH,I4537,DE,1570,MIKQ1DE2026,,26D4,MRN2,dO,1600,MonFilP,500,214,2026DE_214,,,25,2,2026,19,26,57.58708333,2.815833333,21,4,1852,,,,3.1416,,,MCR,HydroBios,6739,3.520047317,,,,F,,60,67.1,,,,,,,,,44F2,
14532,1609872,12092,12264,12366,1609872,EH,I4537,DE,1570,MIKQ1DE2026,,26D4,MRN2,dO,1600,MonFilP,500,215,2026DE_215,,,25,2,2026,21,53,57.58741667,3.5186,23,33,2222,,,,3.1416,,,MCR,HydroBios,7580,3.520047317,,,,F,,67,75.8,,,,,,,,,44F3,
14532,1609873,12092,12264,12366,1609873,EH,I4537,DE,1570,MIKQ1DE2026,,26D4,MRN2,dO,1600,MonFilP,500,216,2026DE_216,,,26,2,2026,1,9,57.40331667,4.43205,23,46,2408,,,,3.1416,,,MCR,HydroBios,7562,3.520047317,,,,F,,68,76.95,,,,,,,,,43F4,
14532,1609874,12092,12264,12366,1609874,EH,I4537,DE,1570,MIKQ1DE2026,,26D4,MRN2,dO,1600,MonFilP,500,217,2026DE_217,,,26,2,2026,2,29,57.38496667,4.762083333,25,11,2704,,,,3.1416,,,MCR,HydroBios,8482,3.520047317,,,,F,,67,74.55,,,,,,,,,43F4,
14532,1609875,12092,12264,12366,1609875,EH,I4537,DE,1570,MIKQ1DE2026,,26D4,MRN2,dO,1600,MonFilP,500,218,2026DE_218,,,26,2,2026,4,5,57.39313333,5.14915,25,58,2871,,,,3.1416,,,MCR,HydroBios,8973,3.520047317,,,,F,,68,74.45,,,,,,,,,43F5,
14533,1609941,12093,12276,12366,1609941,EH,I4537,NO,1351,MIKQ1NO2026,,58G2,MRN2,,1600,WovFab,500,148,2026NO_148,,,11,2,2026,17,10,59.912033,3.18642,19,0,1827.92,,,,3.1416,,,MCR,HydroBios,5944,3.644719566,,,5241.155537,F,,102,162,,,,,,,,,48F3,
14533,1609943,12093,12276,12366,1609943,EH,I4537,NO,1351,MIKQ1NO2026,,58G2,MRN2,,1600,WovFab,500,150,2026NO_150,,,11,2,2026,20,54,60.289413,3.179779,26,7,2552.06,,,,3.1416,,,MCR,HydroBios,10207,3.644719566,,,9000.07984,F,,101,147,,,,,,,,,49F3,
14533,1609944,12093,12276,12366,1609944,EH,I4537,NO,1351,MIKQ1NO2026,,58G2,MRN2,,1600,WovFab,500,151,2026NO_151,,,11,2,2026,22,30,60.308047,2.817762,20,5,2003.86,,,,3.1416,,,MCR,HydroBios,6671,3.644719566,,,5882.191889,F,,95,100,,,,,,,,,49F2,
14533,1609945,12093,12276,12366,1609945,EH,I4537,NO,1351,MIKQ1NO2026,,58G2,MRN2,,1600,WovFab,500,152,2026NO_152,,,12,2,2026,0,2,60.135875,2.796689,18,42,1764.96,,,,3.1416,,,MCR,HydroBios,6120,3.644719566,,,5396.344531,F,,100,108,,,,,,,,,49F2,
14533,1609947,12093,12276,12366,1609947,EH,I4537,NO,1351,MIKQ1NO2026,,58G2,MRN2,,1600,WovFab,500,157,2026NO_157,,,12,2,2026,18,20,59.158542,2.603321,21,12,2022.38,,,,3.1416,,,MCR,HydroBios,6516,3.644719566,,,5745.519765,F,,101,120,,,,,,,,,47F2,
14533,1609948,12093,12276,12366,1609948,EH,I4537,NO,1351,MIKQ1NO2026,,58G2,MRN2,,1600,WovFab,500,158,2026NO_158,,,12,2,2026,20,2,59.320587,2.707738,28,9,2742.81,,,,3.1416,,,MCR,HydroBios,11021,3.644719566,,,9717.828933,F,,100,119,,,,,,,,,47F2,
14533,1609949,12093,12276,12366,1609949,EH,I4537,NO,1351,MIKQ1NO2026,,58G2,MRN2,,1600,WovFab,500,159,2026NO_159,,,12,2,2026,22,9,59.5817,2.721185,20,31,1877.93,,,,3.1416,,,MCR,HydroBios,6756,3.644719566,,,5957.141119,F,,99,118,,,,,,,,,48F2,
14533,1609953,12093,12276,12366,1609953,EH,I4537,NO,1351,MIKQ1NO2026,,58G2,MRN2,,1600,WovFab,500,163,2026NO_163,,,13,2,2026,5,39,58.909025,3.202508,18,34,1787.18,,,,3.1416,,,MCR,HydroBios,5392,3.644719566,,,4754.426423,F,,104,118,,,,,,,,,46F3,
14533,1609954,12093,12276,12366,1609954,EH,I4537,NO,1351,MIKQ1NO2026,,58G2,MRN2,,1600,WovFab,500,167,2026NO_167,,,13,2,2026,17,34,58.405027,2.823253,22,50,2196.47,,,,3.1416,,,MCR,HydroBios,7981,3.644719566,,,7037.291781,F,,89,92,,,,,,,,,45F2,
14533,1609955,12093,12276,12366,1609955,EH,I4537,NO,1351,MIKQ1NO2026,,58G2,MRN2,,1600,WovFab,500,168,2026NO_168,,,13,2,2026,19,13,58.404421,2.480328,14,24,1333.44,,,,3.1416,,,MCR,HydroBios,5282,3.644719566,,,4657.433302,F,,65,71,,,,,,,,,45F2,
14533,1609956,12093,12276,12366,1609956,EH,I4537,NO,1351,MIKQ1NO2026,,58G2,MRN2,,1600,WovFab,500,169,2026NO_169,,,13,2,2026,20,52,58.583615,2.461319,19,21,1800.14,,,,3.1416,,,MCR,HydroBios,6483,3.644719566,,,5716.421829,F,,93,98,,,,,,,,,46F2,
14533,1609958,12093,12276,12366,1609958,EH,I4537,NO,1351,MIKQ1NO2026,,58G2,MRN2,,1600,WovFab,500,171,2026NO_171,,,14,2,2026,0,2,58.587172,3.169734,20,30,1937.19,,,,3.1416,,,MCR,HydroBios,6928,3.644719566,,,6108.803089,F,,96,103,,,,,,,,,46F3,
14533,1609961,12093,12276,12366,1609961,EH,I4537,NO,1351,MIKQ1NO2026,,58G2,MRN2,,1600,WovFab,500,176,2026NO_176,,,14,2,2026,17,9,58.175699,4.438714,16,19,1392.7,,,,3.1416,,,MCR,HydroBios,5131,3.644719566,,,4524.2882,F,,99,141,,,,,,,,,45F4,
14533,1609962,12093,12276,12366,1609962,EH,I4537,NO,1351,MIKQ1NO2026,,58G2,MRN2,,1600,WovFab,500,177,2026NO_177,,,14,2,2026,18,59,58.10079,4.767972,21,25,1944.6,,,,3.1416,,,MCR,HydroBios,7610,3.644719566,,,6710.160437,F,,102,164,,,,,,,,,45F4,
14533,1609963,12093,12276,12366,1609963,EH,I4537,NO,1351,MIKQ1NO2026,,58G2,MRN2,,1600,WovFab,500,178,2026NO_178,,,14,2,2026,21,16,57.920783,5.176292,18,58,1744.58,,,,3.1416,,,MCR,HydroBios,5788,3.644719566,,,5103.601657,F,,100,123,,,,,,,,,44F5,
14533,1609965,12093,12276,12366,1609965,EH,I4537,NO,1351,MIKQ1NO2026,,58G2,MRN2,,1600,WovFab,500,180,2026NO_180,,,15,2,2026,1,50,57.59556,6.189888,19,12,1805.7,,,,3.1416,,,MCR,HydroBios,6437,3.644719566,,,5675.861069,F,,100,146,,,,,,,,,44F6,
14533,1609966,12093,12276,12366,1609966,EH,I4537,NO,1351,MIKQ1NO2026,,58G2,MRN2,,1600,WovFab,500,181,2026NO_181,,,15,2,2026,3,25,57.595811,6.539148,17,53,1703.84,,,,3.1416,,,MCR,HydroBios,5764,3.644719566,,,5082.439522,F,,95,155,,,,,,,,,44F6,
14533,1609969,12093,12276,12366,1609969,EH,I4537,NO,1351,MIKQ1NO2026,,58G2,MRN2,,1600,WovFab,500,187,2026NO_187,,,16,2,2026,17,16,57.248825,3.467555,14,8,1264.92,,,,3.1416,,,MCR,HydroBios,5528,3.644719566,,,4874.34519,F,,55,60,,,,,,,,,43F3,
14533,1609970,12093,12276,12366,1609970,EH,I4537,NO,1351,MIKQ1NO2026,,58G2,MRN2,,1600,WovFab,500,188,2026NO_188,,,16,2,2026,18,50,57.396765,3.308206,10,0,961.188,,,,3.1416,,,MCR,HydroBios,4278,3.644719566,,,3772.150638,F,,56,61,,,,,,,,,43F3,
14532,1609865,12092,12264,12366,1609865,EH,I4537,DE,1570,MIKQ1DE2026,,26D4,MRN2,dO,1600,MonFilP,500,200,2026DE_200,,,24,2,2026,21,54,57.91535,2.8204,18,56,1593,,,,3.1416,,,MCR,HydroBios,6659,3.520047317,,,,F,,54,61.65,,,,,,,,,44F2,
14532,1609866,12092,12264,12366,1609866,EH,I4537,DE,1570,MIKQ1DE2026,,26D4,MRN2,dO,1600,MonFilP,500,201,2026DE_201,,,25,2,2026,0,25,57.59985,3.175733333,20,38,1852,,,,3.1416,,,MCR,HydroBios,6338,3.520047317,,,,F,,57,65.15,,,,,,,,,44F3,
14532,1609866,12092,12264,12366,1609866,EH,I4537,DE,1570,MIKQ1DE2026,,26D4,MRN2,dO,1600,MonFilP,500,201,2026DE_201,,,25,2,2026,0,25,57.59985,3.175733333,20,38,1852,,,,3.1416,,,MCR,HydroBios,6338,3.520047317,,,,F,,57,65.15,,,,,,,,,44F3,
14532,1609866,12092,12264,12366,1609866,EH,I4537,DE,1570,MIKQ1DE2026,,26D4,MRN2,dO,1600,MonFilP,500,201,2026DE_201,,,25,2,2026,0,25,57.59985,3.175733333,20,38,1852,,,,3.1416,,,MCR,HydroBios,6338,3.520047317,,,,F,,57,65.15,,,,,,,,,44F3,
14532,1609866,12092,12264,12366,1609866,EH,I4537,DE,1570,MIKQ1DE2026,,26D4,MRN2,dO,1600,MonFilP,500,201,2026DE_201,,,25,2,2026,0,25,57.59985,3.175733333,20,38,1852,,,,3.1416,,,MCR,HydroBios,6338,3.520047317,,,,F,,57,65.15,,,,,,,,,44F3,
14532,1609866,12092,12264,12366,1609866,EH,I4537,DE,1570,MIKQ1DE2026,,26D4,MRN2,dO,1600,MonFilP,500,201,2026DE_201,,,25,2,2026,0,25,57.59985,3.175733333,20,38,1852,,,,3.1416,,,MCR,HydroBios,6338,3.520047317,,,,F,,57,65.15,,,,,,,,,44F3,
14532,1609866,12092,12264,12366,1609866,EH,I4537,DE,1570,MIKQ1DE2026,,26D4,MRN2,dO,1600,MonFilP,500,201,2026DE_201,,,25,2,2026,0,25,57.59985,3.175733333,20,38,1852,,,,3.1416,,,MCR,HydroBios,6338,3.520047317,,,,F,,57,65.15,,,,,,,,,44F3,
14532,1609867,12092,12264,12366,1609867,EH,I4537,DE,1570,MIKQ1DE2026,,26D4,MRN2,dO,1600,MonFilP,500,202,2026DE_202,,,25,2,2026,2,17,57.40721667,3.5072,15,48,1352,,,,3.1416,,,MCR,HydroBios,4589,3.520047317,,,,F,,56,64.1,,,,,,,,,43F3,
14532,1609868,12092,12264,12366,1609868,EH,I4537,DE,1570,MIKQ1DE2026,,26D4,MRN2,dO,1600,MonFilP,500,203,2026DE_203,,,25,2,2026,4,41,57.40473333,2.8462,19,57,1945,,,,3.1416,,,MCR,HydroBios,6713,3.520047317,,,,F,,62,68.65,,,,,,,,,43F2,
14532,1609868,12092,12264,12366,1609868,EH,I4537,DE,1570,MIKQ1DE2026,,26D4,MRN2,dO,1600,MonFilP,500,203,2026DE_203,,,25,2,2026,4,41,57.40473333,2.8462,19,57,1945,,,,3.1416,,,MCR,HydroBios,6713,3.520047317,,,,F,,62,68.65,,,,,,,,,43F2,
14532,1609868,12092,12264,12366,1609868,EH,I4537,DE,1570,MIKQ1DE2026,,26D4,MRN2,dO,1600,MonFilP,500,203,2026DE_203,,,25,2,2026,4,41,57.40473333,2.8462,19,57,1945,,,,3.1416,,,MCR,HydroBios,6713,3.520047317,,,,F,,62,68.65,,,,,,,,,43F2,
14532,1609868,12092,12264,12366,1609868,EH,I4537,DE,1570,MIKQ1DE2026,,26D4,MRN2,dO,1600,MonFilP,500,203,2026DE_203,,,25,2,2026,4,41,57.40473333,2.8462,19,57,1945,,,,3.1416,,,MCR,HydroBios,6713,3.520047317,,,,F,,62,68.65,,,,,,,,,43F2,
14532,1609869,12092,12264,12366,1609869,EH,I4537,DE,1570,MIKQ1DE2026,,26D4,MRN2,dO,1600,MonFilP,500,204,2026DE_204,,,25,2,2026,5,56,57.25191667,2.805916667,21,54,1796,,,,3.1416,,,MCR,HydroBios,7358,3.520047317,,,,F,,62,71.85,,,,,,,,,43F2,
14532,1609869,12092,12264,12366,1609869,EH,I4537,DE,1570,MIKQ1DE2026,,26D4,MRN2,dO,1600,MonFilP,500,204,2026DE_204,,,25,2,2026,5,56,57.25191667,2.805916667,21,54,1796,,,,3.1416,,,MCR,HydroBios,7358,3.520047317,,,,F,,62,71.85,,,,,,,,,43F2,
14532,1609869,12092,12264,12366,1609869,EH,I4537,DE,1570,MIKQ1DE2026,,26D4,MRN2,dO,1600,MonFilP,500,204,2026DE_204,,,25,2,2026,5,56,57.25191667,2.805916667,21,54,1796,,,,3.1416,,,MCR,HydroBios,7358,3.520047317,,,,F,,62,71.85,,,,,,,,,43F2,
14532,1609869,12092,12264,12366,1609869,EH,I4537,DE,1570,MIKQ1DE2026,,26D4,MRN2,dO,1600,MonFilP,500,204,2026DE_204,,,25,2,2026,5,56,57.25191667,2.805916667,21,54,1796,,,,3.1416,,,MCR,HydroBios,7358,3.520047317,,,,F,,62,71.85,,,,,,,,,43F2,
14532,1609869,12092,12264,12366,1609869,EH,I4537,DE,1570,MIKQ1DE2026,,26D4,MRN2,dO,1600,MonFilP,500,204,2026DE_204,,,25,2,2026,5,56,57.25191667,2.805916667,21,54,1796,,,,3.1416,,,MCR,HydroBios,7358,3.520047317,,,,F,,62,71.85,,,,,,,,,43F2,
14532,1609869,12092,12264,12366,1609869,EH,I4537,DE,1570,MIKQ1DE2026,,26D4,MRN2,dO,1600,MonFilP,500,204,2026DE_204,,,25,2,2026,5,56,57.25191667,2.805916667,21,54,1796,,,,3.1416,,,MCR,HydroBios,7358,3.520047317,,,,F,,62,71.85,,,,,,,,,43F2,
14532,1609871,12092,12264,12366,1609871,EH,I4537,DE,1570,MIKQ1DE2026,,26D4,MRN2,dO,1600,MonFilP,500,214,2026DE_214,,,25,2,2026,19,26,57.58708333,2.815833333,21,4,1852,,,,3.1416,,,MCR,HydroBios,6739,3.520047317,,,,F,,60,67.1,,,,,,,,,44F2,
14532,1609871,12092,12264,12366,1609871,EH,I4537,DE,1570,MIKQ1DE2026,,26D4,MRN2,dO,1600,MonFilP,500,214,2026DE_214,,,25,2,2026,19,26,57.58708333,2.815833333,21,4,1852,,,,3.1416,,,MCR,HydroBios,6739,3.520047317,,,,F,,60,67.1,,,,,,,,,44F2,
14532,1609871,12092,12264,12366,1609871,EH,I4537,DE,1570,MIKQ1DE2026,,26D4,MRN2,dO,1600,MonFilP,500,214,2026DE_214,,,25,2,2026,19,26,57.58708333,2.815833333,21,4,1852,,,,3.1416,,,MCR,HydroBios,6739,3.520047317,,,,F,,60,67.1,,,,,,,,,44F2,
14532,1609871,12092,12264,12366,1609871,EH,I4537,DE,1570,MIKQ1DE2026,,26D4,MRN2,dO,1600,MonFilP,500,214,2026DE_214,,,25,2,2026,19,26,57.58708333,2.815833333,21,4,1852,,,,3.1416,,,MCR,HydroBios,6739,3.520047317,,,,F,,60,67.1,,,,,,,,,44F2,
14532,1609871,12092,12264,12366,1609871,EH,I4537,DE,1570,MIKQ1DE2026,,26D4,MRN2,dO,1600,MonFilP,500,214,2026DE_214,,,25,2,2026,19,26,57.58708333,2.815833333,21,4,1852,,,,3.1416,,,MCR,HydroBios,6739,3.520047317,,,,F,,60,67.1,,,,,,,,,44F2,
14532,1609871,12092,12264,12366,1609871,EH,I4537,DE,1570,MIKQ1DE2026,,26D4,MRN2,dO,1600,MonFilP,500,214,2026DE_214,,,25,2,2026,19,26,57.58708333,2.815833333,21,4,1852,,,,3.1416,,,MCR,HydroBios,6739,3.520047317,,,,F,,60,67.1,,,,,,,,,44F2,
14532,1609871,12092,12264,12366,1609871,EH,I4537,DE,1570,MIKQ1DE2026,,26D4,MRN2,dO,1600,MonFilP,500,214,2026DE_214,,,25,2,2026,19,26,57.58708333,2.815833333,21,4,1852,,,,3.1416,,,MCR,HydroBios,6739,3.520047317,,,,F,,60,67.1,,,,,,,,,44F2,
14532,1609872,12092,12264,12366,1609872,EH,I4537,DE,1570,MIKQ1DE2026,,26D4,MRN2,dO,1600,MonFilP,500,215,2026DE_215,,,25,2,2026,21,53,57.58741667,3.5186,23,33,2222,,,,3.1416,,,MCR,HydroBios,7580,3.520047317,,,,F,,67,75.8,,,,,,,,,44F3,
14532,1609872,12092,12264,12366,1609872,EH,I4537,DE,1570,MIKQ1DE2026,,26D4,MRN2,dO,1600,MonFilP,500,215,2026DE_215,,,25,2,2026,21,53,57.58741667,3.5186,23,33,2222,,,,3.1416,,,MCR,HydroBios,7580,3.520047317,,,,F,,67,75.8,,,,,,,,,44F3,
14532,1609872,12092,12264,12366,1609872,EH,I4537,DE,1570,MIKQ1DE2026,,26D4,MRN2,dO,1600,MonFilP,500,215,2026DE_215,,,25,2,2026,21,53,57.58741667,3.5186,23,33,2222,,,,3.1416,,,MCR,HydroBios,7580,3.520047317,,,,F,,67,75.8,,,,,,,,,44F3,
14532,1609873,12092,12264,12366,1609873,EH,I4537,DE,1570,MIKQ1DE2026,,26D4,MRN2,dO,1600,MonFilP,500,216,2026DE_216,,,26,2,2026,1,9,57.40331667,4.43205,23,46,2408,,,,3.1416,,,MCR,HydroBios,7562,3.520047317,,,,F,,68,76.95,,,,,,,,,43F4,
14532,1609873,12092,12264,12366,1609873,EH,I4537,DE,1570,MIKQ1DE2026,,26D4,MRN2,dO,1600,MonFilP,500,216,2026DE_216,,,26,2,2026,1,9,57.40331667,4.43205,23,46,2408,,,,3.1416,,,MCR,HydroBios,7562,3.520047317,,,,F,,68,76.95,,,,,,,,,43F4,
14532,1609874,12092,12264,12366,1609874,EH,I4537,DE,1570,MIKQ1DE2026,,26D4,MRN2,dO,1600,MonFilP,500,217,2026DE_217,,,26,2,2026,2,29,57.38496667,4.762083333,25,11,2704,,,,3.1416,,,MCR,HydroBios,8482,3.520047317,,,,F,,67,74.55,,,,,,,,,43F4,
14532,1609874,12092,12264,12366,1609874,EH,I4537,DE,1570,MIKQ1DE2026,,26D4,MRN2,dO,1600,MonFilP,500,217,2026DE_217,,,26,2,2026,2,29,57.38496667,4.762083333,25,11,2704,,,,3.1416,,,MCR,HydroBios,8482,3.520047317,,,,F,,67,74.55,,,,,,,,,43F4,
14532,1609874,12092,12264,12366,1609874,EH,I4537,DE,1570,MIKQ1DE2026,,26D4,MRN2,dO,1600,MonFilP,500,217,2026DE_217,,,26,2,2026,2,29,57.38496667,4.762083333,25,11,2704,,,,3.1416,,,MCR,HydroBios,8482,3.520047317,,,,F,,67,74.55,,,,,,,,,43F4,
14532,1609875,12092,12264,12366,1609875,EH,I4537,DE,1570,MIKQ1DE2026,,26D4,MRN2,dO,1600,MonFilP,500,218,2026DE_218,,,26,2,2026,4,5,57.39313333,5.14915,25,58,2871,,,,3.1416,,,MCR,HydroBios,8973,3.520047317,,,,F,,68,74.45,,,,,,,,,43F5,
14532,1609875,12092,12264,12366,1609875,EH,I4537,DE,1570,MIKQ1DE2026,,26D4,MRN2,dO,1600,MonFilP,500,218,2026DE_218,,,26,2,2026,4,5,57.39313333,5.14915,25,58,2871,,,,3.1416,,,MCR,HydroBios,8973,3.520047317,,,,F,,68,74.45,,,,,,,,,43F5,
14533,1609944,12093,12276,12366,1609944,EH,I4537,NO,1351,MIKQ1NO2026,,58G2,MRN2,,1600,WovFab,500,151,2026NO_151,,,11,2,2026,22,30,60.308047,2.817762,20,5,2003.86,,,,3.1416,,,MCR,HydroBios,6671,3.644719566,,,5882.191889,F,,95,100,,,,,,,,,49F2,
14533,1609944,12093,12276,12366,1609944,EH,I4537,NO,1351,MIKQ1NO2026,,58G2,MRN2,,1600,WovFab,500,151,2026NO_151,,,11,2,2026,22,30,60.308047,2.817762,20,5,2003.86,,,,3.1416,,,MCR,HydroBios,6671,3.644719566,,,5882.191889,F,,95,100,,,,,,,,,49F2,
14533,1609944,12093,12276,12366,1609944,EH,I4537,NO,1351,MIKQ1NO2026,,58G2,MRN2,,1600,WovFab,500,151,2026NO_151,,,11,2,2026,22,30,60.308047,2.817762,20,5,2003.86,,,,3.1416,,,MCR,HydroBios,6671,3.644719566,,,5882.191889,F,,95,100,,,,,,,,,49F2,
14533,1609947,12093,12276,12366,1609947,EH,I4537,NO,1351,MIKQ1NO2026,,58G2,MRN2,,1600,WovFab,500,157,2026NO_157,,,12,2,2026,18,20,59.158542,2.603321,21,12,2022.38,,,,3.1416,,,MCR,HydroBios,6516,3.644719566,,,5745.519765,F,,101,120,,,,,,,,,47F2,
14533,1609948,12093,12276,12366,1609948,EH,I4537,NO,1351,MIKQ1NO2026,,58G2,MRN2,,1600,WovFab,500,158,2026NO_158,,,12,2,2026,20,2,59.320587,2.707738,28,9,2742.81,,,,3.1416,,,MCR,HydroBios,11021,3.644719566,,,9717.828933,F,,100,119,,,,,,,,,47F2,
14533,1609948,12093,12276,12366,1609948,EH,I4537,NO,1351,MIKQ1NO2026,,58G2,MRN2,,1600,WovFab,500,158,2026NO_158,,,12,2,2026,20,2,59.320587,2.707738,28,9,2742.81,,,,3.1416,,,MCR,HydroBios,11021,3.644719566,,,9717.828933,F,,100,119,,,,,,,,,47F2,
14533,1609948,12093,12276,12366,1609948,EH,I4537,NO,1351,MIKQ1NO2026,,58G2,MRN2,,1600,WovFab,500,158,2026NO_158,,,12,2,2026,20,2,59.320587,2.707738,28,9,2742.81,,,,3.1416,,,MCR,HydroBios,11021,3.644719566,,,9717.828933,F,,100,119,,,,,,,,,47F2,
14533,1609948,12093,12276,12366,1609948,EH,I4537,NO,1351,MIKQ1NO2026,,58G2,MRN2,,1600,WovFab,500,158,2026NO_158,,,12,2,2026,20,2,59.320587,2.707738,28,9,2742.81,,,,3.1416,,,MCR,HydroBios,11021,3.644719566,,,9717.828933,F,,100,119,,,,,,,,,47F2,
14533,1609948,12093,12276,12366,1609948,EH,I4537,NO,1351,MIKQ1NO2026,,58G2,MRN2,,1600,WovFab,500,158,2026NO_158,,,12,2,2026,20,2,59.320587,2.707738,28,9,2742.81,,,,3.1416,,,MCR,HydroBios,11021,3.644719566,,,9717.828933,F,,100,119,,,,,,,,,47F2,
14533,1609948,12093,12276,12366,1609948,EH,I4537,NO,1351,MIKQ1NO2026,,58G2,MRN2,,1600,WovFab,500,158,2026NO_158,,,12,2,2026,20,2,59.320587,2.707738,28,9,2742.81,,,,3.1416,,,MCR,HydroBios,11021,3.644719566,,,9717.828933,F,,100,119,,,,,,,,,47F2,
14533,1609948,12093,12276,12366,1609948,EH,I4537,NO,1351,MIKQ1NO2026,,58G2,MRN2,,1600,WovFab,500,158,2026NO_158,,,12,2,2026,20,2,59.320587,2.707738,28,9,2742.81,,,,3.1416,,,MCR,HydroBios,11021,3.644719566,,,9717.828933,F,,100,119,,,,,,,,,47F2,
14533,1609953,12093,12276,12366,1609953,EH,I4537,NO,1351,MIKQ1NO2026,,58G2,MRN2,,1600,WovFab,500,163,2026NO_163,,,13,2,2026,5,39,58.909025,3.202508,18,34,1787.18,,,,3.1416,,,MCR,HydroBios,5392,3.644719566,,,4754.426423,F,,104,118,,,,,,,,,46F3,
14533,1609953,12093,12276,12366,1609953,EH,I4537,NO,1351,MIKQ1NO2026,,58G2,MRN2,,1600,WovFab,500,163,2026NO_163,,,13,2,2026,5,39,58.909025,3.202508,18,34,1787.18,,,,3.1416,,,MCR,HydroBios,5392,3.644719566,,,4754.426423,F,,104,118,,,,,,,,,46F3,
14533,1609953,12093,12276,12366,1609953,EH,I4537,NO,1351,MIKQ1NO2026,,58G2,MRN2,,1600,WovFab,500,163,2026NO_163,,,13,2,2026,5,39,58.909025,3.202508,18,34,1787.18,,,,3.1416,,,MCR,HydroBios,5392,3.644719566,,,4754.426423,F,,104,118,,,,,,,,,46F3,
14533,1609954,12093,12276,12366,1609954,EH,I4537,NO,1351,MIKQ1NO2026,,58G2,MRN2,,1600,WovFab,500,167,2026NO_167,,,13,2,2026,17,34,58.405027,2.823253,22,50,2196.47,,,,3.1416,,,MCR,HydroBios,7981,3.644719566,,,7037.291781,F,,89,92,,,,,,,,,45F2,
14533,1609954,12093,12276,12366,1609954,EH,I4537,NO,1351,MIKQ1NO2026,,58G2,MRN2,,1600,WovFab,500,167,2026NO_167,,,13,2,2026,17,34,58.405027,2.823253,22,50,2196.47,,,,3.1416,,,MCR,HydroBios,7981,3.644719566,,,7037.291781,F,,89,92,,,,,,,,,45F2,
14533,1609954,12093,12276,12366,1609954,EH,I4537,NO,1351,MIKQ1NO2026,,58G2,MRN2,,1600,WovFab,500,167,2026NO_167,,,13,2,2026,17,34,58.405027,2.823253,22,50,2196.47,,,,3.1416,,,MCR,HydroBios,7981,3.644719566,,,7037.291781,F,,89,92,,,,,,,,,45F2,
14533,1609954,12093,12276,12366,1609954,EH,I4537,NO,1351,MIKQ1NO2026,,58G2,MRN2,,1600,WovFab,500,167,2026NO_167,,,13,2,2026,17,34,58.405027,2.823253,22,50,2196.47,,,,3.1416,,,MCR,HydroBios,7981,3.644719566,,,7037.291781,F,,89,92,,,,,,,,,45F2,
14533,1609954,12093,12276,12366,1609954,EH,I4537,NO,1351,MIKQ1NO2026,,58G2,MRN2,,1600,WovFab,500,167,2026NO_167,,,13,2,2026,17,34,58.405027,2.823253,22,50,2196.47,,,,3.1416,,,MCR,HydroBios,7981,3.644719566,,,7037.291781,F,,89,92,,,,,,,,,45F2,
14533,1609954,12093,12276,12366,1609954,EH,I4537,NO,1351,MIKQ1NO2026,,58G2,MRN2,,1600,WovFab,500,167,2026NO_167,,,13,2,2026,17,34,58.405027,2.823253,22,50,2196.47,,,,3.1416,,,MCR,HydroBios,7981,3.644719566,,,7037.291781,F,,89,92,,,,,,,,,45F2,
14533,1609954,12093,12276,12366,1609954,EH,I4537,NO,1351,MIKQ1NO2026,,58G2,MRN2,,1600,WovFab,500,167,2026NO_167,,,13,2,2026,17,34,58.405027,2.823253,22,50,2196.47,,,,3.1416,,,MCR,HydroBios,7981,3.644719566,,,7037.291781,F,,89,92,,,,,,,,,45F2,
14533,1609956,12093,12276,12366,1609956,EH,I4537,NO,1351,MIKQ1NO2026,,58G2,MRN2,,1600,WovFab,500,169,2026NO_169,,,13,2,2026,20,52,58.583615,2.461319,19,21,1800.14,,,,3.1416,,,MCR,HydroBios,6483,3.644719566,,,5716.421829,F,,93,98,,,,,,,,,46F2,
14533,1609956,12093,12276,12366,1609956,EH,I4537,NO,1351,MIKQ1NO2026,,58G2,MRN2,,1600,WovFab,500,169,2026NO_169,,,13,2,2026,20,52,58.583615,2.461319,19,21,1800.14,,,,3.1416,,,MCR,HydroBios,6483,3.644719566,,,5716.421829,F,,93,98,,,,,,,,,46F2,
14533,1609956,12093,12276,12366,1609956,EH,I4537,NO,1351,MIKQ1NO2026,,58G2,MRN2,,1600,WovFab,500,169,2026NO_169,,,13,2,2026,20,52,58.583615,2.461319,19,21,1800.14,,,,3.1416,,,MCR,HydroBios,6483,3.644719566,,,5716.421829,F,,93,98,,,,,,,,,46F2,
14533,1609961,12093,12276,12366,1609961,EH,I4537,NO,1351,MIKQ1NO2026,,58G2,MRN2,,1600,WovFab,500,176,2026NO_176,,,14,2,2026,17,9,58.175699,4.438714,16,19,1392.7,,,,3.1416,,,MCR,HydroBios,5131,3.644719566,,,4524.2882,F,,99,141,,,,,,,,,45F4,
14533,1609962,12093,12276,12366,1609962,EH,I4537,NO,1351,MIKQ1NO2026,,58G2,MRN2,,1600,WovFab,500,177,2026NO_177,,,14,2,2026,18,59,58.10079,4.767972,21,25,1944.6,,,,3.1416,,,MCR,HydroBios,7610,3.644719566,,,6710.160437,F,,102,164,,,,,,,,,45F4,
14533,1609963,12093,12276,12366,1609963,EH,I4537,NO,1351,MIKQ1NO2026,,58G2,MRN2,,1600,WovFab,500,178,2026NO_178,,,14,2,2026,21,16,57.920783,5.176292,18,58,1744.58,,,,3.1416,,,MCR,HydroBios,5788,3.644719566,,,5103.601657,F,,100,123,,,,,,,,,44F5,
14533,1609970,12093,12276,12366,1609970,EH,I4537,NO,1351,MIKQ1NO2026,,58G2,MRN2,,1600,WovFab,500,188,2026NO_188,,,16,2,2026,18,50,57.396765,3.308206,10,0,961.188,,,,3.1416,,,MCR,HydroBios,4278,3.644719566,,,3772.150638,F,,56,61,,,,,,,,,43F3,
14533,1609972,12093,12276,12366,1609972,EH,I4537,NO,1351,MIKQ1NO2026,,58G2,MRN2,,1600,WovFab,500,190,2026NO_190,,,16,2,2026,22,0,57.755401,3.171929,11,34,1026.01,,,,3.1416,,,MCR,HydroBios,3916,3.644719566,,,3452.955095,F,,60,65,,,,,,,,,44F3,
14533,1609973,12093,12276,12366,1609973,EH,I4537,NO,1351,MIKQ1NO2026,,58G2,MRN2,,1600,WovFab,500,191,2026NO_191,,,16,2,2026,23,42,57.757644,2.80283,14,6,1288.99,,,,3.1416,,,MCR,HydroBios,5465,3.644719566,,,4818.794585,F,,59,65,,,,,,,,,44F2,
14533,1609973,12093,12276,12366,1609973,EH,I4537,NO,1351,MIKQ1NO2026,,58G2,MRN2,,1600,WovFab,500,191,2026NO_191,,,16,2,2026,23,42,57.757644,2.80283,14,6,1288.99,,,,3.1416,,,MCR,HydroBios,5465,3.644719566,,,4818.794585,F,,59,65,,,,,,,,,44F2,
14533,1609974,12093,12276,12366,1609974,EH,I4537,NO,1351,MIKQ1NO2026,,58G2,MRN2,,1600,WovFab,500,192,2026NO_192,,,17,2,2026,1,17,57.587834,2.782859,10,16,987.116,,,,3.1416,,,MCR,HydroBios,3001,3.644719566,,,2646.148682,F,,58,65,,,,,,,,,44F2,
14533,1609974,12093,12276,12366,1609974,EH,I4537,NO,1351,MIKQ1NO2026,,58G2,MRN2,,1600,WovFab,500,192,2026NO_192,,,17,2,2026,1,17,57.587834,2.782859,10,16,987.116,,,,3.1416,,,MCR,HydroBios,3001,3.644719566,,,2646.148682,F,,58,65,,,,,,,,,44F2,
14533,1609974,12093,12276,12366,1609974,EH,I4537,NO,1351,MIKQ1NO2026,,58G2,MRN2,,1600,WovFab,500,192,2026NO_192,,,17,2,2026,1,17,57.587834,2.782859,10,16,987.116,,,,3.1416,,,MCR,HydroBios,3001,3.644719566,,,2646.148682,F,,58,65,,,,,,,,,44F2,
14533,1609974,12093,12276,12366,1609974,EH,I4537,NO,1351,MIKQ1NO2026,,58G2,MRN2,,1600,WovFab,500,192,2026NO_192,,,17,2,2026,1,17,57.587834,2.782859,10,16,987.116,,,,3.1416,,,MCR,HydroBios,3001,3.644719566,,,2646.148682,F,,58,65,,,,,,,,,44F2,
14533,1609975,12093,12276,12366,1609975,EH,I4537,NO,1351,MIKQ1NO2026,,58G2,MRN2,,1600,WovFab,500,193,2026NO_193,,,17,2,2026,2,47,57.416219,2.744257,11,28,927.852,,,,3.1416,,,MCR,HydroBios,3838,3.644719566,,,3384.178155,F,,65,69,,,,,,,,,43F2,
14533,1609975,12093,12276,12366,1609975,EH,I4537,NO,1351,MIKQ1NO2026,,58G2,MRN2,,1600,WovFab,500,193,2026NO_193,,,17,2,2026,2,47,57.416219,2.744257,11,28,927.852,,,,3.1416,,,MCR,HydroBios,3838,3.644719566,,,3384.178155,F,,65,69,,,,,,,,,43F2,
14533,1609975,12093,12276,12366,1609975,EH,I4537,NO,1351,MIKQ1NO2026,,58G2,MRN2,,1600,WovFab,500,193,2026NO_193,,,17,2,2026,2,47,57.416219,2.744257,11,28,927.852,,,,3.1416,,,MCR,HydroBios,3838,3.644719566,,,3384.178155,F,,65,69,,,,,,,,,43F2,
14533,1609975,12093,12276,12366,1609975,EH,I4537,NO,1351,MIKQ1NO2026,,58G2,MRN2,,1600,WovFab,500,193,2026NO_193,,,17,2,2026,2,47,57.416219,2.744257,11,28,927.852,,,,3.1416,,,MCR,HydroBios,3838,3.644719566,,,3384.178155,F,,65,69,,,,,,,,,43F2,
14533,1609975,12093,12276,12366,1609975,EH,I4537,NO,1351,MIKQ1NO2026,,58G2,MRN2,,1600,WovFab,500,193,2026NO_193,,,17,2,2026,2,47,57.416219,2.744257,11,28,927.852,,,,3.1416,,,MCR,HydroBios,3838,3.644719566,,,3384.178155,F,,65,69,,,,,,,,,43F2,
14533,1609976,12093,12276,12366,1609976,EH,I4537,NO,1351,MIKQ1NO2026,,58G2,MRN2,,1600,WovFab,500,194,2026NO_194,,,17,2,2026,4,27,57.292906,2.522887,14,41,1357.52,,,,3.1416,,,MCR,HydroBios,4503,3.644719566,,,3970.545657,F,,77,79,,,,,,,,,43F2,
14533,1609976,12093,12276,12366,1609976,EH,I4537,NO,1351,MIKQ1NO2026,,58G2,MRN2,,1600,WovFab,500,194,2026NO_194,,,17,2,2026,4,27,57.292906,2.522887,14,41,1357.52,,,,3.1416,,,MCR,HydroBios,4503,3.644719566,,,3970.545657,F,,77,79,,,,,,,,,43F2,
14533,1609976,12093,12276,12366,1609976,EH,I4537,NO,1351,MIKQ1NO2026,,58G2,MRN2,,1600,WovFab,500,194,2026NO_194,,,17,2,2026,4,27,57.292906,2.522887,14,41,1357.52,,,,3.1416,,,MCR,HydroBios,4503,3.644719566,,,3970.545657,F,,77,79,,,,,,,,,43F2,
14533,1609977,12093,12276,12366,1609977,EH,I4537,NO,1351,MIKQ1NO2026,,58G2,MRN2,,1600,WovFab,500,197,2026NO_197,,,17,2,2026,17,33,57.671608,4.189807,17,1,1587.16,,,,3.1416,,,MCR,HydroBios,5631,3.644719566,,,4965.166021,F,,66,70,,,,,,,,,44F4,
14533,1609979,12093,12276,12366,1609979,EH,I4537,NO,1351,MIKQ1NO2026,,58G2,MRN2,,1600,WovFab,500,199,2026NO_199,,,17,2,2026,20,58,57.412511,4.690699,17,22,1703.84,,,,3.1416,,,MCR,HydroBios,6573,3.644719566,,,5795.779836,F,,65,71,,,,,,,,,43F4,
14533,1609979,12093,12276,12366,1609979,EH,I4537,NO,1351,MIKQ1NO2026,,58G2,MRN2,,1600,WovFab,500,199,2026NO_199,,,17,2,2026,20,58,57.412511,4.690699,17,22,1703.84,,,,3.1416,,,MCR,HydroBios,6573,3.644719566,,,5795.779836,F,,65,71,,,,,,,,,43F4,
14533,1609979,12093,12276,12366,1609979,EH,I4537,NO,1351,MIKQ1NO2026,,58G2,MRN2,,1600,WovFab,500,199,2026NO_199,,,17,2,2026,20,58,57.412511,4.690699,17,22,1703.84,,,,3.1416,,,MCR,HydroBios,6573,3.644719566,,,5795.779836,F,,65,71,,,,,,,,,43F4,
14533,1609979,12093,12276,12366,1609979,EH,I4537,NO,1351,MIKQ1NO2026,,58G2,MRN2,,1600,WovFab,500,199,2026NO_199,,,17,2,2026,20,58,57.412511,4.690699,17,22,1703.84,,,,3.1416,,,MCR,HydroBios,6573,3.644719566,,,5795.779836,F,,65,71,,,,,,,,,43F4,
14533,1609979,12093,12276,12366,1609979,EH,I4537,NO,1351,MIKQ1NO2026,,58G2,MRN2,,1600,WovFab,500,199,2026NO_199,,,17,2,2026,20,58,57.412511,4.690699,17,22,1703.84,,,,3.1416,,,MCR,HydroBios,6573,3.644719566,,,5795.779836,F,,65,71,,,,,,,,,43F4,
14533,1609979,12093,12276,12366,1609979,EH,I4537,NO,1351,MIKQ1NO2026,,58G2,MRN2,,1600,WovFab,500,199,2026NO_199,,,17,2,2026,20,58,57.412511,4.690699,17,22,1703.84,,,,3.1416,,,MCR,HydroBios,6573,3.644719566,,,5795.779836,F,,65,71,,,,,,,,,43F4,
14533,1609979,12093,12276,12366,1609979,EH,I4537,NO,1351,MIKQ1NO2026,,58G2,MRN2,,1600,WovFab,500,199,2026NO_199,,,17,2,2026,20,58,57.412511,4.690699,17,22,1703.84,,,,3.1416,,,MCR,HydroBios,6573,3.644719566,,,5795.779836,F,,65,71,,,,,,,,,43F4,
14533,1609980,12093,12276,12366,1609980,EH,I4537,NO,1351,MIKQ1NO2026,,58G2,MRN2,,1600,WovFab,500,200,2026NO_200,,,17,2,2026,22,29,57.232755,4.827339,11,3,1138.98,,,,3.1416,,,MCR,HydroBios,4004,3.644719566,,,3530.549592,F,,45,51,,,,,,,,,43F4,
14533,1609980,12093,12276,12366,1609980,EH,I4537,NO,1351,MIKQ1NO2026,,58G2,MRN2,,1600,WovFab,500,200,2026NO_200,,,17,2,2026,22,29,57.232755,4.827339,11,3,1138.98,,,,3.1416,,,MCR,HydroBios,4004,3.644719566,,,3530.549592,F,,45,51,,,,,,,,,43F4,
14533,1609980,12093,12276,12366,1609980,EH,I4537,NO,1351,MIKQ1NO2026,,58G2,MRN2,,1600,WovFab,500,200,2026NO_200,,,17,2,2026,22,29,57.232755,4.827339,11,3,1138.98,,,,3.1416,,,MCR,HydroBios,4004,3.644719566,,,3530.549592,F,,45,51,,,,,,,,,43F4,
14533,1609981,12093,12276,12366,1609981,EH,I4537,NO,1351,MIKQ1NO2026,,58G2,MRN2,,1600,WovFab,500,201,2026NO_201,,,17,2,2026,23,55,57.229202,5.163209,10,51,1042.68,,,,3.1416,,,MCR,HydroBios,3153,3.644719566,,,2780.17554,F,,55,61,,,,,,,,,43F5,
14533,1609981,12093,12276,12366,1609981,EH,I4537,NO,1351,MIKQ1NO2026,,58G2,MRN2,,1600,WovFab,500,201,2026NO_201,,,17,2,2026,23,55,57.229202,5.163209,10,51,1042.68,,,,3.1416,,,MCR,HydroBios,3153,3.644719566,,,2780.17554,F,,55,61,,,,,,,,,43F5,
14533,1609981,12093,12276,12366,1609981,EH,I4537,NO,1351,MIKQ1NO2026,,58G2,MRN2,,1600,WovFab,500,201,2026NO_201,,,17,2,2026,23,55,57.229202,5.163209,10,51,1042.68,,,,3.1416,,,MCR,HydroBios,3153,3.644719566,,,2780.17554,F,,55,61,,,,,,,,,43F5,
14533,1609982,12093,12276,12366,1609982,EH,I4537,NO,1351,MIKQ1NO2026,,58G2,MRN2,,1600,WovFab,500,202,2026NO_202,,,18,2,2026,1,20,57.078761,5.335893,11,29,1111.2,,,,3.1416,,,MCR,HydroBios,3624,3.644719566,,,3195.482447,F,,50,56,,,,,,,,,43F5,
14533,1609982,12093,12276,12366,1609982,EH,I4537,NO,1351,MIKQ1NO2026,,58G2,MRN2,,1600,WovFab,500,202,2026NO_202,,,18,2,2026,1,20,57.078761,5.335893,11,29,1111.2,,,,3.1416,,,MCR,HydroBios,3624,3.644719566,,,3195.482447,F,,50,56,,,,,,,,,43F5,
14533,1609982,12093,12276,12366,1609982,EH,I4537,NO,1351,MIKQ1NO2026,,58G2,MRN2,,1600,WovFab,500,202,2026NO_202,,,18,2,2026,1,20,57.078761,5.335893,11,29,1111.2,,,,3.1416,,,MCR,HydroBios,3624,3.644719566,,,3195.482447,F,,50,56,,,,,,,,,43F5,
14533,1609982,12093,12276,12366,1609982,EH,I4537,NO,1351,MIKQ1NO2026,,58G2,MRN2,,1600,WovFab,500,202,2026NO_202,,,18,2,2026,1,20,57.078761,5.335893,11,29,1111.2,,,,3.1416,,,MCR,HydroBios,3624,3.644719566,,,3195.482447,F,,50,56,,,,,,,,,43F5,
14533,1609984,12093,12276,12366,1609984,EH,I4537,NO,1351,MIKQ1NO2026,,58G2,MRN2,,1600,WovFab,500,211,2026NO_211,,,20,2,2026,21,54,59.755749,0.177198,19,47,1883.48,,,,3.1416,,,MCR,HydroBios,6527,3.644719566,,,5755.219077,F,,98,117,,,,,,,,,48F0,
14533,1609984,12093,12276,12366,1609984,EH,I4537,NO,1351,MIKQ1NO2026,,58G2,MRN2,,1600,WovFab,500,211,2026NO_211,,,20,2,2026,21,54,59.755749,0.177198,19,47,1883.48,,,,3.1416,,,MCR,HydroBios,6527,3.644719566,,,5755.219077,F,,98,117,,,,,,,,,48F0,
14533,1609985,12093,12276,12366,1609985,EH,I4537,NO,1351,MIKQ1NO2026,,58G2,MRN2,,1600,WovFab,500,212,2026NO_212,,,20,2,2026,23,36,59.596698,0.364918,18,6,1733.47,,,,3.1416,,,MCR,HydroBios,5956,3.644719566,,,5251.736605,F,,100,132,,,,,,,,,48F0,
14533,1609985,12093,12276,12366,1609985,EH,I4537,NO,1351,MIKQ1NO2026,,58G2,MRN2,,1600,WovFab,500,212,2026NO_212,,,20,2,2026,23,36,59.596698,0.364918,18,6,1733.47,,,,3.1416,,,MCR,HydroBios,5956,3.644719566,,,5251.736605,F,,100,132,,,,,,,,,48F0,
14533,1609986,12093,12276,12366,1609986,EH,I4537,NO,1351,MIKQ1NO2026,,58G2,MRN2,,1600,WovFab,500,213,2026NO_213,,,21,2,2026,1,15,59.414448,0.408419,20,47,1950.16,,,,3.1416,,,MCR,HydroBios,6911,3.644719566,,,6093.813244,F,,101,137,,,,,,,,,47F0,
14533,1609986,12093,12276,12366,1609986,EH,I4537,NO,1351,MIKQ1NO2026,,58G2,MRN2,,1600,WovFab,500,213,2026NO_213,,,21,2,2026,1,15,59.414448,0.408419,20,47,1950.16,,,,3.1416,,,MCR,HydroBios,6911,3.644719566,,,6093.813244,F,,101,137,,,,,,,,,47F0,
14533,1609986,12093,12276,12366,1609986,EH,I4537,NO,1351,MIKQ1NO2026,,58G2,MRN2,,1600,WovFab,500,213,2026NO_213,,,21,2,2026,1,15,59.414448,0.408419,20,47,1950.16,,,,3.1416,,,MCR,HydroBios,6911,3.644719566,,,6093.813244,F,,101,137,,,,,,,,,47F0,
14533,1609986,12093,12276,12366,1609986,EH,I4537,NO,1351,MIKQ1NO2026,,58G2,MRN2,,1600,WovFab,500,213,2026NO_213,,,21,2,2026,1,15,59.414448,0.408419,20,47,1950.16,,,,3.1416,,,MCR,HydroBios,6911,3.644719566,,,6093.813244,F,,101,137,,,,,,,,,47F0,
14533,1609986,12093,12276,12366,1609986,EH,I4537,NO,1351,MIKQ1NO2026,,58G2,MRN2,,1600,WovFab,500,213,2026NO_213,,,21,2,2026,1,15,59.414448,0.408419,20,47,1950.16,,,,3.1416,,,MCR,HydroBios,6911,3.644719566,,,6093.813244,F,,101,137,,,,,,,,,47F0,
14533,1609992,12093,12276,12366,1609992,EH,I4537,NO,1351,MIKQ1NO2026,,58G2,MRN2,,1600,WovFab,500,221,2026NO_221,,,21,2,2026,20,59,60.281995,1.186507,17,2,1651.98,,,,3.1416,,,MCR,HydroBios,5031,3.644719566,,,4436.112636,F,,103,146,,,,,,,,,49F1,
14533,1609992,12093,12276,12366,1609992,EH,I4537,NO,1351,MIKQ1NO2026,,58G2,MRN2,,1600,WovFab,500,221,2026NO_221,,,21,2,2026,20,59,60.281995,1.186507,17,2,1651.98,,,,3.1416,,,MCR,HydroBios,5031,3.644719566,,,4436.112636,F,,103,146,,,,,,,,,49F1,
14533,1609992,12093,12276,12366,1609992,EH,I4537,NO,1351,MIKQ1NO2026,,58G2,MRN2,,1600,WovFab,500,221,2026NO_221,,,21,2,2026,20,59,60.281995,1.186507,17,2,1651.98,,,,3.1416,,,MCR,HydroBios,5031,3.644719566,,,4436.112636,F,,103,146,,,,,,,,,49F1,
14533,1609992,12093,12276,12366,1609992,EH,I4537,NO,1351,MIKQ1NO2026,,58G2,MRN2,,1600,WovFab,500,221,2026NO_221,,,21,2,2026,20,59,60.281995,1.186507,17,2,1651.98,,,,3.1416,,,MCR,HydroBios,5031,3.644719566,,,4436.112636,F,,103,146,,,,,,,,,49F1,
14533,1609992,12093,12276,12366,1609992,EH,I4537,NO,1351,MIKQ1NO2026,,58G2,MRN2,,1600,WovFab,500,221,2026NO_221,,,21,2,2026,20,59,60.281995,1.186507,17,2,1651.98,,,,3.1416,,,MCR,HydroBios,5031,3.644719566,,,4436.112636,F,,103,146,,,,,,,,,49F1,
14533,1609993,12093,12276,12366,1609993,EH,I4537,NO,1351,MIKQ1NO2026,,58G2,MRN2,,1600,WovFab,500,222,2026NO_222,,,21,2,2026,22,40,60.269837,0.815839,21,51,2122.39,,,,3.1416,,,MCR,HydroBios,7625,3.644719566,,,6723.386772,F,,100,163,,,,,,,,,49F0,
14533,1609993,12093,12276,12366,1609993,EH,I4537,NO,1351,MIKQ1NO2026,,58G2,MRN2,,1600,WovFab,500,222,2026NO_222,,,21,2,2026,22,40,60.269837,0.815839,21,51,2122.39,,,,3.1416,,,MCR,HydroBios,7625,3.644719566,,,6723.386772,F,,100,163,,,,,,,,,49F0,
14533,1609993,12093,12276,12366,1609993,EH,I4537,NO,1351,MIKQ1NO2026,,58G2,MRN2,,1600,WovFab,500,222,2026NO_222,,,21,2,2026,22,40,60.269837,0.815839,21,51,2122.39,,,,3.1416,,,MCR,HydroBios,7625,3.644719566,,,6723.386772,F,,100,163,,,,,,,,,49F0,
14533,1609994,12093,12276,12366,1609994,EH,I4537,NO,1351,MIKQ1NO2026,,58G2,MRN2,,1600,WovFab,500,223,2026NO_223,,,22,2,2026,0,55,60.184655,0.294784,15,56,1466.78,,,,3.1416,,,MCR,HydroBios,4642,3.644719566,,,4093.109691,F,,100,133,,,,,,,,,49F0,
14533,1609997,12093,12276,12366,1609997,EH,I4537,NO,1351,MIKQ1NO2026,,58G2,MRN2,,1600,WovFab,500,228,2026NO_228,,,22,2,2026,17,50,60.749936,1.218423,23,23,2127.95,,,,3.1416,,,MCR,HydroBios,8454,3.644719566,,,7454.3622,F,,99,146,,,,,,,,,50F1,
14533,1609997,12093,12276,12366,1609997,EH,I4537,NO,1351,MIKQ1NO2026,,58G2,MRN2,,1600,WovFab,500,228,2026NO_228,,,22,2,2026,17,50,60.749936,1.218423,23,23,2127.95,,,,3.1416,,,MCR,HydroBios,8454,3.644719566,,,7454.3622,F,,99,146,,,,,,,,,50F1,
14533,1609997,12093,12276,12366,1609997,EH,I4537,NO,1351,MIKQ1NO2026,,58G2,MRN2,,1600,WovFab,500,228,2026NO_228,,,22,2,2026,17,50,60.749936,1.218423,23,23,2127.95,,,,3.1416,,,MCR,HydroBios,8454,3.644719566,,,7454.3622,F,,99,146,,,,,,,,,50F1,
14533,1609997,12093,12276,12366,1609997,EH,I4537,NO,1351,MIKQ1NO2026,,58G2,MRN2,,1600,WovFab,500,228,2026NO_228,,,22,2,2026,17,50,60.749936,1.218423,23,23,2127.95,,,,3.1416,,,MCR,HydroBios,8454,3.644719566,,,7454.3622,F,,99,146,,,,,,,,,50F1,
14533,1609997,12093,12276,12366,1609997,EH,I4537,NO,1351,MIKQ1NO2026,,58G2,MRN2,,1600,WovFab,500,228,2026NO_228,,,22,2,2026,17,50,60.749936,1.218423,23,23,2127.95,,,,3.1416,,,MCR,HydroBios,8454,3.644719566,,,7454.3622,F,,99,146,,,,,,,,,50F1,
14533,1609998,12093,12276,12366,1609998,EH,I4537,NO,1351,MIKQ1NO2026,,58G2,MRN2,,1600,WovFab,500,229,2026NO_229,,,22,2,2026,19,31,60.733348,1.562703,20,55,1887.19,,,,3.1416,,,MCR,HydroBios,7177,3.644719566,,,6328.360244,F,,102,142,,,,,,,,,50F1,
14533,1609998,12093,12276,12366,1609998,EH,I4537,NO,1351,MIKQ1NO2026,,58G2,MRN2,,1600,WovFab,500,229,2026NO_229,,,22,2,2026,19,31,60.733348,1.562703,20,55,1887.19,,,,3.1416,,,MCR,HydroBios,7177,3.644719566,,,6328.360244,F,,102,142,,,,,,,,,50F1,
14533,1609998,12093,12276,12366,1609998,EH,I4537,NO,1351,MIKQ1NO2026,,58G2,MRN2,,1600,WovFab,500,229,2026NO_229,,,22,2,2026,19,31,60.733348,1.562703,20,55,1887.19,,,,3.1416,,,MCR,HydroBios,7177,3.644719566,,,6328.360244,F,,102,142,,,,,,,,,50F1,
14533,1609998,12093,12276,12366,1609998,EH,I4537,NO,1351,MIKQ1NO2026,,58G2,MRN2,,1600,WovFab,500,229,2026NO_229,,,22,2,2026,19,31,60.733348,1.562703,20,55,1887.19,,,,3.1416,,,MCR,HydroBios,7177,3.644719566,,,6328.360244,F,,102,142,,,,,,,,,50F1,
14533,1609998,12093,12276,12366,1609998,EH,I4537,NO,1351,MIKQ1NO2026,,58G2,MRN2,,1600,WovFab,500,229,2026NO_229,,,22,2,2026,19,31,60.733348,1.562703,20,55,1887.19,,,,3.1416,,,MCR,HydroBios,7177,3.644719566,,,6328.360244,F,,102,142,,,,,,,,,50F1,
14533,1609998,12093,12276,12366,1609998,EH,I4537,NO,1351,MIKQ1NO2026,,58G2,MRN2,,1600,WovFab,500,229,2026NO_229,,,22,2,2026,19,31,60.733348,1.562703,20,55,1887.19,,,,3.1416,,,MCR,HydroBios,7177,3.644719566,,,6328.360244,F,,102,142,,,,,,,,,50F1,
14533,1609998,12093,12276,12366,1609998,EH,I4537,NO,1351,MIKQ1NO2026,,58G2,MRN2,,1600,WovFab,500,229,2026NO_229,,,22,2,2026,19,31,60.733348,1.562703,20,55,1887.19,,,,3.1416,,,MCR,HydroBios,7177,3.644719566,,,6328.360244,F,,102,142,,,,,,,,,50F1,
14533,1609998,12093,12276,12366,1609998,EH,I4537,NO,1351,MIKQ1NO2026,,58G2,MRN2,,1600,WovFab,500,229,2026NO_229,,,22,2,2026,19,31,60.733348,1.562703,20,55,1887.19,,,,3.1416,,,MCR,HydroBios,7177,3.644719566,,,6328.360244,F,,102,142,,,,,,,,,50F1,
14533,1609998,12093,12276,12366,1609998,EH,I4537,NO,1351,MIKQ1NO2026,,58G2,MRN2,,1600,WovFab,500,229,2026NO_229,,,22,2,2026,19,31,60.733348,1.562703,20,55,1887.19,,,,3.1416,,,MCR,HydroBios,7177,3.644719566,,,6328.360244,F,,102,142,,,,,,,,,50F1,
14533,1610000,12093,12276,12366,1610000,EH,I4537,NO,1351,MIKQ1NO2026,,58G2,MRN2,,1600,WovFab,500,231,2026NO_231,,,22,2,2026,22,45,60.916901,1.205167,21,57,2011.27,,,,3.1416,,,MCR,HydroBios,7738,3.644719566,,,6823.02516,F,,100,148,,,,,,,,,50F1,
14533,1610000,12093,12276,12366,1610000,EH,I4537,NO,1351,MIKQ1NO2026,,58G2,MRN2,,1600,WovFab,500,231,2026NO_231,,,22,2,2026,22,45,60.916901,1.205167,21,57,2011.27,,,,3.1416,,,MCR,HydroBios,7738,3.644719566,,,6823.02516,F,,100,148,,,,,,,,,50F1,
14533,1610004,12093,12276,12366,1610004,EH,I4537,NO,1351,MIKQ1NO2026,,58G2,MRN2,,1600,WovFab,500,235,2026NO_235,,,23,2,2026,5,28,61.259298,0.491227,24,35,2274.26,,,,3.1416,,,MCR,HydroBios,8164,3.644719566,,,7198.653063,F,,101,168,,,,,,,,,51F0,
14533,1610004,12093,12276,12366,1610004,EH,I4537,NO,1351,MIKQ1NO2026,,58G2,MRN2,,1600,WovFab,500,235,2026NO_235,,,23,2,2026,5,28,61.259298,0.491227,24,35,2274.26,,,,3.1416,,,MCR,HydroBios,8164,3.644719566,,,7198.653063,F,,101,168,,,,,,,,,51F0,
14533,1610005,12093,12276,12366,1610005,EH,I4537,NO,1351,MIKQ1NO2026,,58G2,MRN2,,1600,WovFab,500,240,2026NO_240,,,23,2,2026,17,36,60.89084,2.229931,20,43,2014.98,,,,3.1416,,,MCR,HydroBios,7143,3.644719566,,,6298.380553,F,,99,127,,,,,,,,,50F2,
14533,1610007,12093,12276,12366,1610007,EH,I4537,NO,1351,MIKQ1NO2026,,58G2,MRN2,,1600,WovFab,500,242,2026NO_242,,,23,2,2026,22,4,60.598079,3.177003,21,32,2050.16,,,,3.1416,,,MCR,HydroBios,7551,3.644719566,,,6658.136855,F,,101,220,,,,,,,,,50F3,
14533,1610007,12093,12276,12366,1610007,EH,I4537,NO,1351,MIKQ1NO2026,,58G2,MRN2,,1600,WovFab,500,242,2026NO_242,,,23,2,2026,22,4,60.598079,3.177003,21,32,2050.16,,,,3.1416,,,MCR,HydroBios,7551,3.644719566,,,6658.136855,F,,101,220,,,,,,,,,50F3,
14533,1610012,12093,12276,12366,1610012,EH,I4537,NO,1351,MIKQ1NO2026,,58G2,MRN2,,1600,WovFab,500,250,2026NO_250,,,26,2,2026,21,13,61.164673,1.774447,17,28,1574.2,,,,3.1416,,,MCR,HydroBios,6029,3.644719566,,,5316.104767,F,,101,145,,,,,,,,,51F1,
14534,1610014,12089,12318,12366,1610014,EH,I4537,DK,2195,MIKQ1DK2026,,26D4,MRN2,dO,1600,WovFab,500,9,2026DK_001,,1,12,1,2026,21,58,57.3895,9.5,10,32,959,,,2,3.1416,,,MCR,General Oceanics,37353,35.98,,,3261,F,,12.6,18,,,,,,,,,43F9,
14534,1610014,12089,12318,12366,1610014,EH,I4537,DK,2195,MIKQ1DK2026,,26D4,MRN2,dO,1600,WovFab,500,9,2026DK_001,,1,12,1,2026,21,58,57.3895,9.5,10,32,959,,,2,3.1416,,,MCR,General Oceanics,37353,35.98,,,3261,F,,12.6,18,,,,,,,,,43F9,
14534,1610014,12089,12318,12366,1610014,EH,I4537,DK,2195,MIKQ1DK2026,,26D4,MRN2,dO,1600,WovFab,500,9,2026DK_001,,1,12,1,2026,21,58,57.3895,9.5,10,32,959,,,2,3.1416,,,MCR,General Oceanics,37353,35.98,,,3261,F,,12.6,18,,,,,,,,,43F9,
14534,1610014,12089,12318,12366,1610014,EH,I4537,DK,2195,MIKQ1DK2026,,26D4,MRN2,dO,1600,WovFab,500,9,2026DK_001,,1,12,1,2026,21,58,57.3895,9.5,10,32,959,,,2,3.1416,,,MCR,General Oceanics,37353,35.98,,,3261,F,,12.6,18,,,,,,,,,43F9,
14534,1610014,12089,12318,12366,1610014,EH,I4537,DK,2195,MIKQ1DK2026,,26D4,MRN2,dO,1600,WovFab,500,9,2026DK_001,,1,12,1,2026,21,58,57.3895,9.5,10,32,959,,,2,3.1416,,,MCR,General Oceanics,37353,35.98,,,3261,F,,12.6,18,,,,,,,,,43F9,
14534,1610014,12089,12318,12366,1610014,EH,I4537,DK,2195,MIKQ1DK2026,,26D4,MRN2,dO,1600,WovFab,500,9,2026DK_001,,1,12,1,2026,21,58,57.3895,9.5,10,32,959,,,2,3.1416,,,MCR,General Oceanics,37353,35.98,,,3261,F,,12.6,18,,,,,,,,,43F9,
14534,1610014,12089,12318,12366,1610014,EH,I4537,DK,2195,MIKQ1DK2026,,26D4,MRN2,dO,1600,WovFab,500,9,2026DK_001,,1,12,1,2026,21,58,57.3895,9.5,10,32,959,,,2,3.1416,,,MCR,General Oceanics,37353,35.98,,,3261,F,,12.6,18,,,,,,,,,43F9,
14534,1610014,12089,12318,12366,1610014,EH,I4537,DK,2195,MIKQ1DK2026,,26D4,MRN2,dO,1600,WovFab,500,9,2026DK_001,,1,12,1,2026,21,58,57.3895,9.5,10,32,959,,,2,3.1416,,,MCR,General Oceanics,37353,35.98,,,3261,F,,12.6,18,,,,,,,,,43F9,
14534,1610014,12089,12318,12366,1610014,EH,I4537,DK,2195,MIKQ1DK2026,,26D4,MRN2,dO,1600,WovFab,500,9,2026DK_001,,1,12,1,2026,21,58,57.3895,9.5,10,32,959,,,2,3.1416,,,MCR,General Oceanics,37353,35.98,,,3261,F,,12.6,18,,,,,,,,,43F9,
14534,1610014,12089,12318,12366,1610014,EH,I4537,DK,2195,MIKQ1DK2026,,26D4,MRN2,dO,1600,WovFab,500,9,2026DK_001,,1,12,1,2026,21,58,57.3895,9.5,10,32,959,,,2,3.1416,,,MCR,General Oceanics,37353,35.98,,,3261,F,,12.6,18,,,,,,,,,43F9,
14534,1610014,12089,12318,12366,1610014,EH,I4537,DK,2195,MIKQ1DK2026,,26D4,MRN2,dO,1600,WovFab,500,9,2026DK_001,,1,12,1,2026,21,58,57.3895,9.5,10,32,959,,,2,3.1416,,,MCR,General Oceanics,37353,35.98,,,3261,F,,12.6,18,,,,,,,,,43F9,
14534,1610016,12089,12318,12366,1610016,EH,I4537,DK,2195,MIKQ1DK2026,,26D4,MRN2,dO,1600,WovFab,500,11,2026DK_003,,3,13,1,2026,0,50,57.6,9.362166,14,26,1345,,,2,3.1416,,,MCR,General Oceanics,38317,35.98,,,3346,F,,17.4,22,,,,,,,,,44F9,
14534,1610018,12089,12318,12366,1610018,EH,I4537,DK,2195,MIKQ1DK2026,,26D4,MRN2,dO,1600,WovFab,500,21,2026DK_005,,5,13,1,2026,18,49,57.427916,8.280916,31,24,2871,,,2,3.1416,,,MCR,General Oceanics,143650,35.98,,,12543,F,,64.3,69,,,,,,,,,43F8,
14534,1610018,12089,12318,12366,1610018,EH,I4537,DK,2195,MIKQ1DK2026,,26D4,MRN2,dO,1600,WovFab,500,21,2026DK_005,,5,13,1,2026,18,49,57.427916,8.280916,31,24,2871,,,2,3.1416,,,MCR,General Oceanics,143650,35.98,,,12543,F,,64.3,69,,,,,,,,,43F8,
14534,1610018,12089,12318,12366,1610018,EH,I4537,DK,2195,MIKQ1DK2026,,26D4,MRN2,dO,1600,WovFab,500,21,2026DK_005,,5,13,1,2026,18,49,57.427916,8.280916,31,24,2871,,,2,3.1416,,,MCR,General Oceanics,143650,35.98,,,12543,F,,64.3,69,,,,,,,,,43F8,
14534,1610020,12089,12318,12366,1610020,EH,I4537,DK,2195,MIKQ1DK2026,,26D4,MRN2,dO,1600,WovFab,500,23,2026DK_007,,7,13,1,2026,22,12,57.186016,7.810233,20,13,1630,,,2,3.1416,,,MCR,General Oceanics,78266,35.98,,,6834,F,,47.1,52,,,,,,,,,43F7,
14534,1610020,12089,12318,12366,1610020,EH,I4537,DK,2195,MIKQ1DK2026,,26D4,MRN2,dO,1600,WovFab,500,23,2026DK_007,,7,13,1,2026,22,12,57.186016,7.810233,20,13,1630,,,2,3.1416,,,MCR,General Oceanics,78266,35.98,,,6834,F,,47.1,52,,,,,,,,,43F7,
14534,1610020,12089,12318,12366,1610020,EH,I4537,DK,2195,MIKQ1DK2026,,26D4,MRN2,dO,1600,WovFab,500,23,2026DK_007,,7,13,1,2026,22,12,57.186016,7.810233,20,13,1630,,,2,3.1416,,,MCR,General Oceanics,78266,35.98,,,6834,F,,47.1,52,,,,,,,,,43F7,
14534,1610020,12089,12318,12366,1610020,EH,I4537,DK,2195,MIKQ1DK2026,,26D4,MRN2,dO,1600,WovFab,500,23,2026DK_007,,7,13,1,2026,22,12,57.186016,7.810233,20,13,1630,,,2,3.1416,,,MCR,General Oceanics,78266,35.98,,,6834,F,,47.1,52,,,,,,,,,43F7,
14534,1610021,12089,12318,12366,1610021,EH,I4537,DK,2195,MIKQ1DK2026,,26D4,MRN2,dO,1600,WovFab,500,24,2026DK_008,,8,13,1,2026,23,45,57.1129,7.5284,20,27,1889,,,2,3.1416,,,MCR,General Oceanics,89630,35.98,,,7826,F,,39.3,44,,,,,,,,,43F7,
14534,1610021,12089,12318,12366,1610021,EH,I4537,DK,2195,MIKQ1DK2026,,26D4,MRN2,dO,1600,WovFab,500,24,2026DK_008,,8,13,1,2026,23,45,57.1129,7.5284,20,27,1889,,,2,3.1416,,,MCR,General Oceanics,89630,35.98,,,7826,F,,39.3,44,,,,,,,,,43F7,
14534,1610021,12089,12318,12366,1610021,EH,I4537,DK,2195,MIKQ1DK2026,,26D4,MRN2,dO,1600,WovFab,500,24,2026DK_008,,8,13,1,2026,23,45,57.1129,7.5284,20,27,1889,,,2,3.1416,,,MCR,General Oceanics,89630,35.98,,,7826,F,,39.3,44,,,,,,,,,43F7,
14534,1610021,12089,12318,12366,1610021,EH,I4537,DK,2195,MIKQ1DK2026,,26D4,MRN2,dO,1600,WovFab,500,24,2026DK_008,,8,13,1,2026,23,45,57.1129,7.5284,20,27,1889,,,2,3.1416,,,MCR,General Oceanics,89630,35.98,,,7826,F,,39.3,44,,,,,,,,,43F7,
14534,1610021,12089,12318,12366,1610021,EH,I4537,DK,2195,MIKQ1DK2026,,26D4,MRN2,dO,1600,WovFab,500,24,2026DK_008,,8,13,1,2026,23,45,57.1129,7.5284,20,27,1889,,,2,3.1416,,,MCR,General Oceanics,89630,35.98,,,7826,F,,39.3,44,,,,,,,,,43F7,
14534,1610021,12089,12318,12366,1610021,EH,I4537,DK,2195,MIKQ1DK2026,,26D4,MRN2,dO,1600,WovFab,500,24,2026DK_008,,8,13,1,2026,23,45,57.1129,7.5284,20,27,1889,,,2,3.1416,,,MCR,General Oceanics,89630,35.98,,,7826,F,,39.3,44,,,,,,,,,43F7,
14534,1610021,12089,12318,12366,1610021,EH,I4537,DK,2195,MIKQ1DK2026,,26D4,MRN2,dO,1600,WovFab,500,24,2026DK_008,,8,13,1,2026,23,45,57.1129,7.5284,20,27,1889,,,2,3.1416,,,MCR,General Oceanics,89630,35.98,,,7826,F,,39.3,44,,,,,,,,,43F7,
14534,1610021,12089,12318,12366,1610021,EH,I4537,DK,2195,MIKQ1DK2026,,26D4,MRN2,dO,1600,WovFab,500,24,2026DK_008,,8,13,1,2026,23,45,57.1129,7.5284,20,27,1889,,,2,3.1416,,,MCR,General Oceanics,89630,35.98,,,7826,F,,39.3,44,,,,,,,,,43F7,
14534,1610021,12089,12318,12366,1610021,EH,I4537,DK,2195,MIKQ1DK2026,,26D4,MRN2,dO,1600,WovFab,500,24,2026DK_008,,8,13,1,2026,23,45,57.1129,7.5284,20,27,1889,,,2,3.1416,,,MCR,General Oceanics,89630,35.98,,,7826,F,,39.3,44,,,,,,,,,43F7,
14534,1610021,12089,12318,12366,1610021,EH,I4537,DK,2195,MIKQ1DK2026,,26D4,MRN2,dO,1600,WovFab,500,24,2026DK_008,,8,13,1,2026,23,45,57.1129,7.5284,20,27,1889,,,2,3.1416,,,MCR,General Oceanics,89630,35.98,,,7826,F,,39.3,44,,,,,,,,,43F7,
14534,1610021,12089,12318,12366,1610021,EH,I4537,DK,2195,MIKQ1DK2026,,26D4,MRN2,dO,1600,WovFab,500,24,2026DK_008,,8,13,1,2026,23,45,57.1129,7.5284,20,27,1889,,,2,3.1416,,,MCR,General Oceanics,89630,35.98,,,7826,F,,39.3,44,,,,,,,,,43F7,
14534,1610021,12089,12318,12366,1610021,EH,I4537,DK,2195,MIKQ1DK2026,,26D4,MRN2,dO,1600,WovFab,500,24,2026DK_008,,8,13,1,2026,23,45,57.1129,7.5284,20,27,1889,,,2,3.1416,,,MCR,General Oceanics,89630,35.98,,,7826,F,,39.3,44,,,,,,,,,43F7,
14534,1610021,12089,12318,12366,1610021,EH,I4537,DK,2195,MIKQ1DK2026,,26D4,MRN2,dO,1600,WovFab,500,24,2026DK_008,,8,13,1,2026,23,45,57.1129,7.5284,20,27,1889,,,2,3.1416,,,MCR,General Oceanics,89630,35.98,,,7826,F,,39.3,44,,,,,,,,,43F7,
14534,1610022,12089,12318,12366,1610022,EH,I4537,DK,2195,MIKQ1DK2026,,26D4,MRN2,dO,1600,WovFab,500,26,2026DK_009,,9,14,1,2026,2,31,56.907366,7.520566,11,9,1056,,,2,3.1416,,,MCR,General Oceanics,27157,35.98,,,2371,F,,22.8,28,,,,,,,,,42F7,
14534,1610022,12089,12318,12366,1610022,EH,I4537,DK,2195,MIKQ1DK2026,,26D4,MRN2,dO,1600,WovFab,500,26,2026DK_009,,9,14,1,2026,2,31,56.907366,7.520566,11,9,1056,,,2,3.1416,,,MCR,General Oceanics,27157,35.98,,,2371,F,,22.8,28,,,,,,,,,42F7,
14534,1610022,12089,12318,12366,1610022,EH,I4537,DK,2195,MIKQ1DK2026,,26D4,MRN2,dO,1600,WovFab,500,26,2026DK_009,,9,14,1,2026,2,31,56.907366,7.520566,11,9,1056,,,2,3.1416,,,MCR,General Oceanics,27157,35.98,,,2371,F,,22.8,28,,,,,,,,,42F7,
14534,1610022,12089,12318,12366,1610022,EH,I4537,DK,2195,MIKQ1DK2026,,26D4,MRN2,dO,1600,WovFab,500,26,2026DK_009,,9,14,1,2026,2,31,56.907366,7.520566,11,9,1056,,,2,3.1416,,,MCR,General Oceanics,27157,35.98,,,2371,F,,22.8,28,,,,,,,,,42F7,
14534,1610022,12089,12318,12366,1610022,EH,I4537,DK,2195,MIKQ1DK2026,,26D4,MRN2,dO,1600,WovFab,500,26,2026DK_009,,9,14,1,2026,2,31,56.907366,7.520566,11,9,1056,,,2,3.1416,,,MCR,General Oceanics,27157,35.98,,,2371,F,,22.8,28,,,,,,,,,42F7,
14534,1610073,12089,12318,12366,1610073,EH,I4537,DK,2195,MIKQ1DK2026,,26D4,MRN2,dO,1600,WovFab,500,36,2026DK_011,,11,14,1,2026,19,52,56.389766,7.41665,11,18,1056,,,2,3.1416,,,MCR,General Oceanics,37218,35.98,,,3250,F,,29.9,35,,,,,,,,,41F7,
14534,1610073,12089,12318,12366,1610073,EH,I4537,DK,2195,MIKQ1DK2026,,26D4,MRN2,dO,1600,WovFab,500,36,2026DK_011,,11,14,1,2026,19,52,56.389766,7.41665,11,18,1056,,,2,3.1416,,,MCR,General Oceanics,37218,35.98,,,3250,F,,29.9,35,,,,,,,,,41F7,
14534,1610073,12089,12318,12366,1610073,EH,I4537,DK,2195,MIKQ1DK2026,,26D4,MRN2,dO,1600,WovFab,500,36,2026DK_011,,11,14,1,2026,19,52,56.389766,7.41665,11,18,1056,,,2,3.1416,,,MCR,General Oceanics,37218,35.98,,,3250,F,,29.9,35,,,,,,,,,41F7,
14534,1610073,12089,12318,12366,1610073,EH,I4537,DK,2195,MIKQ1DK2026,,26D4,MRN2,dO,1600,WovFab,500,36,2026DK_011,,11,14,1,2026,19,52,56.389766,7.41665,11,18,1056,,,2,3.1416,,,MCR,General Oceanics,37218,35.98,,,3250,F,,29.9,35,,,,,,,,,41F7,
14534,1610076,12089,12318,12366,1610076,EH,I4537,DK,2195,MIKQ1DK2026,,26D4,MRN2,dO,1600,WovFab,500,39,2026DK_014,,14,15,1,2026,1,27,55.594016,7.312116,14,0,1408,,,2,3.1416,,,MCR,General Oceanics,55071,35.98,,,4809,F,,28.5,34,,,,,,,,,40F7,
14534,1610076,12089,12318,12366,1610076,EH,I4537,DK,2195,MIKQ1DK2026,,26D4,MRN2,dO,1600,WovFab,500,39,2026DK_014,,14,15,1,2026,1,27,55.594016,7.312116,14,0,1408,,,2,3.1416,,,MCR,General Oceanics,55071,35.98,,,4809,F,,28.5,34,,,,,,,,,40F7,
14534,1610024,12089,12318,12366,1610024,EH,I4537,DK,2195,MIKQ1DK2026,,26D4,MRN2,dO,1600,WovFab,500,41,2026DK_016,,16,15,1,2026,4,11,55.334616,7.136616,15,44,1445,,,2,3.1416,,,MCR,General Oceanics,49061,35.98,,,4284,F,,24.9,30,,,,,,,,,39F7,
14534,1610025,12089,12318,12366,1610025,EH,I4537,DK,2195,MIKQ1DK2026,,26D4,MRN2,dO,1600,WovFab,500,48,2026DK_017,,17,15,1,2026,17,27,54.916783,6.47655,12,36,1093,,,2,3.1416,,,MCR,General Oceanics,43058,35.98,,,3760,F,,38.9,44,,,,,,,,,38F6,
14534,1610025,12089,12318,12366,1610025,EH,I4537,DK,2195,MIKQ1DK2026,,26D4,MRN2,dO,1600,WovFab,500,48,2026DK_017,,17,15,1,2026,17,27,54.916783,6.47655,12,36,1093,,,2,3.1416,,,MCR,General Oceanics,43058,35.98,,,3760,F,,38.9,44,,,,,,,,,38F6,
14534,1610025,12089,12318,12366,1610025,EH,I4537,DK,2195,MIKQ1DK2026,,26D4,MRN2,dO,1600,WovFab,500,48,2026DK_017,,17,15,1,2026,17,27,54.916783,6.47655,12,36,1093,,,2,3.1416,,,MCR,General Oceanics,43058,35.98,,,3760,F,,38.9,44,,,,,,,,,38F6,
14534,1610025,12089,12318,12366,1610025,EH,I4537,DK,2195,MIKQ1DK2026,,26D4,MRN2,dO,1600,WovFab,500,48,2026DK_017,,17,15,1,2026,17,27,54.916783,6.47655,12,36,1093,,,2,3.1416,,,MCR,General Oceanics,43058,35.98,,,3760,F,,38.9,44,,,,,,,,,38F6,
14534,1610025,12089,12318,12366,1610025,EH,I4537,DK,2195,MIKQ1DK2026,,26D4,MRN2,dO,1600,WovFab,500,48,2026DK_017,,17,15,1,2026,17,27,54.916783,6.47655,12,36,1093,,,2,3.1416,,,MCR,General Oceanics,43058,35.98,,,3760,F,,38.9,44,,,,,,,,,38F6,
14534,1610025,12089,12318,12366,1610025,EH,I4537,DK,2195,MIKQ1DK2026,,26D4,MRN2,dO,1600,WovFab,500,48,2026DK_017,,17,15,1,2026,17,27,54.916783,6.47655,12,36,1093,,,2,3.1416,,,MCR,General Oceanics,43058,35.98,,,3760,F,,38.9,44,,,,,,,,,38F6,
14534,1610025,12089,12318,12366,1610025,EH,I4537,DK,2195,MIKQ1DK2026,,26D4,MRN2,dO,1600,WovFab,500,48,2026DK_017,,17,15,1,2026,17,27,54.916783,6.47655,12,36,1093,,,2,3.1416,,,MCR,General Oceanics,43058,35.98,,,3760,F,,38.9,44,,,,,,,,,38F6,
14534,1610025,12089,12318,12366,1610025,EH,I4537,DK,2195,MIKQ1DK2026,,26D4,MRN2,dO,1600,WovFab,500,48,2026DK_017,,17,15,1,2026,17,27,54.916783,6.47655,12,36,1093,,,2,3.1416,,,MCR,General Oceanics,43058,35.98,,,3760,F,,38.9,44,,,,,,,,,38F6,
14534,1610025,12089,12318,12366,1610025,EH,I4537,DK,2195,MIKQ1DK2026,,26D4,MRN2,dO,1600,WovFab,500,48,2026DK_017,,17,15,1,2026,17,27,54.916783,6.47655,12,36,1093,,,2,3.1416,,,MCR,General Oceanics,43058,35.98,,,3760,F,,38.9,44,,,,,,,,,38F6,
14534,1610025,12089,12318,12366,1610025,EH,I4537,DK,2195,MIKQ1DK2026,,26D4,MRN2,dO,1600,WovFab,500,48,2026DK_017,,17,15,1,2026,17,27,54.916783,6.47655,12,36,1093,,,2,3.1416,,,MCR,General Oceanics,43058,35.98,,,3760,F,,38.9,44,,,,,,,,,38F6,
14534,1610025,12089,12318,12366,1610025,EH,I4537,DK,2195,MIKQ1DK2026,,26D4,MRN2,dO,1600,WovFab,500,48,2026DK_017,,17,15,1,2026,17,27,54.916783,6.47655,12,36,1093,,,2,3.1416,,,MCR,General Oceanics,43058,35.98,,,3760,F,,38.9,44,,,,,,,,,38F6,
14534,1610025,12089,12318,12366,1610025,EH,I4537,DK,2195,MIKQ1DK2026,,26D4,MRN2,dO,1600,WovFab,500,48,2026DK_017,,17,15,1,2026,17,27,54.916783,6.47655,12,36,1093,,,2,3.1416,,,MCR,General Oceanics,43058,35.98,,,3760,F,,38.9,44,,,,,,,,,38F6,
14534,1610025,12089,12318,12366,1610025,EH,I4537,DK,2195,MIKQ1DK2026,,26D4,MRN2,dO,1600,WovFab,500,48,2026DK_017,,17,15,1,2026,17,27,54.916783,6.47655,12,36,1093,,,2,3.1416,,,MCR,General Oceanics,43058,35.98,,,3760,F,,38.9,44,,,,,,,,,38F6,
14534,1610025,12089,12318,12366,1610025,EH,I4537,DK,2195,MIKQ1DK2026,,26D4,MRN2,dO,1600,WovFab,500,48,2026DK_017,,17,15,1,2026,17,27,54.916783,6.47655,12,36,1093,,,2,3.1416,,,MCR,General Oceanics,43058,35.98,,,3760,F,,38.9,44,,,,,,,,,38F6,
14534,1610025,12089,12318,12366,1610025,EH,I4537,DK,2195,MIKQ1DK2026,,26D4,MRN2,dO,1600,WovFab,500,48,2026DK_017,,17,15,1,2026,17,27,54.916783,6.47655,12,36,1093,,,2,3.1416,,,MCR,General Oceanics,43058,35.98,,,3760,F,,38.9,44,,,,,,,,,38F6,
14534,1610025,12089,12318,12366,1610025,EH,I4537,DK,2195,MIKQ1DK2026,,26D4,MRN2,dO,1600,WovFab,500,48,2026DK_017,,17,15,1,2026,17,27,54.916783,6.47655,12,36,1093,,,2,3.1416,,,MCR,General Oceanics,43058,35.98,,,3760,F,,38.9,44,,,,,,,,,38F6,
14534,1610026,12089,12318,12366,1610026,EH,I4537,DK,2195,MIKQ1DK2026,,26D4,MRN2,dO,1600,WovFab,500,49,2026DK_018,,18,15,1,2026,18,54,54.91285,6.152233,18,33,1778,,,2,3.1416,,,MCR,General Oceanics,74257,35.98,,,6484,F,,36.6,42,,,,,,,,,38F6,
14534,1610026,12089,12318,12366,1610026,EH,I4537,DK,2195,MIKQ1DK2026,,26D4,MRN2,dO,1600,WovFab,500,49,2026DK_018,,18,15,1,2026,18,54,54.91285,6.152233,18,33,1778,,,2,3.1416,,,MCR,General Oceanics,74257,35.98,,,6484,F,,36.6,42,,,,,,,,,38F6,
14534,1610026,12089,12318,12366,1610026,EH,I4537,DK,2195,MIKQ1DK2026,,26D4,MRN2,dO,1600,WovFab,500,49,2026DK_018,,18,15,1,2026,18,54,54.91285,6.152233,18,33,1778,,,2,3.1416,,,MCR,General Oceanics,74257,35.98,,,6484,F,,36.6,42,,,,,,,,,38F6,
14534,1610026,12089,12318,12366,1610026,EH,I4537,DK,2195,MIKQ1DK2026,,26D4,MRN2,dO,1600,WovFab,500,49,2026DK_018,,18,15,1,2026,18,54,54.91285,6.152233,18,33,1778,,,2,3.1416,,,MCR,General Oceanics,74257,35.98,,,6484,F,,36.6,42,,,,,,,,,38F6,
14534,1610026,12089,12318,12366,1610026,EH,I4537,DK,2195,MIKQ1DK2026,,26D4,MRN2,dO,1600,WovFab,500,49,2026DK_018,,18,15,1,2026,18,54,54.91285,6.152233,18,33,1778,,,2,3.1416,,,MCR,General Oceanics,74257,35.98,,,6484,F,,36.6,42,,,,,,,,,38F6,
14534,1610026,12089,12318,12366,1610026,EH,I4537,DK,2195,MIKQ1DK2026,,26D4,MRN2,dO,1600,WovFab,500,49,2026DK_018,,18,15,1,2026,18,54,54.91285,6.152233,18,33,1778,,,2,3.1416,,,MCR,General Oceanics,74257,35.98,,,6484,F,,36.6,42,,,,,,,,,38F6,
14534,1610026,12089,12318,12366,1610026,EH,I4537,DK,2195,MIKQ1DK2026,,26D4,MRN2,dO,1600,WovFab,500,49,2026DK_018,,18,15,1,2026,18,54,54.91285,6.152233,18,33,1778,,,2,3.1416,,,MCR,General Oceanics,74257,35.98,,,6484,F,,36.6,42,,,,,,,,,38F6,
14534,1610026,12089,12318,12366,1610026,EH,I4537,DK,2195,MIKQ1DK2026,,26D4,MRN2,dO,1600,WovFab,500,49,2026DK_018,,18,15,1,2026,18,54,54.91285,6.152233,18,33,1778,,,2,3.1416,,,MCR,General Oceanics,74257,35.98,,,6484,F,,36.6,42,,,,,,,,,38F6,
14534,1610026,12089,12318,12366,1610026,EH,I4537,DK,2195,MIKQ1DK2026,,26D4,MRN2,dO,1600,WovFab,500,49,2026DK_018,,18,15,1,2026,18,54,54.91285,6.152233,18,33,1778,,,2,3.1416,,,MCR,General Oceanics,74257,35.98,,,6484,F,,36.6,42,,,,,,,,,38F6,
14534,1610026,12089,12318,12366,1610026,EH,I4537,DK,2195,MIKQ1DK2026,,26D4,MRN2,dO,1600,WovFab,500,49,2026DK_018,,18,15,1,2026,18,54,54.91285,6.152233,18,33,1778,,,2,3.1416,,,MCR,General Oceanics,74257,35.98,,,6484,F,,36.6,42,,,,,,,,,38F6,
14534,1610026,12089,12318,12366,1610026,EH,I4537,DK,2195,MIKQ1DK2026,,26D4,MRN2,dO,1600,WovFab,500,49,2026DK_018,,18,15,1,2026,18,54,54.91285,6.152233,18,33,1778,,,2,3.1416,,,MCR,General Oceanics,74257,35.98,,,6484,F,,36.6,42,,,,,,,,,38F6,
14534,1610026,12089,12318,12366,1610026,EH,I4537,DK,2195,MIKQ1DK2026,,26D4,MRN2,dO,1600,WovFab,500,49,2026DK_018,,18,15,1,2026,18,54,54.91285,6.152233,18,33,1778,,,2,3.1416,,,MCR,General Oceanics,74257,35.98,,,6484,F,,36.6,42,,,,,,,,,38F6,
14534,1610026,12089,12318,12366,1610026,EH,I4537,DK,2195,MIKQ1DK2026,,26D4,MRN2,dO,1600,WovFab,500,49,2026DK_018,,18,15,1,2026,18,54,54.91285,6.152233,18,33,1778,,,2,3.1416,,,MCR,General Oceanics,74257,35.98,,,6484,F,,36.6,42,,,,,,,,,38F6,
14534,1610026,12089,12318,12366,1610026,EH,I4537,DK,2195,MIKQ1DK2026,,26D4,MRN2,dO,1600,WovFab,500,49,2026DK_018,,18,15,1,2026,18,54,54.91285,6.152233,18,33,1778,,,2,3.1416,,,MCR,General Oceanics,74257,35.98,,,6484,F,,36.6,42,,,,,,,,,38F6,
14534,1610026,12089,12318,12366,1610026,EH,I4537,DK,2195,MIKQ1DK2026,,26D4,MRN2,dO,1600,WovFab,500,49,2026DK_018,,18,15,1,2026,18,54,54.91285,6.152233,18,33,1778,,,2,3.1416,,,MCR,General Oceanics,74257,35.98,,,6484,F,,36.6,42,,,,,,,,,38F6,
14534,1610026,12089,12318,12366,1610026,EH,I4537,DK,2195,MIKQ1DK2026,,26D4,MRN2,dO,1600,WovFab,500,49,2026DK_018,,18,15,1,2026,18,54,54.91285,6.152233,18,33,1778,,,2,3.1416,,,MCR,General Oceanics,74257,35.98,,,6484,F,,36.6,42,,,,,,,,,38F6,
14534,1610026,12089,12318,12366,1610026,EH,I4537,DK,2195,MIKQ1DK2026,,26D4,MRN2,dO,1600,WovFab,500,49,2026DK_018,,18,15,1,2026,18,54,54.91285,6.152233,18,33,1778,,,2,3.1416,,,MCR,General Oceanics,74257,35.98,,,6484,F,,36.6,42,,,,,,,,,38F6,
14534,1610026,12089,12318,12366,1610026,EH,I4537,DK,2195,MIKQ1DK2026,,26D4,MRN2,dO,1600,WovFab,500,49,2026DK_018,,18,15,1,2026,18,54,54.91285,6.152233,18,33,1778,,,2,3.1416,,,MCR,General Oceanics,74257,35.98,,,6484,F,,36.6,42,,,,,,,,,38F6,
14534,1610026,12089,12318,12366,1610026,EH,I4537,DK,2195,MIKQ1DK2026,,26D4,MRN2,dO,1600,WovFab,500,49,2026DK_018,,18,15,1,2026,18,54,54.91285,6.152233,18,33,1778,,,2,3.1416,,,MCR,General Oceanics,74257,35.98,,,6484,F,,36.6,42,,,,,,,,,38F6,
14534,1610026,12089,12318,12366,1610026,EH,I4537,DK,2195,MIKQ1DK2026,,26D4,MRN2,dO,1600,WovFab,500,49,2026DK_018,,18,15,1,2026,18,54,54.91285,6.152233,18,33,1778,,,2,3.1416,,,MCR,General Oceanics,74257,35.98,,,6484,F,,36.6,42,,,,,,,,,38F6,
14534,1610026,12089,12318,12366,1610026,EH,I4537,DK,2195,MIKQ1DK2026,,26D4,MRN2,dO,1600,WovFab,500,49,2026DK_018,,18,15,1,2026,18,54,54.91285,6.152233,18,33,1778,,,2,3.1416,,,MCR,General Oceanics,74257,35.98,,,6484,F,,36.6,42,,,,,,,,,38F6,
14534,1610026,12089,12318,12366,1610026,EH,I4537,DK,2195,MIKQ1DK2026,,26D4,MRN2,dO,1600,WovFab,500,49,2026DK_018,,18,15,1,2026,18,54,54.91285,6.152233,18,33,1778,,,2,3.1416,,,MCR,General Oceanics,74257,35.98,,,6484,F,,36.6,42,,,,,,,,,38F6,
14534,1610026,12089,12318,12366,1610026,EH,I4537,DK,2195,MIKQ1DK2026,,26D4,MRN2,dO,1600,WovFab,500,49,2026DK_018,,18,15,1,2026,18,54,54.91285,6.152233,18,33,1778,,,2,3.1416,,,MCR,General Oceanics,74257,35.98,,,6484,F,,36.6,42,,,,,,,,,38F6,
14534,1610026,12089,12318,12366,1610026,EH,I4537,DK,2195,MIKQ1DK2026,,26D4,MRN2,dO,1600,WovFab,500,49,2026DK_018,,18,15,1,2026,18,54,54.91285,6.152233,18,33,1778,,,2,3.1416,,,MCR,General Oceanics,74257,35.98,,,6484,F,,36.6,42,,,,,,,,,38F6,
14534,1610026,12089,12318,12366,1610026,EH,I4537,DK,2195,MIKQ1DK2026,,26D4,MRN2,dO,1600,WovFab,500,49,2026DK_018,,18,15,1,2026,18,54,54.91285,6.152233,18,33,1778,,,2,3.1416,,,MCR,General Oceanics,74257,35.98,,,6484,F,,36.6,42,,,,,,,,,38F6,
14534,1610026,12089,12318,12366,1610026,EH,I4537,DK,2195,MIKQ1DK2026,,26D4,MRN2,dO,1600,WovFab,500,49,2026DK_018,,18,15,1,2026,18,54,54.91285,6.152233,18,33,1778,,,2,3.1416,,,MCR,General Oceanics,74257,35.98,,,6484,F,,36.6,42,,,,,,,,,38F6,
14534,1610026,12089,12318,12366,1610026,EH,I4537,DK,2195,MIKQ1DK2026,,26D4,MRN2,dO,1600,WovFab,500,49,2026DK_018,,18,15,1,2026,18,54,54.91285,6.152233,18,33,1778,,,2,3.1416,,,MCR,General Oceanics,74257,35.98,,,6484,F,,36.6,42,,,,,,,,,38F6,
14534,1610026,12089,12318,12366,1610026,EH,I4537,DK,2195,MIKQ1DK2026,,26D4,MRN2,dO,1600,WovFab,500,49,2026DK_018,,18,15,1,2026,18,54,54.91285,6.152233,18,33,1778,,,2,3.1416,,,MCR,General Oceanics,74257,35.98,,,6484,F,,36.6,42,,,,,,,,,38F6,
14534,1610026,12089,12318,12366,1610026,EH,I4537,DK,2195,MIKQ1DK2026,,26D4,MRN2,dO,1600,WovFab,500,49,2026DK_018,,18,15,1,2026,18,54,54.91285,6.152233,18,33,1778,,,2,3.1416,,,MCR,General Oceanics,74257,35.98,,,6484,F,,36.6,42,,,,,,,,,38F6,
14534,1610027,12089,12318,12366,1610027,EH,I4537,DK,2195,MIKQ1DK2026,,26D4,MRN2,dO,1600,WovFab,500,50,2026DK_019,,19,15,1,2026,20,41,55.091083,5.85435,12,27,1093,,,2,3.1416,,,MCR,General Oceanics,36012,35.98,,,3144,F,,39.2,44,,,,,,,,,39F5,
14534,1610027,12089,12318,12366,1610027,EH,I4537,DK,2195,MIKQ1DK2026,,26D4,MRN2,dO,1600,WovFab,500,50,2026DK_019,,19,15,1,2026,20,41,55.091083,5.85435,12,27,1093,,,2,3.1416,,,MCR,General Oceanics,36012,35.98,,,3144,F,,39.2,44,,,,,,,,,39F5,
14534,1610027,12089,12318,12366,1610027,EH,I4537,DK,2195,MIKQ1DK2026,,26D4,MRN2,dO,1600,WovFab,500,50,2026DK_019,,19,15,1,2026,20,41,55.091083,5.85435,12,27,1093,,,2,3.1416,,,MCR,General Oceanics,36012,35.98,,,3144,F,,39.2,44,,,,,,,,,39F5,
14534,1610027,12089,12318,12366,1610027,EH,I4537,DK,2195,MIKQ1DK2026,,26D4,MRN2,dO,1600,WovFab,500,50,2026DK_019,,19,15,1,2026,20,41,55.091083,5.85435,12,27,1093,,,2,3.1416,,,MCR,General Oceanics,36012,35.98,,,3144,F,,39.2,44,,,,,,,,,39F5,
14534,1610027,12089,12318,12366,1610027,EH,I4537,DK,2195,MIKQ1DK2026,,26D4,MRN2,dO,1600,WovFab,500,50,2026DK_019,,19,15,1,2026,20,41,55.091083,5.85435,12,27,1093,,,2,3.1416,,,MCR,General Oceanics,36012,35.98,,,3144,F,,39.2,44,,,,,,,,,39F5,
14534,1610027,12089,12318,12366,1610027,EH,I4537,DK,2195,MIKQ1DK2026,,26D4,MRN2,dO,1600,WovFab,500,50,2026DK_019,,19,15,1,2026,20,41,55.091083,5.85435,12,27,1093,,,2,3.1416,,,MCR,General Oceanics,36012,35.98,,,3144,F,,39.2,44,,,,,,,,,39F5,
14534,1610027,12089,12318,12366,1610027,EH,I4537,DK,2195,MIKQ1DK2026,,26D4,MRN2,dO,1600,WovFab,500,50,2026DK_019,,19,15,1,2026,20,41,55.091083,5.85435,12,27,1093,,,2,3.1416,,,MCR,General Oceanics,36012,35.98,,,3144,F,,39.2,44,,,,,,,,,39F5,
14534,1610027,12089,12318,12366,1610027,EH,I4537,DK,2195,MIKQ1DK2026,,26D4,MRN2,dO,1600,WovFab,500,50,2026DK_019,,19,15,1,2026,20,41,55.091083,5.85435,12,27,1093,,,2,3.1416,,,MCR,General Oceanics,36012,35.98,,,3144,F,,39.2,44,,,,,,,,,39F5,
14534,1610027,12089,12318,12366,1610027,EH,I4537,DK,2195,MIKQ1DK2026,,26D4,MRN2,dO,1600,WovFab,500,50,2026DK_019,,19,15,1,2026,20,41,55.091083,5.85435,12,27,1093,,,2,3.1416,,,MCR,General Oceanics,36012,35.98,,,3144,F,,39.2,44,,,,,,,,,39F5,
14534,1610027,12089,12318,12366,1610027,EH,I4537,DK,2195,MIKQ1DK2026,,26D4,MRN2,dO,1600,WovFab,500,50,2026DK_019,,19,15,1,2026,20,41,55.091083,5.85435,12,27,1093,,,2,3.1416,,,MCR,General Oceanics,36012,35.98,,,3144,F,,39.2,44,,,,,,,,,39F5,
14534,1610027,12089,12318,12366,1610027,EH,I4537,DK,2195,MIKQ1DK2026,,26D4,MRN2,dO,1600,WovFab,500,50,2026DK_019,,19,15,1,2026,20,41,55.091083,5.85435,12,27,1093,,,2,3.1416,,,MCR,General Oceanics,36012,35.98,,,3144,F,,39.2,44,,,,,,,,,39F5,
14534,1610027,12089,12318,12366,1610027,EH,I4537,DK,2195,MIKQ1DK2026,,26D4,MRN2,dO,1600,WovFab,500,50,2026DK_019,,19,15,1,2026,20,41,55.091083,5.85435,12,27,1093,,,2,3.1416,,,MCR,General Oceanics,36012,35.98,,,3144,F,,39.2,44,,,,,,,,,39F5,
14534,1610027,12089,12318,12366,1610027,EH,I4537,DK,2195,MIKQ1DK2026,,26D4,MRN2,dO,1600,WovFab,500,50,2026DK_019,,19,15,1,2026,20,41,55.091083,5.85435,12,27,1093,,,2,3.1416,,,MCR,General Oceanics,36012,35.98,,,3144,F,,39.2,44,,,,,,,,,39F5,
14534,1610027,12089,12318,12366,1610027,EH,I4537,DK,2195,MIKQ1DK2026,,26D4,MRN2,dO,1600,WovFab,500,50,2026DK_019,,19,15,1,2026,20,41,55.091083,5.85435,12,27,1093,,,2,3.1416,,,MCR,General Oceanics,36012,35.98,,,3144,F,,39.2,44,,,,,,,,,39F5,
14534,1610027,12089,12318,12366,1610027,EH,I4537,DK,2195,MIKQ1DK2026,,26D4,MRN2,dO,1600,WovFab,500,50,2026DK_019,,19,15,1,2026,20,41,55.091083,5.85435,12,27,1093,,,2,3.1416,,,MCR,General Oceanics,36012,35.98,,,3144,F,,39.2,44,,,,,,,,,39F5,
14534,1610027,12089,12318,12366,1610027,EH,I4537,DK,2195,MIKQ1DK2026,,26D4,MRN2,dO,1600,WovFab,500,50,2026DK_019,,19,15,1,2026,20,41,55.091083,5.85435,12,27,1093,,,2,3.1416,,,MCR,General Oceanics,36012,35.98,,,3144,F,,39.2,44,,,,,,,,,39F5,
14534,1610027,12089,12318,12366,1610027,EH,I4537,DK,2195,MIKQ1DK2026,,26D4,MRN2,dO,1600,WovFab,500,50,2026DK_019,,19,15,1,2026,20,41,55.091083,5.85435,12,27,1093,,,2,3.1416,,,MCR,General Oceanics,36012,35.98,,,3144,F,,39.2,44,,,,,,,,,39F5,
14534,1610027,12089,12318,12366,1610027,EH,I4537,DK,2195,MIKQ1DK2026,,26D4,MRN2,dO,1600,WovFab,500,50,2026DK_019,,19,15,1,2026,20,41,55.091083,5.85435,12,27,1093,,,2,3.1416,,,MCR,General Oceanics,36012,35.98,,,3144,F,,39.2,44,,,,,,,,,39F5,
14534,1610028,12089,12318,12366,1610028,EH,I4537,DK,2195,MIKQ1DK2026,,26D4,MRN2,dO,1600,WovFab,500,51,2026DK_020,,20,15,1,2026,21,51,55.259683,5.851633,14,26,1315,,,2,3.1416,,,MCR,General Oceanics,38341,35.98,,,3348,F,,42.2,47,,,,,,,,,39F5,
14534,1610028,12089,12318,12366,1610028,EH,I4537,DK,2195,MIKQ1DK2026,,26D4,MRN2,dO,1600,WovFab,500,51,2026DK_020,,20,15,1,2026,21,51,55.259683,5.851633,14,26,1315,,,2,3.1416,,,MCR,General Oceanics,38341,35.98,,,3348,F,,42.2,47,,,,,,,,,39F5,
14534,1610028,12089,12318,12366,1610028,EH,I4537,DK,2195,MIKQ1DK2026,,26D4,MRN2,dO,1600,WovFab,500,51,2026DK_020,,20,15,1,2026,21,51,55.259683,5.851633,14,26,1315,,,2,3.1416,,,MCR,General Oceanics,38341,35.98,,,3348,F,,42.2,47,,,,,,,,,39F5,
14534,1610028,12089,12318,12366,1610028,EH,I4537,DK,2195,MIKQ1DK2026,,26D4,MRN2,dO,1600,WovFab,500,51,2026DK_020,,20,15,1,2026,21,51,55.259683,5.851633,14,26,1315,,,2,3.1416,,,MCR,General Oceanics,38341,35.98,,,3348,F,,42.2,47,,,,,,,,,39F5,
14534,1610028,12089,12318,12366,1610028,EH,I4537,DK,2195,MIKQ1DK2026,,26D4,MRN2,dO,1600,WovFab,500,51,2026DK_020,,20,15,1,2026,21,51,55.259683,5.851633,14,26,1315,,,2,3.1416,,,MCR,General Oceanics,38341,35.98,,,3348,F,,42.2,47,,,,,,,,,39F5,
14534,1610028,12089,12318,12366,1610028,EH,I4537,DK,2195,MIKQ1DK2026,,26D4,MRN2,dO,1600,WovFab,500,51,2026DK_020,,20,15,1,2026,21,51,55.259683,5.851633,14,26,1315,,,2,3.1416,,,MCR,General Oceanics,38341,35.98,,,3348,F,,42.2,47,,,,,,,,,39F5,
14534,1610028,12089,12318,12366,1610028,EH,I4537,DK,2195,MIKQ1DK2026,,26D4,MRN2,dO,1600,WovFab,500,51,2026DK_020,,20,15,1,2026,21,51,55.259683,5.851633,14,26,1315,,,2,3.1416,,,MCR,General Oceanics,38341,35.98,,,3348,F,,42.2,47,,,,,,,,,39F5,
14534,1610029,12089,12318,12366,1610029,EH,I4537,DK,2195,MIKQ1DK2026,,26D4,MRN2,dO,1600,WovFab,500,52,2026DK_021,,21,15,1,2026,23,59,55.34125,6.203116,15,11,1296,,,2,3.1416,,,MCR,General Oceanics,47717,35.98,,,4166,F,,45,50,,,,,,,,,39F6,
14534,1610029,12089,12318,12366,1610029,EH,I4537,DK,2195,MIKQ1DK2026,,26D4,MRN2,dO,1600,WovFab,500,52,2026DK_021,,21,15,1,2026,23,59,55.34125,6.203116,15,11,1296,,,2,3.1416,,,MCR,General Oceanics,47717,35.98,,,4166,F,,45,50,,,,,,,,,39F6,
14534,1610029,12089,12318,12366,1610029,EH,I4537,DK,2195,MIKQ1DK2026,,26D4,MRN2,dO,1600,WovFab,500,52,2026DK_021,,21,15,1,2026,23,59,55.34125,6.203116,15,11,1296,,,2,3.1416,,,MCR,General Oceanics,47717,35.98,,,4166,F,,45,50,,,,,,,,,39F6,
14534,1610029,12089,12318,12366,1610029,EH,I4537,DK,2195,MIKQ1DK2026,,26D4,MRN2,dO,1600,WovFab,500,52,2026DK_021,,21,15,1,2026,23,59,55.34125,6.203116,15,11,1296,,,2,3.1416,,,MCR,General Oceanics,47717,35.98,,,4166,F,,45,50,,,,,,,,,39F6,
14534,1610029,12089,12318,12366,1610029,EH,I4537,DK,2195,MIKQ1DK2026,,26D4,MRN2,dO,1600,WovFab,500,52,2026DK_021,,21,15,1,2026,23,59,55.34125,6.203116,15,11,1296,,,2,3.1416,,,MCR,General Oceanics,47717,35.98,,,4166,F,,45,50,,,,,,,,,39F6,
14534,1610029,12089,12318,12366,1610029,EH,I4537,DK,2195,MIKQ1DK2026,,26D4,MRN2,dO,1600,WovFab,500,52,2026DK_021,,21,15,1,2026,23,59,55.34125,6.203116,15,11,1296,,,2,3.1416,,,MCR,General Oceanics,47717,35.98,,,4166,F,,45,50,,,,,,,,,39F6,
14534,1610029,12089,12318,12366,1610029,EH,I4537,DK,2195,MIKQ1DK2026,,26D4,MRN2,dO,1600,WovFab,500,52,2026DK_021,,21,15,1,2026,23,59,55.34125,6.203116,15,11,1296,,,2,3.1416,,,MCR,General Oceanics,47717,35.98,,,4166,F,,45,50,,,,,,,,,39F6,
14534,1610029,12089,12318,12366,1610029,EH,I4537,DK,2195,MIKQ1DK2026,,26D4,MRN2,dO,1600,WovFab,500,52,2026DK_021,,21,15,1,2026,23,59,55.34125,6.203116,15,11,1296,,,2,3.1416,,,MCR,General Oceanics,47717,35.98,,,4166,F,,45,50,,,,,,,,,39F6,
14534,1610029,12089,12318,12366,1610029,EH,I4537,DK,2195,MIKQ1DK2026,,26D4,MRN2,dO,1600,WovFab,500,52,2026DK_021,,21,15,1,2026,23,59,55.34125,6.203116,15,11,1296,,,2,3.1416,,,MCR,General Oceanics,47717,35.98,,,4166,F,,45,50,,,,,,,,,39F6,
14534,1610029,12089,12318,12366,1610029,EH,I4537,DK,2195,MIKQ1DK2026,,26D4,MRN2,dO,1600,WovFab,500,52,2026DK_021,,21,15,1,2026,23,59,55.34125,6.203116,15,11,1296,,,2,3.1416,,,MCR,General Oceanics,47717,35.98,,,4166,F,,45,50,,,,,,,,,39F6,
14534,1610030,12089,12318,12366,1610030,EH,I4537,DK,2195,MIKQ1DK2026,,26D4,MRN2,dO,1600,WovFab,500,53,2026DK_022,,22,16,1,2026,1,16,55.4123,6.488383,14,41,1482,,,2,3.1416,,,MCR,General Oceanics,49480,35.98,,,4320,F,,34.2,39,,,,,,,,,39F6,
14534,1610030,12089,12318,12366,1610030,EH,I4537,DK,2195,MIKQ1DK2026,,26D4,MRN2,dO,1600,WovFab,500,53,2026DK_022,,22,16,1,2026,1,16,55.4123,6.488383,14,41,1482,,,2,3.1416,,,MCR,General Oceanics,49480,35.98,,,4320,F,,34.2,39,,,,,,,,,39F6,
14534,1610030,12089,12318,12366,1610030,EH,I4537,DK,2195,MIKQ1DK2026,,26D4,MRN2,dO,1600,WovFab,500,53,2026DK_022,,22,16,1,2026,1,16,55.4123,6.488383,14,41,1482,,,2,3.1416,,,MCR,General Oceanics,49480,35.98,,,4320,F,,34.2,39,,,,,,,,,39F6,
14534,1610030,12089,12318,12366,1610030,EH,I4537,DK,2195,MIKQ1DK2026,,26D4,MRN2,dO,1600,WovFab,500,53,2026DK_022,,22,16,1,2026,1,16,55.4123,6.488383,14,41,1482,,,2,3.1416,,,MCR,General Oceanics,49480,35.98,,,4320,F,,34.2,39,,,,,,,,,39F6,
14534,1610030,12089,12318,12366,1610030,EH,I4537,DK,2195,MIKQ1DK2026,,26D4,MRN2,dO,1600,WovFab,500,53,2026DK_022,,22,16,1,2026,1,16,55.4123,6.488383,14,41,1482,,,2,3.1416,,,MCR,General Oceanics,49480,35.98,,,4320,F,,34.2,39,,,,,,,,,39F6,
14534,1610030,12089,12318,12366,1610030,EH,I4537,DK,2195,MIKQ1DK2026,,26D4,MRN2,dO,1600,WovFab,500,53,2026DK_022,,22,16,1,2026,1,16,55.4123,6.488383,14,41,1482,,,2,3.1416,,,MCR,General Oceanics,49480,35.98,,,4320,F,,34.2,39,,,,,,,,,39F6,
14534,1610030,12089,12318,12366,1610030,EH,I4537,DK,2195,MIKQ1DK2026,,26D4,MRN2,dO,1600,WovFab,500,53,2026DK_022,,22,16,1,2026,1,16,55.4123,6.488383,14,41,1482,,,2,3.1416,,,MCR,General Oceanics,49480,35.98,,,4320,F,,34.2,39,,,,,,,,,39F6,
14534,1610030,12089,12318,12366,1610030,EH,I4537,DK,2195,MIKQ1DK2026,,26D4,MRN2,dO,1600,WovFab,500,53,2026DK_022,,22,16,1,2026,1,16,55.4123,6.488383,14,41,1482,,,2,3.1416,,,MCR,General Oceanics,49480,35.98,,,4320,F,,34.2,39,,,,,,,,,39F6,
14534,1610030,12089,12318,12366,1610030,EH,I4537,DK,2195,MIKQ1DK2026,,26D4,MRN2,dO,1600,WovFab,500,53,2026DK_022,,22,16,1,2026,1,16,55.4123,6.488383,14,41,1482,,,2,3.1416,,,MCR,General Oceanics,49480,35.98,,,4320,F,,34.2,39,,,,,,,,,39F6,
14534,1610030,12089,12318,12366,1610030,EH,I4537,DK,2195,MIKQ1DK2026,,26D4,MRN2,dO,1600,WovFab,500,53,2026DK_022,,22,16,1,2026,1,16,55.4123,6.488383,14,41,1482,,,2,3.1416,,,MCR,General Oceanics,49480,35.98,,,4320,F,,34.2,39,,,,,,,,,39F6,
14534,1610030,12089,12318,12366,1610030,EH,I4537,DK,2195,MIKQ1DK2026,,26D4,MRN2,dO,1600,WovFab,500,53,2026DK_022,,22,16,1,2026,1,16,55.4123,6.488383,14,41,1482,,,2,3.1416,,,MCR,General Oceanics,49480,35.98,,,4320,F,,34.2,39,,,,,,,,,39F6,
14534,1610030,12089,12318,12366,1610030,EH,I4537,DK,2195,MIKQ1DK2026,,26D4,MRN2,dO,1600,WovFab,500,53,2026DK_022,,22,16,1,2026,1,16,55.4123,6.488383,14,41,1482,,,2,3.1416,,,MCR,General Oceanics,49480,35.98,,,4320,F,,34.2,39,,,,,,,,,39F6,
14534,1610030,12089,12318,12366,1610030,EH,I4537,DK,2195,MIKQ1DK2026,,26D4,MRN2,dO,1600,WovFab,500,53,2026DK_022,,22,16,1,2026,1,16,55.4123,6.488383,14,41,1482,,,2,3.1416,,,MCR,General Oceanics,49480,35.98,,,4320,F,,34.2,39,,,,,,,,,39F6,
14534,1610030,12089,12318,12366,1610030,EH,I4537,DK,2195,MIKQ1DK2026,,26D4,MRN2,dO,1600,WovFab,500,53,2026DK_022,,22,16,1,2026,1,16,55.4123,6.488383,14,41,1482,,,2,3.1416,,,MCR,General Oceanics,49480,35.98,,,4320,F,,34.2,39,,,,,,,,,39F6,
14534,1610030,12089,12318,12366,1610030,EH,I4537,DK,2195,MIKQ1DK2026,,26D4,MRN2,dO,1600,WovFab,500,53,2026DK_022,,22,16,1,2026,1,16,55.4123,6.488383,14,41,1482,,,2,3.1416,,,MCR,General Oceanics,49480,35.98,,,4320,F,,34.2,39,,,,,,,,,39F6,
14534,1610030,12089,12318,12366,1610030,EH,I4537,DK,2195,MIKQ1DK2026,,26D4,MRN2,dO,1600,WovFab,500,53,2026DK_022,,22,16,1,2026,1,16,55.4123,6.488383,14,41,1482,,,2,3.1416,,,MCR,General Oceanics,49480,35.98,,,4320,F,,34.2,39,,,,,,,,,39F6,
14534,1610030,12089,12318,12366,1610030,EH,I4537,DK,2195,MIKQ1DK2026,,26D4,MRN2,dO,1600,WovFab,500,53,2026DK_022,,22,16,1,2026,1,16,55.4123,6.488383,14,41,1482,,,2,3.1416,,,MCR,General Oceanics,49480,35.98,,,4320,F,,34.2,39,,,,,,,,,39F6,
14534,1610030,12089,12318,12366,1610030,EH,I4537,DK,2195,MIKQ1DK2026,,26D4,MRN2,dO,1600,WovFab,500,53,2026DK_022,,22,16,1,2026,1,16,55.4123,6.488383,14,41,1482,,,2,3.1416,,,MCR,General Oceanics,49480,35.98,,,4320,F,,34.2,39,,,,,,,,,39F6,
14534,1610031,12089,12318,12366,1610031,EH,I4537,DK,2195,MIKQ1DK2026,,26D4,MRN2,dO,1600,WovFab,500,54,2026DK_023,,23,16,1,2026,2,51,55.591983,6.785566,12,16,1204,,,2,3.1416,,,MCR,General Oceanics,38004,35.98,,,3318,F,,30.1,35,,,,,,,,,40F6,
14534,1610031,12089,12318,12366,1610031,EH,I4537,DK,2195,MIKQ1DK2026,,26D4,MRN2,dO,1600,WovFab,500,54,2026DK_023,,23,16,1,2026,2,51,55.591983,6.785566,12,16,1204,,,2,3.1416,,,MCR,General Oceanics,38004,35.98,,,3318,F,,30.1,35,,,,,,,,,40F6,
14534,1610031,12089,12318,12366,1610031,EH,I4537,DK,2195,MIKQ1DK2026,,26D4,MRN2,dO,1600,WovFab,500,54,2026DK_023,,23,16,1,2026,2,51,55.591983,6.785566,12,16,1204,,,2,3.1416,,,MCR,General Oceanics,38004,35.98,,,3318,F,,30.1,35,,,,,,,,,40F6,
14534,1610031,12089,12318,12366,1610031,EH,I4537,DK,2195,MIKQ1DK2026,,26D4,MRN2,dO,1600,WovFab,500,54,2026DK_023,,23,16,1,2026,2,51,55.591983,6.785566,12,16,1204,,,2,3.1416,,,MCR,General Oceanics,38004,35.98,,,3318,F,,30.1,35,,,,,,,,,40F6,
14534,1610031,12089,12318,12366,1610031,EH,I4537,DK,2195,MIKQ1DK2026,,26D4,MRN2,dO,1600,WovFab,500,54,2026DK_023,,23,16,1,2026,2,51,55.591983,6.785566,12,16,1204,,,2,3.1416,,,MCR,General Oceanics,38004,35.98,,,3318,F,,30.1,35,,,,,,,,,40F6,
14534,1610032,12089,12318,12366,1610032,EH,I4537,DK,2195,MIKQ1DK2026,,26D4,MRN2,dO,1600,WovFab,500,71,2026DK_024,,24,17,1,2026,0,50,55.626033,6.2056,14,13,1445,,,2,3.1416,,,MCR,General Oceanics,49461,35.98,,,4319,F,,40.5,46,,,,,,,,,40F6,
14534,1610032,12089,12318,12366,1610032,EH,I4537,DK,2195,MIKQ1DK2026,,26D4,MRN2,dO,1600,WovFab,500,71,2026DK_024,,24,17,1,2026,0,50,55.626033,6.2056,14,13,1445,,,2,3.1416,,,MCR,General Oceanics,49461,35.98,,,4319,F,,40.5,46,,,,,,,,,40F6,
14534,1610032,12089,12318,12366,1610032,EH,I4537,DK,2195,MIKQ1DK2026,,26D4,MRN2,dO,1600,WovFab,500,71,2026DK_024,,24,17,1,2026,0,50,55.626033,6.2056,14,13,1445,,,2,3.1416,,,MCR,General Oceanics,49461,35.98,,,4319,F,,40.5,46,,,,,,,,,40F6,
14534,1610032,12089,12318,12366,1610032,EH,I4537,DK,2195,MIKQ1DK2026,,26D4,MRN2,dO,1600,WovFab,500,71,2026DK_024,,24,17,1,2026,0,50,55.626033,6.2056,14,13,1445,,,2,3.1416,,,MCR,General Oceanics,49461,35.98,,,4319,F,,40.5,46,,,,,,,,,40F6,
14534,1610032,12089,12318,12366,1610032,EH,I4537,DK,2195,MIKQ1DK2026,,26D4,MRN2,dO,1600,WovFab,500,71,2026DK_024,,24,17,1,2026,0,50,55.626033,6.2056,14,13,1445,,,2,3.1416,,,MCR,General Oceanics,49461,35.98,,,4319,F,,40.5,46,,,,,,,,,40F6,
14534,1610032,12089,12318,12366,1610032,EH,I4537,DK,2195,MIKQ1DK2026,,26D4,MRN2,dO,1600,WovFab,500,71,2026DK_024,,24,17,1,2026,0,50,55.626033,6.2056,14,13,1445,,,2,3.1416,,,MCR,General Oceanics,49461,35.98,,,4319,F,,40.5,46,,,,,,,,,40F6,
14534,1610032,12089,12318,12366,1610032,EH,I4537,DK,2195,MIKQ1DK2026,,26D4,MRN2,dO,1600,WovFab,500,71,2026DK_024,,24,17,1,2026,0,50,55.626033,6.2056,14,13,1445,,,2,3.1416,,,MCR,General Oceanics,49461,35.98,,,4319,F,,40.5,46,,,,,,,,,40F6,
14534,1610032,12089,12318,12366,1610032,EH,I4537,DK,2195,MIKQ1DK2026,,26D4,MRN2,dO,1600,WovFab,500,71,2026DK_024,,24,17,1,2026,0,50,55.626033,6.2056,14,13,1445,,,2,3.1416,,,MCR,General Oceanics,49461,35.98,,,4319,F,,40.5,46,,,,,,,,,40F6,
14534,1610032,12089,12318,12366,1610032,EH,I4537,DK,2195,MIKQ1DK2026,,26D4,MRN2,dO,1600,WovFab,500,71,2026DK_024,,24,17,1,2026,0,50,55.626033,6.2056,14,13,1445,,,2,3.1416,,,MCR,General Oceanics,49461,35.98,,,4319,F,,40.5,46,,,,,,,,,40F6,
14534,1610032,12089,12318,12366,1610032,EH,I4537,DK,2195,MIKQ1DK2026,,26D4,MRN2,dO,1600,WovFab,500,71,2026DK_024,,24,17,1,2026,0,50,55.626033,6.2056,14,13,1445,,,2,3.1416,,,MCR,General Oceanics,49461,35.98,,,4319,F,,40.5,46,,,,,,,,,40F6,
14534,1610032,12089,12318,12366,1610032,EH,I4537,DK,2195,MIKQ1DK2026,,26D4,MRN2,dO,1600,WovFab,500,71,2026DK_024,,24,17,1,2026,0,50,55.626033,6.2056,14,13,1445,,,2,3.1416,,,MCR,General Oceanics,49461,35.98,,,4319,F,,40.5,46,,,,,,,,,40F6,
14534,1610032,12089,12318,12366,1610032,EH,I4537,DK,2195,MIKQ1DK2026,,26D4,MRN2,dO,1600,WovFab,500,71,2026DK_024,,24,17,1,2026,0,50,55.626033,6.2056,14,13,1445,,,2,3.1416,,,MCR,General Oceanics,49461,35.98,,,4319,F,,40.5,46,,,,,,,,,40F6,
14534,1610032,12089,12318,12366,1610032,EH,I4537,DK,2195,MIKQ1DK2026,,26D4,MRN2,dO,1600,WovFab,500,71,2026DK_024,,24,17,1,2026,0,50,55.626033,6.2056,14,13,1445,,,2,3.1416,,,MCR,General Oceanics,49461,35.98,,,4319,F,,40.5,46,,,,,,,,,40F6,
14534,1610032,12089,12318,12366,1610032,EH,I4537,DK,2195,MIKQ1DK2026,,26D4,MRN2,dO,1600,WovFab,500,71,2026DK_024,,24,17,1,2026,0,50,55.626033,6.2056,14,13,1445,,,2,3.1416,,,MCR,General Oceanics,49461,35.98,,,4319,F,,40.5,46,,,,,,,,,40F6,
14534,1610032,12089,12318,12366,1610032,EH,I4537,DK,2195,MIKQ1DK2026,,26D4,MRN2,dO,1600,WovFab,500,71,2026DK_024,,24,17,1,2026,0,50,55.626033,6.2056,14,13,1445,,,2,3.1416,,,MCR,General Oceanics,49461,35.98,,,4319,F,,40.5,46,,,,,,,,,40F6,
14534,1610032,12089,12318,12366,1610032,EH,I4537,DK,2195,MIKQ1DK2026,,26D4,MRN2,dO,1600,WovFab,500,71,2026DK_024,,24,17,1,2026,0,50,55.626033,6.2056,14,13,1445,,,2,3.1416,,,MCR,General Oceanics,49461,35.98,,,4319,F,,40.5,46,,,,,,,,,40F6,
14534,1610033,12089,12318,12366,1610033,EH,I4537,DK,2195,MIKQ1DK2026,,26D4,MRN2,dO,1600,WovFab,500,72,2026DK_025,,25,17,1,2026,2,19,55.6377,5.816866,15,32,1593,,,2,3.1416,,,MCR,General Oceanics,50437,35.98,,,4404,F,,45,50,,,,,,,,,40F5,
14534,1610033,12089,12318,12366,1610033,EH,I4537,DK,2195,MIKQ1DK2026,,26D4,MRN2,dO,1600,WovFab,500,72,2026DK_025,,25,17,1,2026,2,19,55.6377,5.816866,15,32,1593,,,2,3.1416,,,MCR,General Oceanics,50437,35.98,,,4404,F,,45,50,,,,,,,,,40F5,
14534,1610033,12089,12318,12366,1610033,EH,I4537,DK,2195,MIKQ1DK2026,,26D4,MRN2,dO,1600,WovFab,500,72,2026DK_025,,25,17,1,2026,2,19,55.6377,5.816866,15,32,1593,,,2,3.1416,,,MCR,General Oceanics,50437,35.98,,,4404,F,,45,50,,,,,,,,,40F5,
14534,1610033,12089,12318,12366,1610033,EH,I4537,DK,2195,MIKQ1DK2026,,26D4,MRN2,dO,1600,WovFab,500,72,2026DK_025,,25,17,1,2026,2,19,55.6377,5.816866,15,32,1593,,,2,3.1416,,,MCR,General Oceanics,50437,35.98,,,4404,F,,45,50,,,,,,,,,40F5,
14534,1610033,12089,12318,12366,1610033,EH,I4537,DK,2195,MIKQ1DK2026,,26D4,MRN2,dO,1600,WovFab,500,72,2026DK_025,,25,17,1,2026,2,19,55.6377,5.816866,15,32,1593,,,2,3.1416,,,MCR,General Oceanics,50437,35.98,,,4404,F,,45,50,,,,,,,,,40F5,
14534,1610033,12089,12318,12366,1610033,EH,I4537,DK,2195,MIKQ1DK2026,,26D4,MRN2,dO,1600,WovFab,500,72,2026DK_025,,25,17,1,2026,2,19,55.6377,5.816866,15,32,1593,,,2,3.1416,,,MCR,General Oceanics,50437,35.98,,,4404,F,,45,50,,,,,,,,,40F5,
14534,1610033,12089,12318,12366,1610033,EH,I4537,DK,2195,MIKQ1DK2026,,26D4,MRN2,dO,1600,WovFab,500,72,2026DK_025,,25,17,1,2026,2,19,55.6377,5.816866,15,32,1593,,,2,3.1416,,,MCR,General Oceanics,50437,35.98,,,4404,F,,45,50,,,,,,,,,40F5,
14534,1610033,12089,12318,12366,1610033,EH,I4537,DK,2195,MIKQ1DK2026,,26D4,MRN2,dO,1600,WovFab,500,72,2026DK_025,,25,17,1,2026,2,19,55.6377,5.816866,15,32,1593,,,2,3.1416,,,MCR,General Oceanics,50437,35.98,,,4404,F,,45,50,,,,,,,,,40F5,
14534,1610033,12089,12318,12366,1610033,EH,I4537,DK,2195,MIKQ1DK2026,,26D4,MRN2,dO,1600,WovFab,500,72,2026DK_025,,25,17,1,2026,2,19,55.6377,5.816866,15,32,1593,,,2,3.1416,,,MCR,General Oceanics,50437,35.98,,,4404,F,,45,50,,,,,,,,,40F5,
14534,1610033,12089,12318,12366,1610033,EH,I4537,DK,2195,MIKQ1DK2026,,26D4,MRN2,dO,1600,WovFab,500,72,2026DK_025,,25,17,1,2026,2,19,55.6377,5.816866,15,32,1593,,,2,3.1416,,,MCR,General Oceanics,50437,35.98,,,4404,F,,45,50,,,,,,,,,40F5,
14534,1610033,12089,12318,12366,1610033,EH,I4537,DK,2195,MIKQ1DK2026,,26D4,MRN2,dO,1600,WovFab,500,72,2026DK_025,,25,17,1,2026,2,19,55.6377,5.816866,15,32,1593,,,2,3.1416,,,MCR,General Oceanics,50437,35.98,,,4404,F,,45,50,,,,,,,,,40F5,
14534,1610033,12089,12318,12366,1610033,EH,I4537,DK,2195,MIKQ1DK2026,,26D4,MRN2,dO,1600,WovFab,500,72,2026DK_025,,25,17,1,2026,2,19,55.6377,5.816866,15,32,1593,,,2,3.1416,,,MCR,General Oceanics,50437,35.98,,,4404,F,,45,50,,,,,,,,,40F5,
14534,1610033,12089,12318,12366,1610033,EH,I4537,DK,2195,MIKQ1DK2026,,26D4,MRN2,dO,1600,WovFab,500,72,2026DK_025,,25,17,1,2026,2,19,55.6377,5.816866,15,32,1593,,,2,3.1416,,,MCR,General Oceanics,50437,35.98,,,4404,F,,45,50,,,,,,,,,40F5,
14534,1610033,12089,12318,12366,1610033,EH,I4537,DK,2195,MIKQ1DK2026,,26D4,MRN2,dO,1600,WovFab,500,72,2026DK_025,,25,17,1,2026,2,19,55.6377,5.816866,15,32,1593,,,2,3.1416,,,MCR,General Oceanics,50437,35.98,,,4404,F,,45,50,,,,,,,,,40F5,
14534,1610033,12089,12318,12366,1610033,EH,I4537,DK,2195,MIKQ1DK2026,,26D4,MRN2,dO,1600,WovFab,500,72,2026DK_025,,25,17,1,2026,2,19,55.6377,5.816866,15,32,1593,,,2,3.1416,,,MCR,General Oceanics,50437,35.98,,,4404,F,,45,50,,,,,,,,,40F5,
14534,1610033,12089,12318,12366,1610033,EH,I4537,DK,2195,MIKQ1DK2026,,26D4,MRN2,dO,1600,WovFab,500,72,2026DK_025,,25,17,1,2026,2,19,55.6377,5.816866,15,32,1593,,,2,3.1416,,,MCR,General Oceanics,50437,35.98,,,4404,F,,45,50,,,,,,,,,40F5,
14534,1610034,12089,12318,12366,1610034,EH,I4537,DK,2195,MIKQ1DK2026,,26D4,MRN2,dO,1600,WovFab,500,73,2026DK_026,,26,17,1,2026,3,37,55.814466,5.799,14,1,1204,,,2,3.1416,,,MCR,General Oceanics,44901,35.98,,,3921,F,,45,50,,,,,,,,,40F5,
14534,1610034,12089,12318,12366,1610034,EH,I4537,DK,2195,MIKQ1DK2026,,26D4,MRN2,dO,1600,WovFab,500,73,2026DK_026,,26,17,1,2026,3,37,55.814466,5.799,14,1,1204,,,2,3.1416,,,MCR,General Oceanics,44901,35.98,,,3921,F,,45,50,,,,,,,,,40F5,
14534,1610034,12089,12318,12366,1610034,EH,I4537,DK,2195,MIKQ1DK2026,,26D4,MRN2,dO,1600,WovFab,500,73,2026DK_026,,26,17,1,2026,3,37,55.814466,5.799,14,1,1204,,,2,3.1416,,,MCR,General Oceanics,44901,35.98,,,3921,F,,45,50,,,,,,,,,40F5,
14534,1610034,12089,12318,12366,1610034,EH,I4537,DK,2195,MIKQ1DK2026,,26D4,MRN2,dO,1600,WovFab,500,73,2026DK_026,,26,17,1,2026,3,37,55.814466,5.799,14,1,1204,,,2,3.1416,,,MCR,General Oceanics,44901,35.98,,,3921,F,,45,50,,,,,,,,,40F5,
14534,1610034,12089,12318,12366,1610034,EH,I4537,DK,2195,MIKQ1DK2026,,26D4,MRN2,dO,1600,WovFab,500,73,2026DK_026,,26,17,1,2026,3,37,55.814466,5.799,14,1,1204,,,2,3.1416,,,MCR,General Oceanics,44901,35.98,,,3921,F,,45,50,,,,,,,,,40F5,
14534,1610034,12089,12318,12366,1610034,EH,I4537,DK,2195,MIKQ1DK2026,,26D4,MRN2,dO,1600,WovFab,500,73,2026DK_026,,26,17,1,2026,3,37,55.814466,5.799,14,1,1204,,,2,3.1416,,,MCR,General Oceanics,44901,35.98,,,3921,F,,45,50,,,,,,,,,40F5,
14534,1610034,12089,12318,12366,1610034,EH,I4537,DK,2195,MIKQ1DK2026,,26D4,MRN2,dO,1600,WovFab,500,73,2026DK_026,,26,17,1,2026,3,37,55.814466,5.799,14,1,1204,,,2,3.1416,,,MCR,General Oceanics,44901,35.98,,,3921,F,,45,50,,,,,,,,,40F5,
14534,1610034,12089,12318,12366,1610034,EH,I4537,DK,2195,MIKQ1DK2026,,26D4,MRN2,dO,1600,WovFab,500,73,2026DK_026,,26,17,1,2026,3,37,55.814466,5.799,14,1,1204,,,2,3.1416,,,MCR,General Oceanics,44901,35.98,,,3921,F,,45,50,,,,,,,,,40F5,
14534,1610034,12089,12318,12366,1610034,EH,I4537,DK,2195,MIKQ1DK2026,,26D4,MRN2,dO,1600,WovFab,500,73,2026DK_026,,26,17,1,2026,3,37,55.814466,5.799,14,1,1204,,,2,3.1416,,,MCR,General Oceanics,44901,35.98,,,3921,F,,45,50,,,,,,,,,40F5,
14534,1610034,12089,12318,12366,1610034,EH,I4537,DK,2195,MIKQ1DK2026,,26D4,MRN2,dO,1600,WovFab,500,73,2026DK_026,,26,17,1,2026,3,37,55.814466,5.799,14,1,1204,,,2,3.1416,,,MCR,General Oceanics,44901,35.98,,,3921,F,,45,50,,,,,,,,,40F5,
14534,1610034,12089,12318,12366,1610034,EH,I4537,DK,2195,MIKQ1DK2026,,26D4,MRN2,dO,1600,WovFab,500,73,2026DK_026,,26,17,1,2026,3,37,55.814466,5.799,14,1,1204,,,2,3.1416,,,MCR,General Oceanics,44901,35.98,,,3921,F,,45,50,,,,,,,,,40F5,
14534,1610034,12089,12318,12366,1610034,EH,I4537,DK,2195,MIKQ1DK2026,,26D4,MRN2,dO,1600,WovFab,500,73,2026DK_026,,26,17,1,2026,3,37,55.814466,5.799,14,1,1204,,,2,3.1416,,,MCR,General Oceanics,44901,35.98,,,3921,F,,45,50,,,,,,,,,40F5,
14534,1610034,12089,12318,12366,1610034,EH,I4537,DK,2195,MIKQ1DK2026,,26D4,MRN2,dO,1600,WovFab,500,73,2026DK_026,,26,17,1,2026,3,37,55.814466,5.799,14,1,1204,,,2,3.1416,,,MCR,General Oceanics,44901,35.98,,,3921,F,,45,50,,,,,,,,,40F5,
14534,1610034,12089,12318,12366,1610034,EH,I4537,DK,2195,MIKQ1DK2026,,26D4,MRN2,dO,1600,WovFab,500,73,2026DK_026,,26,17,1,2026,3,37,55.814466,5.799,14,1,1204,,,2,3.1416,,,MCR,General Oceanics,44901,35.98,,,3921,F,,45,50,,,,,,,,,40F5,
14534,1610036,12089,12318,12366,1610036,EH,I4537,DK,2195,MIKQ1DK2026,,26D4,MRN2,dO,1600,WovFab,500,84,2026DK_028,,28,17,1,2026,20,32,55.8494,4.843583,14,17,1370,,,2,3.1416,,,MCR,General Oceanics,49377,35.98,,,4311,F,,33.3,38,,,,,,,,,40F4,
14534,1610036,12089,12318,12366,1610036,EH,I4537,DK,2195,MIKQ1DK2026,,26D4,MRN2,dO,1600,WovFab,500,84,2026DK_028,,28,17,1,2026,20,32,55.8494,4.843583,14,17,1370,,,2,3.1416,,,MCR,General Oceanics,49377,35.98,,,4311,F,,33.3,38,,,,,,,,,40F4,
14534,1610036,12089,12318,12366,1610036,EH,I4537,DK,2195,MIKQ1DK2026,,26D4,MRN2,dO,1600,WovFab,500,84,2026DK_028,,28,17,1,2026,20,32,55.8494,4.843583,14,17,1370,,,2,3.1416,,,MCR,General Oceanics,49377,35.98,,,4311,F,,33.3,38,,,,,,,,,40F4,
14534,1610037,12089,12318,12366,1610037,EH,I4537,DK,2195,MIKQ1DK2026,,26D4,MRN2,dO,1600,WovFab,500,85,2026DK_029,,29,17,1,2026,22,11,55.62055,4.691766,11,38,1056,,,2,3.1416,,,MCR,General Oceanics,31618,35.98,,,2761,F,,31.4,36,,,,,,,,,40F4,
14534,1610037,12089,12318,12366,1610037,EH,I4537,DK,2195,MIKQ1DK2026,,26D4,MRN2,dO,1600,WovFab,500,85,2026DK_029,,29,17,1,2026,22,11,55.62055,4.691766,11,38,1056,,,2,3.1416,,,MCR,General Oceanics,31618,35.98,,,2761,F,,31.4,36,,,,,,,,,40F4,
14534,1610037,12089,12318,12366,1610037,EH,I4537,DK,2195,MIKQ1DK2026,,26D4,MRN2,dO,1600,WovFab,500,85,2026DK_029,,29,17,1,2026,22,11,55.62055,4.691766,11,38,1056,,,2,3.1416,,,MCR,General Oceanics,31618,35.98,,,2761,F,,31.4,36,,,,,,,,,40F4,
14534,1610037,12089,12318,12366,1610037,EH,I4537,DK,2195,MIKQ1DK2026,,26D4,MRN2,dO,1600,WovFab,500,85,2026DK_029,,29,17,1,2026,22,11,55.62055,4.691766,11,38,1056,,,2,3.1416,,,MCR,General Oceanics,31618,35.98,,,2761,F,,31.4,36,,,,,,,,,40F4,
14534,1610037,12089,12318,12366,1610037,EH,I4537,DK,2195,MIKQ1DK2026,,26D4,MRN2,dO,1600,WovFab,500,85,2026DK_029,,29,17,1,2026,22,11,55.62055,4.691766,11,38,1056,,,2,3.1416,,,MCR,General Oceanics,31618,35.98,,,2761,F,,31.4,36,,,,,,,,,40F4,
14534,1610037,12089,12318,12366,1610037,EH,I4537,DK,2195,MIKQ1DK2026,,26D4,MRN2,dO,1600,WovFab,500,85,2026DK_029,,29,17,1,2026,22,11,55.62055,4.691766,11,38,1056,,,2,3.1416,,,MCR,General Oceanics,31618,35.98,,,2761,F,,31.4,36,,,,,,,,,40F4,
14534,1610037,12089,12318,12366,1610037,EH,I4537,DK,2195,MIKQ1DK2026,,26D4,MRN2,dO,1600,WovFab,500,85,2026DK_029,,29,17,1,2026,22,11,55.62055,4.691766,11,38,1056,,,2,3.1416,,,MCR,General Oceanics,31618,35.98,,,2761,F,,31.4,36,,,,,,,,,40F4,
14534,1610037,12089,12318,12366,1610037,EH,I4537,DK,2195,MIKQ1DK2026,,26D4,MRN2,dO,1600,WovFab,500,85,2026DK_029,,29,17,1,2026,22,11,55.62055,4.691766,11,38,1056,,,2,3.1416,,,MCR,General Oceanics,31618,35.98,,,2761,F,,31.4,36,,,,,,,,,40F4,
14534,1610038,12089,12318,12366,1610038,EH,I4537,DK,2195,MIKQ1DK2026,,26D4,MRN2,dO,1600,WovFab,500,86,2026DK_030,,30,17,1,2026,23,42,55.406183,4.536566,15,16,1519,,,2,3.1416,,,MCR,General Oceanics,57199,35.98,,,4994,F,,38.6,44,,,,,,,,,39F4,
14534,1610038,12089,12318,12366,1610038,EH,I4537,DK,2195,MIKQ1DK2026,,26D4,MRN2,dO,1600,WovFab,500,86,2026DK_030,,30,17,1,2026,23,42,55.406183,4.536566,15,16,1519,,,2,3.1416,,,MCR,General Oceanics,57199,35.98,,,4994,F,,38.6,44,,,,,,,,,39F4,
14534,1610038,12089,12318,12366,1610038,EH,I4537,DK,2195,MIKQ1DK2026,,26D4,MRN2,dO,1600,WovFab,500,86,2026DK_030,,30,17,1,2026,23,42,55.406183,4.536566,15,16,1519,,,2,3.1416,,,MCR,General Oceanics,57199,35.98,,,4994,F,,38.6,44,,,,,,,,,39F4,
14534,1610038,12089,12318,12366,1610038,EH,I4537,DK,2195,MIKQ1DK2026,,26D4,MRN2,dO,1600,WovFab,500,86,2026DK_030,,30,17,1,2026,23,42,55.406183,4.536566,15,16,1519,,,2,3.1416,,,MCR,General Oceanics,57199,35.98,,,4994,F,,38.6,44,,,,,,,,,39F4,
14534,1610038,12089,12318,12366,1610038,EH,I4537,DK,2195,MIKQ1DK2026,,26D4,MRN2,dO,1600,WovFab,500,86,2026DK_030,,30,17,1,2026,23,42,55.406183,4.536566,15,16,1519,,,2,3.1416,,,MCR,General Oceanics,57199,35.98,,,4994,F,,38.6,44,,,,,,,,,39F4,
14534,1610038,12089,12318,12366,1610038,EH,I4537,DK,2195,MIKQ1DK2026,,26D4,MRN2,dO,1600,WovFab,500,86,2026DK_030,,30,17,1,2026,23,42,55.406183,4.536566,15,16,1519,,,2,3.1416,,,MCR,General Oceanics,57199,35.98,,,4994,F,,38.6,44,,,,,,,,,39F4,
14534,1610038,12089,12318,12366,1610038,EH,I4537,DK,2195,MIKQ1DK2026,,26D4,MRN2,dO,1600,WovFab,500,86,2026DK_030,,30,17,1,2026,23,42,55.406183,4.536566,15,16,1519,,,2,3.1416,,,MCR,General Oceanics,57199,35.98,,,4994,F,,38.6,44,,,,,,,,,39F4,
14534,1610038,12089,12318,12366,1610038,EH,I4537,DK,2195,MIKQ1DK2026,,26D4,MRN2,dO,1600,WovFab,500,86,2026DK_030,,30,17,1,2026,23,42,55.406183,4.536566,15,16,1519,,,2,3.1416,,,MCR,General Oceanics,57199,35.98,,,4994,F,,38.6,44,,,,,,,,,39F4,
14534,1610038,12089,12318,12366,1610038,EH,I4537,DK,2195,MIKQ1DK2026,,26D4,MRN2,dO,1600,WovFab,500,86,2026DK_030,,30,17,1,2026,23,42,55.406183,4.536566,15,16,1519,,,2,3.1416,,,MCR,General Oceanics,57199,35.98,,,4994,F,,38.6,44,,,,,,,,,39F4,
14534,1610038,12089,12318,12366,1610038,EH,I4537,DK,2195,MIKQ1DK2026,,26D4,MRN2,dO,1600,WovFab,500,86,2026DK_030,,30,17,1,2026,23,42,55.406183,4.536566,15,16,1519,,,2,3.1416,,,MCR,General Oceanics,57199,35.98,,,4994,F,,38.6,44,,,,,,,,,39F4,
14534,1610038,12089,12318,12366,1610038,EH,I4537,DK,2195,MIKQ1DK2026,,26D4,MRN2,dO,1600,WovFab,500,86,2026DK_030,,30,17,1,2026,23,42,55.406183,4.536566,15,16,1519,,,2,3.1416,,,MCR,General Oceanics,57199,35.98,,,4994,F,,38.6,44,,,,,,,,,39F4,
14534,1610038,12089,12318,12366,1610038,EH,I4537,DK,2195,MIKQ1DK2026,,26D4,MRN2,dO,1600,WovFab,500,86,2026DK_030,,30,17,1,2026,23,42,55.406183,4.536566,15,16,1519,,,2,3.1416,,,MCR,General Oceanics,57199,35.98,,,4994,F,,38.6,44,,,,,,,,,39F4,
14534,1610039,12089,12318,12366,1610039,EH,I4537,DK,2195,MIKQ1DK2026,,26D4,MRN2,dO,1600,WovFab,500,89,2026DK_031,,31,18,1,2026,2,48,55.409016,4.83865,11,50,1056,,,2,3.1416,,,MCR,General Oceanics,38625,35.98,,,3373,F,,39.4,44,,,,,,,,,39F4,
14534,1610039,12089,12318,12366,1610039,EH,I4537,DK,2195,MIKQ1DK2026,,26D4,MRN2,dO,1600,WovFab,500,89,2026DK_031,,31,18,1,2026,2,48,55.409016,4.83865,11,50,1056,,,2,3.1416,,,MCR,General Oceanics,38625,35.98,,,3373,F,,39.4,44,,,,,,,,,39F4,
14534,1610039,12089,12318,12366,1610039,EH,I4537,DK,2195,MIKQ1DK2026,,26D4,MRN2,dO,1600,WovFab,500,89,2026DK_031,,31,18,1,2026,2,48,55.409016,4.83865,11,50,1056,,,2,3.1416,,,MCR,General Oceanics,38625,35.98,,,3373,F,,39.4,44,,,,,,,,,39F4,
14534,1610039,12089,12318,12366,1610039,EH,I4537,DK,2195,MIKQ1DK2026,,26D4,MRN2,dO,1600,WovFab,500,89,2026DK_031,,31,18,1,2026,2,48,55.409016,4.83865,11,50,1056,,,2,3.1416,,,MCR,General Oceanics,38625,35.98,,,3373,F,,39.4,44,,,,,,,,,39F4,
14534,1610039,12089,12318,12366,1610039,EH,I4537,DK,2195,MIKQ1DK2026,,26D4,MRN2,dO,1600,WovFab,500,89,2026DK_031,,31,18,1,2026,2,48,55.409016,4.83865,11,50,1056,,,2,3.1416,,,MCR,General Oceanics,38625,35.98,,,3373,F,,39.4,44,,,,,,,,,39F4,
14534,1610039,12089,12318,12366,1610039,EH,I4537,DK,2195,MIKQ1DK2026,,26D4,MRN2,dO,1600,WovFab,500,89,2026DK_031,,31,18,1,2026,2,48,55.409016,4.83865,11,50,1056,,,2,3.1416,,,MCR,General Oceanics,38625,35.98,,,3373,F,,39.4,44,,,,,,,,,39F4,
14534,1610039,12089,12318,12366,1610039,EH,I4537,DK,2195,MIKQ1DK2026,,26D4,MRN2,dO,1600,WovFab,500,89,2026DK_031,,31,18,1,2026,2,48,55.409016,4.83865,11,50,1056,,,2,3.1416,,,MCR,General Oceanics,38625,35.98,,,3373,F,,39.4,44,,,,,,,,,39F4,
14534,1610039,12089,12318,12366,1610039,EH,I4537,DK,2195,MIKQ1DK2026,,26D4,MRN2,dO,1600,WovFab,500,89,2026DK_031,,31,18,1,2026,2,48,55.409016,4.83865,11,50,1056,,,2,3.1416,,,MCR,General Oceanics,38625,35.98,,,3373,F,,39.4,44,,,,,,,,,39F4,
14534,1610039,12089,12318,12366,1610039,EH,I4537,DK,2195,MIKQ1DK2026,,26D4,MRN2,dO,1600,WovFab,500,89,2026DK_031,,31,18,1,2026,2,48,55.409016,4.83865,11,50,1056,,,2,3.1416,,,MCR,General Oceanics,38625,35.98,,,3373,F,,39.4,44,,,,,,,,,39F4,
14534,1610039,12089,12318,12366,1610039,EH,I4537,DK,2195,MIKQ1DK2026,,26D4,MRN2,dO,1600,WovFab,500,89,2026DK_031,,31,18,1,2026,2,48,55.409016,4.83865,11,50,1056,,,2,3.1416,,,MCR,General Oceanics,38625,35.98,,,3373,F,,39.4,44,,,,,,,,,39F4,
14534,1610039,12089,12318,12366,1610039,EH,I4537,DK,2195,MIKQ1DK2026,,26D4,MRN2,dO,1600,WovFab,500,89,2026DK_031,,31,18,1,2026,2,48,55.409016,4.83865,11,50,1056,,,2,3.1416,,,MCR,General Oceanics,38625,35.98,,,3373,F,,39.4,44,,,,,,,,,39F4,
14534,1610039,12089,12318,12366,1610039,EH,I4537,DK,2195,MIKQ1DK2026,,26D4,MRN2,dO,1600,WovFab,500,89,2026DK_031,,31,18,1,2026,2,48,55.409016,4.83865,11,50,1056,,,2,3.1416,,,MCR,General Oceanics,38625,35.98,,,3373,F,,39.4,44,,,,,,,,,39F4,
14534,1610039,12089,12318,12366,1610039,EH,I4537,DK,2195,MIKQ1DK2026,,26D4,MRN2,dO,1600,WovFab,500,89,2026DK_031,,31,18,1,2026,2,48,55.409016,4.83865,11,50,1056,,,2,3.1416,,,MCR,General Oceanics,38625,35.98,,,3373,F,,39.4,44,,,,,,,,,39F4,
14534,1610039,12089,12318,12366,1610039,EH,I4537,DK,2195,MIKQ1DK2026,,26D4,MRN2,dO,1600,WovFab,500,89,2026DK_031,,31,18,1,2026,2,48,55.409016,4.83865,11,50,1056,,,2,3.1416,,,MCR,General Oceanics,38625,35.98,,,3373,F,,39.4,44,,,,,,,,,39F4,
14534,1610039,12089,12318,12366,1610039,EH,I4537,DK,2195,MIKQ1DK2026,,26D4,MRN2,dO,1600,WovFab,500,89,2026DK_031,,31,18,1,2026,2,48,55.409016,4.83865,11,50,1056,,,2,3.1416,,,MCR,General Oceanics,38625,35.98,,,3373,F,,39.4,44,,,,,,,,,39F4,
14534,1610040,12089,12318,12366,1610040,EH,I4537,DK,2195,MIKQ1DK2026,,26D4,MRN2,dO,1600,WovFab,500,96,2026DK_032,,32,18,1,2026,18,24,55.2427,3.857833,14,38,1463,,,2,3.1416,,,MCR,General Oceanics,51081,35.98,,,4460,F,,37.1,42,,,,,,,,,39F3,
14534,1610040,12089,12318,12366,1610040,EH,I4537,DK,2195,MIKQ1DK2026,,26D4,MRN2,dO,1600,WovFab,500,96,2026DK_032,,32,18,1,2026,18,24,55.2427,3.857833,14,38,1463,,,2,3.1416,,,MCR,General Oceanics,51081,35.98,,,4460,F,,37.1,42,,,,,,,,,39F3,
14534,1610040,12089,12318,12366,1610040,EH,I4537,DK,2195,MIKQ1DK2026,,26D4,MRN2,dO,1600,WovFab,500,96,2026DK_032,,32,18,1,2026,18,24,55.2427,3.857833,14,38,1463,,,2,3.1416,,,MCR,General Oceanics,51081,35.98,,,4460,F,,37.1,42,,,,,,,,,39F3,
14534,1610040,12089,12318,12366,1610040,EH,I4537,DK,2195,MIKQ1DK2026,,26D4,MRN2,dO,1600,WovFab,500,96,2026DK_032,,32,18,1,2026,18,24,55.2427,3.857833,14,38,1463,,,2,3.1416,,,MCR,General Oceanics,51081,35.98,,,4460,F,,37.1,42,,,,,,,,,39F3,
14534,1610040,12089,12318,12366,1610040,EH,I4537,DK,2195,MIKQ1DK2026,,26D4,MRN2,dO,1600,WovFab,500,96,2026DK_032,,32,18,1,2026,18,24,55.2427,3.857833,14,38,1463,,,2,3.1416,,,MCR,General Oceanics,51081,35.98,,,4460,F,,37.1,42,,,,,,,,,39F3,
14534,1610040,12089,12318,12366,1610040,EH,I4537,DK,2195,MIKQ1DK2026,,26D4,MRN2,dO,1600,WovFab,500,96,2026DK_032,,32,18,1,2026,18,24,55.2427,3.857833,14,38,1463,,,2,3.1416,,,MCR,General Oceanics,51081,35.98,,,4460,F,,37.1,42,,,,,,,,,39F3,
14534,1610040,12089,12318,12366,1610040,EH,I4537,DK,2195,MIKQ1DK2026,,26D4,MRN2,dO,1600,WovFab,500,96,2026DK_032,,32,18,1,2026,18,24,55.2427,3.857833,14,38,1463,,,2,3.1416,,,MCR,General Oceanics,51081,35.98,,,4460,F,,37.1,42,,,,,,,,,39F3,
14534,1610040,12089,12318,12366,1610040,EH,I4537,DK,2195,MIKQ1DK2026,,26D4,MRN2,dO,1600,WovFab,500,96,2026DK_032,,32,18,1,2026,18,24,55.2427,3.857833,14,38,1463,,,2,3.1416,,,MCR,General Oceanics,51081,35.98,,,4460,F,,37.1,42,,,,,,,,,39F3,
14534,1610040,12089,12318,12366,1610040,EH,I4537,DK,2195,MIKQ1DK2026,,26D4,MRN2,dO,1600,WovFab,500,96,2026DK_032,,32,18,1,2026,18,24,55.2427,3.857833,14,38,1463,,,2,3.1416,,,MCR,General Oceanics,51081,35.98,,,4460,F,,37.1,42,,,,,,,,,39F3,
14534,1610040,12089,12318,12366,1610040,EH,I4537,DK,2195,MIKQ1DK2026,,26D4,MRN2,dO,1600,WovFab,500,96,2026DK_032,,32,18,1,2026,18,24,55.2427,3.857833,14,38,1463,,,2,3.1416,,,MCR,General Oceanics,51081,35.98,,,4460,F,,37.1,42,,,,,,,,,39F3,
14534,1610041,12089,12318,12366,1610041,EH,I4537,DK,2195,MIKQ1DK2026,,26D4,MRN2,dO,1600,WovFab,500,97,2026DK_033,,33,18,1,2026,19,37,55.41285,3.855466,12,41,1204,,,2,3.1416,,,MCR,General Oceanics,45415,35.98,,,3965,F,,24.8,30,,,,,,,,,39F3,
14534,1610041,12089,12318,12366,1610041,EH,I4537,DK,2195,MIKQ1DK2026,,26D4,MRN2,dO,1600,WovFab,500,97,2026DK_033,,33,18,1,2026,19,37,55.41285,3.855466,12,41,1204,,,2,3.1416,,,MCR,General Oceanics,45415,35.98,,,3965,F,,24.8,30,,,,,,,,,39F3,
14534,1610041,12089,12318,12366,1610041,EH,I4537,DK,2195,MIKQ1DK2026,,26D4,MRN2,dO,1600,WovFab,500,97,2026DK_033,,33,18,1,2026,19,37,55.41285,3.855466,12,41,1204,,,2,3.1416,,,MCR,General Oceanics,45415,35.98,,,3965,F,,24.8,30,,,,,,,,,39F3,
14534,1610041,12089,12318,12366,1610041,EH,I4537,DK,2195,MIKQ1DK2026,,26D4,MRN2,dO,1600,WovFab,500,97,2026DK_033,,33,18,1,2026,19,37,55.41285,3.855466,12,41,1204,,,2,3.1416,,,MCR,General Oceanics,45415,35.98,,,3965,F,,24.8,30,,,,,,,,,39F3,
14534,1610041,12089,12318,12366,1610041,EH,I4537,DK,2195,MIKQ1DK2026,,26D4,MRN2,dO,1600,WovFab,500,97,2026DK_033,,33,18,1,2026,19,37,55.41285,3.855466,12,41,1204,,,2,3.1416,,,MCR,General Oceanics,45415,35.98,,,3965,F,,24.8,30,,,,,,,,,39F3,
14534,1610041,12089,12318,12366,1610041,EH,I4537,DK,2195,MIKQ1DK2026,,26D4,MRN2,dO,1600,WovFab,500,97,2026DK_033,,33,18,1,2026,19,37,55.41285,3.855466,12,41,1204,,,2,3.1416,,,MCR,General Oceanics,45415,35.98,,,3965,F,,24.8,30,,,,,,,,,39F3,
14534,1610041,12089,12318,12366,1610041,EH,I4537,DK,2195,MIKQ1DK2026,,26D4,MRN2,dO,1600,WovFab,500,97,2026DK_033,,33,18,1,2026,19,37,55.41285,3.855466,12,41,1204,,,2,3.1416,,,MCR,General Oceanics,45415,35.98,,,3965,F,,24.8,30,,,,,,,,,39F3,
14534,1610041,12089,12318,12366,1610041,EH,I4537,DK,2195,MIKQ1DK2026,,26D4,MRN2,dO,1600,WovFab,500,97,2026DK_033,,33,18,1,2026,19,37,55.41285,3.855466,12,41,1204,,,2,3.1416,,,MCR,General Oceanics,45415,35.98,,,3965,F,,24.8,30,,,,,,,,,39F3,
14534,1610041,12089,12318,12366,1610041,EH,I4537,DK,2195,MIKQ1DK2026,,26D4,MRN2,dO,1600,WovFab,500,97,2026DK_033,,33,18,1,2026,19,37,55.41285,3.855466,12,41,1204,,,2,3.1416,,,MCR,General Oceanics,45415,35.98,,,3965,F,,24.8,30,,,,,,,,,39F3,
14534,1610041,12089,12318,12366,1610041,EH,I4537,DK,2195,MIKQ1DK2026,,26D4,MRN2,dO,1600,WovFab,500,97,2026DK_033,,33,18,1,2026,19,37,55.41285,3.855466,12,41,1204,,,2,3.1416,,,MCR,General Oceanics,45415,35.98,,,3965,F,,24.8,30,,,,,,,,,39F3,
14534,1610041,12089,12318,12366,1610041,EH,I4537,DK,2195,MIKQ1DK2026,,26D4,MRN2,dO,1600,WovFab,500,97,2026DK_033,,33,18,1,2026,19,37,55.41285,3.855466,12,41,1204,,,2,3.1416,,,MCR,General Oceanics,45415,35.98,,,3965,F,,24.8,30,,,,,,,,,39F3,
14534,1610041,12089,12318,12366,1610041,EH,I4537,DK,2195,MIKQ1DK2026,,26D4,MRN2,dO,1600,WovFab,500,97,2026DK_033,,33,18,1,2026,19,37,55.41285,3.855466,12,41,1204,,,2,3.1416,,,MCR,General Oceanics,45415,35.98,,,3965,F,,24.8,30,,,,,,,,,39F3,
14534,1610041,12089,12318,12366,1610041,EH,I4537,DK,2195,MIKQ1DK2026,,26D4,MRN2,dO,1600,WovFab,500,97,2026DK_033,,33,18,1,2026,19,37,55.41285,3.855466,12,41,1204,,,2,3.1416,,,MCR,General Oceanics,45415,35.98,,,3965,F,,24.8,30,,,,,,,,,39F3,
14534,1610041,12089,12318,12366,1610041,EH,I4537,DK,2195,MIKQ1DK2026,,26D4,MRN2,dO,1600,WovFab,500,97,2026DK_033,,33,18,1,2026,19,37,55.41285,3.855466,12,41,1204,,,2,3.1416,,,MCR,General Oceanics,45415,35.98,,,3965,F,,24.8,30,,,,,,,,,39F3,
14534,1610042,12089,12318,12366,1610042,EH,I4537,DK,2195,MIKQ1DK2026,,26D4,MRN2,dO,1600,WovFab,500,98,2026DK_034,,34,18,1,2026,20,54,55.5935,3.85505,13,20,1296,,,2,3.1416,,,MCR,General Oceanics,47407,35.98,,,4139,F,,31.6,37,,,,,,,,,40F3,
14534,1610042,12089,12318,12366,1610042,EH,I4537,DK,2195,MIKQ1DK2026,,26D4,MRN2,dO,1600,WovFab,500,98,2026DK_034,,34,18,1,2026,20,54,55.5935,3.85505,13,20,1296,,,2,3.1416,,,MCR,General Oceanics,47407,35.98,,,4139,F,,31.6,37,,,,,,,,,40F3,
14534,1610042,12089,12318,12366,1610042,EH,I4537,DK,2195,MIKQ1DK2026,,26D4,MRN2,dO,1600,WovFab,500,98,2026DK_034,,34,18,1,2026,20,54,55.5935,3.85505,13,20,1296,,,2,3.1416,,,MCR,General Oceanics,47407,35.98,,,4139,F,,31.6,37,,,,,,,,,40F3,
14534,1610042,12089,12318,12366,1610042,EH,I4537,DK,2195,MIKQ1DK2026,,26D4,MRN2,dO,1600,WovFab,500,98,2026DK_034,,34,18,1,2026,20,54,55.5935,3.85505,13,20,1296,,,2,3.1416,,,MCR,General Oceanics,47407,35.98,,,4139,F,,31.6,37,,,,,,,,,40F3,
14534,1610042,12089,12318,12366,1610042,EH,I4537,DK,2195,MIKQ1DK2026,,26D4,MRN2,dO,1600,WovFab,500,98,2026DK_034,,34,18,1,2026,20,54,55.5935,3.85505,13,20,1296,,,2,3.1416,,,MCR,General Oceanics,47407,35.98,,,4139,F,,31.6,37,,,,,,,,,40F3,
14534,1610042,12089,12318,12366,1610042,EH,I4537,DK,2195,MIKQ1DK2026,,26D4,MRN2,dO,1600,WovFab,500,98,2026DK_034,,34,18,1,2026,20,54,55.5935,3.85505,13,20,1296,,,2,3.1416,,,MCR,General Oceanics,47407,35.98,,,4139,F,,31.6,37,,,,,,,,,40F3,
14534,1610042,12089,12318,12366,1610042,EH,I4537,DK,2195,MIKQ1DK2026,,26D4,MRN2,dO,1600,WovFab,500,98,2026DK_034,,34,18,1,2026,20,54,55.5935,3.85505,13,20,1296,,,2,3.1416,,,MCR,General Oceanics,47407,35.98,,,4139,F,,31.6,37,,,,,,,,,40F3,
14534,1610042,12089,12318,12366,1610042,EH,I4537,DK,2195,MIKQ1DK2026,,26D4,MRN2,dO,1600,WovFab,500,98,2026DK_034,,34,18,1,2026,20,54,55.5935,3.85505,13,20,1296,,,2,3.1416,,,MCR,General Oceanics,47407,35.98,,,4139,F,,31.6,37,,,,,,,,,40F3,
14534,1610042,12089,12318,12366,1610042,EH,I4537,DK,2195,MIKQ1DK2026,,26D4,MRN2,dO,1600,WovFab,500,98,2026DK_034,,34,18,1,2026,20,54,55.5935,3.85505,13,20,1296,,,2,3.1416,,,MCR,General Oceanics,47407,35.98,,,4139,F,,31.6,37,,,,,,,,,40F3,
14534,1610042,12089,12318,12366,1610042,EH,I4537,DK,2195,MIKQ1DK2026,,26D4,MRN2,dO,1600,WovFab,500,98,2026DK_034,,34,18,1,2026,20,54,55.5935,3.85505,13,20,1296,,,2,3.1416,,,MCR,General Oceanics,47407,35.98,,,4139,F,,31.6,37,,,,,,,,,40F3,
14534,1610042,12089,12318,12366,1610042,EH,I4537,DK,2195,MIKQ1DK2026,,26D4,MRN2,dO,1600,WovFab,500,98,2026DK_034,,34,18,1,2026,20,54,55.5935,3.85505,13,20,1296,,,2,3.1416,,,MCR,General Oceanics,47407,35.98,,,4139,F,,31.6,37,,,,,,,,,40F3,
14534,1610043,12089,12318,12366,1610043,EH,I4537,DK,2195,MIKQ1DK2026,,26D4,MRN2,dO,1600,WovFab,500,99,2026DK_035,,35,18,1,2026,22,5,55.763133,3.85055,15,2,1389,,,2,3.1416,,,MCR,General Oceanics,48031,35.98,,,4194,F,,38.4,43,,,,,,,,,40F3,
14534,1610043,12089,12318,12366,1610043,EH,I4537,DK,2195,MIKQ1DK2026,,26D4,MRN2,dO,1600,WovFab,500,99,2026DK_035,,35,18,1,2026,22,5,55.763133,3.85055,15,2,1389,,,2,3.1416,,,MCR,General Oceanics,48031,35.98,,,4194,F,,38.4,43,,,,,,,,,40F3,
14534,1610043,12089,12318,12366,1610043,EH,I4537,DK,2195,MIKQ1DK2026,,26D4,MRN2,dO,1600,WovFab,500,99,2026DK_035,,35,18,1,2026,22,5,55.763133,3.85055,15,2,1389,,,2,3.1416,,,MCR,General Oceanics,48031,35.98,,,4194,F,,38.4,43,,,,,,,,,40F3,
14534,1610043,12089,12318,12366,1610043,EH,I4537,DK,2195,MIKQ1DK2026,,26D4,MRN2,dO,1600,WovFab,500,99,2026DK_035,,35,18,1,2026,22,5,55.763133,3.85055,15,2,1389,,,2,3.1416,,,MCR,General Oceanics,48031,35.98,,,4194,F,,38.4,43,,,,,,,,,40F3,
14534,1610043,12089,12318,12366,1610043,EH,I4537,DK,2195,MIKQ1DK2026,,26D4,MRN2,dO,1600,WovFab,500,99,2026DK_035,,35,18,1,2026,22,5,55.763133,3.85055,15,2,1389,,,2,3.1416,,,MCR,General Oceanics,48031,35.98,,,4194,F,,38.4,43,,,,,,,,,40F3,
14534,1610043,12089,12318,12366,1610043,EH,I4537,DK,2195,MIKQ1DK2026,,26D4,MRN2,dO,1600,WovFab,500,99,2026DK_035,,35,18,1,2026,22,5,55.763133,3.85055,15,2,1389,,,2,3.1416,,,MCR,General Oceanics,48031,35.98,,,4194,F,,38.4,43,,,,,,,,,40F3,
14534,1610044,12089,12318,12366,1610044,EH,I4537,DK,2195,MIKQ1DK2026,,26D4,MRN2,dO,1600,WovFab,500,100,2026DK_036,,36,19,1,2026,0,7,56.08565,3.82485,25,8,2482,,,2,3.1416,,,MCR,General Oceanics,89502,35.98,,,7815,F,,63.4,68,,,,,,,,,41F3,
14534,1610044,12089,12318,12366,1610044,EH,I4537,DK,2195,MIKQ1DK2026,,26D4,MRN2,dO,1600,WovFab,500,100,2026DK_036,,36,19,1,2026,0,7,56.08565,3.82485,25,8,2482,,,2,3.1416,,,MCR,General Oceanics,89502,35.98,,,7815,F,,63.4,68,,,,,,,,,41F3,
14534,1610044,12089,12318,12366,1610044,EH,I4537,DK,2195,MIKQ1DK2026,,26D4,MRN2,dO,1600,WovFab,500,100,2026DK_036,,36,19,1,2026,0,7,56.08565,3.82485,25,8,2482,,,2,3.1416,,,MCR,General Oceanics,89502,35.98,,,7815,F,,63.4,68,,,,,,,,,41F3,
14534,1610044,12089,12318,12366,1610044,EH,I4537,DK,2195,MIKQ1DK2026,,26D4,MRN2,dO,1600,WovFab,500,100,2026DK_036,,36,19,1,2026,0,7,56.08565,3.82485,25,8,2482,,,2,3.1416,,,MCR,General Oceanics,89502,35.98,,,7815,F,,63.4,68,,,,,,,,,41F3,
14534,1610044,12089,12318,12366,1610044,EH,I4537,DK,2195,MIKQ1DK2026,,26D4,MRN2,dO,1600,WovFab,500,100,2026DK_036,,36,19,1,2026,0,7,56.08565,3.82485,25,8,2482,,,2,3.1416,,,MCR,General Oceanics,89502,35.98,,,7815,F,,63.4,68,,,,,,,,,41F3,
14534,1610044,12089,12318,12366,1610044,EH,I4537,DK,2195,MIKQ1DK2026,,26D4,MRN2,dO,1600,WovFab,500,100,2026DK_036,,36,19,1,2026,0,7,56.08565,3.82485,25,8,2482,,,2,3.1416,,,MCR,General Oceanics,89502,35.98,,,7815,F,,63.4,68,,,,,,,,,41F3,
14534,1610044,12089,12318,12366,1610044,EH,I4537,DK,2195,MIKQ1DK2026,,26D4,MRN2,dO,1600,WovFab,500,100,2026DK_036,,36,19,1,2026,0,7,56.08565,3.82485,25,8,2482,,,2,3.1416,,,MCR,General Oceanics,89502,35.98,,,7815,F,,63.4,68,,,,,,,,,41F3,
14534,1610045,12089,12318,12366,1610045,EH,I4537,DK,2195,MIKQ1DK2026,,26D4,MRN2,dO,1600,WovFab,500,101,2026DK_037,,37,19,1,2026,1,32,56.261866,3.823766,22,53,2130,,,2,3.1416,,,MCR,General Oceanics,74838,35.98,,,6534,F,,63.5,69,,,,,,,,,41F3,
14534,1610045,12089,12318,12366,1610045,EH,I4537,DK,2195,MIKQ1DK2026,,26D4,MRN2,dO,1600,WovFab,500,101,2026DK_037,,37,19,1,2026,1,32,56.261866,3.823766,22,53,2130,,,2,3.1416,,,MCR,General Oceanics,74838,35.98,,,6534,F,,63.5,69,,,,,,,,,41F3,
14534,1610045,12089,12318,12366,1610045,EH,I4537,DK,2195,MIKQ1DK2026,,26D4,MRN2,dO,1600,WovFab,500,101,2026DK_037,,37,19,1,2026,1,32,56.261866,3.823766,22,53,2130,,,2,3.1416,,,MCR,General Oceanics,74838,35.98,,,6534,F,,63.5,69,,,,,,,,,41F3,
14534,1610045,12089,12318,12366,1610045,EH,I4537,DK,2195,MIKQ1DK2026,,26D4,MRN2,dO,1600,WovFab,500,101,2026DK_037,,37,19,1,2026,1,32,56.261866,3.823766,22,53,2130,,,2,3.1416,,,MCR,General Oceanics,74838,35.98,,,6534,F,,63.5,69,,,,,,,,,41F3,
14534,1610045,12089,12318,12366,1610045,EH,I4537,DK,2195,MIKQ1DK2026,,26D4,MRN2,dO,1600,WovFab,500,101,2026DK_037,,37,19,1,2026,1,32,56.261866,3.823766,22,53,2130,,,2,3.1416,,,MCR,General Oceanics,74838,35.98,,,6534,F,,63.5,69,,,,,,,,,41F3,
14533,1609971,12093,12276,12366,1609971,EH,I4537,NO,1351,MIKQ1NO2026,,58G2,MRN2,,1600,WovFab,500,189,2026NO_189,,,16,2,2026,20,27,57.588711,3.253755,12,6,1107.5,,,,3.1416,,,MCR,HydroBios,4435,3.644719566,,,3910.586273,F,,57,65,,,,,,,,,44F3,
14533,1609972,12093,12276,12366,1609972,EH,I4537,NO,1351,MIKQ1NO2026,,58G2,MRN2,,1600,WovFab,500,190,2026NO_190,,,16,2,2026,22,0,57.755401,3.171929,11,34,1026.01,,,,3.1416,,,MCR,HydroBios,3916,3.644719566,,,3452.955095,F,,60,65,,,,,,,,,44F3,
14533,1609973,12093,12276,12366,1609973,EH,I4537,NO,1351,MIKQ1NO2026,,58G2,MRN2,,1600,WovFab,500,191,2026NO_191,,,16,2,2026,23,42,57.757644,2.80283,14,6,1288.99,,,,3.1416,,,MCR,HydroBios,5465,3.644719566,,,4818.794585,F,,59,65,,,,,,,,,44F2,
14533,1609974,12093,12276,12366,1609974,EH,I4537,NO,1351,MIKQ1NO2026,,58G2,MRN2,,1600,WovFab,500,192,2026NO_192,,,17,2,2026,1,17,57.587834,2.782859,10,16,987.116,,,,3.1416,,,MCR,HydroBios,3001,3.644719566,,,2646.148682,F,,58,65,,,,,,,,,44F2,
14533,1609975,12093,12276,12366,1609975,EH,I4537,NO,1351,MIKQ1NO2026,,58G2,MRN2,,1600,WovFab,500,193,2026NO_193,,,17,2,2026,2,47,57.416219,2.744257,11,28,927.852,,,,3.1416,,,MCR,HydroBios,3838,3.644719566,,,3384.178155,F,,65,69,,,,,,,,,43F2,
14533,1609976,12093,12276,12366,1609976,EH,I4537,NO,1351,MIKQ1NO2026,,58G2,MRN2,,1600,WovFab,500,194,2026NO_194,,,17,2,2026,4,27,57.292906,2.522887,14,41,1357.52,,,,3.1416,,,MCR,HydroBios,4503,3.644719566,,,3970.545657,F,,77,79,,,,,,,,,43F2,
14533,1609977,12093,12276,12366,1609977,EH,I4537,NO,1351,MIKQ1NO2026,,58G2,MRN2,,1600,WovFab,500,197,2026NO_197,,,17,2,2026,17,33,57.671608,4.189807,17,1,1587.16,,,,3.1416,,,MCR,HydroBios,5631,3.644719566,,,4965.166021,F,,66,70,,,,,,,,,44F4,
14533,1609978,12093,12276,12366,1609978,EH,I4537,NO,1351,MIKQ1NO2026,,58G2,MRN2,,1600,WovFab,500,198,2026NO_198,,,17,2,2026,19,14,57.600628,4.528459,16,33,1533.46,,,,3.1416,,,MCR,HydroBios,6524,3.644719566,,,5752.57381,F,,66,72,,,,,,,,,44F4,
14533,1609979,12093,12276,12366,1609979,EH,I4537,NO,1351,MIKQ1NO2026,,58G2,MRN2,,1600,WovFab,500,199,2026NO_199,,,17,2,2026,20,58,57.412511,4.690699,17,22,1703.84,,,,3.1416,,,MCR,HydroBios,6573,3.644719566,,,5795.779836,F,,65,71,,,,,,,,,43F4,
14533,1609980,12093,12276,12366,1609980,EH,I4537,NO,1351,MIKQ1NO2026,,58G2,MRN2,,1600,WovFab,500,200,2026NO_200,,,17,2,2026,22,29,57.232755,4.827339,11,3,1138.98,,,,3.1416,,,MCR,HydroBios,4004,3.644719566,,,3530.549592,F,,45,51,,,,,,,,,43F4,
14533,1609981,12093,12276,12366,1609981,EH,I4537,NO,1351,MIKQ1NO2026,,58G2,MRN2,,1600,WovFab,500,201,2026NO_201,,,17,2,2026,23,55,57.229202,5.163209,10,51,1042.68,,,,3.1416,,,MCR,HydroBios,3153,3.644719566,,,2780.17554,F,,55,61,,,,,,,,,43F5,
14533,1609982,12093,12276,12366,1609982,EH,I4537,NO,1351,MIKQ1NO2026,,58G2,MRN2,,1600,WovFab,500,202,2026NO_202,,,18,2,2026,1,20,57.078761,5.335893,11,29,1111.2,,,,3.1416,,,MCR,HydroBios,3624,3.644719566,,,3195.482447,F,,50,56,,,,,,,,,43F5,
14533,1609983,12093,12276,12366,1609983,EH,I4537,NO,1351,MIKQ1NO2026,,58G2,MRN2,,1600,WovFab,500,207,2026NO_207,,,19,2,2026,5,12,59.107668,1.828165,23,57,2303.89,,,,3.1416,,,MCR,HydroBios,8326,3.644719566,,,7341.497477,F,,105,113,,,,,,,,,47F1,
14533,1609984,12093,12276,12366,1609984,EH,I4537,NO,1351,MIKQ1NO2026,,58G2,MRN2,,1600,WovFab,500,211,2026NO_211,,,20,2,2026,21,54,59.755749,0.177198,19,47,1883.48,,,,3.1416,,,MCR,HydroBios,6527,3.644719566,,,5755.219077,F,,98,117,,,,,,,,,48F0,
14533,1609985,12093,12276,12366,1609985,EH,I4537,NO,1351,MIKQ1NO2026,,58G2,MRN2,,1600,WovFab,500,212,2026NO_212,,,20,2,2026,23,36,59.596698,0.364918,18,6,1733.47,,,,3.1416,,,MCR,HydroBios,5956,3.644719566,,,5251.736605,F,,100,132,,,,,,,,,48F0,
14533,1609986,12093,12276,12366,1609986,EH,I4537,NO,1351,MIKQ1NO2026,,58G2,MRN2,,1600,WovFab,500,213,2026NO_213,,,21,2,2026,1,15,59.414448,0.408419,20,47,1950.16,,,,3.1416,,,MCR,HydroBios,6911,3.644719566,,,6093.813244,F,,101,137,,,,,,,,,47F0,
14533,1609987,12093,12276,12366,1609987,EH,I4537,NO,1351,MIKQ1NO2026,,58G2,MRN2,,1600,WovFab,500,214,2026NO_214,,,21,2,2026,3,0,59.412478,0.801077,20,20,1852,,,,3.1416,,,MCR,HydroBios,6645,3.644719566,,,5859.266243,F,,104,126,,,,,,,,,47F0,
14533,1609989,12093,12276,12366,1609989,EH,I4537,NO,1351,MIKQ1NO2026,,58G2,MRN2,,1600,WovFab,500,216,2026NO_216,,,21,2,2026,6,17,59.588552,1.272248,17,40,1622.35,,,,3.1416,,,MCR,HydroBios,5592,3.644719566,,,4930.777551,F,,96,101,,,,,,,,,48F1,
14533,1609990,12093,12276,12366,1609990,EH,I4537,NO,1351,MIKQ1NO2026,,58G2,MRN2,,1600,WovFab,500,219,2026NO_219,,,21,2,2026,17,53,59.88608,1.168818,17,39,1701.99,,,,3.1416,,,MCR,HydroBios,5382,3.644719566,,,4745.608867,F,,100,124,,,,,,,,,48F1,
14533,1609991,12093,12276,12366,1609991,EH,I4537,NO,1351,MIKQ1NO2026,,58G2,MRN2,,1600,WovFab,500,220,2026NO_220,,,21,2,2026,19,29,60.092535,1.178414,16,21,1566.79,,,,3.1416,,,MCR,HydroBios,4858,3.644719566,,,4283.56891,F,,101,131,,,,,,,,,49F1,
14533,1609992,12093,12276,12366,1609992,EH,I4537,NO,1351,MIKQ1NO2026,,58G2,MRN2,,1600,WovFab,500,221,2026NO_221,,,21,2,2026,20,59,60.281995,1.186507,17,2,1651.98,,,,3.1416,,,MCR,HydroBios,5031,3.644719566,,,4436.112636,F,,103,146,,,,,,,,,49F1,
14533,1609993,12093,12276,12366,1609993,EH,I4537,NO,1351,MIKQ1NO2026,,58G2,MRN2,,1600,WovFab,500,222,2026NO_222,,,21,2,2026,22,40,60.269837,0.815839,21,51,2122.39,,,,3.1416,,,MCR,HydroBios,7625,3.644719566,,,6723.386772,F,,100,163,,,,,,,,,49F0,
14533,1609994,12093,12276,12366,1609994,EH,I4537,NO,1351,MIKQ1NO2026,,58G2,MRN2,,1600,WovFab,500,223,2026NO_223,,,22,2,2026,0,55,60.184655,0.294784,15,56,1466.78,,,,3.1416,,,MCR,HydroBios,4642,3.644719566,,,4093.109691,F,,100,133,,,,,,,,,49F0,
14533,1609995,12093,12276,12366,1609995,EH,I4537,NO,1351,MIKQ1NO2026,,58G2,MRN2,,1600,WovFab,500,224,2026NO_224,,,22,2,2026,3,1,60.091817,-0.192349,27,10,2766.89,,,,3.1416,,,MCR,HydroBios,10791,3.644719566,,,9515.025135,F,,100,134,,,,,,,,,49E9,
14533,1609997,12093,12276,12366,1609997,EH,I4537,NO,1351,MIKQ1NO2026,,58G2,MRN2,,1600,WovFab,500,228,2026NO_228,,,22,2,2026,17,50,60.749936,1.218423,23,23,2127.95,,,,3.1416,,,MCR,HydroBios,8454,3.644719566,,,7454.3622,F,,99,146,,,,,,,,,50F1,
14533,1609998,12093,12276,12366,1609998,EH,I4537,NO,1351,MIKQ1NO2026,,58G2,MRN2,,1600,WovFab,500,229,2026NO_229,,,22,2,2026,19,31,60.733348,1.562703,20,55,1887.19,,,,3.1416,,,MCR,HydroBios,7177,3.644719566,,,6328.360244,F,,102,142,,,,,,,,,50F1,
14533,1610000,12093,12276,12366,1610000,EH,I4537,NO,1351,MIKQ1NO2026,,58G2,MRN2,,1600,WovFab,500,231,2026NO_231,,,22,2,2026,22,45,60.916901,1.205167,21,57,2011.27,,,,3.1416,,,MCR,HydroBios,7738,3.644719566,,,6823.02516,F,,100,148,,,,,,,,,50F1,
14533,1610001,12093,12276,12366,1610001,EH,I4537,NO,1351,MIKQ1NO2026,,58G2,MRN2,,1600,WovFab,500,232,2026NO_232,,,23,2,2026,0,29,60.910465,0.822194,22,4,2079.8,,,,3.1416,,,MCR,HydroBios,8323,3.644719566,,,7338.85221,F,,100,147,,,,,,,,,50F0,
14533,1610002,12093,12276,12366,1610002,EH,I4537,NO,1351,MIKQ1NO2026,,58G2,MRN2,,1600,WovFab,500,233,2026NO_233,,,23,2,2026,2,6,60.908791,0.477229,17,12,1583.46,,,,3.1416,,,MCR,HydroBios,5528,3.644719566,,,4874.34519,F,,99,123,,,,,,,,,50F0,
14533,1610004,12093,12276,12366,1610004,EH,I4537,NO,1351,MIKQ1NO2026,,58G2,MRN2,,1600,WovFab,500,235,2026NO_235,,,23,2,2026,5,28,61.259298,0.491227,24,35,2274.26,,,,3.1416,,,MCR,HydroBios,8164,3.644719566,,,7198.653063,F,,101,168,,,,,,,,,51F0,
14533,1610005,12093,12276,12366,1610005,EH,I4537,NO,1351,MIKQ1NO2026,,58G2,MRN2,,1600,WovFab,500,240,2026NO_240,,,23,2,2026,17,36,60.89084,2.229931,20,43,2014.98,,,,3.1416,,,MCR,HydroBios,7143,3.644719566,,,6298.380553,F,,99,127,,,,,,,,,50F2,
14533,1610007,12093,12276,12366,1610007,EH,I4537,NO,1351,MIKQ1NO2026,,58G2,MRN2,,1600,WovFab,500,242,2026NO_242,,,23,2,2026,22,4,60.598079,3.177003,21,32,2050.16,,,,3.1416,,,MCR,HydroBios,7551,3.644719566,,,6658.136855,F,,101,220,,,,,,,,,50F3,
14533,1610012,12093,12276,12366,1610012,EH,I4537,NO,1351,MIKQ1NO2026,,58G2,MRN2,,1600,WovFab,500,250,2026NO_250,,,26,2,2026,21,13,61.164673,1.774447,17,28,1574.2,,,,3.1416,,,MCR,HydroBios,6029,3.644719566,,,5316.104767,F,,101,145,,,,,,,,,51F1,
14533,1609964,12093,12276,12366,1609964,EH,I4537,NO,1351,MIKQ1NO2026,,58G2,MRN2,,1600,WovFab,500,179,2026NO_179,,,14,5,2026,23,42,57.738213,5.725585,17,44,1655.69,,,,3.1416,,,MCR,HydroBios,5757,3.644719566,,,5076.267232,F,,98,133,,,,,,,,,44F5,
14534,1610014,12089,12318,12366,1610014,EH,I4537,DK,2195,MIKQ1DK2026,,26D4,MRN2,dO,1600,WovFab,500,9,2026DK_001,,1,12,1,2026,21,58,57.3895,9.5,10,32,959,,,2,3.1416,,,MCR,General Oceanics,37353,35.98,,,3261,F,,12.6,18,,,,,,,,,43F9,
14534,1610015,12089,12318,12366,1610015,EH,I4537,DK,2195,MIKQ1DK2026,,26D4,MRN2,dO,1600,WovFab,500,10,2026DK_002,,2,12,1,2026,23,18,57.406333,9.175666,11,29,1053,,,2,3.1416,,,MCR,General Oceanics,42375,35.98,,,3700,F,,17.6,23,,,,,,,,,43F9,
14534,1610016,12089,12318,12366,1610016,EH,I4537,DK,2195,MIKQ1DK2026,,26D4,MRN2,dO,1600,WovFab,500,11,2026DK_003,,3,13,1,2026,0,50,57.6,9.362166,14,26,1345,,,2,3.1416,,,MCR,General Oceanics,38317,35.98,,,3346,F,,17.4,22,,,,,,,,,44F9,
14534,1610017,12089,12318,12366,1610017,EH,I4537,DK,2195,MIKQ1DK2026,,26D4,MRN2,dO,1600,WovFab,500,12,2026DK_004,,4,13,1,2026,2,18,57.743166,9.5165,14,41,1369,,,2,3.1416,,,MCR,General Oceanics,41599,35.98,,,3632,F,,25.8,31,,,,,,,,,44F9,
14534,1610018,12089,12318,12366,1610018,EH,I4537,DK,2195,MIKQ1DK2026,,26D4,MRN2,dO,1600,WovFab,500,21,2026DK_005,,5,13,1,2026,18,49,57.427916,8.280916,31,24,2871,,,2,3.1416,,,MCR,General Oceanics,143650,35.98,,,12543,F,,64.3,69,,,,,,,,,43F8,
14534,1610019,12089,12318,12366,1610019,EH,I4537,DK,2195,MIKQ1DK2026,,26D4,MRN2,dO,1600,WovFab,500,22,2026DK_006,,6,13,1,2026,20,27,57.255816,8.187733,19,57,1815,,,2,3.1416,,,MCR,General Oceanics,91781,35.98,,,8014,F,,34.7,40,,,,,,,,,43F8,
14534,1610020,12089,12318,12366,1610020,EH,I4537,DK,2195,MIKQ1DK2026,,26D4,MRN2,dO,1600,WovFab,500,23,2026DK_007,,7,13,1,2026,22,12,57.186016,7.810233,20,13,1630,,,2,3.1416,,,MCR,General Oceanics,78266,35.98,,,6834,F,,47.1,52,,,,,,,,,43F7,
14534,1610021,12089,12318,12366,1610021,EH,I4537,DK,2195,MIKQ1DK2026,,26D4,MRN2,dO,1600,WovFab,500,24,2026DK_008,,8,13,1,2026,23,45,57.1129,7.5284,20,27,1889,,,2,3.1416,,,MCR,General Oceanics,89630,35.98,,,7826,F,,39.3,44,,,,,,,,,43F7,
14534,1610022,12089,12318,12366,1610022,EH,I4537,DK,2195,MIKQ1DK2026,,26D4,MRN2,dO,1600,WovFab,500,26,2026DK_009,,9,14,1,2026,2,31,56.907366,7.520566,11,9,1056,,,2,3.1416,,,MCR,General Oceanics,27157,35.98,,,2371,F,,22.8,28,,,,,,,,,42F7,
14534,1610023,12089,12318,12366,1610023,EH,I4537,DK,2195,MIKQ1DK2026,,26D4,MRN2,dO,1600,WovFab,500,27,2026DK_010,,10,14,1,2026,3,42,56.896966,7.8107,13,34,1296,,,2,3.1416,,,MCR,General Oceanics,32172,35.98,,,2809,F,,26.8,32,,,,,,,,,42F7,
14534,1610073,12089,12318,12366,1610073,EH,I4537,DK,2195,MIKQ1DK2026,,26D4,MRN2,dO,1600,WovFab,500,36,2026DK_011,,11,14,1,2026,19,52,56.389766,7.41665,11,18,1056,,,2,3.1416,,,MCR,General Oceanics,37218,35.98,,,3250,F,,29.9,35,,,,,,,,,41F7,
14534,1610074,12089,12318,12366,1610074,EH,I4537,DK,2195,MIKQ1DK2026,,26D4,MRN2,dO,1600,WovFab,500,37,2026DK_012,,12,14,1,2026,21,25,56.164583,7.4259,10,3,833,,,2,3.1416,,,MCR,General Oceanics,30500,35.98,,,2663,F,,24.3,29,,,,,,,,,41F7,
14534,1610076,12089,12318,12366,1610076,EH,I4537,DK,2195,MIKQ1DK2026,,26D4,MRN2,dO,1600,WovFab,500,39,2026DK_014,,14,15,1,2026,1,27,55.594016,7.312116,14,0,1408,,,2,3.1416,,,MCR,General Oceanics,55071,35.98,,,4809,F,,28.5,34,,,,,,,,,40F7,
14534,1610077,12089,12318,12366,1610077,EH,I4537,DK,2195,MIKQ1DK2026,,26D4,MRN2,dO,1600,WovFab,500,40,2026DK_015,,15,15,1,2026,2,44,55.425683,7.38895,18,25,1704,,,2,3.1416,,,MCR,General Oceanics,63142,35.98,,,5513,F,,22.1,27,,,,,,,,,39F7,
14534,1610024,12089,12318,12366,1610024,EH,I4537,DK,2195,MIKQ1DK2026,,26D4,MRN2,dO,1600,WovFab,500,41,2026DK_016,,16,15,1,2026,4,11,55.334616,7.136616,15,44,1445,,,2,3.1416,,,MCR,General Oceanics,49061,35.98,,,4284,F,,24.9,30,,,,,,,,,39F7,
14534,1610025,12089,12318,12366,1610025,EH,I4537,DK,2195,MIKQ1DK2026,,26D4,MRN2,dO,1600,WovFab,500,48,2026DK_017,,17,15,1,2026,17,27,54.916783,6.47655,12,36,1093,,,2,3.1416,,,MCR,General Oceanics,43058,35.98,,,3760,F,,38.9,44,,,,,,,,,38F6,
14534,1610026,12089,12318,12366,1610026,EH,I4537,DK,2195,MIKQ1DK2026,,26D4,MRN2,dO,1600,WovFab,500,49,2026DK_018,,18,15,1,2026,18,54,54.91285,6.152233,18,33,1778,,,2,3.1416,,,MCR,General Oceanics,74257,35.98,,,6484,F,,36.6,42,,,,,,,,,38F6,
14534,1610027,12089,12318,12366,1610027,EH,I4537,DK,2195,MIKQ1DK2026,,26D4,MRN2,dO,1600,WovFab,500,50,2026DK_019,,19,15,1,2026,20,41,55.091083,5.85435,12,27,1093,,,2,3.1416,,,MCR,General Oceanics,36012,35.98,,,3144,F,,39.2,44,,,,,,,,,39F5,
14534,1610028,12089,12318,12366,1610028,EH,I4537,DK,2195,MIKQ1DK2026,,26D4,MRN2,dO,1600,WovFab,500,51,2026DK_020,,20,15,1,2026,21,51,55.259683,5.851633,14,26,1315,,,2,3.1416,,,MCR,General Oceanics,38341,35.98,,,3348,F,,42.2,47,,,,,,,,,39F5,
14534,1610029,12089,12318,12366,1610029,EH,I4537,DK,2195,MIKQ1DK2026,,26D4,MRN2,dO,1600,WovFab,500,52,2026DK_021,,21,15,1,2026,23,59,55.34125,6.203116,15,11,1296,,,2,3.1416,,,MCR,General Oceanics,47717,35.98,,,4166,F,,45,50,,,,,,,,,39F6,
14534,1610030,12089,12318,12366,1610030,EH,I4537,DK,2195,MIKQ1DK2026,,26D4,MRN2,dO,1600,WovFab,500,53,2026DK_022,,22,16,1,2026,1,16,55.4123,6.488383,14,41,1482,,,2,3.1416,,,MCR,General Oceanics,49480,35.98,,,4320,F,,34.2,39,,,,,,,,,39F6,
14534,1610031,12089,12318,12366,1610031,EH,I4537,DK,2195,MIKQ1DK2026,,26D4,MRN2,dO,1600,WovFab,500,54,2026DK_023,,23,16,1,2026,2,51,55.591983,6.785566,12,16,1204,,,2,3.1416,,,MCR,General Oceanics,38004,35.98,,,3318,F,,30.1,35,,,,,,,,,40F6,
14534,1610032,12089,12318,12366,1610032,EH,I4537,DK,2195,MIKQ1DK2026,,26D4,MRN2,dO,1600,WovFab,500,71,2026DK_024,,24,17,1,2026,0,50,55.626033,6.2056,14,13,1445,,,2,3.1416,,,MCR,General Oceanics,49461,35.98,,,4319,F,,40.5,46,,,,,,,,,40F6,
14534,1610033,12089,12318,12366,1610033,EH,I4537,DK,2195,MIKQ1DK2026,,26D4,MRN2,dO,1600,WovFab,500,72,2026DK_025,,25,17,1,2026,2,19,55.6377,5.816866,15,32,1593,,,2,3.1416,,,MCR,General Oceanics,50437,35.98,,,4404,F,,45,50,,,,,,,,,40F5,
14534,1610034,12089,12318,12366,1610034,EH,I4537,DK,2195,MIKQ1DK2026,,26D4,MRN2,dO,1600,WovFab,500,73,2026DK_026,,26,17,1,2026,3,37,55.814466,5.799,14,1,1204,,,2,3.1416,,,MCR,General Oceanics,44901,35.98,,,3921,F,,45,50,,,,,,,,,40F5,
14534,1610035,12089,12318,12366,1610035,EH,I4537,DK,2195,MIKQ1DK2026,,26D4,MRN2,dO,1600,WovFab,500,83,2026DK_027,,27,17,1,2026,18,12,56.09845,5.213216,17,21,1908,,,2,3.1416,,,MCR,General Oceanics,61535,35.98,,,5373,F,,39.5,45,,,,,,,,,41F5,
14534,1610036,12089,12318,12366,1610036,EH,I4537,DK,2195,MIKQ1DK2026,,26D4,MRN2,dO,1600,WovFab,500,84,2026DK_028,,28,17,1,2026,20,32,55.8494,4.843583,14,17,1370,,,2,3.1416,,,MCR,General Oceanics,49377,35.98,,,4311,F,,33.3,38,,,,,,,,,40F4,
14534,1610037,12089,12318,12366,1610037,EH,I4537,DK,2195,MIKQ1DK2026,,26D4,MRN2,dO,1600,WovFab,500,85,2026DK_029,,29,17,1,2026,22,11,55.62055,4.691766,11,38,1056,,,2,3.1416,,,MCR,General Oceanics,31618,35.98,,,2761,F,,31.4,36,,,,,,,,,40F4,
14534,1610038,12089,12318,12366,1610038,EH,I4537,DK,2195,MIKQ1DK2026,,26D4,MRN2,dO,1600,WovFab,500,86,2026DK_030,,30,17,1,2026,23,42,55.406183,4.536566,15,16,1519,,,2,3.1416,,,MCR,General Oceanics,57199,35.98,,,4994,F,,38.6,44,,,,,,,,,39F4,
14534,1610039,12089,12318,12366,1610039,EH,I4537,DK,2195,MIKQ1DK2026,,26D4,MRN2,dO,1600,WovFab,500,89,2026DK_031,,31,18,1,2026,2,48,55.409016,4.83865,11,50,1056,,,2,3.1416,,,MCR,General Oceanics,38625,35.98,,,3373,F,,39.4,44,,,,,,,,,39F4,
14534,1610040,12089,12318,12366,1610040,EH,I4537,DK,2195,MIKQ1DK2026,,26D4,MRN2,dO,1600,WovFab,500,96,2026DK_032,,32,18,1,2026,18,24,55.2427,3.857833,14,38,1463,,,2,3.1416,,,MCR,General Oceanics,51081,35.98,,,4460,F,,37.1,42,,,,,,,,,39F3,
14534,1610041,12089,12318,12366,1610041,EH,I4537,DK,2195,MIKQ1DK2026,,26D4,MRN2,dO,1600,WovFab,500,97,2026DK_033,,33,18,1,2026,19,37,55.41285,3.855466,12,41,1204,,,2,3.1416,,,MCR,General Oceanics,45415,35.98,,,3965,F,,24.8,30,,,,,,,,,39F3,
14534,1610042,12089,12318,12366,1610042,EH,I4537,DK,2195,MIKQ1DK2026,,26D4,MRN2,dO,1600,WovFab,500,98,2026DK_034,,34,18,1,2026,20,54,55.5935,3.85505,13,20,1296,,,2,3.1416,,,MCR,General Oceanics,47407,35.98,,,4139,F,,31.6,37,,,,,,,,,40F3,
14534,1610043,12089,12318,12366,1610043,EH,I4537,DK,2195,MIKQ1DK2026,,26D4,MRN2,dO,1600,WovFab,500,99,2026DK_035,,35,18,1,2026,22,5,55.763133,3.85055,15,2,1389,,,2,3.1416,,,MCR,General Oceanics,48031,35.98,,,4194,F,,38.4,43,,,,,,,,,40F3,
14534,1610044,12089,12318,12366,1610044,EH,I4537,DK,2195,MIKQ1DK2026,,26D4,MRN2,dO,1600,WovFab,500,100,2026DK_036,,36,19,1,2026,0,7,56.08565,3.82485,25,8,2482,,,2,3.1416,,,MCR,General Oceanics,89502,35.98,,,7815,F,,63.4,68,,,,,,,,,41F3,
14534,1610045,12089,12318,12366,1610045,EH,I4537,DK,2195,MIKQ1DK2026,,26D4,MRN2,dO,1600,WovFab,500,101,2026DK_037,,37,19,1,2026,1,32,56.261866,3.823766,22,53,2130,,,2,3.1416,,,MCR,General Oceanics,74838,35.98,,,6534,F,,63.5,69,,,,,,,,,41F3,
14534,1610045,12089,12318,12366,1610045,EH,I4537,DK,2195,MIKQ1DK2026,,26D4,MRN2,dO,1600,WovFab,500,101,2026DK_037,,37,19,1,2026,1,32,56.261866,3.823766,22,53,2130,,,2,3.1416,,,MCR,General Oceanics,74838,35.98,,,6534,F,,63.5,69,,,,,,,,,41F3,
14534,1610045,12089,12318,12366,1610045,EH,I4537,DK,2195,MIKQ1DK2026,,26D4,MRN2,dO,1600,WovFab,500,101,2026DK_037,,37,19,1,2026,1,32,56.261866,3.823766,22,53,2130,,,2,3.1416,,,MCR,General Oceanics,74838,35.98,,,6534,F,,63.5,69,,,,,,,,,41F3,
14534,1610045,12089,12318,12366,1610045,EH,I4537,DK,2195,MIKQ1DK2026,,26D4,MRN2,dO,1600,WovFab,500,101,2026DK_037,,37,19,1,2026,1,32,56.261866,3.823766,22,53,2130,,,2,3.1416,,,MCR,General Oceanics,74838,35.98,,,6534,F,,63.5,69,,,,,,,,,41F3,
14534,1610046,12089,12318,12366,1610046,EH,I4537,DK,2195,MIKQ1DK2026,,26D4,MRN2,dO,1600,WovFab,500,102,2026DK_038,,38,19,1,2026,3,9,56.248633,4.12855,21,25,1926,,,2,3.1416,,,MCR,General Oceanics,72430,35.98,,,6324,F,,64.7,70,,,,,,,,,41F4,
14534,1610046,12089,12318,12366,1610046,EH,I4537,DK,2195,MIKQ1DK2026,,26D4,MRN2,dO,1600,WovFab,500,102,2026DK_038,,38,19,1,2026,3,9,56.248633,4.12855,21,25,1926,,,2,3.1416,,,MCR,General Oceanics,72430,35.98,,,6324,F,,64.7,70,,,,,,,,,41F4,
14534,1610047,12089,12318,12366,1610047,EH,I4537,DK,2195,MIKQ1DK2026,,26D4,MRN2,dO,1600,WovFab,500,103,2026DK_039,,39,19,1,2026,4,34,56.092833,4.2842,20,37,1926,,,2,3.1416,,,MCR,General Oceanics,73226,35.98,,,6394,F,,55.5,61,,,,,,,,,41F4,
14534,1610048,12089,12318,12366,1610048,EH,I4537,DK,2195,MIKQ1DK2026,,26D4,MRN2,dO,1600,WovFab,500,114,2026DK_040,,40,19,1,2026,17,47,55.821766,2.83965,21,8,1982,,,2,3.1416,,,MCR,General Oceanics,70000,35.98,,,6112,F,,71.6,77,,,,,,,,,40F2,
14534,1610048,12089,12318,12366,1610048,EH,I4537,DK,2195,MIKQ1DK2026,,26D4,MRN2,dO,1600,WovFab,500,114,2026DK_040,,40,19,1,2026,17,47,55.821766,2.83965,21,8,1982,,,2,3.1416,,,MCR,General Oceanics,70000,35.98,,,6112,F,,71.6,77,,,,,,,,,40F2,
14534,1610048,12089,12318,12366,1610048,EH,I4537,DK,2195,MIKQ1DK2026,,26D4,MRN2,dO,1600,WovFab,500,114,2026DK_040,,40,19,1,2026,17,47,55.821766,2.83965,21,8,1982,,,2,3.1416,,,MCR,General Oceanics,70000,35.98,,,6112,F,,71.6,77,,,,,,,,,40F2,
14534,1610048,12089,12318,12366,1610048,EH,I4537,DK,2195,MIKQ1DK2026,,26D4,MRN2,dO,1600,WovFab,500,114,2026DK_040,,40,19,1,2026,17,47,55.821766,2.83965,21,8,1982,,,2,3.1416,,,MCR,General Oceanics,70000,35.98,,,6112,F,,71.6,77,,,,,,,,,40F2,
14534,1610048,12089,12318,12366,1610048,EH,I4537,DK,2195,MIKQ1DK2026,,26D4,MRN2,dO,1600,WovFab,500,114,2026DK_040,,40,19,1,2026,17,47,55.821766,2.83965,21,8,1982,,,2,3.1416,,,MCR,General Oceanics,70000,35.98,,,6112,F,,71.6,77,,,,,,,,,40F2,
14534,1610049,12089,12318,12366,1610049,EH,I4537,DK,2195,MIKQ1DK2026,,26D4,MRN2,dO,1600,WovFab,500,115,2026DK_041,,41,19,1,2026,19,18,55.623566,2.8377,15,18,1241,,,2,3.1416,,,MCR,General Oceanics,48012,35.98,,,4192,F,,49.1,54,,,,,,,,,40F2,
14534,1610049,12089,12318,12366,1610049,EH,I4537,DK,2195,MIKQ1DK2026,,26D4,MRN2,dO,1600,WovFab,500,115,2026DK_041,,41,19,1,2026,19,18,55.623566,2.8377,15,18,1241,,,2,3.1416,,,MCR,General Oceanics,48012,35.98,,,4192,F,,49.1,54,,,,,,,,,40F2,
14534,1610049,12089,12318,12366,1610049,EH,I4537,DK,2195,MIKQ1DK2026,,26D4,MRN2,dO,1600,WovFab,500,115,2026DK_041,,41,19,1,2026,19,18,55.623566,2.8377,15,18,1241,,,2,3.1416,,,MCR,General Oceanics,48012,35.98,,,4192,F,,49.1,54,,,,,,,,,40F2,
14534,1610049,12089,12318,12366,1610049,EH,I4537,DK,2195,MIKQ1DK2026,,26D4,MRN2,dO,1600,WovFab,500,115,2026DK_041,,41,19,1,2026,19,18,55.623566,2.8377,15,18,1241,,,2,3.1416,,,MCR,General Oceanics,48012,35.98,,,4192,F,,49.1,54,,,,,,,,,40F2,
14534,1610049,12089,12318,12366,1610049,EH,I4537,DK,2195,MIKQ1DK2026,,26D4,MRN2,dO,1600,WovFab,500,115,2026DK_041,,41,19,1,2026,19,18,55.623566,2.8377,15,18,1241,,,2,3.1416,,,MCR,General Oceanics,48012,35.98,,,4192,F,,49.1,54,,,,,,,,,40F2,
14534,1610049,12089,12318,12366,1610049,EH,I4537,DK,2195,MIKQ1DK2026,,26D4,MRN2,dO,1600,WovFab,500,115,2026DK_041,,41,19,1,2026,19,18,55.623566,2.8377,15,18,1241,,,2,3.1416,,,MCR,General Oceanics,48012,35.98,,,4192,F,,49.1,54,,,,,,,,,40F2,
14534,1610050,12089,12318,12366,1610050,EH,I4537,DK,2195,MIKQ1DK2026,,26D4,MRN2,dO,1600,WovFab,500,116,2026DK_042,,42,19,1,2026,20,52,55.410833,2.837916,10,53,852,,,2,3.1416,,,MCR,General Oceanics,34626,35.98,,,3023,F,,32.5,38,,,,,,,,,39F2,
14534,1610050,12089,12318,12366,1610050,EH,I4537,DK,2195,MIKQ1DK2026,,26D4,MRN2,dO,1600,WovFab,500,116,2026DK_042,,42,19,1,2026,20,52,55.410833,2.837916,10,53,852,,,2,3.1416,,,MCR,General Oceanics,34626,35.98,,,3023,F,,32.5,38,,,,,,,,,39F2,
14534,1610050,12089,12318,12366,1610050,EH,I4537,DK,2195,MIKQ1DK2026,,26D4,MRN2,dO,1600,WovFab,500,116,2026DK_042,,42,19,1,2026,20,52,55.410833,2.837916,10,53,852,,,2,3.1416,,,MCR,General Oceanics,34626,35.98,,,3023,F,,32.5,38,,,,,,,,,39F2,
14534,1610050,12089,12318,12366,1610050,EH,I4537,DK,2195,MIKQ1DK2026,,26D4,MRN2,dO,1600,WovFab,500,116,2026DK_042,,42,19,1,2026,20,52,55.410833,2.837916,10,53,852,,,2,3.1416,,,MCR,General Oceanics,34626,35.98,,,3023,F,,32.5,38,,,,,,,,,39F2,
14534,1610050,12089,12318,12366,1610050,EH,I4537,DK,2195,MIKQ1DK2026,,26D4,MRN2,dO,1600,WovFab,500,116,2026DK_042,,42,19,1,2026,20,52,55.410833,2.837916,10,53,852,,,2,3.1416,,,MCR,General Oceanics,34626,35.98,,,3023,F,,32.5,38,,,,,,,,,39F2,
14534,1610050,12089,12318,12366,1610050,EH,I4537,DK,2195,MIKQ1DK2026,,26D4,MRN2,dO,1600,WovFab,500,116,2026DK_042,,42,19,1,2026,20,52,55.410833,2.837916,10,53,852,,,2,3.1416,,,MCR,General Oceanics,34626,35.98,,,3023,F,,32.5,38,,,,,,,,,39F2,
14534,1610050,12089,12318,12366,1610050,EH,I4537,DK,2195,MIKQ1DK2026,,26D4,MRN2,dO,1600,WovFab,500,116,2026DK_042,,42,19,1,2026,20,52,55.410833,2.837916,10,53,852,,,2,3.1416,,,MCR,General Oceanics,34626,35.98,,,3023,F,,32.5,38,,,,,,,,,39F2,
14534,1610051,12089,12318,12366,1610051,EH,I4537,DK,2195,MIKQ1DK2026,,26D4,MRN2,dO,1600,WovFab,500,117,2026DK_043,,43,19,1,2026,22,5,55.239416,2.830316,10,58,982,,,2,3.1416,,,MCR,General Oceanics,38192,35.98,,,3335,F,,26.1,31,,,,,,,,,39F2,
14534,1610051,12089,12318,12366,1610051,EH,I4537,DK,2195,MIKQ1DK2026,,26D4,MRN2,dO,1600,WovFab,500,117,2026DK_043,,43,19,1,2026,22,5,55.239416,2.830316,10,58,982,,,2,3.1416,,,MCR,General Oceanics,38192,35.98,,,3335,F,,26.1,31,,,,,,,,,39F2,
14534,1610051,12089,12318,12366,1610051,EH,I4537,DK,2195,MIKQ1DK2026,,26D4,MRN2,dO,1600,WovFab,500,117,2026DK_043,,43,19,1,2026,22,5,55.239416,2.830316,10,58,982,,,2,3.1416,,,MCR,General Oceanics,38192,35.98,,,3335,F,,26.1,31,,,,,,,,,39F2,
14534,1610051,12089,12318,12366,1610051,EH,I4537,DK,2195,MIKQ1DK2026,,26D4,MRN2,dO,1600,WovFab,500,117,2026DK_043,,43,19,1,2026,22,5,55.239416,2.830316,10,58,982,,,2,3.1416,,,MCR,General Oceanics,38192,35.98,,,3335,F,,26.1,31,,,,,,,,,39F2,
14534,1610051,12089,12318,12366,1610051,EH,I4537,DK,2195,MIKQ1DK2026,,26D4,MRN2,dO,1600,WovFab,500,117,2026DK_043,,43,19,1,2026,22,5,55.239416,2.830316,10,58,982,,,2,3.1416,,,MCR,General Oceanics,38192,35.98,,,3335,F,,26.1,31,,,,,,,,,39F2,
14534,1610051,12089,12318,12366,1610051,EH,I4537,DK,2195,MIKQ1DK2026,,26D4,MRN2,dO,1600,WovFab,500,117,2026DK_043,,43,19,1,2026,22,5,55.239416,2.830316,10,58,982,,,2,3.1416,,,MCR,General Oceanics,38192,35.98,,,3335,F,,26.1,31,,,,,,,,,39F2,
14534,1610051,12089,12318,12366,1610051,EH,I4537,DK,2195,MIKQ1DK2026,,26D4,MRN2,dO,1600,WovFab,500,117,2026DK_043,,43,19,1,2026,22,5,55.239416,2.830316,10,58,982,,,2,3.1416,,,MCR,General Oceanics,38192,35.98,,,3335,F,,26.1,31,,,,,,,,,39F2,
14534,1610052,12089,12318,12366,1610052,EH,I4537,DK,2195,MIKQ1DK2026,,26D4,MRN2,dO,1600,WovFab,500,118,2026DK_044,,44,20,1,2026,0,37,54.90755,2.854366,15,27,1111,,,2,3.1416,,,MCR,General Oceanics,50962,35.98,,,4450,F,,17.6,23,,,,,,,,,38F2,
14534,1610052,12089,12318,12366,1610052,EH,I4537,DK,2195,MIKQ1DK2026,,26D4,MRN2,dO,1600,WovFab,500,118,2026DK_044,,44,20,1,2026,0,37,54.90755,2.854366,15,27,1111,,,2,3.1416,,,MCR,General Oceanics,50962,35.98,,,4450,F,,17.6,23,,,,,,,,,38F2,
14534,1610052,12089,12318,12366,1610052,EH,I4537,DK,2195,MIKQ1DK2026,,26D4,MRN2,dO,1600,WovFab,500,118,2026DK_044,,44,20,1,2026,0,37,54.90755,2.854366,15,27,1111,,,2,3.1416,,,MCR,General Oceanics,50962,35.98,,,4450,F,,17.6,23,,,,,,,,,38F2,
14534,1610052,12089,12318,12366,1610052,EH,I4537,DK,2195,MIKQ1DK2026,,26D4,MRN2,dO,1600,WovFab,500,118,2026DK_044,,44,20,1,2026,0,37,54.90755,2.854366,15,27,1111,,,2,3.1416,,,MCR,General Oceanics,50962,35.98,,,4450,F,,17.6,23,,,,,,,,,38F2,
14534,1610052,12089,12318,12366,1610052,EH,I4537,DK,2195,MIKQ1DK2026,,26D4,MRN2,dO,1600,WovFab,500,118,2026DK_044,,44,20,1,2026,0,37,54.90755,2.854366,15,27,1111,,,2,3.1416,,,MCR,General Oceanics,50962,35.98,,,4450,F,,17.6,23,,,,,,,,,38F2,
14534,1610052,12089,12318,12366,1610052,EH,I4537,DK,2195,MIKQ1DK2026,,26D4,MRN2,dO,1600,WovFab,500,118,2026DK_044,,44,20,1,2026,0,37,54.90755,2.854366,15,27,1111,,,2,3.1416,,,MCR,General Oceanics,50962,35.98,,,4450,F,,17.6,23,,,,,,,,,38F2,
14534,1610052,12089,12318,12366,1610052,EH,I4537,DK,2195,MIKQ1DK2026,,26D4,MRN2,dO,1600,WovFab,500,118,2026DK_044,,44,20,1,2026,0,37,54.90755,2.854366,15,27,1111,,,2,3.1416,,,MCR,General Oceanics,50962,35.98,,,4450,F,,17.6,23,,,,,,,,,38F2,
14534,1610052,12089,12318,12366,1610052,EH,I4537,DK,2195,MIKQ1DK2026,,26D4,MRN2,dO,1600,WovFab,500,118,2026DK_044,,44,20,1,2026,0,37,54.90755,2.854366,15,27,1111,,,2,3.1416,,,MCR,General Oceanics,50962,35.98,,,4450,F,,17.6,23,,,,,,,,,38F2,
14534,1610052,12089,12318,12366,1610052,EH,I4537,DK,2195,MIKQ1DK2026,,26D4,MRN2,dO,1600,WovFab,500,118,2026DK_044,,44,20,1,2026,0,37,54.90755,2.854366,15,27,1111,,,2,3.1416,,,MCR,General Oceanics,50962,35.98,,,4450,F,,17.6,23,,,,,,,,,38F2,
14534,1610052,12089,12318,12366,1610052,EH,I4537,DK,2195,MIKQ1DK2026,,26D4,MRN2,dO,1600,WovFab,500,118,2026DK_044,,44,20,1,2026,0,37,54.90755,2.854366,15,27,1111,,,2,3.1416,,,MCR,General Oceanics,50962,35.98,,,4450,F,,17.6,23,,,,,,,,,38F2,
14534,1610052,12089,12318,12366,1610052,EH,I4537,DK,2195,MIKQ1DK2026,,26D4,MRN2,dO,1600,WovFab,500,118,2026DK_044,,44,20,1,2026,0,37,54.90755,2.854366,15,27,1111,,,2,3.1416,,,MCR,General Oceanics,50962,35.98,,,4450,F,,17.6,23,,,,,,,,,38F2,
14534,1610053,12089,12318,12366,1610053,EH,I4537,DK,2195,MIKQ1DK2026,,26D4,MRN2,dO,1600,WovFab,500,119,2026DK_045,,45,20,1,2026,1,59,54.908533,3.168316,11,55,982,,,2,3.1416,,,MCR,General Oceanics,40767,35.98,,,3560,F,,27.7,33,,,,,,,,,38F3,
14534,1610053,12089,12318,12366,1610053,EH,I4537,DK,2195,MIKQ1DK2026,,26D4,MRN2,dO,1600,WovFab,500,119,2026DK_045,,45,20,1,2026,1,59,54.908533,3.168316,11,55,982,,,2,3.1416,,,MCR,General Oceanics,40767,35.98,,,3560,F,,27.7,33,,,,,,,,,38F3,
14534,1610053,12089,12318,12366,1610053,EH,I4537,DK,2195,MIKQ1DK2026,,26D4,MRN2,dO,1600,WovFab,500,119,2026DK_045,,45,20,1,2026,1,59,54.908533,3.168316,11,55,982,,,2,3.1416,,,MCR,General Oceanics,40767,35.98,,,3560,F,,27.7,33,,,,,,,,,38F3,
14534,1610053,12089,12318,12366,1610053,EH,I4537,DK,2195,MIKQ1DK2026,,26D4,MRN2,dO,1600,WovFab,500,119,2026DK_045,,45,20,1,2026,1,59,54.908533,3.168316,11,55,982,,,2,3.1416,,,MCR,General Oceanics,40767,35.98,,,3560,F,,27.7,33,,,,,,,,,38F3,
14534,1610053,12089,12318,12366,1610053,EH,I4537,DK,2195,MIKQ1DK2026,,26D4,MRN2,dO,1600,WovFab,500,119,2026DK_045,,45,20,1,2026,1,59,54.908533,3.168316,11,55,982,,,2,3.1416,,,MCR,General Oceanics,40767,35.98,,,3560,F,,27.7,33,,,,,,,,,38F3,
14534,1610053,12089,12318,12366,1610053,EH,I4537,DK,2195,MIKQ1DK2026,,26D4,MRN2,dO,1600,WovFab,500,119,2026DK_045,,45,20,1,2026,1,59,54.908533,3.168316,11,55,982,,,2,3.1416,,,MCR,General Oceanics,40767,35.98,,,3560,F,,27.7,33,,,,,,,,,38F3,
14534,1610053,12089,12318,12366,1610053,EH,I4537,DK,2195,MIKQ1DK2026,,26D4,MRN2,dO,1600,WovFab,500,119,2026DK_045,,45,20,1,2026,1,59,54.908533,3.168316,11,55,982,,,2,3.1416,,,MCR,General Oceanics,40767,35.98,,,3560,F,,27.7,33,,,,,,,,,38F3,
14534,1610053,12089,12318,12366,1610053,EH,I4537,DK,2195,MIKQ1DK2026,,26D4,MRN2,dO,1600,WovFab,500,119,2026DK_045,,45,20,1,2026,1,59,54.908533,3.168316,11,55,982,,,2,3.1416,,,MCR,General Oceanics,40767,35.98,,,3560,F,,27.7,33,,,,,,,,,38F3,
14534,1610053,12089,12318,12366,1610053,EH,I4537,DK,2195,MIKQ1DK2026,,26D4,MRN2,dO,1600,WovFab,500,119,2026DK_045,,45,20,1,2026,1,59,54.908533,3.168316,11,55,982,,,2,3.1416,,,MCR,General Oceanics,40767,35.98,,,3560,F,,27.7,33,,,,,,,,,38F3,
14534,1610053,12089,12318,12366,1610053,EH,I4537,DK,2195,MIKQ1DK2026,,26D4,MRN2,dO,1600,WovFab,500,119,2026DK_045,,45,20,1,2026,1,59,54.908533,3.168316,11,55,982,,,2,3.1416,,,MCR,General Oceanics,40767,35.98,,,3560,F,,27.7,33,,,,,,,,,38F3,
14534,1610053,12089,12318,12366,1610053,EH,I4537,DK,2195,MIKQ1DK2026,,26D4,MRN2,dO,1600,WovFab,500,119,2026DK_045,,45,20,1,2026,1,59,54.908533,3.168316,11,55,982,,,2,3.1416,,,MCR,General Oceanics,40767,35.98,,,3560,F,,27.7,33,,,,,,,,,38F3,
14534,1610053,12089,12318,12366,1610053,EH,I4537,DK,2195,MIKQ1DK2026,,26D4,MRN2,dO,1600,WovFab,500,119,2026DK_045,,45,20,1,2026,1,59,54.908533,3.168316,11,55,982,,,2,3.1416,,,MCR,General Oceanics,40767,35.98,,,3560,F,,27.7,33,,,,,,,,,38F3,
14534,1610054,12089,12318,12366,1610054,EH,I4537,DK,2195,MIKQ1DK2026,,26D4,MRN2,dO,1600,WovFab,500,120,2026DK_046,,46,20,1,2026,3,17,54.908466,3.465,11,43,963,,,2,3.1416,,,MCR,General Oceanics,39360,35.98,,,3437,F,,36,41,,,,,,,,,38F3,
14534,1610054,12089,12318,12366,1610054,EH,I4537,DK,2195,MIKQ1DK2026,,26D4,MRN2,dO,1600,WovFab,500,120,2026DK_046,,46,20,1,2026,3,17,54.908466,3.465,11,43,963,,,2,3.1416,,,MCR,General Oceanics,39360,35.98,,,3437,F,,36,41,,,,,,,,,38F3,
14534,1610054,12089,12318,12366,1610054,EH,I4537,DK,2195,MIKQ1DK2026,,26D4,MRN2,dO,1600,WovFab,500,120,2026DK_046,,46,20,1,2026,3,17,54.908466,3.465,11,43,963,,,2,3.1416,,,MCR,General Oceanics,39360,35.98,,,3437,F,,36,41,,,,,,,,,38F3,
14534,1610054,12089,12318,12366,1610054,EH,I4537,DK,2195,MIKQ1DK2026,,26D4,MRN2,dO,1600,WovFab,500,120,2026DK_046,,46,20,1,2026,3,17,54.908466,3.465,11,43,963,,,2,3.1416,,,MCR,General Oceanics,39360,35.98,,,3437,F,,36,41,,,,,,,,,38F3,
14534,1610054,12089,12318,12366,1610054,EH,I4537,DK,2195,MIKQ1DK2026,,26D4,MRN2,dO,1600,WovFab,500,120,2026DK_046,,46,20,1,2026,3,17,54.908466,3.465,11,43,963,,,2,3.1416,,,MCR,General Oceanics,39360,35.98,,,3437,F,,36,41,,,,,,,,,38F3,
14534,1610054,12089,12318,12366,1610054,EH,I4537,DK,2195,MIKQ1DK2026,,26D4,MRN2,dO,1600,WovFab,500,120,2026DK_046,,46,20,1,2026,3,17,54.908466,3.465,11,43,963,,,2,3.1416,,,MCR,General Oceanics,39360,35.98,,,3437,F,,36,41,,,,,,,,,38F3,
14534,1610054,12089,12318,12366,1610054,EH,I4537,DK,2195,MIKQ1DK2026,,26D4,MRN2,dO,1600,WovFab,500,120,2026DK_046,,46,20,1,2026,3,17,54.908466,3.465,11,43,963,,,2,3.1416,,,MCR,General Oceanics,39360,35.98,,,3437,F,,36,41,,,,,,,,,38F3,
14534,1610054,12089,12318,12366,1610054,EH,I4537,DK,2195,MIKQ1DK2026,,26D4,MRN2,dO,1600,WovFab,500,120,2026DK_046,,46,20,1,2026,3,17,54.908466,3.465,11,43,963,,,2,3.1416,,,MCR,General Oceanics,39360,35.98,,,3437,F,,36,41,,,,,,,,,38F3,
14534,1610054,12089,12318,12366,1610054,EH,I4537,DK,2195,MIKQ1DK2026,,26D4,MRN2,dO,1600,WovFab,500,120,2026DK_046,,46,20,1,2026,3,17,54.908466,3.465,11,43,963,,,2,3.1416,,,MCR,General Oceanics,39360,35.98,,,3437,F,,36,41,,,,,,,,,38F3,
14534,1610054,12089,12318,12366,1610054,EH,I4537,DK,2195,MIKQ1DK2026,,26D4,MRN2,dO,1600,WovFab,500,120,2026DK_046,,46,20,1,2026,3,17,54.908466,3.465,11,43,963,,,2,3.1416,,,MCR,General Oceanics,39360,35.98,,,3437,F,,36,41,,,,,,,,,38F3,
14534,1610054,12089,12318,12366,1610054,EH,I4537,DK,2195,MIKQ1DK2026,,26D4,MRN2,dO,1600,WovFab,500,120,2026DK_046,,46,20,1,2026,3,17,54.908466,3.465,11,43,963,,,2,3.1416,,,MCR,General Oceanics,39360,35.98,,,3437,F,,36,41,,,,,,,,,38F3,
14534,1610055,12089,12318,12366,1610055,EH,I4537,DK,2195,MIKQ1DK2026,,26D4,MRN2,dO,1600,WovFab,500,127,2026DK_047,,47,20,1,2026,18,14,54.4281,3.481633,14,50,1296,,,2,3.1416,,,MCR,General Oceanics,45616,35.98,,,3983,F,,41.7,47,,,,,,,,,37F3,
14534,1610055,12089,12318,12366,1610055,EH,I4537,DK,2195,MIKQ1DK2026,,26D4,MRN2,dO,1600,WovFab,500,127,2026DK_047,,47,20,1,2026,18,14,54.4281,3.481633,14,50,1296,,,2,3.1416,,,MCR,General Oceanics,45616,35.98,,,3983,F,,41.7,47,,,,,,,,,37F3,
14534,1610055,12089,12318,12366,1610055,EH,I4537,DK,2195,MIKQ1DK2026,,26D4,MRN2,dO,1600,WovFab,500,127,2026DK_047,,47,20,1,2026,18,14,54.4281,3.481633,14,50,1296,,,2,3.1416,,,MCR,General Oceanics,45616,35.98,,,3983,F,,41.7,47,,,,,,,,,37F3,
14534,1610055,12089,12318,12366,1610055,EH,I4537,DK,2195,MIKQ1DK2026,,26D4,MRN2,dO,1600,WovFab,500,127,2026DK_047,,47,20,1,2026,18,14,54.4281,3.481633,14,50,1296,,,2,3.1416,,,MCR,General Oceanics,45616,35.98,,,3983,F,,41.7,47,,,,,,,,,37F3,
14534,1610055,12089,12318,12366,1610055,EH,I4537,DK,2195,MIKQ1DK2026,,26D4,MRN2,dO,1600,WovFab,500,127,2026DK_047,,47,20,1,2026,18,14,54.4281,3.481633,14,50,1296,,,2,3.1416,,,MCR,General Oceanics,45616,35.98,,,3983,F,,41.7,47,,,,,,,,,37F3,
14534,1610055,12089,12318,12366,1610055,EH,I4537,DK,2195,MIKQ1DK2026,,26D4,MRN2,dO,1600,WovFab,500,127,2026DK_047,,47,20,1,2026,18,14,54.4281,3.481633,14,50,1296,,,2,3.1416,,,MCR,General Oceanics,45616,35.98,,,3983,F,,41.7,47,,,,,,,,,37F3,
14534,1610055,12089,12318,12366,1610055,EH,I4537,DK,2195,MIKQ1DK2026,,26D4,MRN2,dO,1600,WovFab,500,127,2026DK_047,,47,20,1,2026,18,14,54.4281,3.481633,14,50,1296,,,2,3.1416,,,MCR,General Oceanics,45616,35.98,,,3983,F,,41.7,47,,,,,,,,,37F3,
14534,1610055,12089,12318,12366,1610055,EH,I4537,DK,2195,MIKQ1DK2026,,26D4,MRN2,dO,1600,WovFab,500,127,2026DK_047,,47,20,1,2026,18,14,54.4281,3.481633,14,50,1296,,,2,3.1416,,,MCR,General Oceanics,45616,35.98,,,3983,F,,41.7,47,,,,,,,,,37F3,
14534,1610055,12089,12318,12366,1610055,EH,I4537,DK,2195,MIKQ1DK2026,,26D4,MRN2,dO,1600,WovFab,500,127,2026DK_047,,47,20,1,2026,18,14,54.4281,3.481633,14,50,1296,,,2,3.1416,,,MCR,General Oceanics,45616,35.98,,,3983,F,,41.7,47,,,,,,,,,37F3,
14534,1610055,12089,12318,12366,1610055,EH,I4537,DK,2195,MIKQ1DK2026,,26D4,MRN2,dO,1600,WovFab,500,127,2026DK_047,,47,20,1,2026,18,14,54.4281,3.481633,14,50,1296,,,2,3.1416,,,MCR,General Oceanics,45616,35.98,,,3983,F,,41.7,47,,,,,,,,,37F3,
14534,1610056,12089,12318,12366,1610056,EH,I4537,DK,2195,MIKQ1DK2026,,26D4,MRN2,dO,1600,WovFab,500,128,2026DK_048,,48,20,1,2026,19,39,54.4092,3.1598,15,45,1408,,,2,3.1416,,,MCR,General Oceanics,57131,35.98,,,4988,F,,35.5,41,,,,,,,,,37F3,
14534,1610056,12089,12318,12366,1610056,EH,I4537,DK,2195,MIKQ1DK2026,,26D4,MRN2,dO,1600,WovFab,500,128,2026DK_048,,48,20,1,2026,19,39,54.4092,3.1598,15,45,1408,,,2,3.1416,,,MCR,General Oceanics,57131,35.98,,,4988,F,,35.5,41,,,,,,,,,37F3,
14534,1610056,12089,12318,12366,1610056,EH,I4537,DK,2195,MIKQ1DK2026,,26D4,MRN2,dO,1600,WovFab,500,128,2026DK_048,,48,20,1,2026,19,39,54.4092,3.1598,15,45,1408,,,2,3.1416,,,MCR,General Oceanics,57131,35.98,,,4988,F,,35.5,41,,,,,,,,,37F3,
14534,1610056,12089,12318,12366,1610056,EH,I4537,DK,2195,MIKQ1DK2026,,26D4,MRN2,dO,1600,WovFab,500,128,2026DK_048,,48,20,1,2026,19,39,54.4092,3.1598,15,45,1408,,,2,3.1416,,,MCR,General Oceanics,57131,35.98,,,4988,F,,35.5,41,,,,,,,,,37F3,
14534,1610056,12089,12318,12366,1610056,EH,I4537,DK,2195,MIKQ1DK2026,,26D4,MRN2,dO,1600,WovFab,500,128,2026DK_048,,48,20,1,2026,19,39,54.4092,3.1598,15,45,1408,,,2,3.1416,,,MCR,General Oceanics,57131,35.98,,,4988,F,,35.5,41,,,,,,,,,37F3,
14534,1610056,12089,12318,12366,1610056,EH,I4537,DK,2195,MIKQ1DK2026,,26D4,MRN2,dO,1600,WovFab,500,128,2026DK_048,,48,20,1,2026,19,39,54.4092,3.1598,15,45,1408,,,2,3.1416,,,MCR,General Oceanics,57131,35.98,,,4988,F,,35.5,41,,,,,,,,,37F3,
14534,1610057,12089,12318,12366,1610057,EH,I4537,DK,2195,MIKQ1DK2026,,26D4,MRN2,dO,1600,WovFab,500,129,2026DK_049,,49,20,1,2026,21,6,54.386633,2.83475,13,26,1037,,,2,3.1416,,,MCR,General Oceanics,46243,35.98,,,4038,F,,26.6,32,,,,,,,,,37F2,
14534,1610057,12089,12318,12366,1610057,EH,I4537,DK,2195,MIKQ1DK2026,,26D4,MRN2,dO,1600,WovFab,500,129,2026DK_049,,49,20,1,2026,21,6,54.386633,2.83475,13,26,1037,,,2,3.1416,,,MCR,General Oceanics,46243,35.98,,,4038,F,,26.6,32,,,,,,,,,37F2,
14534,1610057,12089,12318,12366,1610057,EH,I4537,DK,2195,MIKQ1DK2026,,26D4,MRN2,dO,1600,WovFab,500,129,2026DK_049,,49,20,1,2026,21,6,54.386633,2.83475,13,26,1037,,,2,3.1416,,,MCR,General Oceanics,46243,35.98,,,4038,F,,26.6,32,,,,,,,,,37F2,
14534,1610057,12089,12318,12366,1610057,EH,I4537,DK,2195,MIKQ1DK2026,,26D4,MRN2,dO,1600,WovFab,500,129,2026DK_049,,49,20,1,2026,21,6,54.386633,2.83475,13,26,1037,,,2,3.1416,,,MCR,General Oceanics,46243,35.98,,,4038,F,,26.6,32,,,,,,,,,37F2,
14534,1610057,12089,12318,12366,1610057,EH,I4537,DK,2195,MIKQ1DK2026,,26D4,MRN2,dO,1600,WovFab,500,129,2026DK_049,,49,20,1,2026,21,6,54.386633,2.83475,13,26,1037,,,2,3.1416,,,MCR,General Oceanics,46243,35.98,,,4038,F,,26.6,32,,,,,,,,,37F2,
14534,1610057,12089,12318,12366,1610057,EH,I4537,DK,2195,MIKQ1DK2026,,26D4,MRN2,dO,1600,WovFab,500,129,2026DK_049,,49,20,1,2026,21,6,54.386633,2.83475,13,26,1037,,,2,3.1416,,,MCR,General Oceanics,46243,35.98,,,4038,F,,26.6,32,,,,,,,,,37F2,
14534,1610057,12089,12318,12366,1610057,EH,I4537,DK,2195,MIKQ1DK2026,,26D4,MRN2,dO,1600,WovFab,500,129,2026DK_049,,49,20,1,2026,21,6,54.386633,2.83475,13,26,1037,,,2,3.1416,,,MCR,General Oceanics,46243,35.98,,,4038,F,,26.6,32,,,,,,,,,37F2,
14534,1610057,12089,12318,12366,1610057,EH,I4537,DK,2195,MIKQ1DK2026,,26D4,MRN2,dO,1600,WovFab,500,129,2026DK_049,,49,20,1,2026,21,6,54.386633,2.83475,13,26,1037,,,2,3.1416,,,MCR,General Oceanics,46243,35.98,,,4038,F,,26.6,32,,,,,,,,,37F2,
14534,1610057,12089,12318,12366,1610057,EH,I4537,DK,2195,MIKQ1DK2026,,26D4,MRN2,dO,1600,WovFab,500,129,2026DK_049,,49,20,1,2026,21,6,54.386633,2.83475,13,26,1037,,,2,3.1416,,,MCR,General Oceanics,46243,35.98,,,4038,F,,26.6,32,,,,,,,,,37F2,
14534,1610058,12089,12318,12366,1610058,EH,I4537,DK,2195,MIKQ1DK2026,,26D4,MRN2,dO,1600,WovFab,500,130,2026DK_050,,50,20,1,2026,22,50,54.5834,2.601683,10,11,870,,,2,3.1416,,,MCR,General Oceanics,34648,35.98,,,3025,F,,17.9,23,,,,,,,,,38F2,
14534,1610058,12089,12318,12366,1610058,EH,I4537,DK,2195,MIKQ1DK2026,,26D4,MRN2,dO,1600,WovFab,500,130,2026DK_050,,50,20,1,2026,22,50,54.5834,2.601683,10,11,870,,,2,3.1416,,,MCR,General Oceanics,34648,35.98,,,3025,F,,17.9,23,,,,,,,,,38F2,
14534,1610058,12089,12318,12366,1610058,EH,I4537,DK,2195,MIKQ1DK2026,,26D4,MRN2,dO,1600,WovFab,500,130,2026DK_050,,50,20,1,2026,22,50,54.5834,2.601683,10,11,870,,,2,3.1416,,,MCR,General Oceanics,34648,35.98,,,3025,F,,17.9,23,,,,,,,,,38F2,
14534,1610058,12089,12318,12366,1610058,EH,I4537,DK,2195,MIKQ1DK2026,,26D4,MRN2,dO,1600,WovFab,500,130,2026DK_050,,50,20,1,2026,22,50,54.5834,2.601683,10,11,870,,,2,3.1416,,,MCR,General Oceanics,34648,35.98,,,3025,F,,17.9,23,,,,,,,,,38F2,
14534,1610058,12089,12318,12366,1610058,EH,I4537,DK,2195,MIKQ1DK2026,,26D4,MRN2,dO,1600,WovFab,500,130,2026DK_050,,50,20,1,2026,22,50,54.5834,2.601683,10,11,870,,,2,3.1416,,,MCR,General Oceanics,34648,35.98,,,3025,F,,17.9,23,,,,,,,,,38F2,
14534,1610058,12089,12318,12366,1610058,EH,I4537,DK,2195,MIKQ1DK2026,,26D4,MRN2,dO,1600,WovFab,500,130,2026DK_050,,50,20,1,2026,22,50,54.5834,2.601683,10,11,870,,,2,3.1416,,,MCR,General Oceanics,34648,35.98,,,3025,F,,17.9,23,,,,,,,,,38F2,
14534,1610058,12089,12318,12366,1610058,EH,I4537,DK,2195,MIKQ1DK2026,,26D4,MRN2,dO,1600,WovFab,500,130,2026DK_050,,50,20,1,2026,22,50,54.5834,2.601683,10,11,870,,,2,3.1416,,,MCR,General Oceanics,34648,35.98,,,3025,F,,17.9,23,,,,,,,,,38F2,
14534,1610058,12089,12318,12366,1610058,EH,I4537,DK,2195,MIKQ1DK2026,,26D4,MRN2,dO,1600,WovFab,500,130,2026DK_050,,50,20,1,2026,22,50,54.5834,2.601683,10,11,870,,,2,3.1416,,,MCR,General Oceanics,34648,35.98,,,3025,F,,17.9,23,,,,,,,,,38F2,
14534,1610059,12089,12318,12366,1610059,EH,I4537,DK,2195,MIKQ1DK2026,,26D4,MRN2,dO,1600,WovFab,500,131,2026DK_051,,51,21,1,2026,0,56,54.4096,2.149783,10,19,1167,,,2,3.1416,,,MCR,General Oceanics,33658,35.98,,,2939,F,,27.6,33,,,,,,,,,37F2,
14534,1610059,12089,12318,12366,1610059,EH,I4537,DK,2195,MIKQ1DK2026,,26D4,MRN2,dO,1600,WovFab,500,131,2026DK_051,,51,21,1,2026,0,56,54.4096,2.149783,10,19,1167,,,2,3.1416,,,MCR,General Oceanics,33658,35.98,,,2939,F,,27.6,33,,,,,,,,,37F2,
14534,1610060,12089,12318,12366,1610060,EH,I4537,DK,2195,MIKQ1DK2026,,26D4,MRN2,dO,1600,WovFab,500,132,2026DK_052,,52,21,1,2026,2,18,54.293983,1.869116,15,49,1945,,,2,3.1416,,,MCR,General Oceanics,55618,35.98,,,4856,F,,38.1,43,,,,,,,,,37F1,
14534,1610060,12089,12318,12366,1610060,EH,I4537,DK,2195,MIKQ1DK2026,,26D4,MRN2,dO,1600,WovFab,500,132,2026DK_052,,52,21,1,2026,2,18,54.293983,1.869116,15,49,1945,,,2,3.1416,,,MCR,General Oceanics,55618,35.98,,,4856,F,,38.1,43,,,,,,,,,37F1,
14534,1610060,12089,12318,12366,1610060,EH,I4537,DK,2195,MIKQ1DK2026,,26D4,MRN2,dO,1600,WovFab,500,132,2026DK_052,,52,21,1,2026,2,18,54.293983,1.869116,15,49,1945,,,2,3.1416,,,MCR,General Oceanics,55618,35.98,,,4856,F,,38.1,43,,,,,,,,,37F1,
14534,1610060,12089,12318,12366,1610060,EH,I4537,DK,2195,MIKQ1DK2026,,26D4,MRN2,dO,1600,WovFab,500,132,2026DK_052,,52,21,1,2026,2,18,54.293983,1.869116,15,49,1945,,,2,3.1416,,,MCR,General Oceanics,55618,35.98,,,4856,F,,38.1,43,,,,,,,,,37F1,
14534,1610060,12089,12318,12366,1610060,EH,I4537,DK,2195,MIKQ1DK2026,,26D4,MRN2,dO,1600,WovFab,500,132,2026DK_052,,52,21,1,2026,2,18,54.293983,1.869116,15,49,1945,,,2,3.1416,,,MCR,General Oceanics,55618,35.98,,,4856,F,,38.1,43,,,,,,,,,37F1,
14534,1610060,12089,12318,12366,1610060,EH,I4537,DK,2195,MIKQ1DK2026,,26D4,MRN2,dO,1600,WovFab,500,132,2026DK_052,,52,21,1,2026,2,18,54.293983,1.869116,15,49,1945,,,2,3.1416,,,MCR,General Oceanics,55618,35.98,,,4856,F,,38.1,43,,,,,,,,,37F1,
14534,1610060,12089,12318,12366,1610060,EH,I4537,DK,2195,MIKQ1DK2026,,26D4,MRN2,dO,1600,WovFab,500,132,2026DK_052,,52,21,1,2026,2,18,54.293983,1.869116,15,49,1945,,,2,3.1416,,,MCR,General Oceanics,55618,35.98,,,4856,F,,38.1,43,,,,,,,,,37F1,
14534,1610060,12089,12318,12366,1610060,EH,I4537,DK,2195,MIKQ1DK2026,,26D4,MRN2,dO,1600,WovFab,500,132,2026DK_052,,52,21,1,2026,2,18,54.293983,1.869116,15,49,1945,,,2,3.1416,,,MCR,General Oceanics,55618,35.98,,,4856,F,,38.1,43,,,,,,,,,37F1,
14534,1610060,12089,12318,12366,1610060,EH,I4537,DK,2195,MIKQ1DK2026,,26D4,MRN2,dO,1600,WovFab,500,132,2026DK_052,,52,21,1,2026,2,18,54.293983,1.869116,15,49,1945,,,2,3.1416,,,MCR,General Oceanics,55618,35.98,,,4856,F,,38.1,43,,,,,,,,,37F1,
14534,1610061,12089,12318,12366,1610061,EH,I4537,DK,2195,MIKQ1DK2026,,26D4,MRN2,dO,1600,WovFab,500,133,2026DK_053,,53,21,1,2026,3,53,54.133866,1.8384,15,54,1370,,,2,3.1416,,,MCR,General Oceanics,59088,35.98,,,5159,F,,35.4,40,,,,,,,,,37F1,
14534,1610061,12089,12318,12366,1610061,EH,I4537,DK,2195,MIKQ1DK2026,,26D4,MRN2,dO,1600,WovFab,500,133,2026DK_053,,53,21,1,2026,3,53,54.133866,1.8384,15,54,1370,,,2,3.1416,,,MCR,General Oceanics,59088,35.98,,,5159,F,,35.4,40,,,,,,,,,37F1,
14534,1610062,12089,12318,12366,1610062,EH,I4537,DK,2195,MIKQ1DK2026,,26D4,MRN2,dO,1600,WovFab,500,144,2026DK_054,,54,27,1,2026,2,50,54.59405,4.219766,15,58,1648,,,2,3.1416,,,MCR,General Oceanics,54817,35.98,,,4786,F,,43.6,49,,,,,,,,,38F4,
14534,1610062,12089,12318,12366,1610062,EH,I4537,DK,2195,MIKQ1DK2026,,26D4,MRN2,dO,1600,WovFab,500,144,2026DK_054,,54,27,1,2026,2,50,54.59405,4.219766,15,58,1648,,,2,3.1416,,,MCR,General Oceanics,54817,35.98,,,4786,F,,43.6,49,,,,,,,,,38F4,
14534,1610062,12089,12318,12366,1610062,EH,I4537,DK,2195,MIKQ1DK2026,,26D4,MRN2,dO,1600,WovFab,500,144,2026DK_054,,54,27,1,2026,2,50,54.59405,4.219766,15,58,1648,,,2,3.1416,,,MCR,General Oceanics,54817,35.98,,,4786,F,,43.6,49,,,,,,,,,38F4,
14534,1610062,12089,12318,12366,1610062,EH,I4537,DK,2195,MIKQ1DK2026,,26D4,MRN2,dO,1600,WovFab,500,144,2026DK_054,,54,27,1,2026,2,50,54.59405,4.219766,15,58,1648,,,2,3.1416,,,MCR,General Oceanics,54817,35.98,,,4786,F,,43.6,49,,,,,,,,,38F4,
14534,1610062,12089,12318,12366,1610062,EH,I4537,DK,2195,MIKQ1DK2026,,26D4,MRN2,dO,1600,WovFab,500,144,2026DK_054,,54,27,1,2026,2,50,54.59405,4.219766,15,58,1648,,,2,3.1416,,,MCR,General Oceanics,54817,35.98,,,4786,F,,43.6,49,,,,,,,,,38F4,
14534,1610062,12089,12318,12366,1610062,EH,I4537,DK,2195,MIKQ1DK2026,,26D4,MRN2,dO,1600,WovFab,500,144,2026DK_054,,54,27,1,2026,2,50,54.59405,4.219766,15,58,1648,,,2,3.1416,,,MCR,General Oceanics,54817,35.98,,,4786,F,,43.6,49,,,,,,,,,38F4,
14534,1610062,12089,12318,12366,1610062,EH,I4537,DK,2195,MIKQ1DK2026,,26D4,MRN2,dO,1600,WovFab,500,144,2026DK_054,,54,27,1,2026,2,50,54.59405,4.219766,15,58,1648,,,2,3.1416,,,MCR,General Oceanics,54817,35.98,,,4786,F,,43.6,49,,,,,,,,,38F4,
14534,1610062,12089,12318,12366,1610062,EH,I4537,DK,2195,MIKQ1DK2026,,26D4,MRN2,dO,1600,WovFab,500,144,2026DK_054,,54,27,1,2026,2,50,54.59405,4.219766,15,58,1648,,,2,3.1416,,,MCR,General Oceanics,54817,35.98,,,4786,F,,43.6,49,,,,,,,,,38F4,
14534,1610062,12089,12318,12366,1610062,EH,I4537,DK,2195,MIKQ1DK2026,,26D4,MRN2,dO,1600,WovFab,500,144,2026DK_054,,54,27,1,2026,2,50,54.59405,4.219766,15,58,1648,,,2,3.1416,,,MCR,General Oceanics,54817,35.98,,,4786,F,,43.6,49,,,,,,,,,38F4,
14534,1610062,12089,12318,12366,1610062,EH,I4537,DK,2195,MIKQ1DK2026,,26D4,MRN2,dO,1600,WovFab,500,144,2026DK_054,,54,27,1,2026,2,50,54.59405,4.219766,15,58,1648,,,2,3.1416,,,MCR,General Oceanics,54817,35.98,,,4786,F,,43.6,49,,,,,,,,,38F4,
14534,1610062,12089,12318,12366,1610062,EH,I4537,DK,2195,MIKQ1DK2026,,26D4,MRN2,dO,1600,WovFab,500,144,2026DK_054,,54,27,1,2026,2,50,54.59405,4.219766,15,58,1648,,,2,3.1416,,,MCR,General Oceanics,54817,35.98,,,4786,F,,43.6,49,,,,,,,,,38F4,
14534,1610062,12089,12318,12366,1610062,EH,I4537,DK,2195,MIKQ1DK2026,,26D4,MRN2,dO,1600,WovFab,500,144,2026DK_054,,54,27,1,2026,2,50,54.59405,4.219766,15,58,1648,,,2,3.1416,,,MCR,General Oceanics,54817,35.98,,,4786,F,,43.6,49,,,,,,,,,38F4,
14534,1610062,12089,12318,12366,1610062,EH,I4537,DK,2195,MIKQ1DK2026,,26D4,MRN2,dO,1600,WovFab,500,144,2026DK_054,,54,27,1,2026,2,50,54.59405,4.219766,15,58,1648,,,2,3.1416,,,MCR,General Oceanics,54817,35.98,,,4786,F,,43.6,49,,,,,,,,,38F4,
14534,1610062,12089,12318,12366,1610062,EH,I4537,DK,2195,MIKQ1DK2026,,26D4,MRN2,dO,1600,WovFab,500,144,2026DK_054,,54,27,1,2026,2,50,54.59405,4.219766,15,58,1648,,,2,3.1416,,,MCR,General Oceanics,54817,35.98,,,4786,F,,43.6,49,,,,,,,,,38F4,
14534,1610062,12089,12318,12366,1610062,EH,I4537,DK,2195,MIKQ1DK2026,,26D4,MRN2,dO,1600,WovFab,500,144,2026DK_054,,54,27,1,2026,2,50,54.59405,4.219766,15,58,1648,,,2,3.1416,,,MCR,General Oceanics,54817,35.98,,,4786,F,,43.6,49,,,,,,,,,38F4,
14534,1610062,12089,12318,12366,1610062,EH,I4537,DK,2195,MIKQ1DK2026,,26D4,MRN2,dO,1600,WovFab,500,144,2026DK_054,,54,27,1,2026,2,50,54.59405,4.219766,15,58,1648,,,2,3.1416,,,MCR,General Oceanics,54817,35.98,,,4786,F,,43.6,49,,,,,,,,,38F4,
14534,1610062,12089,12318,12366,1610062,EH,I4537,DK,2195,MIKQ1DK2026,,26D4,MRN2,dO,1600,WovFab,500,144,2026DK_054,,54,27,1,2026,2,50,54.59405,4.219766,15,58,1648,,,2,3.1416,,,MCR,General Oceanics,54817,35.98,,,4786,F,,43.6,49,,,,,,,,,38F4,
14534,1610062,12089,12318,12366,1610062,EH,I4537,DK,2195,MIKQ1DK2026,,26D4,MRN2,dO,1600,WovFab,500,144,2026DK_054,,54,27,1,2026,2,50,54.59405,4.219766,15,58,1648,,,2,3.1416,,,MCR,General Oceanics,54817,35.98,,,4786,F,,43.6,49,,,,,,,,,38F4,
14534,1610063,12089,12318,12366,1610063,EH,I4537,DK,2195,MIKQ1DK2026,,26D4,MRN2,dO,1600,WovFab,500,145,2026DK_055,,55,27,1,2026,4,15,54.727233,4.41965,15,29,1519,,,2,3.1416,,,MCR,General Oceanics,51631,35.98,,,4508,F,,44.2,49,,,,,,,,,38F4,
14534,1610063,12089,12318,12366,1610063,EH,I4537,DK,2195,MIKQ1DK2026,,26D4,MRN2,dO,1600,WovFab,500,145,2026DK_055,,55,27,1,2026,4,15,54.727233,4.41965,15,29,1519,,,2,3.1416,,,MCR,General Oceanics,51631,35.98,,,4508,F,,44.2,49,,,,,,,,,38F4,
14534,1610063,12089,12318,12366,1610063,EH,I4537,DK,2195,MIKQ1DK2026,,26D4,MRN2,dO,1600,WovFab,500,145,2026DK_055,,55,27,1,2026,4,15,54.727233,4.41965,15,29,1519,,,2,3.1416,,,MCR,General Oceanics,51631,35.98,,,4508,F,,44.2,49,,,,,,,,,38F4,
14534,1610063,12089,12318,12366,1610063,EH,I4537,DK,2195,MIKQ1DK2026,,26D4,MRN2,dO,1600,WovFab,500,145,2026DK_055,,55,27,1,2026,4,15,54.727233,4.41965,15,29,1519,,,2,3.1416,,,MCR,General Oceanics,51631,35.98,,,4508,F,,44.2,49,,,,,,,,,38F4,
14534,1610063,12089,12318,12366,1610063,EH,I4537,DK,2195,MIKQ1DK2026,,26D4,MRN2,dO,1600,WovFab,500,145,2026DK_055,,55,27,1,2026,4,15,54.727233,4.41965,15,29,1519,,,2,3.1416,,,MCR,General Oceanics,51631,35.98,,,4508,F,,44.2,49,,,,,,,,,38F4,
14534,1610063,12089,12318,12366,1610063,EH,I4537,DK,2195,MIKQ1DK2026,,26D4,MRN2,dO,1600,WovFab,500,145,2026DK_055,,55,27,1,2026,4,15,54.727233,4.41965,15,29,1519,,,2,3.1416,,,MCR,General Oceanics,51631,35.98,,,4508,F,,44.2,49,,,,,,,,,38F4,
14534,1610063,12089,12318,12366,1610063,EH,I4537,DK,2195,MIKQ1DK2026,,26D4,MRN2,dO,1600,WovFab,500,145,2026DK_055,,55,27,1,2026,4,15,54.727233,4.41965,15,29,1519,,,2,3.1416,,,MCR,General Oceanics,51631,35.98,,,4508,F,,44.2,49,,,,,,,,,38F4,
14534,1610063,12089,12318,12366,1610063,EH,I4537,DK,2195,MIKQ1DK2026,,26D4,MRN2,dO,1600,WovFab,500,145,2026DK_055,,55,27,1,2026,4,15,54.727233,4.41965,15,29,1519,,,2,3.1416,,,MCR,General Oceanics,51631,35.98,,,4508,F,,44.2,49,,,,,,,,,38F4,
14534,1610063,12089,12318,12366,1610063,EH,I4537,DK,2195,MIKQ1DK2026,,26D4,MRN2,dO,1600,WovFab,500,145,2026DK_055,,55,27,1,2026,4,15,54.727233,4.41965,15,29,1519,,,2,3.1416,,,MCR,General Oceanics,51631,35.98,,,4508,F,,44.2,49,,,,,,,,,38F4,
14534,1610063,12089,12318,12366,1610063,EH,I4537,DK,2195,MIKQ1DK2026,,26D4,MRN2,dO,1600,WovFab,500,145,2026DK_055,,55,27,1,2026,4,15,54.727233,4.41965,15,29,1519,,,2,3.1416,,,MCR,General Oceanics,51631,35.98,,,4508,F,,44.2,49,,,,,,,,,38F4,
14534,1610063,12089,12318,12366,1610063,EH,I4537,DK,2195,MIKQ1DK2026,,26D4,MRN2,dO,1600,WovFab,500,145,2026DK_055,,55,27,1,2026,4,15,54.727233,4.41965,15,29,1519,,,2,3.1416,,,MCR,General Oceanics,51631,35.98,,,4508,F,,44.2,49,,,,,,,,,38F4,
14534,1610063,12089,12318,12366,1610063,EH,I4537,DK,2195,MIKQ1DK2026,,26D4,MRN2,dO,1600,WovFab,500,145,2026DK_055,,55,27,1,2026,4,15,54.727233,4.41965,15,29,1519,,,2,3.1416,,,MCR,General Oceanics,51631,35.98,,,4508,F,,44.2,49,,,,,,,,,38F4,
14534,1610063,12089,12318,12366,1610063,EH,I4537,DK,2195,MIKQ1DK2026,,26D4,MRN2,dO,1600,WovFab,500,145,2026DK_055,,55,27,1,2026,4,15,54.727233,4.41965,15,29,1519,,,2,3.1416,,,MCR,General Oceanics,51631,35.98,,,4508,F,,44.2,49,,,,,,,,,38F4,
14534,1610063,12089,12318,12366,1610063,EH,I4537,DK,2195,MIKQ1DK2026,,26D4,MRN2,dO,1600,WovFab,500,145,2026DK_055,,55,27,1,2026,4,15,54.727233,4.41965,15,29,1519,,,2,3.1416,,,MCR,General Oceanics,51631,35.98,,,4508,F,,44.2,49,,,,,,,,,38F4,
14534,1610063,12089,12318,12366,1610063,EH,I4537,DK,2195,MIKQ1DK2026,,26D4,MRN2,dO,1600,WovFab,500,145,2026DK_055,,55,27,1,2026,4,15,54.727233,4.41965,15,29,1519,,,2,3.1416,,,MCR,General Oceanics,51631,35.98,,,4508,F,,44.2,49,,,,,,,,,38F4,
14534,1610063,12089,12318,12366,1610063,EH,I4537,DK,2195,MIKQ1DK2026,,26D4,MRN2,dO,1600,WovFab,500,145,2026DK_055,,55,27,1,2026,4,15,54.727233,4.41965,15,29,1519,,,2,3.1416,,,MCR,General Oceanics,51631,35.98,,,4508,F,,44.2,49,,,,,,,,,38F4,
14534,1610063,12089,12318,12366,1610063,EH,I4537,DK,2195,MIKQ1DK2026,,26D4,MRN2,dO,1600,WovFab,500,145,2026DK_055,,55,27,1,2026,4,15,54.727233,4.41965,15,29,1519,,,2,3.1416,,,MCR,General Oceanics,51631,35.98,,,4508,F,,44.2,49,,,,,,,,,38F4,
14534,1610063,12089,12318,12366,1610063,EH,I4537,DK,2195,MIKQ1DK2026,,26D4,MRN2,dO,1600,WovFab,500,145,2026DK_055,,55,27,1,2026,4,15,54.727233,4.41965,15,29,1519,,,2,3.1416,,,MCR,General Oceanics,51631,35.98,,,4508,F,,44.2,49,,,,,,,,,38F4,
14534,1610063,12089,12318,12366,1610063,EH,I4537,DK,2195,MIKQ1DK2026,,26D4,MRN2,dO,1600,WovFab,500,145,2026DK_055,,55,27,1,2026,4,15,54.727233,4.41965,15,29,1519,,,2,3.1416,,,MCR,General Oceanics,51631,35.98,,,4508,F,,44.2,49,,,,,,,,,38F4,
14534,1610066,12089,12318,12366,1610066,EH,I4537,DK,2195,MIKQ1DK2026,,26D4,MRN2,dO,1600,WovFab,500,162,2026DK_058,,58,28,1,2026,20,16,56.714233,6.259483,18,16,1926,,,2,3.1416,,,MCR,General Oceanics,69019,35.98,,,6026,F,,45,50,,,,,,,,,42F6,
14534,1610066,12089,12318,12366,1610066,EH,I4537,DK,2195,MIKQ1DK2026,,26D4,MRN2,dO,1600,WovFab,500,162,2026DK_058,,58,28,1,2026,20,16,56.714233,6.259483,18,16,1926,,,2,3.1416,,,MCR,General Oceanics,69019,35.98,,,6026,F,,45,50,,,,,,,,,42F6,
14534,1610066,12089,12318,12366,1610066,EH,I4537,DK,2195,MIKQ1DK2026,,26D4,MRN2,dO,1600,WovFab,500,162,2026DK_058,,58,28,1,2026,20,16,56.714233,6.259483,18,16,1926,,,2,3.1416,,,MCR,General Oceanics,69019,35.98,,,6026,F,,45,50,,,,,,,,,42F6,
14534,1610067,12089,12318,12366,1610067,EH,I4537,DK,2195,MIKQ1DK2026,,26D4,MRN2,dO,1600,WovFab,500,163,2026DK_059,,59,28,1,2026,21,58,56.765633,5.8465,23,24,2519,,,2,3.1416,,,MCR,General Oceanics,88970,35.98,,,7768,F,,54,59,,,,,,,,,42F5,
14534,1610068,12089,12318,12366,1610068,EH,I4537,DK,2195,MIKQ1DK2026,,26D4,MRN2,dO,1600,WovFab,500,164,2026DK_060,,60,28,1,2026,23,56,56.58525,5.84625,15,55,1463,,,2,3.1416,,,MCR,General Oceanics,54908,35.98,,,4794,F,,46.5,52,,,,,,,,,42F5,
14534,1610068,12089,12318,12366,1610068,EH,I4537,DK,2195,MIKQ1DK2026,,26D4,MRN2,dO,1600,WovFab,500,164,2026DK_060,,60,28,1,2026,23,56,56.58525,5.84625,15,55,1463,,,2,3.1416,,,MCR,General Oceanics,54908,35.98,,,4794,F,,46.5,52,,,,,,,,,42F5,
14534,1610069,12089,12318,12366,1610069,EH,I4537,DK,2195,MIKQ1DK2026,,26D4,MRN2,dO,1600,WovFab,500,165,2026DK_061,,61,29,1,2026,1,34,56.3874,5.847766,13,27,1148,,,2,3.1416,,,MCR,General Oceanics,43339,35.98,,,3784,F,,33.4,38,,,,,,,,,41F5,
14534,1610069,12089,12318,12366,1610069,EH,I4537,DK,2195,MIKQ1DK2026,,26D4,MRN2,dO,1600,WovFab,500,165,2026DK_061,,61,29,1,2026,1,34,56.3874,5.847766,13,27,1148,,,2,3.1416,,,MCR,General Oceanics,43339,35.98,,,3784,F,,33.4,38,,,,,,,,,41F5,
14534,1610069,12089,12318,12366,1610069,EH,I4537,DK,2195,MIKQ1DK2026,,26D4,MRN2,dO,1600,WovFab,500,165,2026DK_061,,61,29,1,2026,1,34,56.3874,5.847766,13,27,1148,,,2,3.1416,,,MCR,General Oceanics,43339,35.98,,,3784,F,,33.4,38,,,,,,,,,41F5,
14534,1610069,12089,12318,12366,1610069,EH,I4537,DK,2195,MIKQ1DK2026,,26D4,MRN2,dO,1600,WovFab,500,165,2026DK_061,,61,29,1,2026,1,34,56.3874,5.847766,13,27,1148,,,2,3.1416,,,MCR,General Oceanics,43339,35.98,,,3784,F,,33.4,38,,,,,,,,,41F5,
14534,1610069,12089,12318,12366,1610069,EH,I4537,DK,2195,MIKQ1DK2026,,26D4,MRN2,dO,1600,WovFab,500,165,2026DK_061,,61,29,1,2026,1,34,56.3874,5.847766,13,27,1148,,,2,3.1416,,,MCR,General Oceanics,43339,35.98,,,3784,F,,33.4,38,,,,,,,,,41F5,
14534,1610069,12089,12318,12366,1610069,EH,I4537,DK,2195,MIKQ1DK2026,,26D4,MRN2,dO,1600,WovFab,500,165,2026DK_061,,61,29,1,2026,1,34,56.3874,5.847766,13,27,1148,,,2,3.1416,,,MCR,General Oceanics,43339,35.98,,,3784,F,,33.4,38,,,,,,,,,41F5,
14534,1610069,12089,12318,12366,1610069,EH,I4537,DK,2195,MIKQ1DK2026,,26D4,MRN2,dO,1600,WovFab,500,165,2026DK_061,,61,29,1,2026,1,34,56.3874,5.847766,13,27,1148,,,2,3.1416,,,MCR,General Oceanics,43339,35.98,,,3784,F,,33.4,38,,,,,,,,,41F5,
14534,1610069,12089,12318,12366,1610069,EH,I4537,DK,2195,MIKQ1DK2026,,26D4,MRN2,dO,1600,WovFab,500,165,2026DK_061,,61,29,1,2026,1,34,56.3874,5.847766,13,27,1148,,,2,3.1416,,,MCR,General Oceanics,43339,35.98,,,3784,F,,33.4,38,,,,,,,,,41F5,
14534,1610069,12089,12318,12366,1610069,EH,I4537,DK,2195,MIKQ1DK2026,,26D4,MRN2,dO,1600,WovFab,500,165,2026DK_061,,61,29,1,2026,1,34,56.3874,5.847766,13,27,1148,,,2,3.1416,,,MCR,General Oceanics,43339,35.98,,,3784,F,,33.4,38,,,,,,,,,41F5,
14534,1610069,12089,12318,12366,1610069,EH,I4537,DK,2195,MIKQ1DK2026,,26D4,MRN2,dO,1600,WovFab,500,165,2026DK_061,,61,29,1,2026,1,34,56.3874,5.847766,13,27,1148,,,2,3.1416,,,MCR,General Oceanics,43339,35.98,,,3784,F,,33.4,38,,,,,,,,,41F5,
14534,1610069,12089,12318,12366,1610069,EH,I4537,DK,2195,MIKQ1DK2026,,26D4,MRN2,dO,1600,WovFab,500,165,2026DK_061,,61,29,1,2026,1,34,56.3874,5.847766,13,27,1148,,,2,3.1416,,,MCR,General Oceanics,43339,35.98,,,3784,F,,33.4,38,,,,,,,,,41F5,
14534,1610069,12089,12318,12366,1610069,EH,I4537,DK,2195,MIKQ1DK2026,,26D4,MRN2,dO,1600,WovFab,500,165,2026DK_061,,61,29,1,2026,1,34,56.3874,5.847766,13,27,1148,,,2,3.1416,,,MCR,General Oceanics,43339,35.98,,,3784,F,,33.4,38,,,,,,,,,41F5,
14534,1610069,12089,12318,12366,1610069,EH,I4537,DK,2195,MIKQ1DK2026,,26D4,MRN2,dO,1600,WovFab,500,165,2026DK_061,,61,29,1,2026,1,34,56.3874,5.847766,13,27,1148,,,2,3.1416,,,MCR,General Oceanics,43339,35.98,,,3784,F,,33.4,38,,,,,,,,,41F5,
14534,1610070,12089,12318,12366,1610070,EH,I4537,DK,2195,MIKQ1DK2026,,26D4,MRN2,dO,1600,WovFab,500,166,2026DK_062,,62,29,1,2026,3,23,56.387116,6.158466,16,26,1630,,,2,3.1416,,,MCR,General Oceanics,57163,35.98,,,4991,F,,38.9,44,,,,,,,,,41F6,
14534,1610070,12089,12318,12366,1610070,EH,I4537,DK,2195,MIKQ1DK2026,,26D4,MRN2,dO,1600,WovFab,500,166,2026DK_062,,62,29,1,2026,3,23,56.387116,6.158466,16,26,1630,,,2,3.1416,,,MCR,General Oceanics,57163,35.98,,,4991,F,,38.9,44,,,,,,,,,41F6,
14534,1610070,12089,12318,12366,1610070,EH,I4537,DK,2195,MIKQ1DK2026,,26D4,MRN2,dO,1600,WovFab,500,166,2026DK_062,,62,29,1,2026,3,23,56.387116,6.158466,16,26,1630,,,2,3.1416,,,MCR,General Oceanics,57163,35.98,,,4991,F,,38.9,44,,,,,,,,,41F6,
14534,1610070,12089,12318,12366,1610070,EH,I4537,DK,2195,MIKQ1DK2026,,26D4,MRN2,dO,1600,WovFab,500,166,2026DK_062,,62,29,1,2026,3,23,56.387116,6.158466,16,26,1630,,,2,3.1416,,,MCR,General Oceanics,57163,35.98,,,4991,F,,38.9,44,,,,,,,,,41F6,
14534,1610070,12089,12318,12366,1610070,EH,I4537,DK,2195,MIKQ1DK2026,,26D4,MRN2,dO,1600,WovFab,500,166,2026DK_062,,62,29,1,2026,3,23,56.387116,6.158466,16,26,1630,,,2,3.1416,,,MCR,General Oceanics,57163,35.98,,,4991,F,,38.9,44,,,,,,,,,41F6,
14534,1610070,12089,12318,12366,1610070,EH,I4537,DK,2195,MIKQ1DK2026,,26D4,MRN2,dO,1600,WovFab,500,166,2026DK_062,,62,29,1,2026,3,23,56.387116,6.158466,16,26,1630,,,2,3.1416,,,MCR,General Oceanics,57163,35.98,,,4991,F,,38.9,44,,,,,,,,,41F6,
14534,1610070,12089,12318,12366,1610070,EH,I4537,DK,2195,MIKQ1DK2026,,26D4,MRN2,dO,1600,WovFab,500,166,2026DK_062,,62,29,1,2026,3,23,56.387116,6.158466,16,26,1630,,,2,3.1416,,,MCR,General Oceanics,57163,35.98,,,4991,F,,38.9,44,,,,,,,,,41F6,
14534,1610071,12089,12318,12366,1610071,EH,I4537,DK,2195,MIKQ1DK2026,,26D4,MRN2,dO,1600,WovFab,500,167,2026DK_063,,63,29,1,2026,4,47,56.211416,6.15905,19,13,1908,,,2,3.1416,,,MCR,General Oceanics,66378,35.98,,,5796,F,,32.5,38,,,,,,,,,41F6,
14534,1610071,12089,12318,12366,1610071,EH,I4537,DK,2195,MIKQ1DK2026,,26D4,MRN2,dO,1600,WovFab,500,167,2026DK_063,,63,29,1,2026,4,47,56.211416,6.15905,19,13,1908,,,2,3.1416,,,MCR,General Oceanics,66378,35.98,,,5796,F,,32.5,38,,,,,,,,,41F6,
14534,1610071,12089,12318,12366,1610071,EH,I4537,DK,2195,MIKQ1DK2026,,26D4,MRN2,dO,1600,WovFab,500,167,2026DK_063,,63,29,1,2026,4,47,56.211416,6.15905,19,13,1908,,,2,3.1416,,,MCR,General Oceanics,66378,35.98,,,5796,F,,32.5,38,,,,,,,,,41F6,
14534,1610071,12089,12318,12366,1610071,EH,I4537,DK,2195,MIKQ1DK2026,,26D4,MRN2,dO,1600,WovFab,500,167,2026DK_063,,63,29,1,2026,4,47,56.211416,6.15905,19,13,1908,,,2,3.1416,,,MCR,General Oceanics,66378,35.98,,,5796,F,,32.5,38,,,,,,,,,41F6,
14534,1610071,12089,12318,12366,1610071,EH,I4537,DK,2195,MIKQ1DK2026,,26D4,MRN2,dO,1600,WovFab,500,167,2026DK_063,,63,29,1,2026,4,47,56.211416,6.15905,19,13,1908,,,2,3.1416,,,MCR,General Oceanics,66378,35.98,,,5796,F,,32.5,38,,,,,,,,,41F6,
14534,1610071,12089,12318,12366,1610071,EH,I4537,DK,2195,MIKQ1DK2026,,26D4,MRN2,dO,1600,WovFab,500,167,2026DK_063,,63,29,1,2026,4,47,56.211416,6.15905,19,13,1908,,,2,3.1416,,,MCR,General Oceanics,66378,35.98,,,5796,F,,32.5,38,,,,,,,,,41F6,
14534,1610071,12089,12318,12366,1610071,EH,I4537,DK,2195,MIKQ1DK2026,,26D4,MRN2,dO,1600,WovFab,500,167,2026DK_063,,63,29,1,2026,4,47,56.211416,6.15905,19,13,1908,,,2,3.1416,,,MCR,General Oceanics,66378,35.98,,,5796,F,,32.5,38,,,,,,,,,41F6,
14534,1610071,12089,12318,12366,1610071,EH,I4537,DK,2195,MIKQ1DK2026,,26D4,MRN2,dO,1600,WovFab,500,167,2026DK_063,,63,29,1,2026,4,47,56.211416,6.15905,19,13,1908,,,2,3.1416,,,MCR,General Oceanics,66378,35.98,,,5796,F,,32.5,38,,,,,,,,,41F6,
14534,1610071,12089,12318,12366,1610071,EH,I4537,DK,2195,MIKQ1DK2026,,26D4,MRN2,dO,1600,WovFab,500,167,2026DK_063,,63,29,1,2026,4,47,56.211416,6.15905,19,13,1908,,,2,3.1416,,,MCR,General Oceanics,66378,35.98,,,5796,F,,32.5,38,,,,,,,,,41F6,
14534,1610071,12089,12318,12366,1610071,EH,I4537,DK,2195,MIKQ1DK2026,,26D4,MRN2,dO,1600,WovFab,500,167,2026DK_063,,63,29,1,2026,4,47,56.211416,6.15905,19,13,1908,,,2,3.1416,,,MCR,General Oceanics,66378,35.98,,,5796,F,,32.5,38,,,,,,,,,41F6,
14534,1610071,12089,12318,12366,1610071,EH,I4537,DK,2195,MIKQ1DK2026,,26D4,MRN2,dO,1600,WovFab,500,167,2026DK_063,,63,29,1,2026,4,47,56.211416,6.15905,19,13,1908,,,2,3.1416,,,MCR,General Oceanics,66378,35.98,,,5796,F,,32.5,38,,,,,,,,,41F6,
14534,1610072,12089,12318,12366,1610072,EH,I4537,DK,2195,MIKQ1DK2026,,26D4,MRN2,dO,1600,WovFab,500,176,2026DK_064,,64,29,1,2026,18,23,56.35405,6.84155,15,20,1519,,,2,3.1416,,,MCR,General Oceanics,44342,35.98,,,3872,F,,32.2,37,,,,,,,,,41F6,
14538,1610402,12090,12319,12366,1610402,EH,I4537,FR,542,MIKQ1FR2026,,35HT,MRN2,,1600,WovFab,500,E2007,2026FR_003,,3,31,1,2026,0,37,50.272715,1.141401,23,0,2026,,,,3.1416,,,MCR,KcDenmark,4221,3.33333333333333,,,,F,,26,33,,,,,,,,,29F1,
14538,1610402,12090,12319,12366,1610402,EH,I4537,FR,542,MIKQ1FR2026,,35HT,MRN2,,1600,WovFab,500,E2007,2026FR_003,,3,31,1,2026,0,37,50.272715,1.141401,23,0,2026,,,,3.1416,,,MCR,KcDenmark,4221,3.33333333333333,,,,F,,26,33,,,,,,,,,29F1,
14538,1610402,12090,12319,12366,1610402,EH,I4537,FR,542,MIKQ1FR2026,,35HT,MRN2,,1600,WovFab,500,E2007,2026FR_003,,3,31,1,2026,0,37,50.272715,1.141401,23,0,2026,,,,3.1416,,,MCR,KcDenmark,4221,3.33333333333333,,,,F,,26,33,,,,,,,,,29F1,
14538,1610402,12090,12319,12366,1610402,EH,I4537,FR,542,MIKQ1FR2026,,35HT,MRN2,,1600,WovFab,500,E2007,2026FR_003,,3,31,1,2026,0,37,50.272715,1.141401,23,0,2026,,,,3.1416,,,MCR,KcDenmark,4221,3.33333333333333,,,,F,,26,33,,,,,,,,,29F1,
14538,1610402,12090,12319,12366,1610402,EH,I4537,FR,542,MIKQ1FR2026,,35HT,MRN2,,1600,WovFab,500,E2007,2026FR_003,,3,31,1,2026,0,37,50.272715,1.141401,23,0,2026,,,,3.1416,,,MCR,KcDenmark,4221,3.33333333333333,,,,F,,26,33,,,,,,,,,29F1,
14538,1610402,12090,12319,12366,1610402,EH,I4537,FR,542,MIKQ1FR2026,,35HT,MRN2,,1600,WovFab,500,E2007,2026FR_003,,3,31,1,2026,0,37,50.272715,1.141401,23,0,2026,,,,3.1416,,,MCR,KcDenmark,4221,3.33333333333333,,,,F,,26,33,,,,,,,,,29F1,
14538,1610402,12090,12319,12366,1610402,EH,I4537,FR,542,MIKQ1FR2026,,35HT,MRN2,,1600,WovFab,500,E2007,2026FR_003,,3,31,1,2026,0,37,50.272715,1.141401,23,0,2026,,,,3.1416,,,MCR,KcDenmark,4221,3.33333333333333,,,,F,,26,33,,,,,,,,,29F1,
14538,1610402,12090,12319,12366,1610402,EH,I4537,FR,542,MIKQ1FR2026,,35HT,MRN2,,1600,WovFab,500,E2007,2026FR_003,,3,31,1,2026,0,37,50.272715,1.141401,23,0,2026,,,,3.1416,,,MCR,KcDenmark,4221,3.33333333333333,,,,F,,26,33,,,,,,,,,29F1,
14538,1610402,12090,12319,12366,1610402,EH,I4537,FR,542,MIKQ1FR2026,,35HT,MRN2,,1600,WovFab,500,E2007,2026FR_003,,3,31,1,2026,0,37,50.272715,1.141401,23,0,2026,,,,3.1416,,,MCR,KcDenmark,4221,3.33333333333333,,,,F,,26,33,,,,,,,,,29F1,
14538,1610402,12090,12319,12366,1610402,EH,I4537,FR,542,MIKQ1FR2026,,35HT,MRN2,,1600,WovFab,500,E2007,2026FR_003,,3,31,1,2026,0,37,50.272715,1.141401,23,0,2026,,,,3.1416,,,MCR,KcDenmark,4221,3.33333333333333,,,,F,,26,33,,,,,,,,,29F1,
14538,1610402,12090,12319,12366,1610402,EH,I4537,FR,542,MIKQ1FR2026,,35HT,MRN2,,1600,WovFab,500,E2007,2026FR_003,,3,31,1,2026,0,37,50.272715,1.141401,23,0,2026,,,,3.1416,,,MCR,KcDenmark,4221,3.33333333333333,,,,F,,26,33,,,,,,,,,29F1,
14538,1610403,12090,12319,12366,1610403,EH,I4537,FR,542,MIKQ1FR2026,,35HT,MRN2,,1600,WovFab,500,E2008,2026FR_004,,4,31,1,2026,4,43,50.158428,0.854986,16,0,1761,,,,3.1416,,,MCR,KcDenmark,5509,3.33333333333333,,,,F,,23,33,,,,,,,,,29F0,
14538,1610403,12090,12319,12366,1610403,EH,I4537,FR,542,MIKQ1FR2026,,35HT,MRN2,,1600,WovFab,500,E2008,2026FR_004,,4,31,1,2026,4,43,50.158428,0.854986,16,0,1761,,,,3.1416,,,MCR,KcDenmark,5509,3.33333333333333,,,,F,,23,33,,,,,,,,,29F0,
14538,1610403,12090,12319,12366,1610403,EH,I4537,FR,542,MIKQ1FR2026,,35HT,MRN2,,1600,WovFab,500,E2008,2026FR_004,,4,31,1,2026,4,43,50.158428,0.854986,16,0,1761,,,,3.1416,,,MCR,KcDenmark,5509,3.33333333333333,,,,F,,23,33,,,,,,,,,29F0,
14538,1610403,12090,12319,12366,1610403,EH,I4537,FR,542,MIKQ1FR2026,,35HT,MRN2,,1600,WovFab,500,E2008,2026FR_004,,4,31,1,2026,4,43,50.158428,0.854986,16,0,1761,,,,3.1416,,,MCR,KcDenmark,5509,3.33333333333333,,,,F,,23,33,,,,,,,,,29F0,
14538,1610403,12090,12319,12366,1610403,EH,I4537,FR,542,MIKQ1FR2026,,35HT,MRN2,,1600,WovFab,500,E2008,2026FR_004,,4,31,1,2026,4,43,50.158428,0.854986,16,0,1761,,,,3.1416,,,MCR,KcDenmark,5509,3.33333333333333,,,,F,,23,33,,,,,,,,,29F0,
14538,1610403,12090,12319,12366,1610403,EH,I4537,FR,542,MIKQ1FR2026,,35HT,MRN2,,1600,WovFab,500,E2008,2026FR_004,,4,31,1,2026,4,43,50.158428,0.854986,16,0,1761,,,,3.1416,,,MCR,KcDenmark,5509,3.33333333333333,,,,F,,23,33,,,,,,,,,29F0,
14538,1610403,12090,12319,12366,1610403,EH,I4537,FR,542,MIKQ1FR2026,,35HT,MRN2,,1600,WovFab,500,E2008,2026FR_004,,4,31,1,2026,4,43,50.158428,0.854986,16,0,1761,,,,3.1416,,,MCR,KcDenmark,5509,3.33333333333333,,,,F,,23,33,,,,,,,,,29F0,
14538,1610403,12090,12319,12366,1610403,EH,I4537,FR,542,MIKQ1FR2026,,35HT,MRN2,,1600,WovFab,500,E2008,2026FR_004,,4,31,1,2026,4,43,50.158428,0.854986,16,0,1761,,,,3.1416,,,MCR,KcDenmark,5509,3.33333333333333,,,,F,,23,33,,,,,,,,,29F0,
14538,1610403,12090,12319,12366,1610403,EH,I4537,FR,542,MIKQ1FR2026,,35HT,MRN2,,1600,WovFab,500,E2008,2026FR_004,,4,31,1,2026,4,43,50.158428,0.854986,16,0,1761,,,,3.1416,,,MCR,KcDenmark,5509,3.33333333333333,,,,F,,23,33,,,,,,,,,29F0,
14538,1610403,12090,12319,12366,1610403,EH,I4537,FR,542,MIKQ1FR2026,,35HT,MRN2,,1600,WovFab,500,E2008,2026FR_004,,4,31,1,2026,4,43,50.158428,0.854986,16,0,1761,,,,3.1416,,,MCR,KcDenmark,5509,3.33333333333333,,,,F,,23,33,,,,,,,,,29F0,
14538,1610403,12090,12319,12366,1610403,EH,I4537,FR,542,MIKQ1FR2026,,35HT,MRN2,,1600,WovFab,500,E2008,2026FR_004,,4,31,1,2026,4,43,50.158428,0.854986,16,0,1761,,,,3.1416,,,MCR,KcDenmark,5509,3.33333333333333,,,,F,,23,33,,,,,,,,,29F0,
14538,1610403,12090,12319,12366,1610403,EH,I4537,FR,542,MIKQ1FR2026,,35HT,MRN2,,1600,WovFab,500,E2008,2026FR_004,,4,31,1,2026,4,43,50.158428,0.854986,16,0,1761,,,,3.1416,,,MCR,KcDenmark,5509,3.33333333333333,,,,F,,23,33,,,,,,,,,29F0,
14538,1610403,12090,12319,12366,1610403,EH,I4537,FR,542,MIKQ1FR2026,,35HT,MRN2,,1600,WovFab,500,E2008,2026FR_004,,4,31,1,2026,4,43,50.158428,0.854986,16,0,1761,,,,3.1416,,,MCR,KcDenmark,5509,3.33333333333333,,,,F,,23,33,,,,,,,,,29F0,
14538,1610404,12090,12319,12366,1610404,EH,I4537,FR,542,MIKQ1FR2026,,35HT,MRN2,,1600,WovFab,500,E2012,2026FR_005,,5,31,1,2026,19,37,49.779561,0.143025,16,0,596,,,,3.1416,,,MCR,KcDenmark,5384,3.33333333333333,,,,F,,25,32,,,,,,,,,28F0,
14538,1610404,12090,12319,12366,1610404,EH,I4537,FR,542,MIKQ1FR2026,,35HT,MRN2,,1600,WovFab,500,E2012,2026FR_005,,5,31,1,2026,19,37,49.779561,0.143025,16,0,596,,,,3.1416,,,MCR,KcDenmark,5384,3.33333333333333,,,,F,,25,32,,,,,,,,,28F0,
14538,1610404,12090,12319,12366,1610404,EH,I4537,FR,542,MIKQ1FR2026,,35HT,MRN2,,1600,WovFab,500,E2012,2026FR_005,,5,31,1,2026,19,37,49.779561,0.143025,16,0,596,,,,3.1416,,,MCR,KcDenmark,5384,3.33333333333333,,,,F,,25,32,,,,,,,,,28F0,
14538,1610404,12090,12319,12366,1610404,EH,I4537,FR,542,MIKQ1FR2026,,35HT,MRN2,,1600,WovFab,500,E2012,2026FR_005,,5,31,1,2026,19,37,49.779561,0.143025,16,0,596,,,,3.1416,,,MCR,KcDenmark,5384,3.33333333333333,,,,F,,25,32,,,,,,,,,28F0,
14538,1610404,12090,12319,12366,1610404,EH,I4537,FR,542,MIKQ1FR2026,,35HT,MRN2,,1600,WovFab,500,E2012,2026FR_005,,5,31,1,2026,19,37,49.779561,0.143025,16,0,596,,,,3.1416,,,MCR,KcDenmark,5384,3.33333333333333,,,,F,,25,32,,,,,,,,,28F0,
14538,1610404,12090,12319,12366,1610404,EH,I4537,FR,542,MIKQ1FR2026,,35HT,MRN2,,1600,WovFab,500,E2012,2026FR_005,,5,31,1,2026,19,37,49.779561,0.143025,16,0,596,,,,3.1416,,,MCR,KcDenmark,5384,3.33333333333333,,,,F,,25,32,,,,,,,,,28F0,
14538,1610404,12090,12319,12366,1610404,EH,I4537,FR,542,MIKQ1FR2026,,35HT,MRN2,,1600,WovFab,500,E2012,2026FR_005,,5,31,1,2026,19,37,49.779561,0.143025,16,0,596,,,,3.1416,,,MCR,KcDenmark,5384,3.33333333333333,,,,F,,25,32,,,,,,,,,28F0,
14538,1610404,12090,12319,12366,1610404,EH,I4537,FR,542,MIKQ1FR2026,,35HT,MRN2,,1600,WovFab,500,E2012,2026FR_005,,5,31,1,2026,19,37,49.779561,0.143025,16,0,596,,,,3.1416,,,MCR,KcDenmark,5384,3.33333333333333,,,,F,,25,32,,,,,,,,,28F0,
14538,1610404,12090,12319,12366,1610404,EH,I4537,FR,542,MIKQ1FR2026,,35HT,MRN2,,1600,WovFab,500,E2012,2026FR_005,,5,31,1,2026,19,37,49.779561,0.143025,16,0,596,,,,3.1416,,,MCR,KcDenmark,5384,3.33333333333333,,,,F,,25,32,,,,,,,,,28F0,
14538,1610404,12090,12319,12366,1610404,EH,I4537,FR,542,MIKQ1FR2026,,35HT,MRN2,,1600,WovFab,500,E2012,2026FR_005,,5,31,1,2026,19,37,49.779561,0.143025,16,0,596,,,,3.1416,,,MCR,KcDenmark,5384,3.33333333333333,,,,F,,25,32,,,,,,,,,28F0,
14538,1610404,12090,12319,12366,1610404,EH,I4537,FR,542,MIKQ1FR2026,,35HT,MRN2,,1600,WovFab,500,E2012,2026FR_005,,5,31,1,2026,19,37,49.779561,0.143025,16,0,596,,,,3.1416,,,MCR,KcDenmark,5384,3.33333333333333,,,,F,,25,32,,,,,,,,,28F0,
14538,1610404,12090,12319,12366,1610404,EH,I4537,FR,542,MIKQ1FR2026,,35HT,MRN2,,1600,WovFab,500,E2012,2026FR_005,,5,31,1,2026,19,37,49.779561,0.143025,16,0,596,,,,3.1416,,,MCR,KcDenmark,5384,3.33333333333333,,,,F,,25,32,,,,,,,,,28F0,
14538,1610404,12090,12319,12366,1610404,EH,I4537,FR,542,MIKQ1FR2026,,35HT,MRN2,,1600,WovFab,500,E2012,2026FR_005,,5,31,1,2026,19,37,49.779561,0.143025,16,0,596,,,,3.1416,,,MCR,KcDenmark,5384,3.33333333333333,,,,F,,25,32,,,,,,,,,28F0,
14538,1610404,12090,12319,12366,1610404,EH,I4537,FR,542,MIKQ1FR2026,,35HT,MRN2,,1600,WovFab,500,E2012,2026FR_005,,5,31,1,2026,19,37,49.779561,0.143025,16,0,596,,,,3.1416,,,MCR,KcDenmark,5384,3.33333333333333,,,,F,,25,32,,,,,,,,,28F0,
14538,1610404,12090,12319,12366,1610404,EH,I4537,FR,542,MIKQ1FR2026,,35HT,MRN2,,1600,WovFab,500,E2012,2026FR_005,,5,31,1,2026,19,37,49.779561,0.143025,16,0,596,,,,3.1416,,,MCR,KcDenmark,5384,3.33333333333333,,,,F,,25,32,,,,,,,,,28F0,
14538,1610400,12090,12319,12366,1610400,EH,I4537,FR,542,MIKQ1FR2026,,35HT,MRN2,,1600,WovFab,500,E2004,2026FR_001,,1,31,1,2026,20,26,50.444585,1.129364,13,0,1149,,,,3.1416,,,MCR,KcDenmark,5107,3.33333333333333,,,,F,,33,40,,,,,,,,,29F1,
14538,1610400,12090,12319,12366,1610400,EH,I4537,FR,542,MIKQ1FR2026,,35HT,MRN2,,1600,WovFab,500,E2004,2026FR_001,,1,31,1,2026,20,26,50.444585,1.129364,13,0,1149,,,,3.1416,,,MCR,KcDenmark,5107,3.33333333333333,,,,F,,33,40,,,,,,,,,29F1,
14538,1610400,12090,12319,12366,1610400,EH,I4537,FR,542,MIKQ1FR2026,,35HT,MRN2,,1600,WovFab,500,E2004,2026FR_001,,1,31,1,2026,20,26,50.444585,1.129364,13,0,1149,,,,3.1416,,,MCR,KcDenmark,5107,3.33333333333333,,,,F,,33,40,,,,,,,,,29F1,
14538,1610400,12090,12319,12366,1610400,EH,I4537,FR,542,MIKQ1FR2026,,35HT,MRN2,,1600,WovFab,500,E2004,2026FR_001,,1,31,1,2026,20,26,50.444585,1.129364,13,0,1149,,,,3.1416,,,MCR,KcDenmark,5107,3.33333333333333,,,,F,,33,40,,,,,,,,,29F1,
14538,1610400,12090,12319,12366,1610400,EH,I4537,FR,542,MIKQ1FR2026,,35HT,MRN2,,1600,WovFab,500,E2004,2026FR_001,,1,31,1,2026,20,26,50.444585,1.129364,13,0,1149,,,,3.1416,,,MCR,KcDenmark,5107,3.33333333333333,,,,F,,33,40,,,,,,,,,29F1,
14538,1610400,12090,12319,12366,1610400,EH,I4537,FR,542,MIKQ1FR2026,,35HT,MRN2,,1600,WovFab,500,E2004,2026FR_001,,1,31,1,2026,20,26,50.444585,1.129364,13,0,1149,,,,3.1416,,,MCR,KcDenmark,5107,3.33333333333333,,,,F,,33,40,,,,,,,,,29F1,
14538,1610405,12090,12319,12366,1610405,EH,I4537,FR,542,MIKQ1FR2026,,35HT,MRN2,,1600,WovFab,500,E2013,2026FR_006,,6,31,1,2026,21,31,49.880186,0.484415,14,0,492,,,,3.1416,,,MCR,KcDenmark,4557,3.33333333333333,,,,F,,24,31,,,,,,,,,28F0,
14538,1610405,12090,12319,12366,1610405,EH,I4537,FR,542,MIKQ1FR2026,,35HT,MRN2,,1600,WovFab,500,E2013,2026FR_006,,6,31,1,2026,21,31,49.880186,0.484415,14,0,492,,,,3.1416,,,MCR,KcDenmark,4557,3.33333333333333,,,,F,,24,31,,,,,,,,,28F0,
14538,1610405,12090,12319,12366,1610405,EH,I4537,FR,542,MIKQ1FR2026,,35HT,MRN2,,1600,WovFab,500,E2013,2026FR_006,,6,31,1,2026,21,31,49.880186,0.484415,14,0,492,,,,3.1416,,,MCR,KcDenmark,4557,3.33333333333333,,,,F,,24,31,,,,,,,,,28F0,
14538,1610405,12090,12319,12366,1610405,EH,I4537,FR,542,MIKQ1FR2026,,35HT,MRN2,,1600,WovFab,500,E2013,2026FR_006,,6,31,1,2026,21,31,49.880186,0.484415,14,0,492,,,,3.1416,,,MCR,KcDenmark,4557,3.33333333333333,,,,F,,24,31,,,,,,,,,28F0,
14538,1610405,12090,12319,12366,1610405,EH,I4537,FR,542,MIKQ1FR2026,,35HT,MRN2,,1600,WovFab,500,E2013,2026FR_006,,6,31,1,2026,21,31,49.880186,0.484415,14,0,492,,,,3.1416,,,MCR,KcDenmark,4557,3.33333333333333,,,,F,,24,31,,,,,,,,,28F0,
14538,1610405,12090,12319,12366,1610405,EH,I4537,FR,542,MIKQ1FR2026,,35HT,MRN2,,1600,WovFab,500,E2013,2026FR_006,,6,31,1,2026,21,31,49.880186,0.484415,14,0,492,,,,3.1416,,,MCR,KcDenmark,4557,3.33333333333333,,,,F,,24,31,,,,,,,,,28F0,
14538,1610401,12090,12319,12366,1610401,EH,I4537,FR,542,MIKQ1FR2026,,35HT,MRN2,,1600,WovFab,500,E2006,2026FR_002,,2,31,1,2026,22,28,50.33924,1.35836,11,0,749,,,,3.1416,,,MCR,KcDenmark,3985,3.33333333333333,,,,F,,21,31,,,,,,,,,29F1,
14538,1610401,12090,12319,12366,1610401,EH,I4537,FR,542,MIKQ1FR2026,,35HT,MRN2,,1600,WovFab,500,E2006,2026FR_002,,2,31,1,2026,22,28,50.33924,1.35836,11,0,749,,,,3.1416,,,MCR,KcDenmark,3985,3.33333333333333,,,,F,,21,31,,,,,,,,,29F1,
14538,1610401,12090,12319,12366,1610401,EH,I4537,FR,542,MIKQ1FR2026,,35HT,MRN2,,1600,WovFab,500,E2006,2026FR_002,,2,31,1,2026,22,28,50.33924,1.35836,11,0,749,,,,3.1416,,,MCR,KcDenmark,3985,3.33333333333333,,,,F,,21,31,,,,,,,,,29F1,
14538,1610401,12090,12319,12366,1610401,EH,I4537,FR,542,MIKQ1FR2026,,35HT,MRN2,,1600,WovFab,500,E2006,2026FR_002,,2,31,1,2026,22,28,50.33924,1.35836,11,0,749,,,,3.1416,,,MCR,KcDenmark,3985,3.33333333333333,,,,F,,21,31,,,,,,,,,29F1,
14538,1610401,12090,12319,12366,1610401,EH,I4537,FR,542,MIKQ1FR2026,,35HT,MRN2,,1600,WovFab,500,E2006,2026FR_002,,2,31,1,2026,22,28,50.33924,1.35836,11,0,749,,,,3.1416,,,MCR,KcDenmark,3985,3.33333333333333,,,,F,,21,31,,,,,,,,,29F1,
14538,1610401,12090,12319,12366,1610401,EH,I4537,FR,542,MIKQ1FR2026,,35HT,MRN2,,1600,WovFab,500,E2006,2026FR_002,,2,31,1,2026,22,28,50.33924,1.35836,11,0,749,,,,3.1416,,,MCR,KcDenmark,3985,3.33333333333333,,,,F,,21,31,,,,,,,,,29F1,
14538,1610401,12090,12319,12366,1610401,EH,I4537,FR,542,MIKQ1FR2026,,35HT,MRN2,,1600,WovFab,500,E2006,2026FR_002,,2,31,1,2026,22,28,50.33924,1.35836,11,0,749,,,,3.1416,,,MCR,KcDenmark,3985,3.33333333333333,,,,F,,21,31,,,,,,,,,29F1,
14538,1610401,12090,12319,12366,1610401,EH,I4537,FR,542,MIKQ1FR2026,,35HT,MRN2,,1600,WovFab,500,E2006,2026FR_002,,2,31,1,2026,22,28,50.33924,1.35836,11,0,749,,,,3.1416,,,MCR,KcDenmark,3985,3.33333333333333,,,,F,,21,31,,,,,,,,,29F1,
14538,1610401,12090,12319,12366,1610401,EH,I4537,FR,542,MIKQ1FR2026,,35HT,MRN2,,1600,WovFab,500,E2006,2026FR_002,,2,31,1,2026,22,28,50.33924,1.35836,11,0,749,,,,3.1416,,,MCR,KcDenmark,3985,3.33333333333333,,,,F,,21,31,,,,,,,,,29F1,
14538,1610401,12090,12319,12366,1610401,EH,I4537,FR,542,MIKQ1FR2026,,35HT,MRN2,,1600,WovFab,500,E2006,2026FR_002,,2,31,1,2026,22,28,50.33924,1.35836,11,0,749,,,,3.1416,,,MCR,KcDenmark,3985,3.33333333333333,,,,F,,21,31,,,,,,,,,29F1,
14538,1610406,12090,12319,12366,1610406,EH,I4537,FR,542,MIKQ1FR2026,,35HT,MRN2,,1600,WovFab,500,E2015,2026FR_007,,7,31,1,2026,23,31,50.117316,0.672535,13,0,1119,,,,3.1416,,,MCR,KcDenmark,4470,3.33333333333333,,,,F,,31,38,,,,,,,,,29F0,
14538,1610406,12090,12319,12366,1610406,EH,I4537,FR,542,MIKQ1FR2026,,35HT,MRN2,,1600,WovFab,500,E2015,2026FR_007,,7,31,1,2026,23,31,50.117316,0.672535,13,0,1119,,,,3.1416,,,MCR,KcDenmark,4470,3.33333333333333,,,,F,,31,38,,,,,,,,,29F0,
14538,1610406,12090,12319,12366,1610406,EH,I4537,FR,542,MIKQ1FR2026,,35HT,MRN2,,1600,WovFab,500,E2015,2026FR_007,,7,31,1,2026,23,31,50.117316,0.672535,13,0,1119,,,,3.1416,,,MCR,KcDenmark,4470,3.33333333333333,,,,F,,31,38,,,,,,,,,29F0,
14538,1610406,12090,12319,12366,1610406,EH,I4537,FR,542,MIKQ1FR2026,,35HT,MRN2,,1600,WovFab,500,E2015,2026FR_007,,7,31,1,2026,23,31,50.117316,0.672535,13,0,1119,,,,3.1416,,,MCR,KcDenmark,4470,3.33333333333333,,,,F,,31,38,,,,,,,,,29F0,
14538,1610406,12090,12319,12366,1610406,EH,I4537,FR,542,MIKQ1FR2026,,35HT,MRN2,,1600,WovFab,500,E2015,2026FR_007,,7,31,1,2026,23,31,50.117316,0.672535,13,0,1119,,,,3.1416,,,MCR,KcDenmark,4470,3.33333333333333,,,,F,,31,38,,,,,,,,,29F0,
14538,1610406,12090,12319,12366,1610406,EH,I4537,FR,542,MIKQ1FR2026,,35HT,MRN2,,1600,WovFab,500,E2015,2026FR_007,,7,31,1,2026,23,31,50.117316,0.672535,13,0,1119,,,,3.1416,,,MCR,KcDenmark,4470,3.33333333333333,,,,F,,31,38,,,,,,,,,29F0,
14538,1610406,12090,12319,12366,1610406,EH,I4537,FR,542,MIKQ1FR2026,,35HT,MRN2,,1600,WovFab,500,E2015,2026FR_007,,7,31,1,2026,23,31,50.117316,0.672535,13,0,1119,,,,3.1416,,,MCR,KcDenmark,4470,3.33333333333333,,,,F,,31,38,,,,,,,,,29F0,
14538,1610406,12090,12319,12366,1610406,EH,I4537,FR,542,MIKQ1FR2026,,35HT,MRN2,,1600,WovFab,500,E2015,2026FR_007,,7,31,1,2026,23,31,50.117316,0.672535,13,0,1119,,,,3.1416,,,MCR,KcDenmark,4470,3.33333333333333,,,,F,,31,38,,,,,,,,,29F0,
14538,1610406,12090,12319,12366,1610406,EH,I4537,FR,542,MIKQ1FR2026,,35HT,MRN2,,1600,WovFab,500,E2015,2026FR_007,,7,31,1,2026,23,31,50.117316,0.672535,13,0,1119,,,,3.1416,,,MCR,KcDenmark,4470,3.33333333333333,,,,F,,31,38,,,,,,,,,29F0,
14538,1610406,12090,12319,12366,1610406,EH,I4537,FR,542,MIKQ1FR2026,,35HT,MRN2,,1600,WovFab,500,E2015,2026FR_007,,7,31,1,2026,23,31,50.117316,0.672535,13,0,1119,,,,3.1416,,,MCR,KcDenmark,4470,3.33333333333333,,,,F,,31,38,,,,,,,,,29F0,
14538,1610406,12090,12319,12366,1610406,EH,I4537,FR,542,MIKQ1FR2026,,35HT,MRN2,,1600,WovFab,500,E2015,2026FR_007,,7,31,1,2026,23,31,50.117316,0.672535,13,0,1119,,,,3.1416,,,MCR,KcDenmark,4470,3.33333333333333,,,,F,,31,38,,,,,,,,,29F0,
14538,1610407,12090,12319,12366,1610407,EH,I4537,FR,542,MIKQ1FR2026,,35HT,MRN2,,1600,WovFab,500,E2016,2026FR_008,,8,1,2,2026,1,55,50.275234,0.407864,18,0,1964,,,,3.1416,,,MCR,KcDenmark,5165,3.33333333333333,,,,F,,38,45,,,,,,,,,29F0,
14538,1610407,12090,12319,12366,1610407,EH,I4537,FR,542,MIKQ1FR2026,,35HT,MRN2,,1600,WovFab,500,E2016,2026FR_008,,8,1,2,2026,1,55,50.275234,0.407864,18,0,1964,,,,3.1416,,,MCR,KcDenmark,5165,3.33333333333333,,,,F,,38,45,,,,,,,,,29F0,
14538,1610407,12090,12319,12366,1610407,EH,I4537,FR,542,MIKQ1FR2026,,35HT,MRN2,,1600,WovFab,500,E2016,2026FR_008,,8,1,2,2026,1,55,50.275234,0.407864,18,0,1964,,,,3.1416,,,MCR,KcDenmark,5165,3.33333333333333,,,,F,,38,45,,,,,,,,,29F0,
14538,1610407,12090,12319,12366,1610407,EH,I4537,FR,542,MIKQ1FR2026,,35HT,MRN2,,1600,WovFab,500,E2016,2026FR_008,,8,1,2,2026,1,55,50.275234,0.407864,18,0,1964,,,,3.1416,,,MCR,KcDenmark,5165,3.33333333333333,,,,F,,38,45,,,,,,,,,29F0,
14538,1610407,12090,12319,12366,1610407,EH,I4537,FR,542,MIKQ1FR2026,,35HT,MRN2,,1600,WovFab,500,E2016,2026FR_008,,8,1,2,2026,1,55,50.275234,0.407864,18,0,1964,,,,3.1416,,,MCR,KcDenmark,5165,3.33333333333333,,,,F,,38,45,,,,,,,,,29F0,
14538,1610407,12090,12319,12366,1610407,EH,I4537,FR,542,MIKQ1FR2026,,35HT,MRN2,,1600,WovFab,500,E2016,2026FR_008,,8,1,2,2026,1,55,50.275234,0.407864,18,0,1964,,,,3.1416,,,MCR,KcDenmark,5165,3.33333333333333,,,,F,,38,45,,,,,,,,,29F0,
14538,1610408,12090,12319,12366,1610408,EH,I4537,FR,542,MIKQ1FR2026,,35HT,MRN2,,1600,WovFab,500,E2017,2026FR_009,,9,1,2,2026,5,1,50.388452,0.797616,16,0,1913,,,,3.1416,,,MCR,KcDenmark,4593,3.33333333333333,,,,F,,29,36,,,,,,,,,29F0,
14538,1610408,12090,12319,12366,1610408,EH,I4537,FR,542,MIKQ1FR2026,,35HT,MRN2,,1600,WovFab,500,E2017,2026FR_009,,9,1,2,2026,5,1,50.388452,0.797616,16,0,1913,,,,3.1416,,,MCR,KcDenmark,4593,3.33333333333333,,,,F,,29,36,,,,,,,,,29F0,
14538,1610408,12090,12319,12366,1610408,EH,I4537,FR,542,MIKQ1FR2026,,35HT,MRN2,,1600,WovFab,500,E2017,2026FR_009,,9,1,2,2026,5,1,50.388452,0.797616,16,0,1913,,,,3.1416,,,MCR,KcDenmark,4593,3.33333333333333,,,,F,,29,36,,,,,,,,,29F0,
14538,1610408,12090,12319,12366,1610408,EH,I4537,FR,542,MIKQ1FR2026,,35HT,MRN2,,1600,WovFab,500,E2017,2026FR_009,,9,1,2,2026,5,1,50.388452,0.797616,16,0,1913,,,,3.1416,,,MCR,KcDenmark,4593,3.33333333333333,,,,F,,29,36,,,,,,,,,29F0,
14538,1610408,12090,12319,12366,1610408,EH,I4537,FR,542,MIKQ1FR2026,,35HT,MRN2,,1600,WovFab,500,E2017,2026FR_009,,9,1,2,2026,5,1,50.388452,0.797616,16,0,1913,,,,3.1416,,,MCR,KcDenmark,4593,3.33333333333333,,,,F,,29,36,,,,,,,,,29F0,
14538,1610408,12090,12319,12366,1610408,EH,I4537,FR,542,MIKQ1FR2026,,35HT,MRN2,,1600,WovFab,500,E2017,2026FR_009,,9,1,2,2026,5,1,50.388452,0.797616,16,0,1913,,,,3.1416,,,MCR,KcDenmark,4593,3.33333333333333,,,,F,,29,36,,,,,,,,,29F0,
14538,1610409,12090,12319,12366,1610409,EH,I4537,FR,542,MIKQ1FR2026,,35HT,MRN2,,1600,WovFab,500,E2020,2026FR_010,,10,1,2,2026,19,19,50.709041,0.140057,20,0,2278,,,,3.1416,,,MCR,KcDenmark,6739,3.33333333333333,,,,F,,18,25,,,,,,,,,30F0,
14538,1610414,12090,12319,12366,1610414,EH,I4537,FR,542,MIKQ1FR2026,,35HT,MRN2,,1600,WovFab,500,E2027,2026FR_015,,15,2,2,2026,17,50,50.912016,1.576219,18,0,1784,,,,3.1416,,,MCR,KcDenmark,5244,3.33333333333333,,,,F,,24,31,,,,,,,,,30F1,
14538,1610414,12090,12319,12366,1610414,EH,I4537,FR,542,MIKQ1FR2026,,35HT,MRN2,,1600,WovFab,500,E2027,2026FR_015,,15,2,2,2026,17,50,50.912016,1.576219,18,0,1784,,,,3.1416,,,MCR,KcDenmark,5244,3.33333333333333,,,,F,,24,31,,,,,,,,,30F1,
14538,1610414,12090,12319,12366,1610414,EH,I4537,FR,542,MIKQ1FR2026,,35HT,MRN2,,1600,WovFab,500,E2027,2026FR_015,,15,2,2,2026,17,50,50.912016,1.576219,18,0,1784,,,,3.1416,,,MCR,KcDenmark,5244,3.33333333333333,,,,F,,24,31,,,,,,,,,30F1,
14538,1610414,12090,12319,12366,1610414,EH,I4537,FR,542,MIKQ1FR2026,,35HT,MRN2,,1600,WovFab,500,E2027,2026FR_015,,15,2,2,2026,17,50,50.912016,1.576219,18,0,1784,,,,3.1416,,,MCR,KcDenmark,5244,3.33333333333333,,,,F,,24,31,,,,,,,,,30F1,
14538,1610414,12090,12319,12366,1610414,EH,I4537,FR,542,MIKQ1FR2026,,35HT,MRN2,,1600,WovFab,500,E2027,2026FR_015,,15,2,2,2026,17,50,50.912016,1.576219,18,0,1784,,,,3.1416,,,MCR,KcDenmark,5244,3.33333333333333,,,,F,,24,31,,,,,,,,,30F1,
14538,1610414,12090,12319,12366,1610414,EH,I4537,FR,542,MIKQ1FR2026,,35HT,MRN2,,1600,WovFab,500,E2027,2026FR_015,,15,2,2,2026,17,50,50.912016,1.576219,18,0,1784,,,,3.1416,,,MCR,KcDenmark,5244,3.33333333333333,,,,F,,24,31,,,,,,,,,30F1,
14538,1610414,12090,12319,12366,1610414,EH,I4537,FR,542,MIKQ1FR2026,,35HT,MRN2,,1600,WovFab,500,E2027,2026FR_015,,15,2,2,2026,17,50,50.912016,1.576219,18,0,1784,,,,3.1416,,,MCR,KcDenmark,5244,3.33333333333333,,,,F,,24,31,,,,,,,,,30F1,
14538,1610414,12090,12319,12366,1610414,EH,I4537,FR,542,MIKQ1FR2026,,35HT,MRN2,,1600,WovFab,500,E2027,2026FR_015,,15,2,2,2026,17,50,50.912016,1.576219,18,0,1784,,,,3.1416,,,MCR,KcDenmark,5244,3.33333333333333,,,,F,,24,31,,,,,,,,,30F1,
14538,1610414,12090,12319,12366,1610414,EH,I4537,FR,542,MIKQ1FR2026,,35HT,MRN2,,1600,WovFab,500,E2027,2026FR_015,,15,2,2,2026,17,50,50.912016,1.576219,18,0,1784,,,,3.1416,,,MCR,KcDenmark,5244,3.33333333333333,,,,F,,24,31,,,,,,,,,30F1,
14538,1610414,12090,12319,12366,1610414,EH,I4537,FR,542,MIKQ1FR2026,,35HT,MRN2,,1600,WovFab,500,E2027,2026FR_015,,15,2,2,2026,17,50,50.912016,1.576219,18,0,1784,,,,3.1416,,,MCR,KcDenmark,5244,3.33333333333333,,,,F,,24,31,,,,,,,,,30F1,
14538,1610414,12090,12319,12366,1610414,EH,I4537,FR,542,MIKQ1FR2026,,35HT,MRN2,,1600,WovFab,500,E2027,2026FR_015,,15,2,2,2026,17,50,50.912016,1.576219,18,0,1784,,,,3.1416,,,MCR,KcDenmark,5244,3.33333333333333,,,,F,,24,31,,,,,,,,,30F1,
14538,1610414,12090,12319,12366,1610414,EH,I4537,FR,542,MIKQ1FR2026,,35HT,MRN2,,1600,WovFab,500,E2027,2026FR_015,,15,2,2,2026,17,50,50.912016,1.576219,18,0,1784,,,,3.1416,,,MCR,KcDenmark,5244,3.33333333333333,,,,F,,24,31,,,,,,,,,30F1,
14538,1610415,12090,12319,12366,1610415,EH,I4537,FR,542,MIKQ1FR2026,,35HT,MRN2,,1600,WovFab,500,E2028,2026FR_016,,16,2,2,2026,21,34,51.093163,1.794099,10,0,798,,,,3.1416,,,MCR,KcDenmark,4020,3.33333333333333,,,,F,,21,28,,,,,,,,,31F1,
14538,1610415,12090,12319,12366,1610415,EH,I4537,FR,542,MIKQ1FR2026,,35HT,MRN2,,1600,WovFab,500,E2028,2026FR_016,,16,2,2,2026,21,34,51.093163,1.794099,10,0,798,,,,3.1416,,,MCR,KcDenmark,4020,3.33333333333333,,,,F,,21,28,,,,,,,,,31F1,
14538,1610415,12090,12319,12366,1610415,EH,I4537,FR,542,MIKQ1FR2026,,35HT,MRN2,,1600,WovFab,500,E2028,2026FR_016,,16,2,2,2026,21,34,51.093163,1.794099,10,0,798,,,,3.1416,,,MCR,KcDenmark,4020,3.33333333333333,,,,F,,21,28,,,,,,,,,31F1,
14538,1610415,12090,12319,12366,1610415,EH,I4537,FR,542,MIKQ1FR2026,,35HT,MRN2,,1600,WovFab,500,E2028,2026FR_016,,16,2,2,2026,21,34,51.093163,1.794099,10,0,798,,,,3.1416,,,MCR,KcDenmark,4020,3.33333333333333,,,,F,,21,28,,,,,,,,,31F1,
14538,1610415,12090,12319,12366,1610415,EH,I4537,FR,542,MIKQ1FR2026,,35HT,MRN2,,1600,WovFab,500,E2028,2026FR_016,,16,2,2,2026,21,34,51.093163,1.794099,10,0,798,,,,3.1416,,,MCR,KcDenmark,4020,3.33333333333333,,,,F,,21,28,,,,,,,,,31F1,
14538,1610415,12090,12319,12366,1610415,EH,I4537,FR,542,MIKQ1FR2026,,35HT,MRN2,,1600,WovFab,500,E2028,2026FR_016,,16,2,2,2026,21,34,51.093163,1.794099,10,0,798,,,,3.1416,,,MCR,KcDenmark,4020,3.33333333333333,,,,F,,21,28,,,,,,,,,31F1,
14538,1610415,12090,12319,12366,1610415,EH,I4537,FR,542,MIKQ1FR2026,,35HT,MRN2,,1600,WovFab,500,E2028,2026FR_016,,16,2,2,2026,21,34,51.093163,1.794099,10,0,798,,,,3.1416,,,MCR,KcDenmark,4020,3.33333333333333,,,,F,,21,28,,,,,,,,,31F1,
14538,1610416,12090,12319,12366,1610416,EH,I4537,FR,542,MIKQ1FR2026,,35HT,MRN2,,1600,WovFab,500,E2029,2026FR_017,,17,2,2,2026,23,49,51.134231,2.150164,12,0,1397,,,,3.1416,,,MCR,KcDenmark,3350,3.33333333333333,,,,F,,24,34,,,,,,,,,31F2,
14538,1610416,12090,12319,12366,1610416,EH,I4537,FR,542,MIKQ1FR2026,,35HT,MRN2,,1600,WovFab,500,E2029,2026FR_017,,17,2,2,2026,23,49,51.134231,2.150164,12,0,1397,,,,3.1416,,,MCR,KcDenmark,3350,3.33333333333333,,,,F,,24,34,,,,,,,,,31F2,
14538,1610416,12090,12319,12366,1610416,EH,I4537,FR,542,MIKQ1FR2026,,35HT,MRN2,,1600,WovFab,500,E2029,2026FR_017,,17,2,2,2026,23,49,51.134231,2.150164,12,0,1397,,,,3.1416,,,MCR,KcDenmark,3350,3.33333333333333,,,,F,,24,34,,,,,,,,,31F2,
14538,1610416,12090,12319,12366,1610416,EH,I4537,FR,542,MIKQ1FR2026,,35HT,MRN2,,1600,WovFab,500,E2029,2026FR_017,,17,2,2,2026,23,49,51.134231,2.150164,12,0,1397,,,,3.1416,,,MCR,KcDenmark,3350,3.33333333333333,,,,F,,24,34,,,,,,,,,31F2,
14538,1610416,12090,12319,12366,1610416,EH,I4537,FR,542,MIKQ1FR2026,,35HT,MRN2,,1600,WovFab,500,E2029,2026FR_017,,17,2,2,2026,23,49,51.134231,2.150164,12,0,1397,,,,3.1416,,,MCR,KcDenmark,3350,3.33333333333333,,,,F,,24,34,,,,,,,,,31F2,
14538,1610416,12090,12319,12366,1610416,EH,I4537,FR,542,MIKQ1FR2026,,35HT,MRN2,,1600,WovFab,500,E2029,2026FR_017,,17,2,2,2026,23,49,51.134231,2.150164,12,0,1397,,,,3.1416,,,MCR,KcDenmark,3350,3.33333333333333,,,,F,,24,34,,,,,,,,,31F2,
14538,1610416,12090,12319,12366,1610416,EH,I4537,FR,542,MIKQ1FR2026,,35HT,MRN2,,1600,WovFab,500,E2029,2026FR_017,,17,2,2,2026,23,49,51.134231,2.150164,12,0,1397,,,,3.1416,,,MCR,KcDenmark,3350,3.33333333333333,,,,F,,24,34,,,,,,,,,31F2,
14538,1610416,12090,12319,12366,1610416,EH,I4537,FR,542,MIKQ1FR2026,,35HT,MRN2,,1600,WovFab,500,E2029,2026FR_017,,17,2,2,2026,23,49,51.134231,2.150164,12,0,1397,,,,3.1416,,,MCR,KcDenmark,3350,3.33333333333333,,,,F,,24,34,,,,,,,,,31F2,
14538,1610416,12090,12319,12366,1610416,EH,I4537,FR,542,MIKQ1FR2026,,35HT,MRN2,,1600,WovFab,500,E2029,2026FR_017,,17,2,2,2026,23,49,51.134231,2.150164,12,0,1397,,,,3.1416,,,MCR,KcDenmark,3350,3.33333333333333,,,,F,,24,34,,,,,,,,,31F2,
14538,1610416,12090,12319,12366,1610416,EH,I4537,FR,542,MIKQ1FR2026,,35HT,MRN2,,1600,WovFab,500,E2029,2026FR_017,,17,2,2,2026,23,49,51.134231,2.150164,12,0,1397,,,,3.1416,,,MCR,KcDenmark,3350,3.33333333333333,,,,F,,24,34,,,,,,,,,31F2,
14538,1610416,12090,12319,12366,1610416,EH,I4537,FR,542,MIKQ1FR2026,,35HT,MRN2,,1600,WovFab,500,E2029,2026FR_017,,17,2,2,2026,23,49,51.134231,2.150164,12,0,1397,,,,3.1416,,,MCR,KcDenmark,3350,3.33333333333333,,,,F,,24,34,,,,,,,,,31F2,
14538,1610416,12090,12319,12366,1610416,EH,I4537,FR,542,MIKQ1FR2026,,35HT,MRN2,,1600,WovFab,500,E2029,2026FR_017,,17,2,2,2026,23,49,51.134231,2.150164,12,0,1397,,,,3.1416,,,MCR,KcDenmark,3350,3.33333333333333,,,,F,,24,34,,,,,,,,,31F2,
14538,1610417,12090,12319,12366,1610417,EH,I4537,FR,542,MIKQ1FR2026,,35HT,MRN2,,1600,WovFab,500,E2030,2026FR_018,,18,3,2,2026,1,56,51.249697,2.455552,18,0,2080,,,,3.1416,,,MCR,KcDenmark,3661,3.33333333333333,,,,F,,20,30,,,,,,,,,31F2,
14538,1610417,12090,12319,12366,1610417,EH,I4537,FR,542,MIKQ1FR2026,,35HT,MRN2,,1600,WovFab,500,E2030,2026FR_018,,18,3,2,2026,1,56,51.249697,2.455552,18,0,2080,,,,3.1416,,,MCR,KcDenmark,3661,3.33333333333333,,,,F,,20,30,,,,,,,,,31F2,
14538,1610417,12090,12319,12366,1610417,EH,I4537,FR,542,MIKQ1FR2026,,35HT,MRN2,,1600,WovFab,500,E2030,2026FR_018,,18,3,2,2026,1,56,51.249697,2.455552,18,0,2080,,,,3.1416,,,MCR,KcDenmark,3661,3.33333333333333,,,,F,,20,30,,,,,,,,,31F2,
14538,1610417,12090,12319,12366,1610417,EH,I4537,FR,542,MIKQ1FR2026,,35HT,MRN2,,1600,WovFab,500,E2030,2026FR_018,,18,3,2,2026,1,56,51.249697,2.455552,18,0,2080,,,,3.1416,,,MCR,KcDenmark,3661,3.33333333333333,,,,F,,20,30,,,,,,,,,31F2,
14538,1610417,12090,12319,12366,1610417,EH,I4537,FR,542,MIKQ1FR2026,,35HT,MRN2,,1600,WovFab,500,E2030,2026FR_018,,18,3,2,2026,1,56,51.249697,2.455552,18,0,2080,,,,3.1416,,,MCR,KcDenmark,3661,3.33333333333333,,,,F,,20,30,,,,,,,,,31F2,
14538,1610417,12090,12319,12366,1610417,EH,I4537,FR,542,MIKQ1FR2026,,35HT,MRN2,,1600,WovFab,500,E2030,2026FR_018,,18,3,2,2026,1,56,51.249697,2.455552,18,0,2080,,,,3.1416,,,MCR,KcDenmark,3661,3.33333333333333,,,,F,,20,30,,,,,,,,,31F2,
14538,1610417,12090,12319,12366,1610417,EH,I4537,FR,542,MIKQ1FR2026,,35HT,MRN2,,1600,WovFab,500,E2030,2026FR_018,,18,3,2,2026,1,56,51.249697,2.455552,18,0,2080,,,,3.1416,,,MCR,KcDenmark,3661,3.33333333333333,,,,F,,20,30,,,,,,,,,31F2,
14538,1610417,12090,12319,12366,1610417,EH,I4537,FR,542,MIKQ1FR2026,,35HT,MRN2,,1600,WovFab,500,E2030,2026FR_018,,18,3,2,2026,1,56,51.249697,2.455552,18,0,2080,,,,3.1416,,,MCR,KcDenmark,3661,3.33333333333333,,,,F,,20,30,,,,,,,,,31F2,
14538,1610417,12090,12319,12366,1610417,EH,I4537,FR,542,MIKQ1FR2026,,35HT,MRN2,,1600,WovFab,500,E2030,2026FR_018,,18,3,2,2026,1,56,51.249697,2.455552,18,0,2080,,,,3.1416,,,MCR,KcDenmark,3661,3.33333333333333,,,,F,,20,30,,,,,,,,,31F2,
14538,1610417,12090,12319,12366,1610417,EH,I4537,FR,542,MIKQ1FR2026,,35HT,MRN2,,1600,WovFab,500,E2030,2026FR_018,,18,3,2,2026,1,56,51.249697,2.455552,18,0,2080,,,,3.1416,,,MCR,KcDenmark,3661,3.33333333333333,,,,F,,20,30,,,,,,,,,31F2,
14538,1610417,12090,12319,12366,1610417,EH,I4537,FR,542,MIKQ1FR2026,,35HT,MRN2,,1600,WovFab,500,E2030,2026FR_018,,18,3,2,2026,1,56,51.249697,2.455552,18,0,2080,,,,3.1416,,,MCR,KcDenmark,3661,3.33333333333333,,,,F,,20,30,,,,,,,,,31F2,
14538,1610417,12090,12319,12366,1610417,EH,I4537,FR,542,MIKQ1FR2026,,35HT,MRN2,,1600,WovFab,500,E2030,2026FR_018,,18,3,2,2026,1,56,51.249697,2.455552,18,0,2080,,,,3.1416,,,MCR,KcDenmark,3661,3.33333333333333,,,,F,,20,30,,,,,,,,,31F2,
14538,1610417,12090,12319,12366,1610417,EH,I4537,FR,542,MIKQ1FR2026,,35HT,MRN2,,1600,WovFab,500,E2030,2026FR_018,,18,3,2,2026,1,56,51.249697,2.455552,18,0,2080,,,,3.1416,,,MCR,KcDenmark,3661,3.33333333333333,,,,F,,20,30,,,,,,,,,31F2,
14538,1610417,12090,12319,12366,1610417,EH,I4537,FR,542,MIKQ1FR2026,,35HT,MRN2,,1600,WovFab,500,E2030,2026FR_018,,18,3,2,2026,1,56,51.249697,2.455552,18,0,2080,,,,3.1416,,,MCR,KcDenmark,3661,3.33333333333333,,,,F,,20,30,,,,,,,,,31F2,
14538,1610418,12090,12319,12366,1610418,EH,I4537,FR,542,MIKQ1FR2026,,35HT,MRN2,,1600,WovFab,500,E2031,2026FR_019,,19,3,2,2026,4,19,51.406734,2.687088,15,0,1744,,,,3.1416,,,MCR,KcDenmark,4476,3.33333333333333,,,,F,,17,27,,,,,,,,,31F2,
14538,1610418,12090,12319,12366,1610418,EH,I4537,FR,542,MIKQ1FR2026,,35HT,MRN2,,1600,WovFab,500,E2031,2026FR_019,,19,3,2,2026,4,19,51.406734,2.687088,15,0,1744,,,,3.1416,,,MCR,KcDenmark,4476,3.33333333333333,,,,F,,17,27,,,,,,,,,31F2,
14538,1610418,12090,12319,12366,1610418,EH,I4537,FR,542,MIKQ1FR2026,,35HT,MRN2,,1600,WovFab,500,E2031,2026FR_019,,19,3,2,2026,4,19,51.406734,2.687088,15,0,1744,,,,3.1416,,,MCR,KcDenmark,4476,3.33333333333333,,,,F,,17,27,,,,,,,,,31F2,
14538,1610418,12090,12319,12366,1610418,EH,I4537,FR,542,MIKQ1FR2026,,35HT,MRN2,,1600,WovFab,500,E2031,2026FR_019,,19,3,2,2026,4,19,51.406734,2.687088,15,0,1744,,,,3.1416,,,MCR,KcDenmark,4476,3.33333333333333,,,,F,,17,27,,,,,,,,,31F2,
14538,1610418,12090,12319,12366,1610418,EH,I4537,FR,542,MIKQ1FR2026,,35HT,MRN2,,1600,WovFab,500,E2031,2026FR_019,,19,3,2,2026,4,19,51.406734,2.687088,15,0,1744,,,,3.1416,,,MCR,KcDenmark,4476,3.33333333333333,,,,F,,17,27,,,,,,,,,31F2,
14538,1610418,12090,12319,12366,1610418,EH,I4537,FR,542,MIKQ1FR2026,,35HT,MRN2,,1600,WovFab,500,E2031,2026FR_019,,19,3,2,2026,4,19,51.406734,2.687088,15,0,1744,,,,3.1416,,,MCR,KcDenmark,4476,3.33333333333333,,,,F,,17,27,,,,,,,,,31F2,
14538,1610418,12090,12319,12366,1610418,EH,I4537,FR,542,MIKQ1FR2026,,35HT,MRN2,,1600,WovFab,500,E2031,2026FR_019,,19,3,2,2026,4,19,51.406734,2.687088,15,0,1744,,,,3.1416,,,MCR,KcDenmark,4476,3.33333333333333,,,,F,,17,27,,,,,,,,,31F2,
14538,1610418,12090,12319,12366,1610418,EH,I4537,FR,542,MIKQ1FR2026,,35HT,MRN2,,1600,WovFab,500,E2031,2026FR_019,,19,3,2,2026,4,19,51.406734,2.687088,15,0,1744,,,,3.1416,,,MCR,KcDenmark,4476,3.33333333333333,,,,F,,17,27,,,,,,,,,31F2,
14538,1610418,12090,12319,12366,1610418,EH,I4537,FR,542,MIKQ1FR2026,,35HT,MRN2,,1600,WovFab,500,E2031,2026FR_019,,19,3,2,2026,4,19,51.406734,2.687088,15,0,1744,,,,3.1416,,,MCR,KcDenmark,4476,3.33333333333333,,,,F,,17,27,,,,,,,,,31F2,
14538,1610418,12090,12319,12366,1610418,EH,I4537,FR,542,MIKQ1FR2026,,35HT,MRN2,,1600,WovFab,500,E2031,2026FR_019,,19,3,2,2026,4,19,51.406734,2.687088,15,0,1744,,,,3.1416,,,MCR,KcDenmark,4476,3.33333333333333,,,,F,,17,27,,,,,,,,,31F2,
14538,1610418,12090,12319,12366,1610418,EH,I4537,FR,542,MIKQ1FR2026,,35HT,MRN2,,1600,WovFab,500,E2031,2026FR_019,,19,3,2,2026,4,19,51.406734,2.687088,15,0,1744,,,,3.1416,,,MCR,KcDenmark,4476,3.33333333333333,,,,F,,17,27,,,,,,,,,31F2,
14538,1610418,12090,12319,12366,1610418,EH,I4537,FR,542,MIKQ1FR2026,,35HT,MRN2,,1600,WovFab,500,E2031,2026FR_019,,19,3,2,2026,4,19,51.406734,2.687088,15,0,1744,,,,3.1416,,,MCR,KcDenmark,4476,3.33333333333333,,,,F,,17,27,,,,,,,,,31F2,
14538,1610418,12090,12319,12366,1610418,EH,I4537,FR,542,MIKQ1FR2026,,35HT,MRN2,,1600,WovFab,500,E2031,2026FR_019,,19,3,2,2026,4,19,51.406734,2.687088,15,0,1744,,,,3.1416,,,MCR,KcDenmark,4476,3.33333333333333,,,,F,,17,27,,,,,,,,,31F2,
14538,1610418,12090,12319,12366,1610418,EH,I4537,FR,542,MIKQ1FR2026,,35HT,MRN2,,1600,WovFab,500,E2031,2026FR_019,,19,3,2,2026,4,19,51.406734,2.687088,15,0,1744,,,,3.1416,,,MCR,KcDenmark,4476,3.33333333333333,,,,F,,17,27,,,,,,,,,31F2,
14538,1610419,12090,12319,12366,1610419,EH,I4537,FR,542,MIKQ1FR2026,,35HT,MRN2,,1600,WovFab,500,E2032,2026FR_020,,20,3,2,2026,6,33,51.596362,2.782762,18,0,1593,,,,3.1416,,,MCR,KcDenmark,5181,3.33333333333333,,,,F,,23,33,,,,,,,,,32F2,
14538,1610419,12090,12319,12366,1610419,EH,I4537,FR,542,MIKQ1FR2026,,35HT,MRN2,,1600,WovFab,500,E2032,2026FR_020,,20,3,2,2026,6,33,51.596362,2.782762,18,0,1593,,,,3.1416,,,MCR,KcDenmark,5181,3.33333333333333,,,,F,,23,33,,,,,,,,,32F2,
14538,1610419,12090,12319,12366,1610419,EH,I4537,FR,542,MIKQ1FR2026,,35HT,MRN2,,1600,WovFab,500,E2032,2026FR_020,,20,3,2,2026,6,33,51.596362,2.782762,18,0,1593,,,,3.1416,,,MCR,KcDenmark,5181,3.33333333333333,,,,F,,23,33,,,,,,,,,32F2,
14538,1610419,12090,12319,12366,1610419,EH,I4537,FR,542,MIKQ1FR2026,,35HT,MRN2,,1600,WovFab,500,E2032,2026FR_020,,20,3,2,2026,6,33,51.596362,2.782762,18,0,1593,,,,3.1416,,,MCR,KcDenmark,5181,3.33333333333333,,,,F,,23,33,,,,,,,,,32F2,
14538,1610419,12090,12319,12366,1610419,EH,I4537,FR,542,MIKQ1FR2026,,35HT,MRN2,,1600,WovFab,500,E2032,2026FR_020,,20,3,2,2026,6,33,51.596362,2.782762,18,0,1593,,,,3.1416,,,MCR,KcDenmark,5181,3.33333333333333,,,,F,,23,33,,,,,,,,,32F2,
14538,1610419,12090,12319,12366,1610419,EH,I4537,FR,542,MIKQ1FR2026,,35HT,MRN2,,1600,WovFab,500,E2032,2026FR_020,,20,3,2,2026,6,33,51.596362,2.782762,18,0,1593,,,,3.1416,,,MCR,KcDenmark,5181,3.33333333333333,,,,F,,23,33,,,,,,,,,32F2,
14538,1610419,12090,12319,12366,1610419,EH,I4537,FR,542,MIKQ1FR2026,,35HT,MRN2,,1600,WovFab,500,E2032,2026FR_020,,20,3,2,2026,6,33,51.596362,2.782762,18,0,1593,,,,3.1416,,,MCR,KcDenmark,5181,3.33333333333333,,,,F,,23,33,,,,,,,,,32F2,
14538,1610419,12090,12319,12366,1610419,EH,I4537,FR,542,MIKQ1FR2026,,35HT,MRN2,,1600,WovFab,500,E2032,2026FR_020,,20,3,2,2026,6,33,51.596362,2.782762,18,0,1593,,,,3.1416,,,MCR,KcDenmark,5181,3.33333333333333,,,,F,,23,33,,,,,,,,,32F2,
14538,1610419,12090,12319,12366,1610419,EH,I4537,FR,542,MIKQ1FR2026,,35HT,MRN2,,1600,WovFab,500,E2032,2026FR_020,,20,3,2,2026,6,33,51.596362,2.782762,18,0,1593,,,,3.1416,,,MCR,KcDenmark,5181,3.33333333333333,,,,F,,23,33,,,,,,,,,32F2,
14538,1610419,12090,12319,12366,1610419,EH,I4537,FR,542,MIKQ1FR2026,,35HT,MRN2,,1600,WovFab,500,E2032,2026FR_020,,20,3,2,2026,6,33,51.596362,2.782762,18,0,1593,,,,3.1416,,,MCR,KcDenmark,5181,3.33333333333333,,,,F,,23,33,,,,,,,,,32F2,
14538,1610419,12090,12319,12366,1610419,EH,I4537,FR,542,MIKQ1FR2026,,35HT,MRN2,,1600,WovFab,500,E2032,2026FR_020,,20,3,2,2026,6,33,51.596362,2.782762,18,0,1593,,,,3.1416,,,MCR,KcDenmark,5181,3.33333333333333,,,,F,,23,33,,,,,,,,,32F2,
14538,1610419,12090,12319,12366,1610419,EH,I4537,FR,542,MIKQ1FR2026,,35HT,MRN2,,1600,WovFab,500,E2032,2026FR_020,,20,3,2,2026,6,33,51.596362,2.782762,18,0,1593,,,,3.1416,,,MCR,KcDenmark,5181,3.33333333333333,,,,F,,23,33,,,,,,,,,32F2,
14538,1610419,12090,12319,12366,1610419,EH,I4537,FR,542,MIKQ1FR2026,,35HT,MRN2,,1600,WovFab,500,E2032,2026FR_020,,20,3,2,2026,6,33,51.596362,2.782762,18,0,1593,,,,3.1416,,,MCR,KcDenmark,5181,3.33333333333333,,,,F,,23,33,,,,,,,,,32F2,
14538,1610419,12090,12319,12366,1610419,EH,I4537,FR,542,MIKQ1FR2026,,35HT,MRN2,,1600,WovFab,500,E2032,2026FR_020,,20,3,2,2026,6,33,51.596362,2.782762,18,0,1593,,,,3.1416,,,MCR,KcDenmark,5181,3.33333333333333,,,,F,,23,33,,,,,,,,,32F2,
14538,1610420,12090,12319,12366,1610420,EH,I4537,FR,542,MIKQ1FR2026,,35HT,MRN2,,1600,WovFab,500,E2035,2026FR_021,,21,3,2,2026,18,50,52.20164,3.523517,14,0,1285,,,,3.1416,,,MCR,KcDenmark,4292,3.33333333333333,,,,F,,18,28,,,,,,,,,33F3,
14538,1610420,12090,12319,12366,1610420,EH,I4537,FR,542,MIKQ1FR2026,,35HT,MRN2,,1600,WovFab,500,E2035,2026FR_021,,21,3,2,2026,18,50,52.20164,3.523517,14,0,1285,,,,3.1416,,,MCR,KcDenmark,4292,3.33333333333333,,,,F,,18,28,,,,,,,,,33F3,
14538,1610420,12090,12319,12366,1610420,EH,I4537,FR,542,MIKQ1FR2026,,35HT,MRN2,,1600,WovFab,500,E2035,2026FR_021,,21,3,2,2026,18,50,52.20164,3.523517,14,0,1285,,,,3.1416,,,MCR,KcDenmark,4292,3.33333333333333,,,,F,,18,28,,,,,,,,,33F3,
14538,1610420,12090,12319,12366,1610420,EH,I4537,FR,542,MIKQ1FR2026,,35HT,MRN2,,1600,WovFab,500,E2035,2026FR_021,,21,3,2,2026,18,50,52.20164,3.523517,14,0,1285,,,,3.1416,,,MCR,KcDenmark,4292,3.33333333333333,,,,F,,18,28,,,,,,,,,33F3,
14538,1610420,12090,12319,12366,1610420,EH,I4537,FR,542,MIKQ1FR2026,,35HT,MRN2,,1600,WovFab,500,E2035,2026FR_021,,21,3,2,2026,18,50,52.20164,3.523517,14,0,1285,,,,3.1416,,,MCR,KcDenmark,4292,3.33333333333333,,,,F,,18,28,,,,,,,,,33F3,
14538,1610420,12090,12319,12366,1610420,EH,I4537,FR,542,MIKQ1FR2026,,35HT,MRN2,,1600,WovFab,500,E2035,2026FR_021,,21,3,2,2026,18,50,52.20164,3.523517,14,0,1285,,,,3.1416,,,MCR,KcDenmark,4292,3.33333333333333,,,,F,,18,28,,,,,,,,,33F3,
14538,1610420,12090,12319,12366,1610420,EH,I4537,FR,542,MIKQ1FR2026,,35HT,MRN2,,1600,WovFab,500,E2035,2026FR_021,,21,3,2,2026,18,50,52.20164,3.523517,14,0,1285,,,,3.1416,,,MCR,KcDenmark,4292,3.33333333333333,,,,F,,18,28,,,,,,,,,33F3,
14538,1610420,12090,12319,12366,1610420,EH,I4537,FR,542,MIKQ1FR2026,,35HT,MRN2,,1600,WovFab,500,E2035,2026FR_021,,21,3,2,2026,18,50,52.20164,3.523517,14,0,1285,,,,3.1416,,,MCR,KcDenmark,4292,3.33333333333333,,,,F,,18,28,,,,,,,,,33F3,
14538,1610420,12090,12319,12366,1610420,EH,I4537,FR,542,MIKQ1FR2026,,35HT,MRN2,,1600,WovFab,500,E2035,2026FR_021,,21,3,2,2026,18,50,52.20164,3.523517,14,0,1285,,,,3.1416,,,MCR,KcDenmark,4292,3.33333333333333,,,,F,,18,28,,,,,,,,,33F3,
14538,1610420,12090,12319,12366,1610420,EH,I4537,FR,542,MIKQ1FR2026,,35HT,MRN2,,1600,WovFab,500,E2035,2026FR_021,,21,3,2,2026,18,50,52.20164,3.523517,14,0,1285,,,,3.1416,,,MCR,KcDenmark,4292,3.33333333333333,,,,F,,18,28,,,,,,,,,33F3,
14538,1610420,12090,12319,12366,1610420,EH,I4537,FR,542,MIKQ1FR2026,,35HT,MRN2,,1600,WovFab,500,E2035,2026FR_021,,21,3,2,2026,18,50,52.20164,3.523517,14,0,1285,,,,3.1416,,,MCR,KcDenmark,4292,3.33333333333333,,,,F,,18,28,,,,,,,,,33F3,
14538,1610420,12090,12319,12366,1610420,EH,I4537,FR,542,MIKQ1FR2026,,35HT,MRN2,,1600,WovFab,500,E2035,2026FR_021,,21,3,2,2026,18,50,52.20164,3.523517,14,0,1285,,,,3.1416,,,MCR,KcDenmark,4292,3.33333333333333,,,,F,,18,28,,,,,,,,,33F3,
14538,1610420,12090,12319,12366,1610420,EH,I4537,FR,542,MIKQ1FR2026,,35HT,MRN2,,1600,WovFab,500,E2035,2026FR_021,,21,3,2,2026,18,50,52.20164,3.523517,14,0,1285,,,,3.1416,,,MCR,KcDenmark,4292,3.33333333333333,,,,F,,18,28,,,,,,,,,33F3,
14538,1610420,12090,12319,12366,1610420,EH,I4537,FR,542,MIKQ1FR2026,,35HT,MRN2,,1600,WovFab,500,E2035,2026FR_021,,21,3,2,2026,18,50,52.20164,3.523517,14,0,1285,,,,3.1416,,,MCR,KcDenmark,4292,3.33333333333333,,,,F,,18,28,,,,,,,,,33F3,
14538,1610420,12090,12319,12366,1610420,EH,I4537,FR,542,MIKQ1FR2026,,35HT,MRN2,,1600,WovFab,500,E2035,2026FR_021,,21,3,2,2026,18,50,52.20164,3.523517,14,0,1285,,,,3.1416,,,MCR,KcDenmark,4292,3.33333333333333,,,,F,,18,28,,,,,,,,,33F3,
14538,1610420,12090,12319,12366,1610420,EH,I4537,FR,542,MIKQ1FR2026,,35HT,MRN2,,1600,WovFab,500,E2035,2026FR_021,,21,3,2,2026,18,50,52.20164,3.523517,14,0,1285,,,,3.1416,,,MCR,KcDenmark,4292,3.33333333333333,,,,F,,18,28,,,,,,,,,33F3,
14538,1610420,12090,12319,12366,1610420,EH,I4537,FR,542,MIKQ1FR2026,,35HT,MRN2,,1600,WovFab,500,E2035,2026FR_021,,21,3,2,2026,18,50,52.20164,3.523517,14,0,1285,,,,3.1416,,,MCR,KcDenmark,4292,3.33333333333333,,,,F,,18,28,,,,,,,,,33F3,
14538,1610420,12090,12319,12366,1610420,EH,I4537,FR,542,MIKQ1FR2026,,35HT,MRN2,,1600,WovFab,500,E2035,2026FR_021,,21,3,2,2026,18,50,52.20164,3.523517,14,0,1285,,,,3.1416,,,MCR,KcDenmark,4292,3.33333333333333,,,,F,,18,28,,,,,,,,,33F3,
14538,1610421,12090,12319,12366,1610421,EH,I4537,FR,542,MIKQ1FR2026,,35HT,MRN2,,1600,WovFab,500,E2036,2026FR_022,,22,3,2,2026,20,58,52.395454,3.562204,12,0,1289,,,,3.1416,,,MCR,KcDenmark,4324,3.33333333333333,,,,F,,23,33,,,,,,,,,33F3,
14538,1610421,12090,12319,12366,1610421,EH,I4537,FR,542,MIKQ1FR2026,,35HT,MRN2,,1600,WovFab,500,E2036,2026FR_022,,22,3,2,2026,20,58,52.395454,3.562204,12,0,1289,,,,3.1416,,,MCR,KcDenmark,4324,3.33333333333333,,,,F,,23,33,,,,,,,,,33F3,
14538,1610421,12090,12319,12366,1610421,EH,I4537,FR,542,MIKQ1FR2026,,35HT,MRN2,,1600,WovFab,500,E2036,2026FR_022,,22,3,2,2026,20,58,52.395454,3.562204,12,0,1289,,,,3.1416,,,MCR,KcDenmark,4324,3.33333333333333,,,,F,,23,33,,,,,,,,,33F3,
14538,1610421,12090,12319,12366,1610421,EH,I4537,FR,542,MIKQ1FR2026,,35HT,MRN2,,1600,WovFab,500,E2036,2026FR_022,,22,3,2,2026,20,58,52.395454,3.562204,12,0,1289,,,,3.1416,,,MCR,KcDenmark,4324,3.33333333333333,,,,F,,23,33,,,,,,,,,33F3,
14538,1610421,12090,12319,12366,1610421,EH,I4537,FR,542,MIKQ1FR2026,,35HT,MRN2,,1600,WovFab,500,E2036,2026FR_022,,22,3,2,2026,20,58,52.395454,3.562204,12,0,1289,,,,3.1416,,,MCR,KcDenmark,4324,3.33333333333333,,,,F,,23,33,,,,,,,,,33F3,
14538,1610421,12090,12319,12366,1610421,EH,I4537,FR,542,MIKQ1FR2026,,35HT,MRN2,,1600,WovFab,500,E2036,2026FR_022,,22,3,2,2026,20,58,52.395454,3.562204,12,0,1289,,,,3.1416,,,MCR,KcDenmark,4324,3.33333333333333,,,,F,,23,33,,,,,,,,,33F3,
14538,1610421,12090,12319,12366,1610421,EH,I4537,FR,542,MIKQ1FR2026,,35HT,MRN2,,1600,WovFab,500,E2036,2026FR_022,,22,3,2,2026,20,58,52.395454,3.562204,12,0,1289,,,,3.1416,,,MCR,KcDenmark,4324,3.33333333333333,,,,F,,23,33,,,,,,,,,33F3,
14538,1610421,12090,12319,12366,1610421,EH,I4537,FR,542,MIKQ1FR2026,,35HT,MRN2,,1600,WovFab,500,E2036,2026FR_022,,22,3,2,2026,20,58,52.395454,3.562204,12,0,1289,,,,3.1416,,,MCR,KcDenmark,4324,3.33333333333333,,,,F,,23,33,,,,,,,,,33F3,
14538,1610421,12090,12319,12366,1610421,EH,I4537,FR,542,MIKQ1FR2026,,35HT,MRN2,,1600,WovFab,500,E2036,2026FR_022,,22,3,2,2026,20,58,52.395454,3.562204,12,0,1289,,,,3.1416,,,MCR,KcDenmark,4324,3.33333333333333,,,,F,,23,33,,,,,,,,,33F3,
14538,1610421,12090,12319,12366,1610421,EH,I4537,FR,542,MIKQ1FR2026,,35HT,MRN2,,1600,WovFab,500,E2036,2026FR_022,,22,3,2,2026,20,58,52.395454,3.562204,12,0,1289,,,,3.1416,,,MCR,KcDenmark,4324,3.33333333333333,,,,F,,23,33,,,,,,,,,33F3,
14538,1610421,12090,12319,12366,1610421,EH,I4537,FR,542,MIKQ1FR2026,,35HT,MRN2,,1600,WovFab,500,E2036,2026FR_022,,22,3,2,2026,20,58,52.395454,3.562204,12,0,1289,,,,3.1416,,,MCR,KcDenmark,4324,3.33333333333333,,,,F,,23,33,,,,,,,,,33F3,
14538,1610421,12090,12319,12366,1610421,EH,I4537,FR,542,MIKQ1FR2026,,35HT,MRN2,,1600,WovFab,500,E2036,2026FR_022,,22,3,2,2026,20,58,52.395454,3.562204,12,0,1289,,,,3.1416,,,MCR,KcDenmark,4324,3.33333333333333,,,,F,,23,33,,,,,,,,,33F3,
14538,1610421,12090,12319,12366,1610421,EH,I4537,FR,542,MIKQ1FR2026,,35HT,MRN2,,1600,WovFab,500,E2036,2026FR_022,,22,3,2,2026,20,58,52.395454,3.562204,12,0,1289,,,,3.1416,,,MCR,KcDenmark,4324,3.33333333333333,,,,F,,23,33,,,,,,,,,33F3,
14538,1610421,12090,12319,12366,1610421,EH,I4537,FR,542,MIKQ1FR2026,,35HT,MRN2,,1600,WovFab,500,E2036,2026FR_022,,22,3,2,2026,20,58,52.395454,3.562204,12,0,1289,,,,3.1416,,,MCR,KcDenmark,4324,3.33333333333333,,,,F,,23,33,,,,,,,,,33F3,
14538,1610421,12090,12319,12366,1610421,EH,I4537,FR,542,MIKQ1FR2026,,35HT,MRN2,,1600,WovFab,500,E2036,2026FR_022,,22,3,2,2026,20,58,52.395454,3.562204,12,0,1289,,,,3.1416,,,MCR,KcDenmark,4324,3.33333333333333,,,,F,,23,33,,,,,,,,,33F3,
14538,1610421,12090,12319,12366,1610421,EH,I4537,FR,542,MIKQ1FR2026,,35HT,MRN2,,1600,WovFab,500,E2036,2026FR_022,,22,3,2,2026,20,58,52.395454,3.562204,12,0,1289,,,,3.1416,,,MCR,KcDenmark,4324,3.33333333333333,,,,F,,23,33,,,,,,,,,33F3,
14538,1610421,12090,12319,12366,1610421,EH,I4537,FR,542,MIKQ1FR2026,,35HT,MRN2,,1600,WovFab,500,E2036,2026FR_022,,22,3,2,2026,20,58,52.395454,3.562204,12,0,1289,,,,3.1416,,,MCR,KcDenmark,4324,3.33333333333333,,,,F,,23,33,,,,,,,,,33F3,
14538,1610421,12090,12319,12366,1610421,EH,I4537,FR,542,MIKQ1FR2026,,35HT,MRN2,,1600,WovFab,500,E2036,2026FR_022,,22,3,2,2026,20,58,52.395454,3.562204,12,0,1289,,,,3.1416,,,MCR,KcDenmark,4324,3.33333333333333,,,,F,,23,33,,,,,,,,,33F3,
14538,1610421,12090,12319,12366,1610421,EH,I4537,FR,542,MIKQ1FR2026,,35HT,MRN2,,1600,WovFab,500,E2036,2026FR_022,,22,3,2,2026,20,58,52.395454,3.562204,12,0,1289,,,,3.1416,,,MCR,KcDenmark,4324,3.33333333333333,,,,F,,23,33,,,,,,,,,33F3,
14538,1610421,12090,12319,12366,1610421,EH,I4537,FR,542,MIKQ1FR2026,,35HT,MRN2,,1600,WovFab,500,E2036,2026FR_022,,22,3,2,2026,20,58,52.395454,3.562204,12,0,1289,,,,3.1416,,,MCR,KcDenmark,4324,3.33333333333333,,,,F,,23,33,,,,,,,,,33F3,
14538,1610421,12090,12319,12366,1610421,EH,I4537,FR,542,MIKQ1FR2026,,35HT,MRN2,,1600,WovFab,500,E2036,2026FR_022,,22,3,2,2026,20,58,52.395454,3.562204,12,0,1289,,,,3.1416,,,MCR,KcDenmark,4324,3.33333333333333,,,,F,,23,33,,,,,,,,,33F3,
14538,1610421,12090,12319,12366,1610421,EH,I4537,FR,542,MIKQ1FR2026,,35HT,MRN2,,1600,WovFab,500,E2036,2026FR_022,,22,3,2,2026,20,58,52.395454,3.562204,12,0,1289,,,,3.1416,,,MCR,KcDenmark,4324,3.33333333333333,,,,F,,23,33,,,,,,,,,33F3,
14538,1610421,12090,12319,12366,1610421,EH,I4537,FR,542,MIKQ1FR2026,,35HT,MRN2,,1600,WovFab,500,E2036,2026FR_022,,22,3,2,2026,20,58,52.395454,3.562204,12,0,1289,,,,3.1416,,,MCR,KcDenmark,4324,3.33333333333333,,,,F,,23,33,,,,,,,,,33F3,
14538,1610421,12090,12319,12366,1610421,EH,I4537,FR,542,MIKQ1FR2026,,35HT,MRN2,,1600,WovFab,500,E2036,2026FR_022,,22,3,2,2026,20,58,52.395454,3.562204,12,0,1289,,,,3.1416,,,MCR,KcDenmark,4324,3.33333333333333,,,,F,,23,33,,,,,,,,,33F3,
14538,1610421,12090,12319,12366,1610421,EH,I4537,FR,542,MIKQ1FR2026,,35HT,MRN2,,1600,WovFab,500,E2036,2026FR_022,,22,3,2,2026,20,58,52.395454,3.562204,12,0,1289,,,,3.1416,,,MCR,KcDenmark,4324,3.33333333333333,,,,F,,23,33,,,,,,,,,33F3,
14538,1610422,12090,12319,12366,1610422,EH,I4537,FR,542,MIKQ1FR2026,,35HT,MRN2,,1600,WovFab,500,E2037,2026FR_023,,23,3,2,2026,23,41,52.583989,3.377816,18,0,2027,,,,3.1416,,,MCR,KcDenmark,5016,3.33333333333333,,,,F,,24,34,,,,,,,,,34F3,
14538,1610422,12090,12319,12366,1610422,EH,I4537,FR,542,MIKQ1FR2026,,35HT,MRN2,,1600,WovFab,500,E2037,2026FR_023,,23,3,2,2026,23,41,52.583989,3.377816,18,0,2027,,,,3.1416,,,MCR,KcDenmark,5016,3.33333333333333,,,,F,,24,34,,,,,,,,,34F3,
14538,1610422,12090,12319,12366,1610422,EH,I4537,FR,542,MIKQ1FR2026,,35HT,MRN2,,1600,WovFab,500,E2037,2026FR_023,,23,3,2,2026,23,41,52.583989,3.377816,18,0,2027,,,,3.1416,,,MCR,KcDenmark,5016,3.33333333333333,,,,F,,24,34,,,,,,,,,34F3,
14538,1610422,12090,12319,12366,1610422,EH,I4537,FR,542,MIKQ1FR2026,,35HT,MRN2,,1600,WovFab,500,E2037,2026FR_023,,23,3,2,2026,23,41,52.583989,3.377816,18,0,2027,,,,3.1416,,,MCR,KcDenmark,5016,3.33333333333333,,,,F,,24,34,,,,,,,,,34F3,
14538,1610422,12090,12319,12366,1610422,EH,I4537,FR,542,MIKQ1FR2026,,35HT,MRN2,,1600,WovFab,500,E2037,2026FR_023,,23,3,2,2026,23,41,52.583989,3.377816,18,0,2027,,,,3.1416,,,MCR,KcDenmark,5016,3.33333333333333,,,,F,,24,34,,,,,,,,,34F3,
14538,1610422,12090,12319,12366,1610422,EH,I4537,FR,542,MIKQ1FR2026,,35HT,MRN2,,1600,WovFab,500,E2037,2026FR_023,,23,3,2,2026,23,41,52.583989,3.377816,18,0,2027,,,,3.1416,,,MCR,KcDenmark,5016,3.33333333333333,,,,F,,24,34,,,,,,,,,34F3,
14538,1610422,12090,12319,12366,1610422,EH,I4537,FR,542,MIKQ1FR2026,,35HT,MRN2,,1600,WovFab,500,E2037,2026FR_023,,23,3,2,2026,23,41,52.583989,3.377816,18,0,2027,,,,3.1416,,,MCR,KcDenmark,5016,3.33333333333333,,,,F,,24,34,,,,,,,,,34F3,
14538,1610422,12090,12319,12366,1610422,EH,I4537,FR,542,MIKQ1FR2026,,35HT,MRN2,,1600,WovFab,500,E2037,2026FR_023,,23,3,2,2026,23,41,52.583989,3.377816,18,0,2027,,,,3.1416,,,MCR,KcDenmark,5016,3.33333333333333,,,,F,,24,34,,,,,,,,,34F3,
14538,1610422,12090,12319,12366,1610422,EH,I4537,FR,542,MIKQ1FR2026,,35HT,MRN2,,1600,WovFab,500,E2037,2026FR_023,,23,3,2,2026,23,41,52.583989,3.377816,18,0,2027,,,,3.1416,,,MCR,KcDenmark,5016,3.33333333333333,,,,F,,24,34,,,,,,,,,34F3,
14538,1610422,12090,12319,12366,1610422,EH,I4537,FR,542,MIKQ1FR2026,,35HT,MRN2,,1600,WovFab,500,E2037,2026FR_023,,23,3,2,2026,23,41,52.583989,3.377816,18,0,2027,,,,3.1416,,,MCR,KcDenmark,5016,3.33333333333333,,,,F,,24,34,,,,,,,,,34F3,
14538,1610422,12090,12319,12366,1610422,EH,I4537,FR,542,MIKQ1FR2026,,35HT,MRN2,,1600,WovFab,500,E2037,2026FR_023,,23,3,2,2026,23,41,52.583989,3.377816,18,0,2027,,,,3.1416,,,MCR,KcDenmark,5016,3.33333333333333,,,,F,,24,34,,,,,,,,,34F3,
14538,1610422,12090,12319,12366,1610422,EH,I4537,FR,542,MIKQ1FR2026,,35HT,MRN2,,1600,WovFab,500,E2037,2026FR_023,,23,3,2,2026,23,41,52.583989,3.377816,18,0,2027,,,,3.1416,,,MCR,KcDenmark,5016,3.33333333333333,,,,F,,24,34,,,,,,,,,34F3,
14538,1610422,12090,12319,12366,1610422,EH,I4537,FR,542,MIKQ1FR2026,,35HT,MRN2,,1600,WovFab,500,E2037,2026FR_023,,23,3,2,2026,23,41,52.583989,3.377816,18,0,2027,,,,3.1416,,,MCR,KcDenmark,5016,3.33333333333333,,,,F,,24,34,,,,,,,,,34F3,
14538,1610422,12090,12319,12366,1610422,EH,I4537,FR,542,MIKQ1FR2026,,35HT,MRN2,,1600,WovFab,500,E2037,2026FR_023,,23,3,2,2026,23,41,52.583989,3.377816,18,0,2027,,,,3.1416,,,MCR,KcDenmark,5016,3.33333333333333,,,,F,,24,34,,,,,,,,,34F3,
14538,1610422,12090,12319,12366,1610422,EH,I4537,FR,542,MIKQ1FR2026,,35HT,MRN2,,1600,WovFab,500,E2037,2026FR_023,,23,3,2,2026,23,41,52.583989,3.377816,18,0,2027,,,,3.1416,,,MCR,KcDenmark,5016,3.33333333333333,,,,F,,24,34,,,,,,,,,34F3,
14538,1610422,12090,12319,12366,1610422,EH,I4537,FR,542,MIKQ1FR2026,,35HT,MRN2,,1600,WovFab,500,E2037,2026FR_023,,23,3,2,2026,23,41,52.583989,3.377816,18,0,2027,,,,3.1416,,,MCR,KcDenmark,5016,3.33333333333333,,,,F,,24,34,,,,,,,,,34F3,
14538,1610422,12090,12319,12366,1610422,EH,I4537,FR,542,MIKQ1FR2026,,35HT,MRN2,,1600,WovFab,500,E2037,2026FR_023,,23,3,2,2026,23,41,52.583989,3.377816,18,0,2027,,,,3.1416,,,MCR,KcDenmark,5016,3.33333333333333,,,,F,,24,34,,,,,,,,,34F3,
14538,1610422,12090,12319,12366,1610422,EH,I4537,FR,542,MIKQ1FR2026,,35HT,MRN2,,1600,WovFab,500,E2037,2026FR_023,,23,3,2,2026,23,41,52.583989,3.377816,18,0,2027,,,,3.1416,,,MCR,KcDenmark,5016,3.33333333333333,,,,F,,24,34,,,,,,,,,34F3,
14538,1610422,12090,12319,12366,1610422,EH,I4537,FR,542,MIKQ1FR2026,,35HT,MRN2,,1600,WovFab,500,E2037,2026FR_023,,23,3,2,2026,23,41,52.583989,3.377816,18,0,2027,,,,3.1416,,,MCR,KcDenmark,5016,3.33333333333333,,,,F,,24,34,,,,,,,,,34F3,
14538,1610422,12090,12319,12366,1610422,EH,I4537,FR,542,MIKQ1FR2026,,35HT,MRN2,,1600,WovFab,500,E2037,2026FR_023,,23,3,2,2026,23,41,52.583989,3.377816,18,0,2027,,,,3.1416,,,MCR,KcDenmark,5016,3.33333333333333,,,,F,,24,34,,,,,,,,,34F3,
14538,1610422,12090,12319,12366,1610422,EH,I4537,FR,542,MIKQ1FR2026,,35HT,MRN2,,1600,WovFab,500,E2037,2026FR_023,,23,3,2,2026,23,41,52.583989,3.377816,18,0,2027,,,,3.1416,,,MCR,KcDenmark,5016,3.33333333333333,,,,F,,24,34,,,,,,,,,34F3,
14538,1610422,12090,12319,12366,1610422,EH,I4537,FR,542,MIKQ1FR2026,,35HT,MRN2,,1600,WovFab,500,E2037,2026FR_023,,23,3,2,2026,23,41,52.583989,3.377816,18,0,2027,,,,3.1416,,,MCR,KcDenmark,5016,3.33333333333333,,,,F,,24,34,,,,,,,,,34F3,
14538,1610422,12090,12319,12366,1610422,EH,I4537,FR,542,MIKQ1FR2026,,35HT,MRN2,,1600,WovFab,500,E2037,2026FR_023,,23,3,2,2026,23,41,52.583989,3.377816,18,0,2027,,,,3.1416,,,MCR,KcDenmark,5016,3.33333333333333,,,,F,,24,34,,,,,,,,,34F3,
14538,1610422,12090,12319,12366,1610422,EH,I4537,FR,542,MIKQ1FR2026,,35HT,MRN2,,1600,WovFab,500,E2037,2026FR_023,,23,3,2,2026,23,41,52.583989,3.377816,18,0,2027,,,,3.1416,,,MCR,KcDenmark,5016,3.33333333333333,,,,F,,24,34,,,,,,,,,34F3,
14538,1610422,12090,12319,12366,1610422,EH,I4537,FR,542,MIKQ1FR2026,,35HT,MRN2,,1600,WovFab,500,E2037,2026FR_023,,23,3,2,2026,23,41,52.583989,3.377816,18,0,2027,,,,3.1416,,,MCR,KcDenmark,5016,3.33333333333333,,,,F,,24,34,,,,,,,,,34F3,
14538,1610422,12090,12319,12366,1610422,EH,I4537,FR,542,MIKQ1FR2026,,35HT,MRN2,,1600,WovFab,500,E2037,2026FR_023,,23,3,2,2026,23,41,52.583989,3.377816,18,0,2027,,,,3.1416,,,MCR,KcDenmark,5016,3.33333333333333,,,,F,,24,34,,,,,,,,,34F3,
14538,1610422,12090,12319,12366,1610422,EH,I4537,FR,542,MIKQ1FR2026,,35HT,MRN2,,1600,WovFab,500,E2037,2026FR_023,,23,3,2,2026,23,41,52.583989,3.377816,18,0,2027,,,,3.1416,,,MCR,KcDenmark,5016,3.33333333333333,,,,F,,24,34,,,,,,,,,34F3,
14538,1610422,12090,12319,12366,1610422,EH,I4537,FR,542,MIKQ1FR2026,,35HT,MRN2,,1600,WovFab,500,E2037,2026FR_023,,23,3,2,2026,23,41,52.583989,3.377816,18,0,2027,,,,3.1416,,,MCR,KcDenmark,5016,3.33333333333333,,,,F,,24,34,,,,,,,,,34F3,
14538,1610422,12090,12319,12366,1610422,EH,I4537,FR,542,MIKQ1FR2026,,35HT,MRN2,,1600,WovFab,500,E2037,2026FR_023,,23,3,2,2026,23,41,52.583989,3.377816,18,0,2027,,,,3.1416,,,MCR,KcDenmark,5016,3.33333333333333,,,,F,,24,34,,,,,,,,,34F3,
14538,1610422,12090,12319,12366,1610422,EH,I4537,FR,542,MIKQ1FR2026,,35HT,MRN2,,1600,WovFab,500,E2037,2026FR_023,,23,3,2,2026,23,41,52.583989,3.377816,18,0,2027,,,,3.1416,,,MCR,KcDenmark,5016,3.33333333333333,,,,F,,24,34,,,,,,,,,34F3,
14538,1610422,12090,12319,12366,1610422,EH,I4537,FR,542,MIKQ1FR2026,,35HT,MRN2,,1600,WovFab,500,E2037,2026FR_023,,23,3,2,2026,23,41,52.583989,3.377816,18,0,2027,,,,3.1416,,,MCR,KcDenmark,5016,3.33333333333333,,,,F,,24,34,,,,,,,,,34F3,
14538,1610422,12090,12319,12366,1610422,EH,I4537,FR,542,MIKQ1FR2026,,35HT,MRN2,,1600,WovFab,500,E2037,2026FR_023,,23,3,2,2026,23,41,52.583989,3.377816,18,0,2027,,,,3.1416,,,MCR,KcDenmark,5016,3.33333333333333,,,,F,,24,34,,,,,,,,,34F3,
14538,1610423,12090,12319,12366,1610423,EH,I4537,FR,542,MIKQ1FR2026,,35HT,MRN2,,1600,WovFab,500,E2038,2026FR_024,,24,4,2,2026,2,12,52.798332,3.648455,11,0,964,,,,3.1416,,,MCR,KcDenmark,3435,3.33333333333333,,,,F,,16,26,,,,,,,,,34F3,
14538,1610423,12090,12319,12366,1610423,EH,I4537,FR,542,MIKQ1FR2026,,35HT,MRN2,,1600,WovFab,500,E2038,2026FR_024,,24,4,2,2026,2,12,52.798332,3.648455,11,0,964,,,,3.1416,,,MCR,KcDenmark,3435,3.33333333333333,,,,F,,16,26,,,,,,,,,34F3,
14538,1610423,12090,12319,12366,1610423,EH,I4537,FR,542,MIKQ1FR2026,,35HT,MRN2,,1600,WovFab,500,E2038,2026FR_024,,24,4,2,2026,2,12,52.798332,3.648455,11,0,964,,,,3.1416,,,MCR,KcDenmark,3435,3.33333333333333,,,,F,,16,26,,,,,,,,,34F3,
14538,1610423,12090,12319,12366,1610423,EH,I4537,FR,542,MIKQ1FR2026,,35HT,MRN2,,1600,WovFab,500,E2038,2026FR_024,,24,4,2,2026,2,12,52.798332,3.648455,11,0,964,,,,3.1416,,,MCR,KcDenmark,3435,3.33333333333333,,,,F,,16,26,,,,,,,,,34F3,
14538,1610423,12090,12319,12366,1610423,EH,I4537,FR,542,MIKQ1FR2026,,35HT,MRN2,,1600,WovFab,500,E2038,2026FR_024,,24,4,2,2026,2,12,52.798332,3.648455,11,0,964,,,,3.1416,,,MCR,KcDenmark,3435,3.33333333333333,,,,F,,16,26,,,,,,,,,34F3,
14538,1610423,12090,12319,12366,1610423,EH,I4537,FR,542,MIKQ1FR2026,,35HT,MRN2,,1600,WovFab,500,E2038,2026FR_024,,24,4,2,2026,2,12,52.798332,3.648455,11,0,964,,,,3.1416,,,MCR,KcDenmark,3435,3.33333333333333,,,,F,,16,26,,,,,,,,,34F3,
14538,1610423,12090,12319,12366,1610423,EH,I4537,FR,542,MIKQ1FR2026,,35HT,MRN2,,1600,WovFab,500,E2038,2026FR_024,,24,4,2,2026,2,12,52.798332,3.648455,11,0,964,,,,3.1416,,,MCR,KcDenmark,3435,3.33333333333333,,,,F,,16,26,,,,,,,,,34F3,
14538,1610423,12090,12319,12366,1610423,EH,I4537,FR,542,MIKQ1FR2026,,35HT,MRN2,,1600,WovFab,500,E2038,2026FR_024,,24,4,2,2026,2,12,52.798332,3.648455,11,0,964,,,,3.1416,,,MCR,KcDenmark,3435,3.33333333333333,,,,F,,16,26,,,,,,,,,34F3,
14538,1610423,12090,12319,12366,1610423,EH,I4537,FR,542,MIKQ1FR2026,,35HT,MRN2,,1600,WovFab,500,E2038,2026FR_024,,24,4,2,2026,2,12,52.798332,3.648455,11,0,964,,,,3.1416,,,MCR,KcDenmark,3435,3.33333333333333,,,,F,,16,26,,,,,,,,,34F3,
14538,1610423,12090,12319,12366,1610423,EH,I4537,FR,542,MIKQ1FR2026,,35HT,MRN2,,1600,WovFab,500,E2038,2026FR_024,,24,4,2,2026,2,12,52.798332,3.648455,11,0,964,,,,3.1416,,,MCR,KcDenmark,3435,3.33333333333333,,,,F,,16,26,,,,,,,,,34F3,
14538,1610423,12090,12319,12366,1610423,EH,I4537,FR,542,MIKQ1FR2026,,35HT,MRN2,,1600,WovFab,500,E2038,2026FR_024,,24,4,2,2026,2,12,52.798332,3.648455,11,0,964,,,,3.1416,,,MCR,KcDenmark,3435,3.33333333333333,,,,F,,16,26,,,,,,,,,34F3,
14538,1610423,12090,12319,12366,1610423,EH,I4537,FR,542,MIKQ1FR2026,,35HT,MRN2,,1600,WovFab,500,E2038,2026FR_024,,24,4,2,2026,2,12,52.798332,3.648455,11,0,964,,,,3.1416,,,MCR,KcDenmark,3435,3.33333333333333,,,,F,,16,26,,,,,,,,,34F3,
14538,1610423,12090,12319,12366,1610423,EH,I4537,FR,542,MIKQ1FR2026,,35HT,MRN2,,1600,WovFab,500,E2038,2026FR_024,,24,4,2,2026,2,12,52.798332,3.648455,11,0,964,,,,3.1416,,,MCR,KcDenmark,3435,3.33333333333333,,,,F,,16,26,,,,,,,,,34F3,
14538,1610423,12090,12319,12366,1610423,EH,I4537,FR,542,MIKQ1FR2026,,35HT,MRN2,,1600,WovFab,500,E2038,2026FR_024,,24,4,2,2026,2,12,52.798332,3.648455,11,0,964,,,,3.1416,,,MCR,KcDenmark,3435,3.33333333333333,,,,F,,16,26,,,,,,,,,34F3,
14538,1610423,12090,12319,12366,1610423,EH,I4537,FR,542,MIKQ1FR2026,,35HT,MRN2,,1600,WovFab,500,E2038,2026FR_024,,24,4,2,2026,2,12,52.798332,3.648455,11,0,964,,,,3.1416,,,MCR,KcDenmark,3435,3.33333333333333,,,,F,,16,26,,,,,,,,,34F3,
14538,1610423,12090,12319,12366,1610423,EH,I4537,FR,542,MIKQ1FR2026,,35HT,MRN2,,1600,WovFab,500,E2038,2026FR_024,,24,4,2,2026,2,12,52.798332,3.648455,11,0,964,,,,3.1416,,,MCR,KcDenmark,3435,3.33333333333333,,,,F,,16,26,,,,,,,,,34F3,
14538,1610423,12090,12319,12366,1610423,EH,I4537,FR,542,MIKQ1FR2026,,35HT,MRN2,,1600,WovFab,500,E2038,2026FR_024,,24,4,2,2026,2,12,52.798332,3.648455,11,0,964,,,,3.1416,,,MCR,KcDenmark,3435,3.33333333333333,,,,F,,16,26,,,,,,,,,34F3,
14538,1610423,12090,12319,12366,1610423,EH,I4537,FR,542,MIKQ1FR2026,,35HT,MRN2,,1600,WovFab,500,E2038,2026FR_024,,24,4,2,2026,2,12,52.798332,3.648455,11,0,964,,,,3.1416,,,MCR,KcDenmark,3435,3.33333333333333,,,,F,,16,26,,,,,,,,,34F3,
14538,1610423,12090,12319,12366,1610423,EH,I4537,FR,542,MIKQ1FR2026,,35HT,MRN2,,1600,WovFab,500,E2038,2026FR_024,,24,4,2,2026,2,12,52.798332,3.648455,11,0,964,,,,3.1416,,,MCR,KcDenmark,3435,3.33333333333333,,,,F,,16,26,,,,,,,,,34F3,
14538,1610423,12090,12319,12366,1610423,EH,I4537,FR,542,MIKQ1FR2026,,35HT,MRN2,,1600,WovFab,500,E2038,2026FR_024,,24,4,2,2026,2,12,52.798332,3.648455,11,0,964,,,,3.1416,,,MCR,KcDenmark,3435,3.33333333333333,,,,F,,16,26,,,,,,,,,34F3,
14538,1610423,12090,12319,12366,1610423,EH,I4537,FR,542,MIKQ1FR2026,,35HT,MRN2,,1600,WovFab,500,E2038,2026FR_024,,24,4,2,2026,2,12,52.798332,3.648455,11,0,964,,,,3.1416,,,MCR,KcDenmark,3435,3.33333333333333,,,,F,,16,26,,,,,,,,,34F3,
14538,1610423,12090,12319,12366,1610423,EH,I4537,FR,542,MIKQ1FR2026,,35HT,MRN2,,1600,WovFab,500,E2038,2026FR_024,,24,4,2,2026,2,12,52.798332,3.648455,11,0,964,,,,3.1416,,,MCR,KcDenmark,3435,3.33333333333333,,,,F,,16,26,,,,,,,,,34F3,
14538,1610423,12090,12319,12366,1610423,EH,I4537,FR,542,MIKQ1FR2026,,35HT,MRN2,,1600,WovFab,500,E2038,2026FR_024,,24,4,2,2026,2,12,52.798332,3.648455,11,0,964,,,,3.1416,,,MCR,KcDenmark,3435,3.33333333333333,,,,F,,16,26,,,,,,,,,34F3,
14538,1610423,12090,12319,12366,1610423,EH,I4537,FR,542,MIKQ1FR2026,,35HT,MRN2,,1600,WovFab,500,E2038,2026FR_024,,24,4,2,2026,2,12,52.798332,3.648455,11,0,964,,,,3.1416,,,MCR,KcDenmark,3435,3.33333333333333,,,,F,,16,26,,,,,,,,,34F3,
14538,1610423,12090,12319,12366,1610423,EH,I4537,FR,542,MIKQ1FR2026,,35HT,MRN2,,1600,WovFab,500,E2038,2026FR_024,,24,4,2,2026,2,12,52.798332,3.648455,11,0,964,,,,3.1416,,,MCR,KcDenmark,3435,3.33333333333333,,,,F,,16,26,,,,,,,,,34F3,
14538,1610423,12090,12319,12366,1610423,EH,I4537,FR,542,MIKQ1FR2026,,35HT,MRN2,,1600,WovFab,500,E2038,2026FR_024,,24,4,2,2026,2,12,52.798332,3.648455,11,0,964,,,,3.1416,,,MCR,KcDenmark,3435,3.33333333333333,,,,F,,16,26,,,,,,,,,34F3,
14538,1610423,12090,12319,12366,1610423,EH,I4537,FR,542,MIKQ1FR2026,,35HT,MRN2,,1600,WovFab,500,E2038,2026FR_024,,24,4,2,2026,2,12,52.798332,3.648455,11,0,964,,,,3.1416,,,MCR,KcDenmark,3435,3.33333333333333,,,,F,,16,26,,,,,,,,,34F3,
14538,1610423,12090,12319,12366,1610423,EH,I4537,FR,542,MIKQ1FR2026,,35HT,MRN2,,1600,WovFab,500,E2038,2026FR_024,,24,4,2,2026,2,12,52.798332,3.648455,11,0,964,,,,3.1416,,,MCR,KcDenmark,3435,3.33333333333333,,,,F,,16,26,,,,,,,,,34F3,
14538,1610424,12090,12319,12366,1610424,EH,I4537,FR,542,MIKQ1FR2026,,35HT,MRN2,,1600,WovFab,500,E2039,2026FR_025,,25,4,2,2026,4,52,53.098115,3.897802,18,0,1486,,,,3.1416,,,MCR,KcDenmark,5662,3.33333333333333,,,,F,,16,26,,,,,,,,,35F3,
14538,1610424,12090,12319,12366,1610424,EH,I4537,FR,542,MIKQ1FR2026,,35HT,MRN2,,1600,WovFab,500,E2039,2026FR_025,,25,4,2,2026,4,52,53.098115,3.897802,18,0,1486,,,,3.1416,,,MCR,KcDenmark,5662,3.33333333333333,,,,F,,16,26,,,,,,,,,35F3,
14538,1610424,12090,12319,12366,1610424,EH,I4537,FR,542,MIKQ1FR2026,,35HT,MRN2,,1600,WovFab,500,E2039,2026FR_025,,25,4,2,2026,4,52,53.098115,3.897802,18,0,1486,,,,3.1416,,,MCR,KcDenmark,5662,3.33333333333333,,,,F,,16,26,,,,,,,,,35F3,
14538,1610424,12090,12319,12366,1610424,EH,I4537,FR,542,MIKQ1FR2026,,35HT,MRN2,,1600,WovFab,500,E2039,2026FR_025,,25,4,2,2026,4,52,53.098115,3.897802,18,0,1486,,,,3.1416,,,MCR,KcDenmark,5662,3.33333333333333,,,,F,,16,26,,,,,,,,,35F3,
14538,1610424,12090,12319,12366,1610424,EH,I4537,FR,542,MIKQ1FR2026,,35HT,MRN2,,1600,WovFab,500,E2039,2026FR_025,,25,4,2,2026,4,52,53.098115,3.897802,18,0,1486,,,,3.1416,,,MCR,KcDenmark,5662,3.33333333333333,,,,F,,16,26,,,,,,,,,35F3,
14538,1610424,12090,12319,12366,1610424,EH,I4537,FR,542,MIKQ1FR2026,,35HT,MRN2,,1600,WovFab,500,E2039,2026FR_025,,25,4,2,2026,4,52,53.098115,3.897802,18,0,1486,,,,3.1416,,,MCR,KcDenmark,5662,3.33333333333333,,,,F,,16,26,,,,,,,,,35F3,
14538,1610424,12090,12319,12366,1610424,EH,I4537,FR,542,MIKQ1FR2026,,35HT,MRN2,,1600,WovFab,500,E2039,2026FR_025,,25,4,2,2026,4,52,53.098115,3.897802,18,0,1486,,,,3.1416,,,MCR,KcDenmark,5662,3.33333333333333,,,,F,,16,26,,,,,,,,,35F3,
14538,1610424,12090,12319,12366,1610424,EH,I4537,FR,542,MIKQ1FR2026,,35HT,MRN2,,1600,WovFab,500,E2039,2026FR_025,,25,4,2,2026,4,52,53.098115,3.897802,18,0,1486,,,,3.1416,,,MCR,KcDenmark,5662,3.33333333333333,,,,F,,16,26,,,,,,,,,35F3,
14538,1610424,12090,12319,12366,1610424,EH,I4537,FR,542,MIKQ1FR2026,,35HT,MRN2,,1600,WovFab,500,E2039,2026FR_025,,25,4,2,2026,4,52,53.098115,3.897802,18,0,1486,,,,3.1416,,,MCR,KcDenmark,5662,3.33333333333333,,,,F,,16,26,,,,,,,,,35F3,
14538,1610424,12090,12319,12366,1610424,EH,I4537,FR,542,MIKQ1FR2026,,35HT,MRN2,,1600,WovFab,500,E2039,2026FR_025,,25,4,2,2026,4,52,53.098115,3.897802,18,0,1486,,,,3.1416,,,MCR,KcDenmark,5662,3.33333333333333,,,,F,,16,26,,,,,,,,,35F3,
14538,1610424,12090,12319,12366,1610424,EH,I4537,FR,542,MIKQ1FR2026,,35HT,MRN2,,1600,WovFab,500,E2039,2026FR_025,,25,4,2,2026,4,52,53.098115,3.897802,18,0,1486,,,,3.1416,,,MCR,KcDenmark,5662,3.33333333333333,,,,F,,16,26,,,,,,,,,35F3,
14538,1610424,12090,12319,12366,1610424,EH,I4537,FR,542,MIKQ1FR2026,,35HT,MRN2,,1600,WovFab,500,E2039,2026FR_025,,25,4,2,2026,4,52,53.098115,3.897802,18,0,1486,,,,3.1416,,,MCR,KcDenmark,5662,3.33333333333333,,,,F,,16,26,,,,,,,,,35F3,
14538,1610424,12090,12319,12366,1610424,EH,I4537,FR,542,MIKQ1FR2026,,35HT,MRN2,,1600,WovFab,500,E2039,2026FR_025,,25,4,2,2026,4,52,53.098115,3.897802,18,0,1486,,,,3.1416,,,MCR,KcDenmark,5662,3.33333333333333,,,,F,,16,26,,,,,,,,,35F3,
14538,1610424,12090,12319,12366,1610424,EH,I4537,FR,542,MIKQ1FR2026,,35HT,MRN2,,1600,WovFab,500,E2039,2026FR_025,,25,4,2,2026,4,52,53.098115,3.897802,18,0,1486,,,,3.1416,,,MCR,KcDenmark,5662,3.33333333333333,,,,F,,16,26,,,,,,,,,35F3,
14538,1610424,12090,12319,12366,1610424,EH,I4537,FR,542,MIKQ1FR2026,,35HT,MRN2,,1600,WovFab,500,E2039,2026FR_025,,25,4,2,2026,4,52,53.098115,3.897802,18,0,1486,,,,3.1416,,,MCR,KcDenmark,5662,3.33333333333333,,,,F,,16,26,,,,,,,,,35F3,
14538,1610424,12090,12319,12366,1610424,EH,I4537,FR,542,MIKQ1FR2026,,35HT,MRN2,,1600,WovFab,500,E2039,2026FR_025,,25,4,2,2026,4,52,53.098115,3.897802,18,0,1486,,,,3.1416,,,MCR,KcDenmark,5662,3.33333333333333,,,,F,,16,26,,,,,,,,,35F3,
14538,1610424,12090,12319,12366,1610424,EH,I4537,FR,542,MIKQ1FR2026,,35HT,MRN2,,1600,WovFab,500,E2039,2026FR_025,,25,4,2,2026,4,52,53.098115,3.897802,18,0,1486,,,,3.1416,,,MCR,KcDenmark,5662,3.33333333333333,,,,F,,16,26,,,,,,,,,35F3,
14538,1610424,12090,12319,12366,1610424,EH,I4537,FR,542,MIKQ1FR2026,,35HT,MRN2,,1600,WovFab,500,E2039,2026FR_025,,25,4,2,2026,4,52,53.098115,3.897802,18,0,1486,,,,3.1416,,,MCR,KcDenmark,5662,3.33333333333333,,,,F,,16,26,,,,,,,,,35F3,
14538,1610424,12090,12319,12366,1610424,EH,I4537,FR,542,MIKQ1FR2026,,35HT,MRN2,,1600,WovFab,500,E2039,2026FR_025,,25,4,2,2026,4,52,53.098115,3.897802,18,0,1486,,,,3.1416,,,MCR,KcDenmark,5662,3.33333333333333,,,,F,,16,26,,,,,,,,,35F3,
14538,1610424,12090,12319,12366,1610424,EH,I4537,FR,542,MIKQ1FR2026,,35HT,MRN2,,1600,WovFab,500,E2039,2026FR_025,,25,4,2,2026,4,52,53.098115,3.897802,18,0,1486,,,,3.1416,,,MCR,KcDenmark,5662,3.33333333333333,,,,F,,16,26,,,,,,,,,35F3,
14538,1610424,12090,12319,12366,1610424,EH,I4537,FR,542,MIKQ1FR2026,,35HT,MRN2,,1600,WovFab,500,E2039,2026FR_025,,25,4,2,2026,4,52,53.098115,3.897802,18,0,1486,,,,3.1416,,,MCR,KcDenmark,5662,3.33333333333333,,,,F,,16,26,,,,,,,,,35F3,
14538,1610424,12090,12319,12366,1610424,EH,I4537,FR,542,MIKQ1FR2026,,35HT,MRN2,,1600,WovFab,500,E2039,2026FR_025,,25,4,2,2026,4,52,53.098115,3.897802,18,0,1486,,,,3.1416,,,MCR,KcDenmark,5662,3.33333333333333,,,,F,,16,26,,,,,,,,,35F3,
14538,1610424,12090,12319,12366,1610424,EH,I4537,FR,542,MIKQ1FR2026,,35HT,MRN2,,1600,WovFab,500,E2039,2026FR_025,,25,4,2,2026,4,52,53.098115,3.897802,18,0,1486,,,,3.1416,,,MCR,KcDenmark,5662,3.33333333333333,,,,F,,16,26,,,,,,,,,35F3,
14538,1610424,12090,12319,12366,1610424,EH,I4537,FR,542,MIKQ1FR2026,,35HT,MRN2,,1600,WovFab,500,E2039,2026FR_025,,25,4,2,2026,4,52,53.098115,3.897802,18,0,1486,,,,3.1416,,,MCR,KcDenmark,5662,3.33333333333333,,,,F,,16,26,,,,,,,,,35F3,
14538,1610425,12090,12319,12366,1610425,EH,I4537,FR,542,MIKQ1FR2026,,35HT,MRN2,,1600,WovFab,500,E2040,2026FR_026,,26,4,2,2026,6,28,53.278384,3.766912,18,0,1376,,,,3.1416,,,MCR,KcDenmark,5541,3.33333333333333,,,,F,,18,28,,,,,,,,,35F3,
14538,1610425,12090,12319,12366,1610425,EH,I4537,FR,542,MIKQ1FR2026,,35HT,MRN2,,1600,WovFab,500,E2040,2026FR_026,,26,4,2,2026,6,28,53.278384,3.766912,18,0,1376,,,,3.1416,,,MCR,KcDenmark,5541,3.33333333333333,,,,F,,18,28,,,,,,,,,35F3,
14538,1610425,12090,12319,12366,1610425,EH,I4537,FR,542,MIKQ1FR2026,,35HT,MRN2,,1600,WovFab,500,E2040,2026FR_026,,26,4,2,2026,6,28,53.278384,3.766912,18,0,1376,,,,3.1416,,,MCR,KcDenmark,5541,3.33333333333333,,,,F,,18,28,,,,,,,,,35F3,
14538,1610425,12090,12319,12366,1610425,EH,I4537,FR,542,MIKQ1FR2026,,35HT,MRN2,,1600,WovFab,500,E2040,2026FR_026,,26,4,2,2026,6,28,53.278384,3.766912,18,0,1376,,,,3.1416,,,MCR,KcDenmark,5541,3.33333333333333,,,,F,,18,28,,,,,,,,,35F3,
14538,1610425,12090,12319,12366,1610425,EH,I4537,FR,542,MIKQ1FR2026,,35HT,MRN2,,1600,WovFab,500,E2040,2026FR_026,,26,4,2,2026,6,28,53.278384,3.766912,18,0,1376,,,,3.1416,,,MCR,KcDenmark,5541,3.33333333333333,,,,F,,18,28,,,,,,,,,35F3,
14538,1610425,12090,12319,12366,1610425,EH,I4537,FR,542,MIKQ1FR2026,,35HT,MRN2,,1600,WovFab,500,E2040,2026FR_026,,26,4,2,2026,6,28,53.278384,3.766912,18,0,1376,,,,3.1416,,,MCR,KcDenmark,5541,3.33333333333333,,,,F,,18,28,,,,,,,,,35F3,
14538,1610425,12090,12319,12366,1610425,EH,I4537,FR,542,MIKQ1FR2026,,35HT,MRN2,,1600,WovFab,500,E2040,2026FR_026,,26,4,2,2026,6,28,53.278384,3.766912,18,0,1376,,,,3.1416,,,MCR,KcDenmark,5541,3.33333333333333,,,,F,,18,28,,,,,,,,,35F3,
14538,1610425,12090,12319,12366,1610425,EH,I4537,FR,542,MIKQ1FR2026,,35HT,MRN2,,1600,WovFab,500,E2040,2026FR_026,,26,4,2,2026,6,28,53.278384,3.766912,18,0,1376,,,,3.1416,,,MCR,KcDenmark,5541,3.33333333333333,,,,F,,18,28,,,,,,,,,35F3,
14538,1610425,12090,12319,12366,1610425,EH,I4537,FR,542,MIKQ1FR2026,,35HT,MRN2,,1600,WovFab,500,E2040,2026FR_026,,26,4,2,2026,6,28,53.278384,3.766912,18,0,1376,,,,3.1416,,,MCR,KcDenmark,5541,3.33333333333333,,,,F,,18,28,,,,,,,,,35F3,
14538,1610425,12090,12319,12366,1610425,EH,I4537,FR,542,MIKQ1FR2026,,35HT,MRN2,,1600,WovFab,500,E2040,2026FR_026,,26,4,2,2026,6,28,53.278384,3.766912,18,0,1376,,,,3.1416,,,MCR,KcDenmark,5541,3.33333333333333,,,,F,,18,28,,,,,,,,,35F3,
14538,1610425,12090,12319,12366,1610425,EH,I4537,FR,542,MIKQ1FR2026,,35HT,MRN2,,1600,WovFab,500,E2040,2026FR_026,,26,4,2,2026,6,28,53.278384,3.766912,18,0,1376,,,,3.1416,,,MCR,KcDenmark,5541,3.33333333333333,,,,F,,18,28,,,,,,,,,35F3,
14538,1610425,12090,12319,12366,1610425,EH,I4537,FR,542,MIKQ1FR2026,,35HT,MRN2,,1600,WovFab,500,E2040,2026FR_026,,26,4,2,2026,6,28,53.278384,3.766912,18,0,1376,,,,3.1416,,,MCR,KcDenmark,5541,3.33333333333333,,,,F,,18,28,,,,,,,,,35F3,
14538,1610425,12090,12319,12366,1610425,EH,I4537,FR,542,MIKQ1FR2026,,35HT,MRN2,,1600,WovFab,500,E2040,2026FR_026,,26,4,2,2026,6,28,53.278384,3.766912,18,0,1376,,,,3.1416,,,MCR,KcDenmark,5541,3.33333333333333,,,,F,,18,28,,,,,,,,,35F3,
14538,1610425,12090,12319,12366,1610425,EH,I4537,FR,542,MIKQ1FR2026,,35HT,MRN2,,1600,WovFab,500,E2040,2026FR_026,,26,4,2,2026,6,28,53.278384,3.766912,18,0,1376,,,,3.1416,,,MCR,KcDenmark,5541,3.33333333333333,,,,F,,18,28,,,,,,,,,35F3,
14538,1610425,12090,12319,12366,1610425,EH,I4537,FR,542,MIKQ1FR2026,,35HT,MRN2,,1600,WovFab,500,E2040,2026FR_026,,26,4,2,2026,6,28,53.278384,3.766912,18,0,1376,,,,3.1416,,,MCR,KcDenmark,5541,3.33333333333333,,,,F,,18,28,,,,,,,,,35F3,
14538,1610425,12090,12319,12366,1610425,EH,I4537,FR,542,MIKQ1FR2026,,35HT,MRN2,,1600,WovFab,500,E2040,2026FR_026,,26,4,2,2026,6,28,53.278384,3.766912,18,0,1376,,,,3.1416,,,MCR,KcDenmark,5541,3.33333333333333,,,,F,,18,28,,,,,,,,,35F3,
14538,1610426,12090,12319,12366,1610426,EH,I4537,FR,542,MIKQ1FR2026,,35HT,MRN2,,1600,WovFab,500,E2047,2026FR_027,,27,5,2,2026,20,35,53.81557,5.638715,13,0,1446,,,,3.1416,,,MCR,KcDenmark,3843,3.33333333333333,,,,F,,20,30,,,,,,,,,36F5,
14538,1610426,12090,12319,12366,1610426,EH,I4537,FR,542,MIKQ1FR2026,,35HT,MRN2,,1600,WovFab,500,E2047,2026FR_027,,27,5,2,2026,20,35,53.81557,5.638715,13,0,1446,,,,3.1416,,,MCR,KcDenmark,3843,3.33333333333333,,,,F,,20,30,,,,,,,,,36F5,
14538,1610426,12090,12319,12366,1610426,EH,I4537,FR,542,MIKQ1FR2026,,35HT,MRN2,,1600,WovFab,500,E2047,2026FR_027,,27,5,2,2026,20,35,53.81557,5.638715,13,0,1446,,,,3.1416,,,MCR,KcDenmark,3843,3.33333333333333,,,,F,,20,30,,,,,,,,,36F5,
14538,1610426,12090,12319,12366,1610426,EH,I4537,FR,542,MIKQ1FR2026,,35HT,MRN2,,1600,WovFab,500,E2047,2026FR_027,,27,5,2,2026,20,35,53.81557,5.638715,13,0,1446,,,,3.1416,,,MCR,KcDenmark,3843,3.33333333333333,,,,F,,20,30,,,,,,,,,36F5,
14538,1610426,12090,12319,12366,1610426,EH,I4537,FR,542,MIKQ1FR2026,,35HT,MRN2,,1600,WovFab,500,E2047,2026FR_027,,27,5,2,2026,20,35,53.81557,5.638715,13,0,1446,,,,3.1416,,,MCR,KcDenmark,3843,3.33333333333333,,,,F,,20,30,,,,,,,,,36F5,
14538,1610426,12090,12319,12366,1610426,EH,I4537,FR,542,MIKQ1FR2026,,35HT,MRN2,,1600,WovFab,500,E2047,2026FR_027,,27,5,2,2026,20,35,53.81557,5.638715,13,0,1446,,,,3.1416,,,MCR,KcDenmark,3843,3.33333333333333,,,,F,,20,30,,,,,,,,,36F5,
14538,1610426,12090,12319,12366,1610426,EH,I4537,FR,542,MIKQ1FR2026,,35HT,MRN2,,1600,WovFab,500,E2047,2026FR_027,,27,5,2,2026,20,35,53.81557,5.638715,13,0,1446,,,,3.1416,,,MCR,KcDenmark,3843,3.33333333333333,,,,F,,20,30,,,,,,,,,36F5,
14538,1610426,12090,12319,12366,1610426,EH,I4537,FR,542,MIKQ1FR2026,,35HT,MRN2,,1600,WovFab,500,E2047,2026FR_027,,27,5,2,2026,20,35,53.81557,5.638715,13,0,1446,,,,3.1416,,,MCR,KcDenmark,3843,3.33333333333333,,,,F,,20,30,,,,,,,,,36F5,
14538,1610426,12090,12319,12366,1610426,EH,I4537,FR,542,MIKQ1FR2026,,35HT,MRN2,,1600,WovFab,500,E2047,2026FR_027,,27,5,2,2026,20,35,53.81557,5.638715,13,0,1446,,,,3.1416,,,MCR,KcDenmark,3843,3.33333333333333,,,,F,,20,30,,,,,,,,,36F5,
14538,1610426,12090,12319,12366,1610426,EH,I4537,FR,542,MIKQ1FR2026,,35HT,MRN2,,1600,WovFab,500,E2047,2026FR_027,,27,5,2,2026,20,35,53.81557,5.638715,13,0,1446,,,,3.1416,,,MCR,KcDenmark,3843,3.33333333333333,,,,F,,20,30,,,,,,,,,36F5,
14538,1610426,12090,12319,12366,1610426,EH,I4537,FR,542,MIKQ1FR2026,,35HT,MRN2,,1600,WovFab,500,E2047,2026FR_027,,27,5,2,2026,20,35,53.81557,5.638715,13,0,1446,,,,3.1416,,,MCR,KcDenmark,3843,3.33333333333333,,,,F,,20,30,,,,,,,,,36F5,
14538,1610427,12090,12319,12366,1610427,EH,I4537,FR,542,MIKQ1FR2026,,35HT,MRN2,,1600,WovFab,500,E2048,2026FR_028,,28,5,2,2026,23,52,53.598738,5.784785,12,0,1541,,,,3.1416,,,MCR,KcDenmark,4374,3.33333333333333,,,,F,,16,26,,,,,,,,,36F5,
14538,1610427,12090,12319,12366,1610427,EH,I4537,FR,542,MIKQ1FR2026,,35HT,MRN2,,1600,WovFab,500,E2048,2026FR_028,,28,5,2,2026,23,52,53.598738,5.784785,12,0,1541,,,,3.1416,,,MCR,KcDenmark,4374,3.33333333333333,,,,F,,16,26,,,,,,,,,36F5,
14538,1610428,12090,12319,12366,1610428,EH,I4537,FR,542,MIKQ1FR2026,,35HT,MRN2,,1600,WovFab,500,E2049,2026FR_029,,29,6,2,2026,2,9,53.695161,6.266149,15,0,1412,,,,3.1416,,,MCR,KcDenmark,5108,3.33333333333333,,,,F,,17,27,,,,,,,,,36F6,
14538,1610429,12090,12319,12366,1610429,EH,I4537,FR,542,MIKQ1FR2026,,35HT,MRN2,,1600,WovFab,500,E2050,2026FR_030,,30,6,2,2026,4,11,53.875335,6.179003,11,0,759,,,,3.1416,,,MCR,KcDenmark,3659,3.33333333333333,,,,F,,20,30,,,,,,,,,36F6,
14538,1610429,12090,12319,12366,1610429,EH,I4537,FR,542,MIKQ1FR2026,,35HT,MRN2,,1600,WovFab,500,E2050,2026FR_030,,30,6,2,2026,4,11,53.875335,6.179003,11,0,759,,,,3.1416,,,MCR,KcDenmark,3659,3.33333333333333,,,,F,,20,30,,,,,,,,,36F6,
14538,1610429,12090,12319,12366,1610429,EH,I4537,FR,542,MIKQ1FR2026,,35HT,MRN2,,1600,WovFab,500,E2050,2026FR_030,,30,6,2,2026,4,11,53.875335,6.179003,11,0,759,,,,3.1416,,,MCR,KcDenmark,3659,3.33333333333333,,,,F,,20,30,,,,,,,,,36F6,
14538,1610429,12090,12319,12366,1610429,EH,I4537,FR,542,MIKQ1FR2026,,35HT,MRN2,,1600,WovFab,500,E2050,2026FR_030,,30,6,2,2026,4,11,53.875335,6.179003,11,0,759,,,,3.1416,,,MCR,KcDenmark,3659,3.33333333333333,,,,F,,20,30,,,,,,,,,36F6,
14538,1610429,12090,12319,12366,1610429,EH,I4537,FR,542,MIKQ1FR2026,,35HT,MRN2,,1600,WovFab,500,E2050,2026FR_030,,30,6,2,2026,4,11,53.875335,6.179003,11,0,759,,,,3.1416,,,MCR,KcDenmark,3659,3.33333333333333,,,,F,,20,30,,,,,,,,,36F6,
14538,1610429,12090,12319,12366,1610429,EH,I4537,FR,542,MIKQ1FR2026,,35HT,MRN2,,1600,WovFab,500,E2050,2026FR_030,,30,6,2,2026,4,11,53.875335,6.179003,11,0,759,,,,3.1416,,,MCR,KcDenmark,3659,3.33333333333333,,,,F,,20,30,,,,,,,,,36F6,
14538,1610429,12090,12319,12366,1610429,EH,I4537,FR,542,MIKQ1FR2026,,35HT,MRN2,,1600,WovFab,500,E2050,2026FR_030,,30,6,2,2026,4,11,53.875335,6.179003,11,0,759,,,,3.1416,,,MCR,KcDenmark,3659,3.33333333333333,,,,F,,20,30,,,,,,,,,36F6,
14538,1610429,12090,12319,12366,1610429,EH,I4537,FR,542,MIKQ1FR2026,,35HT,MRN2,,1600,WovFab,500,E2050,2026FR_030,,30,6,2,2026,4,11,53.875335,6.179003,11,0,759,,,,3.1416,,,MCR,KcDenmark,3659,3.33333333333333,,,,F,,20,30,,,,,,,,,36F6,
14538,1610435,12090,12319,12366,1610435,EH,I4537,FR,542,MIKQ1FR2026,,35HT,MRN2,,1600,WovFab,500,E2058,2026FR_036,,36,6,2,2026,7,16,53.802631,4.522238,15,0,1209,,,,3.1416,,,MCR,KcDenmark,5042,3.33333333333333,,,,F,,30,40,,,,,,,,,36F4,
14538,1610435,12090,12319,12366,1610435,EH,I4537,FR,542,MIKQ1FR2026,,35HT,MRN2,,1600,WovFab,500,E2058,2026FR_036,,36,6,2,2026,7,16,53.802631,4.522238,15,0,1209,,,,3.1416,,,MCR,KcDenmark,5042,3.33333333333333,,,,F,,30,40,,,,,,,,,36F4,
14538,1610435,12090,12319,12366,1610435,EH,I4537,FR,542,MIKQ1FR2026,,35HT,MRN2,,1600,WovFab,500,E2058,2026FR_036,,36,6,2,2026,7,16,53.802631,4.522238,15,0,1209,,,,3.1416,,,MCR,KcDenmark,5042,3.33333333333333,,,,F,,30,40,,,,,,,,,36F4,
14538,1610435,12090,12319,12366,1610435,EH,I4537,FR,542,MIKQ1FR2026,,35HT,MRN2,,1600,WovFab,500,E2058,2026FR_036,,36,6,2,2026,7,16,53.802631,4.522238,15,0,1209,,,,3.1416,,,MCR,KcDenmark,5042,3.33333333333333,,,,F,,30,40,,,,,,,,,36F4,
14538,1610430,12090,12319,12366,1610430,EH,I4537,FR,542,MIKQ1FR2026,,35HT,MRN2,,1600,WovFab,500,E2053,2026FR_031,,31,6,2,2026,20,58,54.307075,5.148575,15,0,1405,,,,3.1416,,,MCR,KcDenmark,4370,3.33333333333333,,,,F,,34,44,,,,,,,,,37F5,
14538,1610430,12090,12319,12366,1610430,EH,I4537,FR,542,MIKQ1FR2026,,35HT,MRN2,,1600,WovFab,500,E2053,2026FR_031,,31,6,2,2026,20,58,54.307075,5.148575,15,0,1405,,,,3.1416,,,MCR,KcDenmark,4370,3.33333333333333,,,,F,,34,44,,,,,,,,,37F5,
14538,1610430,12090,12319,12366,1610430,EH,I4537,FR,542,MIKQ1FR2026,,35HT,MRN2,,1600,WovFab,500,E2053,2026FR_031,,31,6,2,2026,20,58,54.307075,5.148575,15,0,1405,,,,3.1416,,,MCR,KcDenmark,4370,3.33333333333333,,,,F,,34,44,,,,,,,,,37F5,
14538,1610430,12090,12319,12366,1610430,EH,I4537,FR,542,MIKQ1FR2026,,35HT,MRN2,,1600,WovFab,500,E2053,2026FR_031,,31,6,2,2026,20,58,54.307075,5.148575,15,0,1405,,,,3.1416,,,MCR,KcDenmark,4370,3.33333333333333,,,,F,,34,44,,,,,,,,,37F5,
14538,1610430,12090,12319,12366,1610430,EH,I4537,FR,542,MIKQ1FR2026,,35HT,MRN2,,1600,WovFab,500,E2053,2026FR_031,,31,6,2,2026,20,58,54.307075,5.148575,15,0,1405,,,,3.1416,,,MCR,KcDenmark,4370,3.33333333333333,,,,F,,34,44,,,,,,,,,37F5,
14538,1610430,12090,12319,12366,1610430,EH,I4537,FR,542,MIKQ1FR2026,,35HT,MRN2,,1600,WovFab,500,E2053,2026FR_031,,31,6,2,2026,20,58,54.307075,5.148575,15,0,1405,,,,3.1416,,,MCR,KcDenmark,4370,3.33333333333333,,,,F,,34,44,,,,,,,,,37F5,
14538,1610430,12090,12319,12366,1610430,EH,I4537,FR,542,MIKQ1FR2026,,35HT,MRN2,,1600,WovFab,500,E2053,2026FR_031,,31,6,2,2026,20,58,54.307075,5.148575,15,0,1405,,,,3.1416,,,MCR,KcDenmark,4370,3.33333333333333,,,,F,,34,44,,,,,,,,,37F5,
14538,1610430,12090,12319,12366,1610430,EH,I4537,FR,542,MIKQ1FR2026,,35HT,MRN2,,1600,WovFab,500,E2053,2026FR_031,,31,6,2,2026,20,58,54.307075,5.148575,15,0,1405,,,,3.1416,,,MCR,KcDenmark,4370,3.33333333333333,,,,F,,34,44,,,,,,,,,37F5,
14538,1610430,12090,12319,12366,1610430,EH,I4537,FR,542,MIKQ1FR2026,,35HT,MRN2,,1600,WovFab,500,E2053,2026FR_031,,31,6,2,2026,20,58,54.307075,5.148575,15,0,1405,,,,3.1416,,,MCR,KcDenmark,4370,3.33333333333333,,,,F,,34,44,,,,,,,,,37F5,
14538,1610431,12090,12319,12366,1610431,EH,I4537,FR,542,MIKQ1FR2026,,35HT,MRN2,,1600,WovFab,500,E2054,2026FR_032,,32,6,2,2026,22,52,54.126285,5.168211,16,0,1913,,,,3.1416,,,MCR,KcDenmark,5255,3.33333333333333,,,,F,,32,42,,,,,,,,,37F5,
14538,1610431,12090,12319,12366,1610431,EH,I4537,FR,542,MIKQ1FR2026,,35HT,MRN2,,1600,WovFab,500,E2054,2026FR_032,,32,6,2,2026,22,52,54.126285,5.168211,16,0,1913,,,,3.1416,,,MCR,KcDenmark,5255,3.33333333333333,,,,F,,32,42,,,,,,,,,37F5,
14538,1610431,12090,12319,12366,1610431,EH,I4537,FR,542,MIKQ1FR2026,,35HT,MRN2,,1600,WovFab,500,E2054,2026FR_032,,32,6,2,2026,22,52,54.126285,5.168211,16,0,1913,,,,3.1416,,,MCR,KcDenmark,5255,3.33333333333333,,,,F,,32,42,,,,,,,,,37F5,
14538,1610431,12090,12319,12366,1610431,EH,I4537,FR,542,MIKQ1FR2026,,35HT,MRN2,,1600,WovFab,500,E2054,2026FR_032,,32,6,2,2026,22,52,54.126285,5.168211,16,0,1913,,,,3.1416,,,MCR,KcDenmark,5255,3.33333333333333,,,,F,,32,42,,,,,,,,,37F5,
14538,1610431,12090,12319,12366,1610431,EH,I4537,FR,542,MIKQ1FR2026,,35HT,MRN2,,1600,WovFab,500,E2054,2026FR_032,,32,6,2,2026,22,52,54.126285,5.168211,16,0,1913,,,,3.1416,,,MCR,KcDenmark,5255,3.33333333333333,,,,F,,32,42,,,,,,,,,37F5,
14538,1610431,12090,12319,12366,1610431,EH,I4537,FR,542,MIKQ1FR2026,,35HT,MRN2,,1600,WovFab,500,E2054,2026FR_032,,32,6,2,2026,22,52,54.126285,5.168211,16,0,1913,,,,3.1416,,,MCR,KcDenmark,5255,3.33333333333333,,,,F,,32,42,,,,,,,,,37F5,
14538,1610431,12090,12319,12366,1610431,EH,I4537,FR,542,MIKQ1FR2026,,35HT,MRN2,,1600,WovFab,500,E2054,2026FR_032,,32,6,2,2026,22,52,54.126285,5.168211,16,0,1913,,,,3.1416,,,MCR,KcDenmark,5255,3.33333333333333,,,,F,,32,42,,,,,,,,,37F5,
14538,1610431,12090,12319,12366,1610431,EH,I4537,FR,542,MIKQ1FR2026,,35HT,MRN2,,1600,WovFab,500,E2054,2026FR_032,,32,6,2,2026,22,52,54.126285,5.168211,16,0,1913,,,,3.1416,,,MCR,KcDenmark,5255,3.33333333333333,,,,F,,32,42,,,,,,,,,37F5,
14538,1610431,12090,12319,12366,1610431,EH,I4537,FR,542,MIKQ1FR2026,,35HT,MRN2,,1600,WovFab,500,E2054,2026FR_032,,32,6,2,2026,22,52,54.126285,5.168211,16,0,1913,,,,3.1416,,,MCR,KcDenmark,5255,3.33333333333333,,,,F,,32,42,,,,,,,,,37F5,
14538,1610431,12090,12319,12366,1610431,EH,I4537,FR,542,MIKQ1FR2026,,35HT,MRN2,,1600,WovFab,500,E2054,2026FR_032,,32,6,2,2026,22,52,54.126285,5.168211,16,0,1913,,,,3.1416,,,MCR,KcDenmark,5255,3.33333333333333,,,,F,,32,42,,,,,,,,,37F5,
14538,1610431,12090,12319,12366,1610431,EH,I4537,FR,542,MIKQ1FR2026,,35HT,MRN2,,1600,WovFab,500,E2054,2026FR_032,,32,6,2,2026,22,52,54.126285,5.168211,16,0,1913,,,,3.1416,,,MCR,KcDenmark,5255,3.33333333333333,,,,F,,32,42,,,,,,,,,37F5,
14538,1610431,12090,12319,12366,1610431,EH,I4537,FR,542,MIKQ1FR2026,,35HT,MRN2,,1600,WovFab,500,E2054,2026FR_032,,32,6,2,2026,22,52,54.126285,5.168211,16,0,1913,,,,3.1416,,,MCR,KcDenmark,5255,3.33333333333333,,,,F,,32,42,,,,,,,,,37F5,
14538,1610431,12090,12319,12366,1610431,EH,I4537,FR,542,MIKQ1FR2026,,35HT,MRN2,,1600,WovFab,500,E2054,2026FR_032,,32,6,2,2026,22,52,54.126285,5.168211,16,0,1913,,,,3.1416,,,MCR,KcDenmark,5255,3.33333333333333,,,,F,,32,42,,,,,,,,,37F5,
14538,1610431,12090,12319,12366,1610431,EH,I4537,FR,542,MIKQ1FR2026,,35HT,MRN2,,1600,WovFab,500,E2054,2026FR_032,,32,6,2,2026,22,52,54.126285,5.168211,16,0,1913,,,,3.1416,,,MCR,KcDenmark,5255,3.33333333333333,,,,F,,32,42,,,,,,,,,37F5,
14538,1610431,12090,12319,12366,1610431,EH,I4537,FR,542,MIKQ1FR2026,,35HT,MRN2,,1600,WovFab,500,E2054,2026FR_032,,32,6,2,2026,22,52,54.126285,5.168211,16,0,1913,,,,3.1416,,,MCR,KcDenmark,5255,3.33333333333333,,,,F,,32,42,,,,,,,,,37F5,
14538,1610431,12090,12319,12366,1610431,EH,I4537,FR,542,MIKQ1FR2026,,35HT,MRN2,,1600,WovFab,500,E2054,2026FR_032,,32,6,2,2026,22,52,54.126285,5.168211,16,0,1913,,,,3.1416,,,MCR,KcDenmark,5255,3.33333333333333,,,,F,,32,42,,,,,,,,,37F5,
14538,1610431,12090,12319,12366,1610431,EH,I4537,FR,542,MIKQ1FR2026,,35HT,MRN2,,1600,WovFab,500,E2054,2026FR_032,,32,6,2,2026,22,52,54.126285,5.168211,16,0,1913,,,,3.1416,,,MCR,KcDenmark,5255,3.33333333333333,,,,F,,32,42,,,,,,,,,37F5,
14538,1610432,12090,12319,12366,1610432,EH,I4537,FR,542,MIKQ1FR2026,,35HT,MRN2,,1600,WovFab,500,E2055,2026FR_033,,33,7,2,2026,1,15,54.101982,4.814124,15,0,1492,,,,3.1416,,,MCR,KcDenmark,4583,3.33333333333333,,,,F,,34,44,,,,,,,,,37F4,
14538,1610433,12090,12319,12366,1610433,EH,I4537,FR,542,MIKQ1FR2026,,35HT,MRN2,,1600,WovFab,500,E2056,2026FR_034,,34,7,2,2026,3,28,54.111127,4.464146,13,0,979,,,,3.1416,,,MCR,KcDenmark,4021,3.33333333333333,,,,F,,37,47,,,,,,,,,37F4,
14538,1610433,12090,12319,12366,1610433,EH,I4537,FR,542,MIKQ1FR2026,,35HT,MRN2,,1600,WovFab,500,E2056,2026FR_034,,34,7,2,2026,3,28,54.111127,4.464146,13,0,979,,,,3.1416,,,MCR,KcDenmark,4021,3.33333333333333,,,,F,,37,47,,,,,,,,,37F4,
14538,1610433,12090,12319,12366,1610433,EH,I4537,FR,542,MIKQ1FR2026,,35HT,MRN2,,1600,WovFab,500,E2056,2026FR_034,,34,7,2,2026,3,28,54.111127,4.464146,13,0,979,,,,3.1416,,,MCR,KcDenmark,4021,3.33333333333333,,,,F,,37,47,,,,,,,,,37F4,
14538,1610433,12090,12319,12366,1610433,EH,I4537,FR,542,MIKQ1FR2026,,35HT,MRN2,,1600,WovFab,500,E2056,2026FR_034,,34,7,2,2026,3,28,54.111127,4.464146,13,0,979,,,,3.1416,,,MCR,KcDenmark,4021,3.33333333333333,,,,F,,37,47,,,,,,,,,37F4,
14538,1610433,12090,12319,12366,1610433,EH,I4537,FR,542,MIKQ1FR2026,,35HT,MRN2,,1600,WovFab,500,E2056,2026FR_034,,34,7,2,2026,3,28,54.111127,4.464146,13,0,979,,,,3.1416,,,MCR,KcDenmark,4021,3.33333333333333,,,,F,,37,47,,,,,,,,,37F4,
14538,1610436,12090,12319,12366,1610436,EH,I4537,FR,542,MIKQ1FR2026,,35HT,MRN2,,1600,WovFab,500,E2060,2026FR_037,,37,7,2,2026,19,7,53.388655,4.405353,13,0,1077,,,,3.1416,,,MCR,KcDenmark,4115,3.33333333333333,,,,F,,21,28,,,,,,,,,35F4,
14538,1610436,12090,12319,12366,1610436,EH,I4537,FR,542,MIKQ1FR2026,,35HT,MRN2,,1600,WovFab,500,E2060,2026FR_037,,37,7,2,2026,19,7,53.388655,4.405353,13,0,1077,,,,3.1416,,,MCR,KcDenmark,4115,3.33333333333333,,,,F,,21,28,,,,,,,,,35F4,
14538,1610436,12090,12319,12366,1610436,EH,I4537,FR,542,MIKQ1FR2026,,35HT,MRN2,,1600,WovFab,500,E2060,2026FR_037,,37,7,2,2026,19,7,53.388655,4.405353,13,0,1077,,,,3.1416,,,MCR,KcDenmark,4115,3.33333333333333,,,,F,,21,28,,,,,,,,,35F4,
14538,1610436,12090,12319,12366,1610436,EH,I4537,FR,542,MIKQ1FR2026,,35HT,MRN2,,1600,WovFab,500,E2060,2026FR_037,,37,7,2,2026,19,7,53.388655,4.405353,13,0,1077,,,,3.1416,,,MCR,KcDenmark,4115,3.33333333333333,,,,F,,21,28,,,,,,,,,35F4,
14538,1610436,12090,12319,12366,1610436,EH,I4537,FR,542,MIKQ1FR2026,,35HT,MRN2,,1600,WovFab,500,E2060,2026FR_037,,37,7,2,2026,19,7,53.388655,4.405353,13,0,1077,,,,3.1416,,,MCR,KcDenmark,4115,3.33333333333333,,,,F,,21,28,,,,,,,,,35F4,
14538,1610436,12090,12319,12366,1610436,EH,I4537,FR,542,MIKQ1FR2026,,35HT,MRN2,,1600,WovFab,500,E2060,2026FR_037,,37,7,2,2026,19,7,53.388655,4.405353,13,0,1077,,,,3.1416,,,MCR,KcDenmark,4115,3.33333333333333,,,,F,,21,28,,,,,,,,,35F4,
14538,1610436,12090,12319,12366,1610436,EH,I4537,FR,542,MIKQ1FR2026,,35HT,MRN2,,1600,WovFab,500,E2060,2026FR_037,,37,7,2,2026,19,7,53.388655,4.405353,13,0,1077,,,,3.1416,,,MCR,KcDenmark,4115,3.33333333333333,,,,F,,21,28,,,,,,,,,35F4,
14538,1610436,12090,12319,12366,1610436,EH,I4537,FR,542,MIKQ1FR2026,,35HT,MRN2,,1600,WovFab,500,E2060,2026FR_037,,37,7,2,2026,19,7,53.388655,4.405353,13,0,1077,,,,3.1416,,,MCR,KcDenmark,4115,3.33333333333333,,,,F,,21,28,,,,,,,,,35F4,
14538,1610436,12090,12319,12366,1610436,EH,I4537,FR,542,MIKQ1FR2026,,35HT,MRN2,,1600,WovFab,500,E2060,2026FR_037,,37,7,2,2026,19,7,53.388655,4.405353,13,0,1077,,,,3.1416,,,MCR,KcDenmark,4115,3.33333333333333,,,,F,,21,28,,,,,,,,,35F4,
14538,1610436,12090,12319,12366,1610436,EH,I4537,FR,542,MIKQ1FR2026,,35HT,MRN2,,1600,WovFab,500,E2060,2026FR_037,,37,7,2,2026,19,7,53.388655,4.405353,13,0,1077,,,,3.1416,,,MCR,KcDenmark,4115,3.33333333333333,,,,F,,21,28,,,,,,,,,35F4,
14538,1610436,12090,12319,12366,1610436,EH,I4537,FR,542,MIKQ1FR2026,,35HT,MRN2,,1600,WovFab,500,E2060,2026FR_037,,37,7,2,2026,19,7,53.388655,4.405353,13,0,1077,,,,3.1416,,,MCR,KcDenmark,4115,3.33333333333333,,,,F,,21,28,,,,,,,,,35F4,
14538,1610436,12090,12319,12366,1610436,EH,I4537,FR,542,MIKQ1FR2026,,35HT,MRN2,,1600,WovFab,500,E2060,2026FR_037,,37,7,2,2026,19,7,53.388655,4.405353,13,0,1077,,,,3.1416,,,MCR,KcDenmark,4115,3.33333333333333,,,,F,,21,28,,,,,,,,,35F4,
14538,1610436,12090,12319,12366,1610436,EH,I4537,FR,542,MIKQ1FR2026,,35HT,MRN2,,1600,WovFab,500,E2060,2026FR_037,,37,7,2,2026,19,7,53.388655,4.405353,13,0,1077,,,,3.1416,,,MCR,KcDenmark,4115,3.33333333333333,,,,F,,21,28,,,,,,,,,35F4,
14538,1610436,12090,12319,12366,1610436,EH,I4537,FR,542,MIKQ1FR2026,,35HT,MRN2,,1600,WovFab,500,E2060,2026FR_037,,37,7,2,2026,19,7,53.388655,4.405353,13,0,1077,,,,3.1416,,,MCR,KcDenmark,4115,3.33333333333333,,,,F,,21,28,,,,,,,,,35F4,
14538,1610436,12090,12319,12366,1610436,EH,I4537,FR,542,MIKQ1FR2026,,35HT,MRN2,,1600,WovFab,500,E2060,2026FR_037,,37,7,2,2026,19,7,53.388655,4.405353,13,0,1077,,,,3.1416,,,MCR,KcDenmark,4115,3.33333333333333,,,,F,,21,28,,,,,,,,,35F4,
14538,1610436,12090,12319,12366,1610436,EH,I4537,FR,542,MIKQ1FR2026,,35HT,MRN2,,1600,WovFab,500,E2060,2026FR_037,,37,7,2,2026,19,7,53.388655,4.405353,13,0,1077,,,,3.1416,,,MCR,KcDenmark,4115,3.33333333333333,,,,F,,21,28,,,,,,,,,35F4,
14538,1610436,12090,12319,12366,1610436,EH,I4537,FR,542,MIKQ1FR2026,,35HT,MRN2,,1600,WovFab,500,E2060,2026FR_037,,37,7,2,2026,19,7,53.388655,4.405353,13,0,1077,,,,3.1416,,,MCR,KcDenmark,4115,3.33333333333333,,,,F,,21,28,,,,,,,,,35F4,
14538,1610436,12090,12319,12366,1610436,EH,I4537,FR,542,MIKQ1FR2026,,35HT,MRN2,,1600,WovFab,500,E2060,2026FR_037,,37,7,2,2026,19,7,53.388655,4.405353,13,0,1077,,,,3.1416,,,MCR,KcDenmark,4115,3.33333333333333,,,,F,,21,28,,,,,,,,,35F4,
14538,1610436,12090,12319,12366,1610436,EH,I4537,FR,542,MIKQ1FR2026,,35HT,MRN2,,1600,WovFab,500,E2060,2026FR_037,,37,7,2,2026,19,7,53.388655,4.405353,13,0,1077,,,,3.1416,,,MCR,KcDenmark,4115,3.33333333333333,,,,F,,21,28,,,,,,,,,35F4,
14538,1610436,12090,12319,12366,1610436,EH,I4537,FR,542,MIKQ1FR2026,,35HT,MRN2,,1600,WovFab,500,E2060,2026FR_037,,37,7,2,2026,19,7,53.388655,4.405353,13,0,1077,,,,3.1416,,,MCR,KcDenmark,4115,3.33333333333333,,,,F,,21,28,,,,,,,,,35F4,
14538,1610436,12090,12319,12366,1610436,EH,I4537,FR,542,MIKQ1FR2026,,35HT,MRN2,,1600,WovFab,500,E2060,2026FR_037,,37,7,2,2026,19,7,53.388655,4.405353,13,0,1077,,,,3.1416,,,MCR,KcDenmark,4115,3.33333333333333,,,,F,,21,28,,,,,,,,,35F4,
14538,1610436,12090,12319,12366,1610436,EH,I4537,FR,542,MIKQ1FR2026,,35HT,MRN2,,1600,WovFab,500,E2060,2026FR_037,,37,7,2,2026,19,7,53.388655,4.405353,13,0,1077,,,,3.1416,,,MCR,KcDenmark,4115,3.33333333333333,,,,F,,21,28,,,,,,,,,35F4,
14538,1610436,12090,12319,12366,1610436,EH,I4537,FR,542,MIKQ1FR2026,,35HT,MRN2,,1600,WovFab,500,E2060,2026FR_037,,37,7,2,2026,19,7,53.388655,4.405353,13,0,1077,,,,3.1416,,,MCR,KcDenmark,4115,3.33333333333333,,,,F,,21,28,,,,,,,,,35F4,
14538,1610436,12090,12319,12366,1610436,EH,I4537,FR,542,MIKQ1FR2026,,35HT,MRN2,,1600,WovFab,500,E2060,2026FR_037,,37,7,2,2026,19,7,53.388655,4.405353,13,0,1077,,,,3.1416,,,MCR,KcDenmark,4115,3.33333333333333,,,,F,,21,28,,,,,,,,,35F4,
14538,1610436,12090,12319,12366,1610436,EH,I4537,FR,542,MIKQ1FR2026,,35HT,MRN2,,1600,WovFab,500,E2060,2026FR_037,,37,7,2,2026,19,7,53.388655,4.405353,13,0,1077,,,,3.1416,,,MCR,KcDenmark,4115,3.33333333333333,,,,F,,21,28,,,,,,,,,35F4,
14538,1610436,12090,12319,12366,1610436,EH,I4537,FR,542,MIKQ1FR2026,,35HT,MRN2,,1600,WovFab,500,E2060,2026FR_037,,37,7,2,2026,19,7,53.388655,4.405353,13,0,1077,,,,3.1416,,,MCR,KcDenmark,4115,3.33333333333333,,,,F,,21,28,,,,,,,,,35F4,
14538,1610437,12090,12319,12366,1610437,EH,I4537,FR,542,MIKQ1FR2026,,35HT,MRN2,,1600,WovFab,500,E2061,2026FR_038,,38,7,2,2026,21,16,53.206329,4.323308,19,0,1896,,,,3.1416,,,MCR,KcDenmark,7002,3.33333333333333,,,,F,,24,31,,,,,,,,,35F4,
14538,1610437,12090,12319,12366,1610437,EH,I4537,FR,542,MIKQ1FR2026,,35HT,MRN2,,1600,WovFab,500,E2061,2026FR_038,,38,7,2,2026,21,16,53.206329,4.323308,19,0,1896,,,,3.1416,,,MCR,KcDenmark,7002,3.33333333333333,,,,F,,24,31,,,,,,,,,35F4,
14538,1610437,12090,12319,12366,1610437,EH,I4537,FR,542,MIKQ1FR2026,,35HT,MRN2,,1600,WovFab,500,E2061,2026FR_038,,38,7,2,2026,21,16,53.206329,4.323308,19,0,1896,,,,3.1416,,,MCR,KcDenmark,7002,3.33333333333333,,,,F,,24,31,,,,,,,,,35F4,
14538,1610437,12090,12319,12366,1610437,EH,I4537,FR,542,MIKQ1FR2026,,35HT,MRN2,,1600,WovFab,500,E2061,2026FR_038,,38,7,2,2026,21,16,53.206329,4.323308,19,0,1896,,,,3.1416,,,MCR,KcDenmark,7002,3.33333333333333,,,,F,,24,31,,,,,,,,,35F4,
14538,1610437,12090,12319,12366,1610437,EH,I4537,FR,542,MIKQ1FR2026,,35HT,MRN2,,1600,WovFab,500,E2061,2026FR_038,,38,7,2,2026,21,16,53.206329,4.323308,19,0,1896,,,,3.1416,,,MCR,KcDenmark,7002,3.33333333333333,,,,F,,24,31,,,,,,,,,35F4,
14538,1610437,12090,12319,12366,1610437,EH,I4537,FR,542,MIKQ1FR2026,,35HT,MRN2,,1600,WovFab,500,E2061,2026FR_038,,38,7,2,2026,21,16,53.206329,4.323308,19,0,1896,,,,3.1416,,,MCR,KcDenmark,7002,3.33333333333333,,,,F,,24,31,,,,,,,,,35F4,
14538,1610437,12090,12319,12366,1610437,EH,I4537,FR,542,MIKQ1FR2026,,35HT,MRN2,,1600,WovFab,500,E2061,2026FR_038,,38,7,2,2026,21,16,53.206329,4.323308,19,0,1896,,,,3.1416,,,MCR,KcDenmark,7002,3.33333333333333,,,,F,,24,31,,,,,,,,,35F4,
14538,1610437,12090,12319,12366,1610437,EH,I4537,FR,542,MIKQ1FR2026,,35HT,MRN2,,1600,WovFab,500,E2061,2026FR_038,,38,7,2,2026,21,16,53.206329,4.323308,19,0,1896,,,,3.1416,,,MCR,KcDenmark,7002,3.33333333333333,,,,F,,24,31,,,,,,,,,35F4,
14538,1610437,12090,12319,12366,1610437,EH,I4537,FR,542,MIKQ1FR2026,,35HT,MRN2,,1600,WovFab,500,E2061,2026FR_038,,38,7,2,2026,21,16,53.206329,4.323308,19,0,1896,,,,3.1416,,,MCR,KcDenmark,7002,3.33333333333333,,,,F,,24,31,,,,,,,,,35F4,
14538,1610437,12090,12319,12366,1610437,EH,I4537,FR,542,MIKQ1FR2026,,35HT,MRN2,,1600,WovFab,500,E2061,2026FR_038,,38,7,2,2026,21,16,53.206329,4.323308,19,0,1896,,,,3.1416,,,MCR,KcDenmark,7002,3.33333333333333,,,,F,,24,31,,,,,,,,,35F4,
14538,1610437,12090,12319,12366,1610437,EH,I4537,FR,542,MIKQ1FR2026,,35HT,MRN2,,1600,WovFab,500,E2061,2026FR_038,,38,7,2,2026,21,16,53.206329,4.323308,19,0,1896,,,,3.1416,,,MCR,KcDenmark,7002,3.33333333333333,,,,F,,24,31,,,,,,,,,35F4,
14538,1610437,12090,12319,12366,1610437,EH,I4537,FR,542,MIKQ1FR2026,,35HT,MRN2,,1600,WovFab,500,E2061,2026FR_038,,38,7,2,2026,21,16,53.206329,4.323308,19,0,1896,,,,3.1416,,,MCR,KcDenmark,7002,3.33333333333333,,,,F,,24,31,,,,,,,,,35F4,
14538,1610437,12090,12319,12366,1610437,EH,I4537,FR,542,MIKQ1FR2026,,35HT,MRN2,,1600,WovFab,500,E2061,2026FR_038,,38,7,2,2026,21,16,53.206329,4.323308,19,0,1896,,,,3.1416,,,MCR,KcDenmark,7002,3.33333333333333,,,,F,,24,31,,,,,,,,,35F4,
14538,1610437,12090,12319,12366,1610437,EH,I4537,FR,542,MIKQ1FR2026,,35HT,MRN2,,1600,WovFab,500,E2061,2026FR_038,,38,7,2,2026,21,16,53.206329,4.323308,19,0,1896,,,,3.1416,,,MCR,KcDenmark,7002,3.33333333333333,,,,F,,24,31,,,,,,,,,35F4,
14538,1610437,12090,12319,12366,1610437,EH,I4537,FR,542,MIKQ1FR2026,,35HT,MRN2,,1600,WovFab,500,E2061,2026FR_038,,38,7,2,2026,21,16,53.206329,4.323308,19,0,1896,,,,3.1416,,,MCR,KcDenmark,7002,3.33333333333333,,,,F,,24,31,,,,,,,,,35F4,
14538,1610437,12090,12319,12366,1610437,EH,I4537,FR,542,MIKQ1FR2026,,35HT,MRN2,,1600,WovFab,500,E2061,2026FR_038,,38,7,2,2026,21,16,53.206329,4.323308,19,0,1896,,,,3.1416,,,MCR,KcDenmark,7002,3.33333333333333,,,,F,,24,31,,,,,,,,,35F4,
14538,1610437,12090,12319,12366,1610437,EH,I4537,FR,542,MIKQ1FR2026,,35HT,MRN2,,1600,WovFab,500,E2061,2026FR_038,,38,7,2,2026,21,16,53.206329,4.323308,19,0,1896,,,,3.1416,,,MCR,KcDenmark,7002,3.33333333333333,,,,F,,24,31,,,,,,,,,35F4,
14538,1610437,12090,12319,12366,1610437,EH,I4537,FR,542,MIKQ1FR2026,,35HT,MRN2,,1600,WovFab,500,E2061,2026FR_038,,38,7,2,2026,21,16,53.206329,4.323308,19,0,1896,,,,3.1416,,,MCR,KcDenmark,7002,3.33333333333333,,,,F,,24,31,,,,,,,,,35F4,
14538,1610437,12090,12319,12366,1610437,EH,I4537,FR,542,MIKQ1FR2026,,35HT,MRN2,,1600,WovFab,500,E2061,2026FR_038,,38,7,2,2026,21,16,53.206329,4.323308,19,0,1896,,,,3.1416,,,MCR,KcDenmark,7002,3.33333333333333,,,,F,,24,31,,,,,,,,,35F4,
14538,1610437,12090,12319,12366,1610437,EH,I4537,FR,542,MIKQ1FR2026,,35HT,MRN2,,1600,WovFab,500,E2061,2026FR_038,,38,7,2,2026,21,16,53.206329,4.323308,19,0,1896,,,,3.1416,,,MCR,KcDenmark,7002,3.33333333333333,,,,F,,24,31,,,,,,,,,35F4,
14538,1610437,12090,12319,12366,1610437,EH,I4537,FR,542,MIKQ1FR2026,,35HT,MRN2,,1600,WovFab,500,E2061,2026FR_038,,38,7,2,2026,21,16,53.206329,4.323308,19,0,1896,,,,3.1416,,,MCR,KcDenmark,7002,3.33333333333333,,,,F,,24,31,,,,,,,,,35F4,
14538,1610437,12090,12319,12366,1610437,EH,I4537,FR,542,MIKQ1FR2026,,35HT,MRN2,,1600,WovFab,500,E2061,2026FR_038,,38,7,2,2026,21,16,53.206329,4.323308,19,0,1896,,,,3.1416,,,MCR,KcDenmark,7002,3.33333333333333,,,,F,,24,31,,,,,,,,,35F4,
14538,1610437,12090,12319,12366,1610437,EH,I4537,FR,542,MIKQ1FR2026,,35HT,MRN2,,1600,WovFab,500,E2061,2026FR_038,,38,7,2,2026,21,16,53.206329,4.323308,19,0,1896,,,,3.1416,,,MCR,KcDenmark,7002,3.33333333333333,,,,F,,24,31,,,,,,,,,35F4,
14538,1610437,12090,12319,12366,1610437,EH,I4537,FR,542,MIKQ1FR2026,,35HT,MRN2,,1600,WovFab,500,E2061,2026FR_038,,38,7,2,2026,21,16,53.206329,4.323308,19,0,1896,,,,3.1416,,,MCR,KcDenmark,7002,3.33333333333333,,,,F,,24,31,,,,,,,,,35F4,
14538,1610437,12090,12319,12366,1610437,EH,I4537,FR,542,MIKQ1FR2026,,35HT,MRN2,,1600,WovFab,500,E2061,2026FR_038,,38,7,2,2026,21,16,53.206329,4.323308,19,0,1896,,,,3.1416,,,MCR,KcDenmark,7002,3.33333333333333,,,,F,,24,31,,,,,,,,,35F4,
14538,1610437,12090,12319,12366,1610437,EH,I4537,FR,542,MIKQ1FR2026,,35HT,MRN2,,1600,WovFab,500,E2061,2026FR_038,,38,7,2,2026,21,16,53.206329,4.323308,19,0,1896,,,,3.1416,,,MCR,KcDenmark,7002,3.33333333333333,,,,F,,24,31,,,,,,,,,35F4,
14538,1610437,12090,12319,12366,1610437,EH,I4537,FR,542,MIKQ1FR2026,,35HT,MRN2,,1600,WovFab,500,E2061,2026FR_038,,38,7,2,2026,21,16,53.206329,4.323308,19,0,1896,,,,3.1416,,,MCR,KcDenmark,7002,3.33333333333333,,,,F,,24,31,,,,,,,,,35F4,
14538,1610437,12090,12319,12366,1610437,EH,I4537,FR,542,MIKQ1FR2026,,35HT,MRN2,,1600,WovFab,500,E2061,2026FR_038,,38,7,2,2026,21,16,53.206329,4.323308,19,0,1896,,,,3.1416,,,MCR,KcDenmark,7002,3.33333333333333,,,,F,,24,31,,,,,,,,,35F4,
14538,1610437,12090,12319,12366,1610437,EH,I4537,FR,542,MIKQ1FR2026,,35HT,MRN2,,1600,WovFab,500,E2061,2026FR_038,,38,7,2,2026,21,16,53.206329,4.323308,19,0,1896,,,,3.1416,,,MCR,KcDenmark,7002,3.33333333333333,,,,F,,24,31,,,,,,,,,35F4,
14538,1610438,12090,12319,12366,1610438,EH,I4537,FR,542,MIKQ1FR2026,,35HT,MRN2,,1600,WovFab,500,E2062,2026FR_039,,39,8,2,2026,0,35,52.870645,4.386384,11,0,1221,,,,3.1416,,,MCR,KcDenmark,3648,3.33333333333333,,,,F,,17,24,,,,,,,,,34F4,
14538,1610438,12090,12319,12366,1610438,EH,I4537,FR,542,MIKQ1FR2026,,35HT,MRN2,,1600,WovFab,500,E2062,2026FR_039,,39,8,2,2026,0,35,52.870645,4.386384,11,0,1221,,,,3.1416,,,MCR,KcDenmark,3648,3.33333333333333,,,,F,,17,24,,,,,,,,,34F4,
14538,1610438,12090,12319,12366,1610438,EH,I4537,FR,542,MIKQ1FR2026,,35HT,MRN2,,1600,WovFab,500,E2062,2026FR_039,,39,8,2,2026,0,35,52.870645,4.386384,11,0,1221,,,,3.1416,,,MCR,KcDenmark,3648,3.33333333333333,,,,F,,17,24,,,,,,,,,34F4,
14538,1610438,12090,12319,12366,1610438,EH,I4537,FR,542,MIKQ1FR2026,,35HT,MRN2,,1600,WovFab,500,E2062,2026FR_039,,39,8,2,2026,0,35,52.870645,4.386384,11,0,1221,,,,3.1416,,,MCR,KcDenmark,3648,3.33333333333333,,,,F,,17,24,,,,,,,,,34F4,
14538,1610438,12090,12319,12366,1610438,EH,I4537,FR,542,MIKQ1FR2026,,35HT,MRN2,,1600,WovFab,500,E2062,2026FR_039,,39,8,2,2026,0,35,52.870645,4.386384,11,0,1221,,,,3.1416,,,MCR,KcDenmark,3648,3.33333333333333,,,,F,,17,24,,,,,,,,,34F4,
14538,1610438,12090,12319,12366,1610438,EH,I4537,FR,542,MIKQ1FR2026,,35HT,MRN2,,1600,WovFab,500,E2062,2026FR_039,,39,8,2,2026,0,35,52.870645,4.386384,11,0,1221,,,,3.1416,,,MCR,KcDenmark,3648,3.33333333333333,,,,F,,17,24,,,,,,,,,34F4,
14538,1610438,12090,12319,12366,1610438,EH,I4537,FR,542,MIKQ1FR2026,,35HT,MRN2,,1600,WovFab,500,E2062,2026FR_039,,39,8,2,2026,0,35,52.870645,4.386384,11,0,1221,,,,3.1416,,,MCR,KcDenmark,3648,3.33333333333333,,,,F,,17,24,,,,,,,,,34F4,
14538,1610438,12090,12319,12366,1610438,EH,I4537,FR,542,MIKQ1FR2026,,35HT,MRN2,,1600,WovFab,500,E2062,2026FR_039,,39,8,2,2026,0,35,52.870645,4.386384,11,0,1221,,,,3.1416,,,MCR,KcDenmark,3648,3.33333333333333,,,,F,,17,24,,,,,,,,,34F4,
14538,1610438,12090,12319,12366,1610438,EH,I4537,FR,542,MIKQ1FR2026,,35HT,MRN2,,1600,WovFab,500,E2062,2026FR_039,,39,8,2,2026,0,35,52.870645,4.386384,11,0,1221,,,,3.1416,,,MCR,KcDenmark,3648,3.33333333333333,,,,F,,17,24,,,,,,,,,34F4,
14538,1610438,12090,12319,12366,1610438,EH,I4537,FR,542,MIKQ1FR2026,,35HT,MRN2,,1600,WovFab,500,E2062,2026FR_039,,39,8,2,2026,0,35,52.870645,4.386384,11,0,1221,,,,3.1416,,,MCR,KcDenmark,3648,3.33333333333333,,,,F,,17,24,,,,,,,,,34F4,
14538,1610438,12090,12319,12366,1610438,EH,I4537,FR,542,MIKQ1FR2026,,35HT,MRN2,,1600,WovFab,500,E2062,2026FR_039,,39,8,2,2026,0,35,52.870645,4.386384,11,0,1221,,,,3.1416,,,MCR,KcDenmark,3648,3.33333333333333,,,,F,,17,24,,,,,,,,,34F4,
14538,1610438,12090,12319,12366,1610438,EH,I4537,FR,542,MIKQ1FR2026,,35HT,MRN2,,1600,WovFab,500,E2062,2026FR_039,,39,8,2,2026,0,35,52.870645,4.386384,11,0,1221,,,,3.1416,,,MCR,KcDenmark,3648,3.33333333333333,,,,F,,17,24,,,,,,,,,34F4,
14538,1610438,12090,12319,12366,1610438,EH,I4537,FR,542,MIKQ1FR2026,,35HT,MRN2,,1600,WovFab,500,E2062,2026FR_039,,39,8,2,2026,0,35,52.870645,4.386384,11,0,1221,,,,3.1416,,,MCR,KcDenmark,3648,3.33333333333333,,,,F,,17,24,,,,,,,,,34F4,
14538,1610439,12090,12319,12366,1610439,EH,I4537,FR,542,MIKQ1FR2026,,35HT,MRN2,,1600,WovFab,500,E2063,2026FR_040,,40,8,2,2026,2,38,52.609638,4.328318,12,0,1111,,,,3.1416,,,MCR,KcDenmark,2682,3.33333333333333,,,,F,,13,20,,,,,,,,,34F4,
14538,1610439,12090,12319,12366,1610439,EH,I4537,FR,542,MIKQ1FR2026,,35HT,MRN2,,1600,WovFab,500,E2063,2026FR_040,,40,8,2,2026,2,38,52.609638,4.328318,12,0,1111,,,,3.1416,,,MCR,KcDenmark,2682,3.33333333333333,,,,F,,13,20,,,,,,,,,34F4,
14538,1610439,12090,12319,12366,1610439,EH,I4537,FR,542,MIKQ1FR2026,,35HT,MRN2,,1600,WovFab,500,E2063,2026FR_040,,40,8,2,2026,2,38,52.609638,4.328318,12,0,1111,,,,3.1416,,,MCR,KcDenmark,2682,3.33333333333333,,,,F,,13,20,,,,,,,,,34F4,
14538,1610439,12090,12319,12366,1610439,EH,I4537,FR,542,MIKQ1FR2026,,35HT,MRN2,,1600,WovFab,500,E2063,2026FR_040,,40,8,2,2026,2,38,52.609638,4.328318,12,0,1111,,,,3.1416,,,MCR,KcDenmark,2682,3.33333333333333,,,,F,,13,20,,,,,,,,,34F4,
14538,1610439,12090,12319,12366,1610439,EH,I4537,FR,542,MIKQ1FR2026,,35HT,MRN2,,1600,WovFab,500,E2063,2026FR_040,,40,8,2,2026,2,38,52.609638,4.328318,12,0,1111,,,,3.1416,,,MCR,KcDenmark,2682,3.33333333333333,,,,F,,13,20,,,,,,,,,34F4,
14538,1610439,12090,12319,12366,1610439,EH,I4537,FR,542,MIKQ1FR2026,,35HT,MRN2,,1600,WovFab,500,E2063,2026FR_040,,40,8,2,2026,2,38,52.609638,4.328318,12,0,1111,,,,3.1416,,,MCR,KcDenmark,2682,3.33333333333333,,,,F,,13,20,,,,,,,,,34F4,
14538,1610439,12090,12319,12366,1610439,EH,I4537,FR,542,MIKQ1FR2026,,35HT,MRN2,,1600,WovFab,500,E2063,2026FR_040,,40,8,2,2026,2,38,52.609638,4.328318,12,0,1111,,,,3.1416,,,MCR,KcDenmark,2682,3.33333333333333,,,,F,,13,20,,,,,,,,,34F4,
14538,1610439,12090,12319,12366,1610439,EH,I4537,FR,542,MIKQ1FR2026,,35HT,MRN2,,1600,WovFab,500,E2063,2026FR_040,,40,8,2,2026,2,38,52.609638,4.328318,12,0,1111,,,,3.1416,,,MCR,KcDenmark,2682,3.33333333333333,,,,F,,13,20,,,,,,,,,34F4,
14538,1610439,12090,12319,12366,1610439,EH,I4537,FR,542,MIKQ1FR2026,,35HT,MRN2,,1600,WovFab,500,E2063,2026FR_040,,40,8,2,2026,2,38,52.609638,4.328318,12,0,1111,,,,3.1416,,,MCR,KcDenmark,2682,3.33333333333333,,,,F,,13,20,,,,,,,,,34F4,
14538,1610439,12090,12319,12366,1610439,EH,I4537,FR,542,MIKQ1FR2026,,35HT,MRN2,,1600,WovFab,500,E2063,2026FR_040,,40,8,2,2026,2,38,52.609638,4.328318,12,0,1111,,,,3.1416,,,MCR,KcDenmark,2682,3.33333333333333,,,,F,,13,20,,,,,,,,,34F4,
14538,1610439,12090,12319,12366,1610439,EH,I4537,FR,542,MIKQ1FR2026,,35HT,MRN2,,1600,WovFab,500,E2063,2026FR_040,,40,8,2,2026,2,38,52.609638,4.328318,12,0,1111,,,,3.1416,,,MCR,KcDenmark,2682,3.33333333333333,,,,F,,13,20,,,,,,,,,34F4,
14538,1610439,12090,12319,12366,1610439,EH,I4537,FR,542,MIKQ1FR2026,,35HT,MRN2,,1600,WovFab,500,E2063,2026FR_040,,40,8,2,2026,2,38,52.609638,4.328318,12,0,1111,,,,3.1416,,,MCR,KcDenmark,2682,3.33333333333333,,,,F,,13,20,,,,,,,,,34F4,
14538,1610439,12090,12319,12366,1610439,EH,I4537,FR,542,MIKQ1FR2026,,35HT,MRN2,,1600,WovFab,500,E2063,2026FR_040,,40,8,2,2026,2,38,52.609638,4.328318,12,0,1111,,,,3.1416,,,MCR,KcDenmark,2682,3.33333333333333,,,,F,,13,20,,,,,,,,,34F4,
14538,1610439,12090,12319,12366,1610439,EH,I4537,FR,542,MIKQ1FR2026,,35HT,MRN2,,1600,WovFab,500,E2063,2026FR_040,,40,8,2,2026,2,38,52.609638,4.328318,12,0,1111,,,,3.1416,,,MCR,KcDenmark,2682,3.33333333333333,,,,F,,13,20,,,,,,,,,34F4,
14538,1610439,12090,12319,12366,1610439,EH,I4537,FR,542,MIKQ1FR2026,,35HT,MRN2,,1600,WovFab,500,E2063,2026FR_040,,40,8,2,2026,2,38,52.609638,4.328318,12,0,1111,,,,3.1416,,,MCR,KcDenmark,2682,3.33333333333333,,,,F,,13,20,,,,,,,,,34F4,
14538,1610439,12090,12319,12366,1610439,EH,I4537,FR,542,MIKQ1FR2026,,35HT,MRN2,,1600,WovFab,500,E2063,2026FR_040,,40,8,2,2026,2,38,52.609638,4.328318,12,0,1111,,,,3.1416,,,MCR,KcDenmark,2682,3.33333333333333,,,,F,,13,20,,,,,,,,,34F4,
14538,1610439,12090,12319,12366,1610439,EH,I4537,FR,542,MIKQ1FR2026,,35HT,MRN2,,1600,WovFab,500,E2063,2026FR_040,,40,8,2,2026,2,38,52.609638,4.328318,12,0,1111,,,,3.1416,,,MCR,KcDenmark,2682,3.33333333333333,,,,F,,13,20,,,,,,,,,34F4,
14534,1610046,12089,12318,12366,1610046,EH,I4537,DK,2195,MIKQ1DK2026,,26D4,MRN2,dO,1600,WovFab,500,102,2026DK_038,,38,19,1,2026,3,9,56.248633,4.12855,21,25,1926,,,2,3.1416,,,MCR,General Oceanics,72430,35.98,,,6324,F,,64.7,70,,,,,,,,,41F4,
14534,1610047,12089,12318,12366,1610047,EH,I4537,DK,2195,MIKQ1DK2026,,26D4,MRN2,dO,1600,WovFab,500,103,2026DK_039,,39,19,1,2026,4,34,56.092833,4.2842,20,37,1926,,,2,3.1416,,,MCR,General Oceanics,73226,35.98,,,6394,F,,55.5,61,,,,,,,,,41F4,
14534,1610048,12089,12318,12366,1610048,EH,I4537,DK,2195,MIKQ1DK2026,,26D4,MRN2,dO,1600,WovFab,500,114,2026DK_040,,40,19,1,2026,17,47,55.821766,2.83965,21,8,1982,,,2,3.1416,,,MCR,General Oceanics,70000,35.98,,,6112,F,,71.6,77,,,,,,,,,40F2,
14534,1610049,12089,12318,12366,1610049,EH,I4537,DK,2195,MIKQ1DK2026,,26D4,MRN2,dO,1600,WovFab,500,115,2026DK_041,,41,19,1,2026,19,18,55.623566,2.8377,15,18,1241,,,2,3.1416,,,MCR,General Oceanics,48012,35.98,,,4192,F,,49.1,54,,,,,,,,,40F2,
14534,1610050,12089,12318,12366,1610050,EH,I4537,DK,2195,MIKQ1DK2026,,26D4,MRN2,dO,1600,WovFab,500,116,2026DK_042,,42,19,1,2026,20,52,55.410833,2.837916,10,53,852,,,2,3.1416,,,MCR,General Oceanics,34626,35.98,,,3023,F,,32.5,38,,,,,,,,,39F2,
14534,1610051,12089,12318,12366,1610051,EH,I4537,DK,2195,MIKQ1DK2026,,26D4,MRN2,dO,1600,WovFab,500,117,2026DK_043,,43,19,1,2026,22,5,55.239416,2.830316,10,58,982,,,2,3.1416,,,MCR,General Oceanics,38192,35.98,,,3335,F,,26.1,31,,,,,,,,,39F2,
14534,1610052,12089,12318,12366,1610052,EH,I4537,DK,2195,MIKQ1DK2026,,26D4,MRN2,dO,1600,WovFab,500,118,2026DK_044,,44,20,1,2026,0,37,54.90755,2.854366,15,27,1111,,,2,3.1416,,,MCR,General Oceanics,50962,35.98,,,4450,F,,17.6,23,,,,,,,,,38F2,
14534,1610053,12089,12318,12366,1610053,EH,I4537,DK,2195,MIKQ1DK2026,,26D4,MRN2,dO,1600,WovFab,500,119,2026DK_045,,45,20,1,2026,1,59,54.908533,3.168316,11,55,982,,,2,3.1416,,,MCR,General Oceanics,40767,35.98,,,3560,F,,27.7,33,,,,,,,,,38F3,
14534,1610054,12089,12318,12366,1610054,EH,I4537,DK,2195,MIKQ1DK2026,,26D4,MRN2,dO,1600,WovFab,500,120,2026DK_046,,46,20,1,2026,3,17,54.908466,3.465,11,43,963,,,2,3.1416,,,MCR,General Oceanics,39360,35.98,,,3437,F,,36,41,,,,,,,,,38F3,
14534,1610055,12089,12318,12366,1610055,EH,I4537,DK,2195,MIKQ1DK2026,,26D4,MRN2,dO,1600,WovFab,500,127,2026DK_047,,47,20,1,2026,18,14,54.4281,3.481633,14,50,1296,,,2,3.1416,,,MCR,General Oceanics,45616,35.98,,,3983,F,,41.7,47,,,,,,,,,37F3,
14534,1610056,12089,12318,12366,1610056,EH,I4537,DK,2195,MIKQ1DK2026,,26D4,MRN2,dO,1600,WovFab,500,128,2026DK_048,,48,20,1,2026,19,39,54.4092,3.1598,15,45,1408,,,2,3.1416,,,MCR,General Oceanics,57131,35.98,,,4988,F,,35.5,41,,,,,,,,,37F3,
14534,1610057,12089,12318,12366,1610057,EH,I4537,DK,2195,MIKQ1DK2026,,26D4,MRN2,dO,1600,WovFab,500,129,2026DK_049,,49,20,1,2026,21,6,54.386633,2.83475,13,26,1037,,,2,3.1416,,,MCR,General Oceanics,46243,35.98,,,4038,F,,26.6,32,,,,,,,,,37F2,
14534,1610058,12089,12318,12366,1610058,EH,I4537,DK,2195,MIKQ1DK2026,,26D4,MRN2,dO,1600,WovFab,500,130,2026DK_050,,50,20,1,2026,22,50,54.5834,2.601683,10,11,870,,,2,3.1416,,,MCR,General Oceanics,34648,35.98,,,3025,F,,17.9,23,,,,,,,,,38F2,
14534,1610059,12089,12318,12366,1610059,EH,I4537,DK,2195,MIKQ1DK2026,,26D4,MRN2,dO,1600,WovFab,500,131,2026DK_051,,51,21,1,2026,0,56,54.4096,2.149783,10,19,1167,,,2,3.1416,,,MCR,General Oceanics,33658,35.98,,,2939,F,,27.6,33,,,,,,,,,37F2,
14534,1610060,12089,12318,12366,1610060,EH,I4537,DK,2195,MIKQ1DK2026,,26D4,MRN2,dO,1600,WovFab,500,132,2026DK_052,,52,21,1,2026,2,18,54.293983,1.869116,15,49,1945,,,2,3.1416,,,MCR,General Oceanics,55618,35.98,,,4856,F,,38.1,43,,,,,,,,,37F1,
14534,1610061,12089,12318,12366,1610061,EH,I4537,DK,2195,MIKQ1DK2026,,26D4,MRN2,dO,1600,WovFab,500,133,2026DK_053,,53,21,1,2026,3,53,54.133866,1.8384,15,54,1370,,,2,3.1416,,,MCR,General Oceanics,59088,35.98,,,5159,F,,35.4,40,,,,,,,,,37F1,
14534,1610062,12089,12318,12366,1610062,EH,I4537,DK,2195,MIKQ1DK2026,,26D4,MRN2,dO,1600,WovFab,500,144,2026DK_054,,54,27,1,2026,2,50,54.59405,4.219766,15,58,1648,,,2,3.1416,,,MCR,General Oceanics,54817,35.98,,,4786,F,,43.6,49,,,,,,,,,38F4,
14534,1610063,12089,12318,12366,1610063,EH,I4537,DK,2195,MIKQ1DK2026,,26D4,MRN2,dO,1600,WovFab,500,145,2026DK_055,,55,27,1,2026,4,15,54.727233,4.41965,15,29,1519,,,2,3.1416,,,MCR,General Oceanics,51631,35.98,,,4508,F,,44.2,49,,,,,,,,,38F4,
14534,1610064,12089,12318,12366,1610064,EH,I4537,DK,2195,MIKQ1DK2026,,26D4,MRN2,dO,1600,WovFab,500,150,2026DK_056,,56,28,1,2026,4,18,56.091983,7.140533,19,10,1871,,,2,3.1416,,,MCR,General Oceanics,71518,35.98,,,6245,F,,24.6,30,,,,,,,,,41F7,
14534,1610066,12089,12318,12366,1610066,EH,I4537,DK,2195,MIKQ1DK2026,,26D4,MRN2,dO,1600,WovFab,500,162,2026DK_058,,58,28,1,2026,20,16,56.714233,6.259483,18,16,1926,,,2,3.1416,,,MCR,General Oceanics,69019,35.98,,,6026,F,,45,50,,,,,,,,,42F6,
14534,1610067,12089,12318,12366,1610067,EH,I4537,DK,2195,MIKQ1DK2026,,26D4,MRN2,dO,1600,WovFab,500,163,2026DK_059,,59,28,1,2026,21,58,56.765633,5.8465,23,24,2519,,,2,3.1416,,,MCR,General Oceanics,88970,35.98,,,7768,F,,54,59,,,,,,,,,42F5,
14534,1610068,12089,12318,12366,1610068,EH,I4537,DK,2195,MIKQ1DK2026,,26D4,MRN2,dO,1600,WovFab,500,164,2026DK_060,,60,28,1,2026,23,56,56.58525,5.84625,15,55,1463,,,2,3.1416,,,MCR,General Oceanics,54908,35.98,,,4794,F,,46.5,52,,,,,,,,,42F5,
14534,1610069,12089,12318,12366,1610069,EH,I4537,DK,2195,MIKQ1DK2026,,26D4,MRN2,dO,1600,WovFab,500,165,2026DK_061,,61,29,1,2026,1,34,56.3874,5.847766,13,27,1148,,,2,3.1416,,,MCR,General Oceanics,43339,35.98,,,3784,F,,33.4,38,,,,,,,,,41F5,
14534,1610070,12089,12318,12366,1610070,EH,I4537,DK,2195,MIKQ1DK2026,,26D4,MRN2,dO,1600,WovFab,500,166,2026DK_062,,62,29,1,2026,3,23,56.387116,6.158466,16,26,1630,,,2,3.1416,,,MCR,General Oceanics,57163,35.98,,,4991,F,,38.9,44,,,,,,,,,41F6,
14534,1610071,12089,12318,12366,1610071,EH,I4537,DK,2195,MIKQ1DK2026,,26D4,MRN2,dO,1600,WovFab,500,167,2026DK_063,,63,29,1,2026,4,47,56.211416,6.15905,19,13,1908,,,2,3.1416,,,MCR,General Oceanics,66378,35.98,,,5796,F,,32.5,38,,,,,,,,,41F6,
14534,1610072,12089,12318,12366,1610072,EH,I4537,DK,2195,MIKQ1DK2026,,26D4,MRN2,dO,1600,WovFab,500,176,2026DK_064,,64,29,1,2026,18,23,56.35405,6.84155,15,20,1519,,,2,3.1416,,,MCR,General Oceanics,44342,35.98,,,3872,F,,32.2,37,,,,,,,,,41F6,
14538,1610402,12090,12319,12366,1610402,EH,I4537,FR,542,MIKQ1FR2026,,35HT,MRN2,,1600,WovFab,500,E2007,2026FR_003,,3,31,1,2026,0,37,50.272715,1.141401,23,0,2026,,,,3.1416,,,MCR,KcDenmark,4221,3.33333333333333,,,,F,,26,33,,,,,,,,,29F1,
14538,1610403,12090,12319,12366,1610403,EH,I4537,FR,542,MIKQ1FR2026,,35HT,MRN2,,1600,WovFab,500,E2008,2026FR_004,,4,31,1,2026,4,43,50.158428,0.854986,16,0,1761,,,,3.1416,,,MCR,KcDenmark,5509,3.33333333333333,,,,F,,23,33,,,,,,,,,29F0,
14538,1610404,12090,12319,12366,1610404,EH,I4537,FR,542,MIKQ1FR2026,,35HT,MRN2,,1600,WovFab,500,E2012,2026FR_005,,5,31,1,2026,19,37,49.779561,0.143025,16,0,596,,,,3.1416,,,MCR,KcDenmark,5384,3.33333333333333,,,,F,,25,32,,,,,,,,,28F0,
14538,1610400,12090,12319,12366,1610400,EH,I4537,FR,542,MIKQ1FR2026,,35HT,MRN2,,1600,WovFab,500,E2004,2026FR_001,,1,31,1,2026,20,26,50.444585,1.129364,13,0,1149,,,,3.1416,,,MCR,KcDenmark,5107,3.33333333333333,,,,F,,33,40,,,,,,,,,29F1,
14538,1610405,12090,12319,12366,1610405,EH,I4537,FR,542,MIKQ1FR2026,,35HT,MRN2,,1600,WovFab,500,E2013,2026FR_006,,6,31,1,2026,21,31,49.880186,0.484415,14,0,492,,,,3.1416,,,MCR,KcDenmark,4557,3.33333333333333,,,,F,,24,31,,,,,,,,,28F0,
14538,1610401,12090,12319,12366,1610401,EH,I4537,FR,542,MIKQ1FR2026,,35HT,MRN2,,1600,WovFab,500,E2006,2026FR_002,,2,31,1,2026,22,28,50.33924,1.35836,11,0,749,,,,3.1416,,,MCR,KcDenmark,3985,3.33333333333333,,,,F,,21,31,,,,,,,,,29F1,
14538,1610406,12090,12319,12366,1610406,EH,I4537,FR,542,MIKQ1FR2026,,35HT,MRN2,,1600,WovFab,500,E2015,2026FR_007,,7,31,1,2026,23,31,50.117316,0.672535,13,0,1119,,,,3.1416,,,MCR,KcDenmark,4470,3.33333333333333,,,,F,,31,38,,,,,,,,,29F0,
14538,1610407,12090,12319,12366,1610407,EH,I4537,FR,542,MIKQ1FR2026,,35HT,MRN2,,1600,WovFab,500,E2016,2026FR_008,,8,1,2,2026,1,55,50.275234,0.407864,18,0,1964,,,,3.1416,,,MCR,KcDenmark,5165,3.33333333333333,,,,F,,38,45,,,,,,,,,29F0,
14538,1610408,12090,12319,12366,1610408,EH,I4537,FR,542,MIKQ1FR2026,,35HT,MRN2,,1600,WovFab,500,E2017,2026FR_009,,9,1,2,2026,5,1,50.388452,0.797616,16,0,1913,,,,3.1416,,,MCR,KcDenmark,4593,3.33333333333333,,,,F,,29,36,,,,,,,,,29F0,
14538,1610409,12090,12319,12366,1610409,EH,I4537,FR,542,MIKQ1FR2026,,35HT,MRN2,,1600,WovFab,500,E2020,2026FR_010,,10,1,2,2026,19,19,50.709041,0.140057,20,0,2278,,,,3.1416,,,MCR,KcDenmark,6739,3.33333333333333,,,,F,,18,25,,,,,,,,,30F0,
14538,1610410,12090,12319,12366,1610410,EH,I4537,FR,542,MIKQ1FR2026,,35HT,MRN2,,1600,WovFab,500,E2021,2026FR_011,,11,1,2,2026,20,36,50.626783,0.370282,32,0,4410,,,,3.1416,,,MCR,KcDenmark,9150,3.33333333333333,,,,F,,50,60,,,,,,,,,30F0,
14538,1610414,12090,12319,12366,1610414,EH,I4537,FR,542,MIKQ1FR2026,,35HT,MRN2,,1600,WovFab,500,E2027,2026FR_015,,15,2,2,2026,17,50,50.912016,1.576219,18,0,1784,,,,3.1416,,,MCR,KcDenmark,5244,3.33333333333333,,,,F,,24,31,,,,,,,,,30F1,
14538,1610415,12090,12319,12366,1610415,EH,I4537,FR,542,MIKQ1FR2026,,35HT,MRN2,,1600,WovFab,500,E2028,2026FR_016,,16,2,2,2026,21,34,51.093163,1.794099,10,0,798,,,,3.1416,,,MCR,KcDenmark,4020,3.33333333333333,,,,F,,21,28,,,,,,,,,31F1,
14538,1610416,12090,12319,12366,1610416,EH,I4537,FR,542,MIKQ1FR2026,,35HT,MRN2,,1600,WovFab,500,E2029,2026FR_017,,17,2,2,2026,23,49,51.134231,2.150164,12,0,1397,,,,3.1416,,,MCR,KcDenmark,3350,3.33333333333333,,,,F,,24,34,,,,,,,,,31F2,
14538,1610417,12090,12319,12366,1610417,EH,I4537,FR,542,MIKQ1FR2026,,35HT,MRN2,,1600,WovFab,500,E2030,2026FR_018,,18,3,2,2026,1,56,51.249697,2.455552,18,0,2080,,,,3.1416,,,MCR,KcDenmark,3661,3.33333333333333,,,,F,,20,30,,,,,,,,,31F2,
14538,1610418,12090,12319,12366,1610418,EH,I4537,FR,542,MIKQ1FR2026,,35HT,MRN2,,1600,WovFab,500,E2031,2026FR_019,,19,3,2,2026,4,19,51.406734,2.687088,15,0,1744,,,,3.1416,,,MCR,KcDenmark,4476,3.33333333333333,,,,F,,17,27,,,,,,,,,31F2,
14538,1610419,12090,12319,12366,1610419,EH,I4537,FR,542,MIKQ1FR2026,,35HT,MRN2,,1600,WovFab,500,E2032,2026FR_020,,20,3,2,2026,6,33,51.596362,2.782762,18,0,1593,,,,3.1416,,,MCR,KcDenmark,5181,3.33333333333333,,,,F,,23,33,,,,,,,,,32F2,
14538,1610420,12090,12319,12366,1610420,EH,I4537,FR,542,MIKQ1FR2026,,35HT,MRN2,,1600,WovFab,500,E2035,2026FR_021,,21,3,2,2026,18,50,52.20164,3.523517,14,0,1285,,,,3.1416,,,MCR,KcDenmark,4292,3.33333333333333,,,,F,,18,28,,,,,,,,,33F3,
14538,1610421,12090,12319,12366,1610421,EH,I4537,FR,542,MIKQ1FR2026,,35HT,MRN2,,1600,WovFab,500,E2036,2026FR_022,,22,3,2,2026,20,58,52.395454,3.562204,12,0,1289,,,,3.1416,,,MCR,KcDenmark,4324,3.33333333333333,,,,F,,23,33,,,,,,,,,33F3,
14538,1610422,12090,12319,12366,1610422,EH,I4537,FR,542,MIKQ1FR2026,,35HT,MRN2,,1600,WovFab,500,E2037,2026FR_023,,23,3,2,2026,23,41,52.583989,3.377816,18,0,2027,,,,3.1416,,,MCR,KcDenmark,5016,3.33333333333333,,,,F,,24,34,,,,,,,,,34F3,
14538,1610423,12090,12319,12366,1610423,EH,I4537,FR,542,MIKQ1FR2026,,35HT,MRN2,,1600,WovFab,500,E2038,2026FR_024,,24,4,2,2026,2,12,52.798332,3.648455,11,0,964,,,,3.1416,,,MCR,KcDenmark,3435,3.33333333333333,,,,F,,16,26,,,,,,,,,34F3,
14538,1610424,12090,12319,12366,1610424,EH,I4537,FR,542,MIKQ1FR2026,,35HT,MRN2,,1600,WovFab,500,E2039,2026FR_025,,25,4,2,2026,4,52,53.098115,3.897802,18,0,1486,,,,3.1416,,,MCR,KcDenmark,5662,3.33333333333333,,,,F,,16,26,,,,,,,,,35F3,
14538,1610425,12090,12319,12366,1610425,EH,I4537,FR,542,MIKQ1FR2026,,35HT,MRN2,,1600,WovFab,500,E2040,2026FR_026,,26,4,2,2026,6,28,53.278384,3.766912,18,0,1376,,,,3.1416,,,MCR,KcDenmark,5541,3.33333333333333,,,,F,,18,28,,,,,,,,,35F3,
14538,1610426,12090,12319,12366,1610426,EH,I4537,FR,542,MIKQ1FR2026,,35HT,MRN2,,1600,WovFab,500,E2047,2026FR_027,,27,5,2,2026,20,35,53.81557,5.638715,13,0,1446,,,,3.1416,,,MCR,KcDenmark,3843,3.33333333333333,,,,F,,20,30,,,,,,,,,36F5,
14538,1610427,12090,12319,12366,1610427,EH,I4537,FR,542,MIKQ1FR2026,,35HT,MRN2,,1600,WovFab,500,E2048,2026FR_028,,28,5,2,2026,23,52,53.598738,5.784785,12,0,1541,,,,3.1416,,,MCR,KcDenmark,4374,3.33333333333333,,,,F,,16,26,,,,,,,,,36F5,
14538,1610428,12090,12319,12366,1610428,EH,I4537,FR,542,MIKQ1FR2026,,35HT,MRN2,,1600,WovFab,500,E2049,2026FR_029,,29,6,2,2026,2,9,53.695161,6.266149,15,0,1412,,,,3.1416,,,MCR,KcDenmark,5108,3.33333333333333,,,,F,,17,27,,,,,,,,,36F6,
14538,1610429,12090,12319,12366,1610429,EH,I4537,FR,542,MIKQ1FR2026,,35HT,MRN2,,1600,WovFab,500,E2050,2026FR_030,,30,6,2,2026,4,11,53.875335,6.179003,11,0,759,,,,3.1416,,,MCR,KcDenmark,3659,3.33333333333333,,,,F,,20,30,,,,,,,,,36F6,
14538,1610435,12090,12319,12366,1610435,EH,I4537,FR,542,MIKQ1FR2026,,35HT,MRN2,,1600,WovFab,500,E2058,2026FR_036,,36,6,2,2026,7,16,53.802631,4.522238,15,0,1209,,,,3.1416,,,MCR,KcDenmark,5042,3.33333333333333,,,,F,,30,40,,,,,,,,,36F4,
14538,1610430,12090,12319,12366,1610430,EH,I4537,FR,542,MIKQ1FR2026,,35HT,MRN2,,1600,WovFab,500,E2053,2026FR_031,,31,6,2,2026,20,58,54.307075,5.148575,15,0,1405,,,,3.1416,,,MCR,KcDenmark,4370,3.33333333333333,,,,F,,34,44,,,,,,,,,37F5,
14538,1610431,12090,12319,12366,1610431,EH,I4537,FR,542,MIKQ1FR2026,,35HT,MRN2,,1600,WovFab,500,E2054,2026FR_032,,32,6,2,2026,22,52,54.126285,5.168211,16,0,1913,,,,3.1416,,,MCR,KcDenmark,5255,3.33333333333333,,,,F,,32,42,,,,,,,,,37F5,
14538,1610432,12090,12319,12366,1610432,EH,I4537,FR,542,MIKQ1FR2026,,35HT,MRN2,,1600,WovFab,500,E2055,2026FR_033,,33,7,2,2026,1,15,54.101982,4.814124,15,0,1492,,,,3.1416,,,MCR,KcDenmark,4583,3.33333333333333,,,,F,,34,44,,,,,,,,,37F4,
14538,1610433,12090,12319,12366,1610433,EH,I4537,FR,542,MIKQ1FR2026,,35HT,MRN2,,1600,WovFab,500,E2056,2026FR_034,,34,7,2,2026,3,28,54.111127,4.464146,13,0,979,,,,3.1416,,,MCR,KcDenmark,4021,3.33333333333333,,,,F,,37,47,,,,,,,,,37F4,
14538,1610436,12090,12319,12366,1610436,EH,I4537,FR,542,MIKQ1FR2026,,35HT,MRN2,,1600,WovFab,500,E2060,2026FR_037,,37,7,2,2026,19,7,53.388655,4.405353,13,0,1077,,,,3.1416,,,MCR,KcDenmark,4115,3.33333333333333,,,,F,,21,28,,,,,,,,,35F4,
14538,1610437,12090,12319,12366,1610437,EH,I4537,FR,542,MIKQ1FR2026,,35HT,MRN2,,1600,WovFab,500,E2061,2026FR_038,,38,7,2,2026,21,16,53.206329,4.323308,19,0,1896,,,,3.1416,,,MCR,KcDenmark,7002,3.33333333333333,,,,F,,24,31,,,,,,,,,35F4,
14538,1610438,12090,12319,12366,1610438,EH,I4537,FR,542,MIKQ1FR2026,,35HT,MRN2,,1600,WovFab,500,E2062,2026FR_039,,39,8,2,2026,0,35,52.870645,4.386384,11,0,1221,,,,3.1416,,,MCR,KcDenmark,3648,3.33333333333333,,,,F,,17,24,,,,,,,,,34F4,
14538,1610439,12090,12319,12366,1610439,EH,I4537,FR,542,MIKQ1FR2026,,35HT,MRN2,,1600,WovFab,500,E2063,2026FR_040,,40,8,2,2026,2,38,52.609638,4.328318,12,0,1111,,,,3.1416,,,MCR,KcDenmark,2682,3.33333333333333,,,,F,,13,20,,,,,,,,,34F4,
14538,1610440,12090,12319,12366,1610440,EH,I4537,FR,542,MIKQ1FR2026,,35HT,MRN2,,1600,WovFab,500,E2064,2026FR_041,,41,8,2,2026,4,56,52.411067,4.341486,14,0,1277,,,,3.1416,,,MCR,KcDenmark,4505,3.33333333333333,,,,F,,10,19,,,,,,,,,33F4,
14538,1610441,12090,12319,12366,1610441,EH,I4537,FR,542,MIKQ1FR2026,,35HT,MRN2,,1600,WovFab,500,E2069,2026FR_042,,42,10,2,2026,20,56,53.597375,3.490042,17,0,1455,,,,3.1416,,,MCR,KcDenmark,5514,3.33333333333333,,,,F,,31,38,,,,,,,,,36F3,
14538,1610442,12090,12319,12366,1610442,EH,I4537,FR,542,MIKQ1FR2026,,35HT,MRN2,,1600,WovFab,500,E2070,2026FR_043,,43,10,2,2026,23,36,53.575902,3.155578,12,0,1128,,,,3.1416,,,MCR,KcDenmark,3789,3.33333333333333,,,,F,,30,37,,,,,,,,,36F3,
14538,1610443,12090,12319,12366,1610443,EH,I4537,FR,542,MIKQ1FR2026,,35HT,MRN2,,1600,WovFab,500,E2071,2026FR_044,,44,11,2,2026,2,40,53.61821,2.831396,15,0,1532,,,,3.1416,,,MCR,KcDenmark,4623,3.33333333333333,,,,F,,28,35,,,,,,,,,36F2,
14538,1610444,12090,12319,12366,1610444,EH,I4537,FR,542,MIKQ1FR2026,,35HT,MRN2,,1600,WovFab,500,E2072,2026FR_045,,45,11,2,2026,5,43,53.687039,2.521928,12,0,1029,,,,3.1416,,,MCR,KcDenmark,3977,3.33333333333333,,,,F,,22,29,,,,,,,,,36F2,
14538,1610445,12090,12319,12366,1610445,EH,I4537,FR,542,MIKQ1FR2026,,35HT,MRN2,,1600,WovFab,500,E2076,2026FR_046,,46,11,2,2026,18,37,54.216342,1.258929,23,0,1923,,,,3.1416,,,MCR,KcDenmark,7499,3.33333333333333,,,,F,,55,62,,,,,,,,,37F1,
14538,1610446,12090,12319,12366,1610446,EH,I4537,FR,542,MIKQ1FR2026,,35HT,MRN2,,1600,WovFab,500,E2077,2026FR_047,,47,11,2,2026,20,47,54.406988,1.164535,23,0,2293,,,,3.1416,,,MCR,KcDenmark,7591,3.33333333333333,,,,F,,51,61,,,,,,,,,37F1,
14538,1610447,12090,12319,12366,1610447,EH,I4537,FR,542,MIKQ1FR2026,,35HT,MRN2,,1600,WovFab,500,E2078,2026FR_048,,48,11,2,2026,23,12,54.321765,0.861363,20,0,1971,,,,3.1416,,,MCR,KcDenmark,7089,3.33333333333333,,,,F,,32,42,,,,,,,,,37F0,
14538,1610440,12090,12319,12366,1610440,EH,I4537,FR,542,MIKQ1FR2026,,35HT,MRN2,,1600,WovFab,500,E2064,2026FR_041,,41,8,2,2026,4,56,52.411067,4.341486,14,0,1277,,,,3.1416,,,MCR,KcDenmark,4505,3.33333333333333,,,,F,,10,19,,,,,,,,,33F4,
14538,1610440,12090,12319,12366,1610440,EH,I4537,FR,542,MIKQ1FR2026,,35HT,MRN2,,1600,WovFab,500,E2064,2026FR_041,,41,8,2,2026,4,56,52.411067,4.341486,14,0,1277,,,,3.1416,,,MCR,KcDenmark,4505,3.33333333333333,,,,F,,10,19,,,,,,,,,33F4,
14538,1610440,12090,12319,12366,1610440,EH,I4537,FR,542,MIKQ1FR2026,,35HT,MRN2,,1600,WovFab,500,E2064,2026FR_041,,41,8,2,2026,4,56,52.411067,4.341486,14,0,1277,,,,3.1416,,,MCR,KcDenmark,4505,3.33333333333333,,,,F,,10,19,,,,,,,,,33F4,
14538,1610440,12090,12319,12366,1610440,EH,I4537,FR,542,MIKQ1FR2026,,35HT,MRN2,,1600,WovFab,500,E2064,2026FR_041,,41,8,2,2026,4,56,52.411067,4.341486,14,0,1277,,,,3.1416,,,MCR,KcDenmark,4505,3.33333333333333,,,,F,,10,19,,,,,,,,,33F4,
14538,1610440,12090,12319,12366,1610440,EH,I4537,FR,542,MIKQ1FR2026,,35HT,MRN2,,1600,WovFab,500,E2064,2026FR_041,,41,8,2,2026,4,56,52.411067,4.341486,14,0,1277,,,,3.1416,,,MCR,KcDenmark,4505,3.33333333333333,,,,F,,10,19,,,,,,,,,33F4,
14538,1610440,12090,12319,12366,1610440,EH,I4537,FR,542,MIKQ1FR2026,,35HT,MRN2,,1600,WovFab,500,E2064,2026FR_041,,41,8,2,2026,4,56,52.411067,4.341486,14,0,1277,,,,3.1416,,,MCR,KcDenmark,4505,3.33333333333333,,,,F,,10,19,,,,,,,,,33F4,
14538,1610440,12090,12319,12366,1610440,EH,I4537,FR,542,MIKQ1FR2026,,35HT,MRN2,,1600,WovFab,500,E2064,2026FR_041,,41,8,2,2026,4,56,52.411067,4.341486,14,0,1277,,,,3.1416,,,MCR,KcDenmark,4505,3.33333333333333,,,,F,,10,19,,,,,,,,,33F4,
14538,1610440,12090,12319,12366,1610440,EH,I4537,FR,542,MIKQ1FR2026,,35HT,MRN2,,1600,WovFab,500,E2064,2026FR_041,,41,8,2,2026,4,56,52.411067,4.341486,14,0,1277,,,,3.1416,,,MCR,KcDenmark,4505,3.33333333333333,,,,F,,10,19,,,,,,,,,33F4,
14538,1610440,12090,12319,12366,1610440,EH,I4537,FR,542,MIKQ1FR2026,,35HT,MRN2,,1600,WovFab,500,E2064,2026FR_041,,41,8,2,2026,4,56,52.411067,4.341486,14,0,1277,,,,3.1416,,,MCR,KcDenmark,4505,3.33333333333333,,,,F,,10,19,,,,,,,,,33F4,
14538,1610440,12090,12319,12366,1610440,EH,I4537,FR,542,MIKQ1FR2026,,35HT,MRN2,,1600,WovFab,500,E2064,2026FR_041,,41,8,2,2026,4,56,52.411067,4.341486,14,0,1277,,,,3.1416,,,MCR,KcDenmark,4505,3.33333333333333,,,,F,,10,19,,,,,,,,,33F4,
14538,1610440,12090,12319,12366,1610440,EH,I4537,FR,542,MIKQ1FR2026,,35HT,MRN2,,1600,WovFab,500,E2064,2026FR_041,,41,8,2,2026,4,56,52.411067,4.341486,14,0,1277,,,,3.1416,,,MCR,KcDenmark,4505,3.33333333333333,,,,F,,10,19,,,,,,,,,33F4,
14538,1610440,12090,12319,12366,1610440,EH,I4537,FR,542,MIKQ1FR2026,,35HT,MRN2,,1600,WovFab,500,E2064,2026FR_041,,41,8,2,2026,4,56,52.411067,4.341486,14,0,1277,,,,3.1416,,,MCR,KcDenmark,4505,3.33333333333333,,,,F,,10,19,,,,,,,,,33F4,
14538,1610440,12090,12319,12366,1610440,EH,I4537,FR,542,MIKQ1FR2026,,35HT,MRN2,,1600,WovFab,500,E2064,2026FR_041,,41,8,2,2026,4,56,52.411067,4.341486,14,0,1277,,,,3.1416,,,MCR,KcDenmark,4505,3.33333333333333,,,,F,,10,19,,,,,,,,,33F4,
14538,1610440,12090,12319,12366,1610440,EH,I4537,FR,542,MIKQ1FR2026,,35HT,MRN2,,1600,WovFab,500,E2064,2026FR_041,,41,8,2,2026,4,56,52.411067,4.341486,14,0,1277,,,,3.1416,,,MCR,KcDenmark,4505,3.33333333333333,,,,F,,10,19,,,,,,,,,33F4,
14538,1610441,12090,12319,12366,1610441,EH,I4537,FR,542,MIKQ1FR2026,,35HT,MRN2,,1600,WovFab,500,E2069,2026FR_042,,42,10,2,2026,20,56,53.597375,3.490042,17,0,1455,,,,3.1416,,,MCR,KcDenmark,5514,3.33333333333333,,,,F,,31,38,,,,,,,,,36F3,
14538,1610441,12090,12319,12366,1610441,EH,I4537,FR,542,MIKQ1FR2026,,35HT,MRN2,,1600,WovFab,500,E2069,2026FR_042,,42,10,2,2026,20,56,53.597375,3.490042,17,0,1455,,,,3.1416,,,MCR,KcDenmark,5514,3.33333333333333,,,,F,,31,38,,,,,,,,,36F3,
14538,1610441,12090,12319,12366,1610441,EH,I4537,FR,542,MIKQ1FR2026,,35HT,MRN2,,1600,WovFab,500,E2069,2026FR_042,,42,10,2,2026,20,56,53.597375,3.490042,17,0,1455,,,,3.1416,,,MCR,KcDenmark,5514,3.33333333333333,,,,F,,31,38,,,,,,,,,36F3,
14538,1610442,12090,12319,12366,1610442,EH,I4537,FR,542,MIKQ1FR2026,,35HT,MRN2,,1600,WovFab,500,E2070,2026FR_043,,43,10,2,2026,23,36,53.575902,3.155578,12,0,1128,,,,3.1416,,,MCR,KcDenmark,3789,3.33333333333333,,,,F,,30,37,,,,,,,,,36F3,
14538,1610442,12090,12319,12366,1610442,EH,I4537,FR,542,MIKQ1FR2026,,35HT,MRN2,,1600,WovFab,500,E2070,2026FR_043,,43,10,2,2026,23,36,53.575902,3.155578,12,0,1128,,,,3.1416,,,MCR,KcDenmark,3789,3.33333333333333,,,,F,,30,37,,,,,,,,,36F3,
14538,1610444,12090,12319,12366,1610444,EH,I4537,FR,542,MIKQ1FR2026,,35HT,MRN2,,1600,WovFab,500,E2072,2026FR_045,,45,11,2,2026,5,43,53.687039,2.521928,12,0,1029,,,,3.1416,,,MCR,KcDenmark,3977,3.33333333333333,,,,F,,22,29,,,,,,,,,36F2,
14538,1610444,12090,12319,12366,1610444,EH,I4537,FR,542,MIKQ1FR2026,,35HT,MRN2,,1600,WovFab,500,E2072,2026FR_045,,45,11,2,2026,5,43,53.687039,2.521928,12,0,1029,,,,3.1416,,,MCR,KcDenmark,3977,3.33333333333333,,,,F,,22,29,,,,,,,,,36F2,
14538,1610444,12090,12319,12366,1610444,EH,I4537,FR,542,MIKQ1FR2026,,35HT,MRN2,,1600,WovFab,500,E2072,2026FR_045,,45,11,2,2026,5,43,53.687039,2.521928,12,0,1029,,,,3.1416,,,MCR,KcDenmark,3977,3.33333333333333,,,,F,,22,29,,,,,,,,,36F2,
14538,1610444,12090,12319,12366,1610444,EH,I4537,FR,542,MIKQ1FR2026,,35HT,MRN2,,1600,WovFab,500,E2072,2026FR_045,,45,11,2,2026,5,43,53.687039,2.521928,12,0,1029,,,,3.1416,,,MCR,KcDenmark,3977,3.33333333333333,,,,F,,22,29,,,,,,,,,36F2,
14538,1610444,12090,12319,12366,1610444,EH,I4537,FR,542,MIKQ1FR2026,,35HT,MRN2,,1600,WovFab,500,E2072,2026FR_045,,45,11,2,2026,5,43,53.687039,2.521928,12,0,1029,,,,3.1416,,,MCR,KcDenmark,3977,3.33333333333333,,,,F,,22,29,,,,,,,,,36F2,
14538,1610444,12090,12319,12366,1610444,EH,I4537,FR,542,MIKQ1FR2026,,35HT,MRN2,,1600,WovFab,500,E2072,2026FR_045,,45,11,2,2026,5,43,53.687039,2.521928,12,0,1029,,,,3.1416,,,MCR,KcDenmark,3977,3.33333333333333,,,,F,,22,29,,,,,,,,,36F2,
14538,1610444,12090,12319,12366,1610444,EH,I4537,FR,542,MIKQ1FR2026,,35HT,MRN2,,1600,WovFab,500,E2072,2026FR_045,,45,11,2,2026,5,43,53.687039,2.521928,12,0,1029,,,,3.1416,,,MCR,KcDenmark,3977,3.33333333333333,,,,F,,22,29,,,,,,,,,36F2,
14538,1610444,12090,12319,12366,1610444,EH,I4537,FR,542,MIKQ1FR2026,,35HT,MRN2,,1600,WovFab,500,E2072,2026FR_045,,45,11,2,2026,5,43,53.687039,2.521928,12,0,1029,,,,3.1416,,,MCR,KcDenmark,3977,3.33333333333333,,,,F,,22,29,,,,,,,,,36F2,
14538,1610444,12090,12319,12366,1610444,EH,I4537,FR,542,MIKQ1FR2026,,35HT,MRN2,,1600,WovFab,500,E2072,2026FR_045,,45,11,2,2026,5,43,53.687039,2.521928,12,0,1029,,,,3.1416,,,MCR,KcDenmark,3977,3.33333333333333,,,,F,,22,29,,,,,,,,,36F2,
14538,1610444,12090,12319,12366,1610444,EH,I4537,FR,542,MIKQ1FR2026,,35HT,MRN2,,1600,WovFab,500,E2072,2026FR_045,,45,11,2,2026,5,43,53.687039,2.521928,12,0,1029,,,,3.1416,,,MCR,KcDenmark,3977,3.33333333333333,,,,F,,22,29,,,,,,,,,36F2,
14538,1610444,12090,12319,12366,1610444,EH,I4537,FR,542,MIKQ1FR2026,,35HT,MRN2,,1600,WovFab,500,E2072,2026FR_045,,45,11,2,2026,5,43,53.687039,2.521928,12,0,1029,,,,3.1416,,,MCR,KcDenmark,3977,3.33333333333333,,,,F,,22,29,,,,,,,,,36F2,
14538,1610444,12090,12319,12366,1610444,EH,I4537,FR,542,MIKQ1FR2026,,35HT,MRN2,,1600,WovFab,500,E2072,2026FR_045,,45,11,2,2026,5,43,53.687039,2.521928,12,0,1029,,,,3.1416,,,MCR,KcDenmark,3977,3.33333333333333,,,,F,,22,29,,,,,,,,,36F2,
14538,1610445,12090,12319,12366,1610445,EH,I4537,FR,542,MIKQ1FR2026,,35HT,MRN2,,1600,WovFab,500,E2076,2026FR_046,,46,11,2,2026,18,37,54.216342,1.258929,23,0,1923,,,,3.1416,,,MCR,KcDenmark,7499,3.33333333333333,,,,F,,55,62,,,,,,,,,37F1,
14538,1610445,12090,12319,12366,1610445,EH,I4537,FR,542,MIKQ1FR2026,,35HT,MRN2,,1600,WovFab,500,E2076,2026FR_046,,46,11,2,2026,18,37,54.216342,1.258929,23,0,1923,,,,3.1416,,,MCR,KcDenmark,7499,3.33333333333333,,,,F,,55,62,,,,,,,,,37F1,
14538,1610445,12090,12319,12366,1610445,EH,I4537,FR,542,MIKQ1FR2026,,35HT,MRN2,,1600,WovFab,500,E2076,2026FR_046,,46,11,2,2026,18,37,54.216342,1.258929,23,0,1923,,,,3.1416,,,MCR,KcDenmark,7499,3.33333333333333,,,,F,,55,62,,,,,,,,,37F1,
14538,1610445,12090,12319,12366,1610445,EH,I4537,FR,542,MIKQ1FR2026,,35HT,MRN2,,1600,WovFab,500,E2076,2026FR_046,,46,11,2,2026,18,37,54.216342,1.258929,23,0,1923,,,,3.1416,,,MCR,KcDenmark,7499,3.33333333333333,,,,F,,55,62,,,,,,,,,37F1,
14538,1610446,12090,12319,12366,1610446,EH,I4537,FR,542,MIKQ1FR2026,,35HT,MRN2,,1600,WovFab,500,E2077,2026FR_047,,47,11,2,2026,20,47,54.406988,1.164535,23,0,2293,,,,3.1416,,,MCR,KcDenmark,7591,3.33333333333333,,,,F,,51,61,,,,,,,,,37F1,
14538,1610446,12090,12319,12366,1610446,EH,I4537,FR,542,MIKQ1FR2026,,35HT,MRN2,,1600,WovFab,500,E2077,2026FR_047,,47,11,2,2026,20,47,54.406988,1.164535,23,0,2293,,,,3.1416,,,MCR,KcDenmark,7591,3.33333333333333,,,,F,,51,61,,,,,,,,,37F1,
14538,1610446,12090,12319,12366,1610446,EH,I4537,FR,542,MIKQ1FR2026,,35HT,MRN2,,1600,WovFab,500,E2077,2026FR_047,,47,11,2,2026,20,47,54.406988,1.164535,23,0,2293,,,,3.1416,,,MCR,KcDenmark,7591,3.33333333333333,,,,F,,51,61,,,,,,,,,37F1,
14538,1610446,12090,12319,12366,1610446,EH,I4537,FR,542,MIKQ1FR2026,,35HT,MRN2,,1600,WovFab,500,E2077,2026FR_047,,47,11,2,2026,20,47,54.406988,1.164535,23,0,2293,,,,3.1416,,,MCR,KcDenmark,7591,3.33333333333333,,,,F,,51,61,,,,,,,,,37F1,
14538,1610446,12090,12319,12366,1610446,EH,I4537,FR,542,MIKQ1FR2026,,35HT,MRN2,,1600,WovFab,500,E2077,2026FR_047,,47,11,2,2026,20,47,54.406988,1.164535,23,0,2293,,,,3.1416,,,MCR,KcDenmark,7591,3.33333333333333,,,,F,,51,61,,,,,,,,,37F1,
14538,1610446,12090,12319,12366,1610446,EH,I4537,FR,542,MIKQ1FR2026,,35HT,MRN2,,1600,WovFab,500,E2077,2026FR_047,,47,11,2,2026,20,47,54.406988,1.164535,23,0,2293,,,,3.1416,,,MCR,KcDenmark,7591,3.33333333333333,,,,F,,51,61,,,,,,,,,37F1,
14538,1610446,12090,12319,12366,1610446,EH,I4537,FR,542,MIKQ1FR2026,,35HT,MRN2,,1600,WovFab,500,E2077,2026FR_047,,47,11,2,2026,20,47,54.406988,1.164535,23,0,2293,,,,3.1416,,,MCR,KcDenmark,7591,3.33333333333333,,,,F,,51,61,,,,,,,,,37F1,
14538,1610446,12090,12319,12366,1610446,EH,I4537,FR,542,MIKQ1FR2026,,35HT,MRN2,,1600,WovFab,500,E2077,2026FR_047,,47,11,2,2026,20,47,54.406988,1.164535,23,0,2293,,,,3.1416,,,MCR,KcDenmark,7591,3.33333333333333,,,,F,,51,61,,,,,,,,,37F1,
14538,1610446,12090,12319,12366,1610446,EH,I4537,FR,542,MIKQ1FR2026,,35HT,MRN2,,1600,WovFab,500,E2077,2026FR_047,,47,11,2,2026,20,47,54.406988,1.164535,23,0,2293,,,,3.1416,,,MCR,KcDenmark,7591,3.33333333333333,,,,F,,51,61,,,,,,,,,37F1,
14538,1610448,12090,12319,12366,1610448,EH,I4537,FR,542,MIKQ1FR2026,,35HT,MRN2,,1600,WovFab,500,E2079,2026FR_049,,49,12,2,2026,1,26,54.411937,0.549644,28,0,2801,,,,3.1416,,,MCR,KcDenmark,8132,3.33333333333333,,,,F,,59,69,,,,,,,,,37F0,
14538,1610448,12090,12319,12366,1610448,EH,I4537,FR,542,MIKQ1FR2026,,35HT,MRN2,,1600,WovFab,500,E2079,2026FR_049,,49,12,2,2026,1,26,54.411937,0.549644,28,0,2801,,,,3.1416,,,MCR,KcDenmark,8132,3.33333333333333,,,,F,,59,69,,,,,,,,,37F0,
14538,1610448,12090,12319,12366,1610448,EH,I4537,FR,542,MIKQ1FR2026,,35HT,MRN2,,1600,WovFab,500,E2079,2026FR_049,,49,12,2,2026,1,26,54.411937,0.549644,28,0,2801,,,,3.1416,,,MCR,KcDenmark,8132,3.33333333333333,,,,F,,59,69,,,,,,,,,37F0,
14538,1610448,12090,12319,12366,1610448,EH,I4537,FR,542,MIKQ1FR2026,,35HT,MRN2,,1600,WovFab,500,E2079,2026FR_049,,49,12,2,2026,1,26,54.411937,0.549644,28,0,2801,,,,3.1416,,,MCR,KcDenmark,8132,3.33333333333333,,,,F,,59,69,,,,,,,,,37F0,
14538,1610448,12090,12319,12366,1610448,EH,I4537,FR,542,MIKQ1FR2026,,35HT,MRN2,,1600,WovFab,500,E2079,2026FR_049,,49,12,2,2026,1,26,54.411937,0.549644,28,0,2801,,,,3.1416,,,MCR,KcDenmark,8132,3.33333333333333,,,,F,,59,69,,,,,,,,,37F0,
14538,1610449,12090,12319,12366,1610449,EH,I4537,FR,542,MIKQ1FR2026,,35HT,MRN2,,1600,WovFab,500,E2085,2026FR_050,,50,12,2,2026,20,28,55.380058,0.153517,19,0,1510,,,,3.1416,,,MCR,KcDenmark,5970,3.33333333333333,,,,F,,65,75,,,,,,,,,39F0,
14538,1610449,12090,12319,12366,1610449,EH,I4537,FR,542,MIKQ1FR2026,,35HT,MRN2,,1600,WovFab,500,E2085,2026FR_050,,50,12,2,2026,20,28,55.380058,0.153517,19,0,1510,,,,3.1416,,,MCR,KcDenmark,5970,3.33333333333333,,,,F,,65,75,,,,,,,,,39F0,
14538,1610449,12090,12319,12366,1610449,EH,I4537,FR,542,MIKQ1FR2026,,35HT,MRN2,,1600,WovFab,500,E2085,2026FR_050,,50,12,2,2026,20,28,55.380058,0.153517,19,0,1510,,,,3.1416,,,MCR,KcDenmark,5970,3.33333333333333,,,,F,,65,75,,,,,,,,,39F0,
14538,1610449,12090,12319,12366,1610449,EH,I4537,FR,542,MIKQ1FR2026,,35HT,MRN2,,1600,WovFab,500,E2085,2026FR_050,,50,12,2,2026,20,28,55.380058,0.153517,19,0,1510,,,,3.1416,,,MCR,KcDenmark,5970,3.33333333333333,,,,F,,65,75,,,,,,,,,39F0,
14538,1610449,12090,12319,12366,1610449,EH,I4537,FR,542,MIKQ1FR2026,,35HT,MRN2,,1600,WovFab,500,E2085,2026FR_050,,50,12,2,2026,20,28,55.380058,0.153517,19,0,1510,,,,3.1416,,,MCR,KcDenmark,5970,3.33333333333333,,,,F,,65,75,,,,,,,,,39F0,
14538,1610449,12090,12319,12366,1610449,EH,I4537,FR,542,MIKQ1FR2026,,35HT,MRN2,,1600,WovFab,500,E2085,2026FR_050,,50,12,2,2026,20,28,55.380058,0.153517,19,0,1510,,,,3.1416,,,MCR,KcDenmark,5970,3.33333333333333,,,,F,,65,75,,,,,,,,,39F0,
14538,1610450,12090,12319,12366,1610450,EH,I4537,FR,542,MIKQ1FR2026,,35HT,MRN2,,1600,WovFab,500,E2086,2026FR_051,,51,12,2,2026,22,20,55.192666,0.156708,25,0,2193,,,,3.1416,,,MCR,KcDenmark,8063,3.33333333333333,,,,F,,66,76,,,,,,,,,39F0,
14538,1610450,12090,12319,12366,1610450,EH,I4537,FR,542,MIKQ1FR2026,,35HT,MRN2,,1600,WovFab,500,E2086,2026FR_051,,51,12,2,2026,22,20,55.192666,0.156708,25,0,2193,,,,3.1416,,,MCR,KcDenmark,8063,3.33333333333333,,,,F,,66,76,,,,,,,,,39F0,
14538,1610450,12090,12319,12366,1610450,EH,I4537,FR,542,MIKQ1FR2026,,35HT,MRN2,,1600,WovFab,500,E2086,2026FR_051,,51,12,2,2026,22,20,55.192666,0.156708,25,0,2193,,,,3.1416,,,MCR,KcDenmark,8063,3.33333333333333,,,,F,,66,76,,,,,,,,,39F0,
14538,1610450,12090,12319,12366,1610450,EH,I4537,FR,542,MIKQ1FR2026,,35HT,MRN2,,1600,WovFab,500,E2086,2026FR_051,,51,12,2,2026,22,20,55.192666,0.156708,25,0,2193,,,,3.1416,,,MCR,KcDenmark,8063,3.33333333333333,,,,F,,66,76,,,,,,,,,39F0,
14538,1610450,12090,12319,12366,1610450,EH,I4537,FR,542,MIKQ1FR2026,,35HT,MRN2,,1600,WovFab,500,E2086,2026FR_051,,51,12,2,2026,22,20,55.192666,0.156708,25,0,2193,,,,3.1416,,,MCR,KcDenmark,8063,3.33333333333333,,,,F,,66,76,,,,,,,,,39F0,
14538,1610457,12090,12319,12366,1610457,EH,I4537,FR,542,MIKQ1FR2026,,35HT,MRN2,,1600,WovFab,500,E2097,2026FR_058,,58,13,2,2026,0,10,54.404532,-0.220294,22,0,1961,,,,3.1416,,,MCR,KcDenmark,6653,3.33333333333333,,,,F,,51,58,,,,,,,,,37E9,
14538,1610451,12090,12319,12366,1610451,EH,I4537,FR,542,MIKQ1FR2026,,35HT,MRN2,,1600,WovFab,500,E2087,2026FR_052,,52,13,2,2026,0,33,55.191776,-0.263773,24,0,2199,,,,3.1416,,,MCR,KcDenmark,7825,3.33333333333333,,,,F,,62,72,,,,,,,,,39E9,
14538,1610451,12090,12319,12366,1610451,EH,I4537,FR,542,MIKQ1FR2026,,35HT,MRN2,,1600,WovFab,500,E2087,2026FR_052,,52,13,2,2026,0,33,55.191776,-0.263773,24,0,2199,,,,3.1416,,,MCR,KcDenmark,7825,3.33333333333333,,,,F,,62,72,,,,,,,,,39E9,
14538,1610451,12090,12319,12366,1610451,EH,I4537,FR,542,MIKQ1FR2026,,35HT,MRN2,,1600,WovFab,500,E2087,2026FR_052,,52,13,2,2026,0,33,55.191776,-0.263773,24,0,2199,,,,3.1416,,,MCR,KcDenmark,7825,3.33333333333333,,,,F,,62,72,,,,,,,,,39E9,
14538,1610451,12090,12319,12366,1610451,EH,I4537,FR,542,MIKQ1FR2026,,35HT,MRN2,,1600,WovFab,500,E2087,2026FR_052,,52,13,2,2026,0,33,55.191776,-0.263773,24,0,2199,,,,3.1416,,,MCR,KcDenmark,7825,3.33333333333333,,,,F,,62,72,,,,,,,,,39E9,
14538,1610451,12090,12319,12366,1610451,EH,I4537,FR,542,MIKQ1FR2026,,35HT,MRN2,,1600,WovFab,500,E2087,2026FR_052,,52,13,2,2026,0,33,55.191776,-0.263773,24,0,2199,,,,3.1416,,,MCR,KcDenmark,7825,3.33333333333333,,,,F,,62,72,,,,,,,,,39E9,
14538,1610451,12090,12319,12366,1610451,EH,I4537,FR,542,MIKQ1FR2026,,35HT,MRN2,,1600,WovFab,500,E2087,2026FR_052,,52,13,2,2026,0,33,55.191776,-0.263773,24,0,2199,,,,3.1416,,,MCR,KcDenmark,7825,3.33333333333333,,,,F,,62,72,,,,,,,,,39E9,
14538,1610451,12090,12319,12366,1610451,EH,I4537,FR,542,MIKQ1FR2026,,35HT,MRN2,,1600,WovFab,500,E2087,2026FR_052,,52,13,2,2026,0,33,55.191776,-0.263773,24,0,2199,,,,3.1416,,,MCR,KcDenmark,7825,3.33333333333333,,,,F,,62,72,,,,,,,,,39E9,
14538,1610451,12090,12319,12366,1610451,EH,I4537,FR,542,MIKQ1FR2026,,35HT,MRN2,,1600,WovFab,500,E2087,2026FR_052,,52,13,2,2026,0,33,55.191776,-0.263773,24,0,2199,,,,3.1416,,,MCR,KcDenmark,7825,3.33333333333333,,,,F,,62,72,,,,,,,,,39E9,
14538,1610451,12090,12319,12366,1610451,EH,I4537,FR,542,MIKQ1FR2026,,35HT,MRN2,,1600,WovFab,500,E2087,2026FR_052,,52,13,2,2026,0,33,55.191776,-0.263773,24,0,2199,,,,3.1416,,,MCR,KcDenmark,7825,3.33333333333333,,,,F,,62,72,,,,,,,,,39E9,
14538,1610451,12090,12319,12366,1610451,EH,I4537,FR,542,MIKQ1FR2026,,35HT,MRN2,,1600,WovFab,500,E2087,2026FR_052,,52,13,2,2026,0,33,55.191776,-0.263773,24,0,2199,,,,3.1416,,,MCR,KcDenmark,7825,3.33333333333333,,,,F,,62,72,,,,,,,,,39E9,
14538,1610451,12090,12319,12366,1610451,EH,I4537,FR,542,MIKQ1FR2026,,35HT,MRN2,,1600,WovFab,500,E2087,2026FR_052,,52,13,2,2026,0,33,55.191776,-0.263773,24,0,2199,,,,3.1416,,,MCR,KcDenmark,7825,3.33333333333333,,,,F,,62,72,,,,,,,,,39E9,
14538,1610451,12090,12319,12366,1610451,EH,I4537,FR,542,MIKQ1FR2026,,35HT,MRN2,,1600,WovFab,500,E2087,2026FR_052,,52,13,2,2026,0,33,55.191776,-0.263773,24,0,2199,,,,3.1416,,,MCR,KcDenmark,7825,3.33333333333333,,,,F,,62,72,,,,,,,,,39E9,
14538,1610452,12090,12319,12366,1610452,EH,I4537,FR,542,MIKQ1FR2026,,35HT,MRN2,,1600,WovFab,500,E2088,2026FR_053,,53,13,2,2026,3,8,55.18798,-0.710834,25,0,2328,,,,3.1416,,,MCR,KcDenmark,7775,3.33333333333333,,,,F,,65,75,,,,,,,,,39E9,
14538,1610452,12090,12319,12366,1610452,EH,I4537,FR,542,MIKQ1FR2026,,35HT,MRN2,,1600,WovFab,500,E2088,2026FR_053,,53,13,2,2026,3,8,55.18798,-0.710834,25,0,2328,,,,3.1416,,,MCR,KcDenmark,7775,3.33333333333333,,,,F,,65,75,,,,,,,,,39E9,
14538,1610452,12090,12319,12366,1610452,EH,I4537,FR,542,MIKQ1FR2026,,35HT,MRN2,,1600,WovFab,500,E2088,2026FR_053,,53,13,2,2026,3,8,55.18798,-0.710834,25,0,2328,,,,3.1416,,,MCR,KcDenmark,7775,3.33333333333333,,,,F,,65,75,,,,,,,,,39E9,
14538,1610452,12090,12319,12366,1610452,EH,I4537,FR,542,MIKQ1FR2026,,35HT,MRN2,,1600,WovFab,500,E2088,2026FR_053,,53,13,2,2026,3,8,55.18798,-0.710834,25,0,2328,,,,3.1416,,,MCR,KcDenmark,7775,3.33333333333333,,,,F,,65,75,,,,,,,,,39E9,
14538,1610452,12090,12319,12366,1610452,EH,I4537,FR,542,MIKQ1FR2026,,35HT,MRN2,,1600,WovFab,500,E2088,2026FR_053,,53,13,2,2026,3,8,55.18798,-0.710834,25,0,2328,,,,3.1416,,,MCR,KcDenmark,7775,3.33333333333333,,,,F,,65,75,,,,,,,,,39E9,
14538,1610452,12090,12319,12366,1610452,EH,I4537,FR,542,MIKQ1FR2026,,35HT,MRN2,,1600,WovFab,500,E2088,2026FR_053,,53,13,2,2026,3,8,55.18798,-0.710834,25,0,2328,,,,3.1416,,,MCR,KcDenmark,7775,3.33333333333333,,,,F,,65,75,,,,,,,,,39E9,
14538,1610452,12090,12319,12366,1610452,EH,I4537,FR,542,MIKQ1FR2026,,35HT,MRN2,,1600,WovFab,500,E2088,2026FR_053,,53,13,2,2026,3,8,55.18798,-0.710834,25,0,2328,,,,3.1416,,,MCR,KcDenmark,7775,3.33333333333333,,,,F,,65,75,,,,,,,,,39E9,
14538,1610452,12090,12319,12366,1610452,EH,I4537,FR,542,MIKQ1FR2026,,35HT,MRN2,,1600,WovFab,500,E2088,2026FR_053,,53,13,2,2026,3,8,55.18798,-0.710834,25,0,2328,,,,3.1416,,,MCR,KcDenmark,7775,3.33333333333333,,,,F,,65,75,,,,,,,,,39E9,
14538,1610452,12090,12319,12366,1610452,EH,I4537,FR,542,MIKQ1FR2026,,35HT,MRN2,,1600,WovFab,500,E2088,2026FR_053,,53,13,2,2026,3,8,55.18798,-0.710834,25,0,2328,,,,3.1416,,,MCR,KcDenmark,7775,3.33333333333333,,,,F,,65,75,,,,,,,,,39E9,
14538,1610452,12090,12319,12366,1610452,EH,I4537,FR,542,MIKQ1FR2026,,35HT,MRN2,,1600,WovFab,500,E2088,2026FR_053,,53,13,2,2026,3,8,55.18798,-0.710834,25,0,2328,,,,3.1416,,,MCR,KcDenmark,7775,3.33333333333333,,,,F,,65,75,,,,,,,,,39E9,
14538,1610452,12090,12319,12366,1610452,EH,I4537,FR,542,MIKQ1FR2026,,35HT,MRN2,,1600,WovFab,500,E2088,2026FR_053,,53,13,2,2026,3,8,55.18798,-0.710834,25,0,2328,,,,3.1416,,,MCR,KcDenmark,7775,3.33333333333333,,,,F,,65,75,,,,,,,,,39E9,
14538,1610452,12090,12319,12366,1610452,EH,I4537,FR,542,MIKQ1FR2026,,35HT,MRN2,,1600,WovFab,500,E2088,2026FR_053,,53,13,2,2026,3,8,55.18798,-0.710834,25,0,2328,,,,3.1416,,,MCR,KcDenmark,7775,3.33333333333333,,,,F,,65,75,,,,,,,,,39E9,
14538,1610452,12090,12319,12366,1610452,EH,I4537,FR,542,MIKQ1FR2026,,35HT,MRN2,,1600,WovFab,500,E2088,2026FR_053,,53,13,2,2026,3,8,55.18798,-0.710834,25,0,2328,,,,3.1416,,,MCR,KcDenmark,7775,3.33333333333333,,,,F,,65,75,,,,,,,,,39E9,
14538,1610452,12090,12319,12366,1610452,EH,I4537,FR,542,MIKQ1FR2026,,35HT,MRN2,,1600,WovFab,500,E2088,2026FR_053,,53,13,2,2026,3,8,55.18798,-0.710834,25,0,2328,,,,3.1416,,,MCR,KcDenmark,7775,3.33333333333333,,,,F,,65,75,,,,,,,,,39E9,
14538,1610453,12090,12319,12366,1610453,EH,I4537,FR,542,MIKQ1FR2026,,35HT,MRN2,,1600,WovFab,500,E2089,2026FR_054,,54,13,2,2026,5,39,55.193173,-1.179582,28,0,2611,,,,3.1416,,,MCR,KcDenmark,8982,3.33333333333333,,,,F,,78,88,,,,,,,,,39E8,
14538,1610453,12090,12319,12366,1610453,EH,I4537,FR,542,MIKQ1FR2026,,35HT,MRN2,,1600,WovFab,500,E2089,2026FR_054,,54,13,2,2026,5,39,55.193173,-1.179582,28,0,2611,,,,3.1416,,,MCR,KcDenmark,8982,3.33333333333333,,,,F,,78,88,,,,,,,,,39E8,
14538,1610453,12090,12319,12366,1610453,EH,I4537,FR,542,MIKQ1FR2026,,35HT,MRN2,,1600,WovFab,500,E2089,2026FR_054,,54,13,2,2026,5,39,55.193173,-1.179582,28,0,2611,,,,3.1416,,,MCR,KcDenmark,8982,3.33333333333333,,,,F,,78,88,,,,,,,,,39E8,
14538,1610453,12090,12319,12366,1610453,EH,I4537,FR,542,MIKQ1FR2026,,35HT,MRN2,,1600,WovFab,500,E2089,2026FR_054,,54,13,2,2026,5,39,55.193173,-1.179582,28,0,2611,,,,3.1416,,,MCR,KcDenmark,8982,3.33333333333333,,,,F,,78,88,,,,,,,,,39E8,
14538,1610453,12090,12319,12366,1610453,EH,I4537,FR,542,MIKQ1FR2026,,35HT,MRN2,,1600,WovFab,500,E2089,2026FR_054,,54,13,2,2026,5,39,55.193173,-1.179582,28,0,2611,,,,3.1416,,,MCR,KcDenmark,8982,3.33333333333333,,,,F,,78,88,,,,,,,,,39E8,
14538,1610453,12090,12319,12366,1610453,EH,I4537,FR,542,MIKQ1FR2026,,35HT,MRN2,,1600,WovFab,500,E2089,2026FR_054,,54,13,2,2026,5,39,55.193173,-1.179582,28,0,2611,,,,3.1416,,,MCR,KcDenmark,8982,3.33333333333333,,,,F,,78,88,,,,,,,,,39E8,
14538,1610453,12090,12319,12366,1610453,EH,I4537,FR,542,MIKQ1FR2026,,35HT,MRN2,,1600,WovFab,500,E2089,2026FR_054,,54,13,2,2026,5,39,55.193173,-1.179582,28,0,2611,,,,3.1416,,,MCR,KcDenmark,8982,3.33333333333333,,,,F,,78,88,,,,,,,,,39E8,
14538,1610453,12090,12319,12366,1610453,EH,I4537,FR,542,MIKQ1FR2026,,35HT,MRN2,,1600,WovFab,500,E2089,2026FR_054,,54,13,2,2026,5,39,55.193173,-1.179582,28,0,2611,,,,3.1416,,,MCR,KcDenmark,8982,3.33333333333333,,,,F,,78,88,,,,,,,,,39E8,
14538,1610453,12090,12319,12366,1610453,EH,I4537,FR,542,MIKQ1FR2026,,35HT,MRN2,,1600,WovFab,500,E2089,2026FR_054,,54,13,2,2026,5,39,55.193173,-1.179582,28,0,2611,,,,3.1416,,,MCR,KcDenmark,8982,3.33333333333333,,,,F,,78,88,,,,,,,,,39E8,
14538,1610453,12090,12319,12366,1610453,EH,I4537,FR,542,MIKQ1FR2026,,35HT,MRN2,,1600,WovFab,500,E2089,2026FR_054,,54,13,2,2026,5,39,55.193173,-1.179582,28,0,2611,,,,3.1416,,,MCR,KcDenmark,8982,3.33333333333333,,,,F,,78,88,,,,,,,,,39E8,
14538,1610453,12090,12319,12366,1610453,EH,I4537,FR,542,MIKQ1FR2026,,35HT,MRN2,,1600,WovFab,500,E2089,2026FR_054,,54,13,2,2026,5,39,55.193173,-1.179582,28,0,2611,,,,3.1416,,,MCR,KcDenmark,8982,3.33333333333333,,,,F,,78,88,,,,,,,,,39E8,
14538,1610454,12090,12319,12366,1610454,EH,I4537,FR,542,MIKQ1FR2026,,35HT,MRN2,,1600,WovFab,500,E2090,2026FR_055,,55,13,2,2026,7,16,55.361886,-1.206615,28,0,2788,,,,3.1416,,,MCR,KcDenmark,8492,3.33333333333333,,,,F,,69,79,,,,,,,,,39E8,
14538,1610454,12090,12319,12366,1610454,EH,I4537,FR,542,MIKQ1FR2026,,35HT,MRN2,,1600,WovFab,500,E2090,2026FR_055,,55,13,2,2026,7,16,55.361886,-1.206615,28,0,2788,,,,3.1416,,,MCR,KcDenmark,8492,3.33333333333333,,,,F,,69,79,,,,,,,,,39E8,
14538,1610454,12090,12319,12366,1610454,EH,I4537,FR,542,MIKQ1FR2026,,35HT,MRN2,,1600,WovFab,500,E2090,2026FR_055,,55,13,2,2026,7,16,55.361886,-1.206615,28,0,2788,,,,3.1416,,,MCR,KcDenmark,8492,3.33333333333333,,,,F,,69,79,,,,,,,,,39E8,
14538,1610454,12090,12319,12366,1610454,EH,I4537,FR,542,MIKQ1FR2026,,35HT,MRN2,,1600,WovFab,500,E2090,2026FR_055,,55,13,2,2026,7,16,55.361886,-1.206615,28,0,2788,,,,3.1416,,,MCR,KcDenmark,8492,3.33333333333333,,,,F,,69,79,,,,,,,,,39E8,
14538,1610454,12090,12319,12366,1610454,EH,I4537,FR,542,MIKQ1FR2026,,35HT,MRN2,,1600,WovFab,500,E2090,2026FR_055,,55,13,2,2026,7,16,55.361886,-1.206615,28,0,2788,,,,3.1416,,,MCR,KcDenmark,8492,3.33333333333333,,,,F,,69,79,,,,,,,,,39E8,
14538,1610454,12090,12319,12366,1610454,EH,I4537,FR,542,MIKQ1FR2026,,35HT,MRN2,,1600,WovFab,500,E2090,2026FR_055,,55,13,2,2026,7,16,55.361886,-1.206615,28,0,2788,,,,3.1416,,,MCR,KcDenmark,8492,3.33333333333333,,,,F,,69,79,,,,,,,,,39E8,
14538,1610454,12090,12319,12366,1610454,EH,I4537,FR,542,MIKQ1FR2026,,35HT,MRN2,,1600,WovFab,500,E2090,2026FR_055,,55,13,2,2026,7,16,55.361886,-1.206615,28,0,2788,,,,3.1416,,,MCR,KcDenmark,8492,3.33333333333333,,,,F,,69,79,,,,,,,,,39E8,
14538,1610454,12090,12319,12366,1610454,EH,I4537,FR,542,MIKQ1FR2026,,35HT,MRN2,,1600,WovFab,500,E2090,2026FR_055,,55,13,2,2026,7,16,55.361886,-1.206615,28,0,2788,,,,3.1416,,,MCR,KcDenmark,8492,3.33333333333333,,,,F,,69,79,,,,,,,,,39E8,
14538,1610454,12090,12319,12366,1610454,EH,I4537,FR,542,MIKQ1FR2026,,35HT,MRN2,,1600,WovFab,500,E2090,2026FR_055,,55,13,2,2026,7,16,55.361886,-1.206615,28,0,2788,,,,3.1416,,,MCR,KcDenmark,8492,3.33333333333333,,,,F,,69,79,,,,,,,,,39E8,
14538,1610454,12090,12319,12366,1610454,EH,I4537,FR,542,MIKQ1FR2026,,35HT,MRN2,,1600,WovFab,500,E2090,2026FR_055,,55,13,2,2026,7,16,55.361886,-1.206615,28,0,2788,,,,3.1416,,,MCR,KcDenmark,8492,3.33333333333333,,,,F,,69,79,,,,,,,,,39E8,
14538,1610454,12090,12319,12366,1610454,EH,I4537,FR,542,MIKQ1FR2026,,35HT,MRN2,,1600,WovFab,500,E2090,2026FR_055,,55,13,2,2026,7,16,55.361886,-1.206615,28,0,2788,,,,3.1416,,,MCR,KcDenmark,8492,3.33333333333333,,,,F,,69,79,,,,,,,,,39E8,
14538,1610454,12090,12319,12366,1610454,EH,I4537,FR,542,MIKQ1FR2026,,35HT,MRN2,,1600,WovFab,500,E2090,2026FR_055,,55,13,2,2026,7,16,55.361886,-1.206615,28,0,2788,,,,3.1416,,,MCR,KcDenmark,8492,3.33333333333333,,,,F,,69,79,,,,,,,,,39E8,
14538,1610455,12090,12319,12366,1610455,EH,I4537,FR,542,MIKQ1FR2026,,35HT,MRN2,,1600,WovFab,500,E2094,2026FR_056,,56,13,2,2026,20,0,54.595355,0.174075,32,0,3213,,,,3.1416,,,MCR,KcDenmark,10087,3.33333333333333,,,,F,,69,76,,,,,,,,,38F0,
14538,1610455,12090,12319,12366,1610455,EH,I4537,FR,542,MIKQ1FR2026,,35HT,MRN2,,1600,WovFab,500,E2094,2026FR_056,,56,13,2,2026,20,0,54.595355,0.174075,32,0,3213,,,,3.1416,,,MCR,KcDenmark,10087,3.33333333333333,,,,F,,69,76,,,,,,,,,38F0,
14538,1610455,12090,12319,12366,1610455,EH,I4537,FR,542,MIKQ1FR2026,,35HT,MRN2,,1600,WovFab,500,E2094,2026FR_056,,56,13,2,2026,20,0,54.595355,0.174075,32,0,3213,,,,3.1416,,,MCR,KcDenmark,10087,3.33333333333333,,,,F,,69,76,,,,,,,,,38F0,
14538,1610455,12090,12319,12366,1610455,EH,I4537,FR,542,MIKQ1FR2026,,35HT,MRN2,,1600,WovFab,500,E2094,2026FR_056,,56,13,2,2026,20,0,54.595355,0.174075,32,0,3213,,,,3.1416,,,MCR,KcDenmark,10087,3.33333333333333,,,,F,,69,76,,,,,,,,,38F0,
14538,1610455,12090,12319,12366,1610455,EH,I4537,FR,542,MIKQ1FR2026,,35HT,MRN2,,1600,WovFab,500,E2094,2026FR_056,,56,13,2,2026,20,0,54.595355,0.174075,32,0,3213,,,,3.1416,,,MCR,KcDenmark,10087,3.33333333333333,,,,F,,69,76,,,,,,,,,38F0,
14538,1610455,12090,12319,12366,1610455,EH,I4537,FR,542,MIKQ1FR2026,,35HT,MRN2,,1600,WovFab,500,E2094,2026FR_056,,56,13,2,2026,20,0,54.595355,0.174075,32,0,3213,,,,3.1416,,,MCR,KcDenmark,10087,3.33333333333333,,,,F,,69,76,,,,,,,,,38F0,
14538,1610455,12090,12319,12366,1610455,EH,I4537,FR,542,MIKQ1FR2026,,35HT,MRN2,,1600,WovFab,500,E2094,2026FR_056,,56,13,2,2026,20,0,54.595355,0.174075,32,0,3213,,,,3.1416,,,MCR,KcDenmark,10087,3.33333333333333,,,,F,,69,76,,,,,,,,,38F0,
14538,1610455,12090,12319,12366,1610455,EH,I4537,FR,542,MIKQ1FR2026,,35HT,MRN2,,1600,WovFab,500,E2094,2026FR_056,,56,13,2,2026,20,0,54.595355,0.174075,32,0,3213,,,,3.1416,,,MCR,KcDenmark,10087,3.33333333333333,,,,F,,69,76,,,,,,,,,38F0,
14538,1610456,12090,12319,12366,1610456,EH,I4537,FR,542,MIKQ1FR2026,,35HT,MRN2,,1600,WovFab,500,E2095,2026FR_057,,57,13,2,2026,22,2,54.592006,-0.155116,29,0,2720,,,,3.1416,,,MCR,KcDenmark,9296,3.33333333333333,,,,F,,56,63,,,,,,,,,38E9,
14538,1610456,12090,12319,12366,1610456,EH,I4537,FR,542,MIKQ1FR2026,,35HT,MRN2,,1600,WovFab,500,E2095,2026FR_057,,57,13,2,2026,22,2,54.592006,-0.155116,29,0,2720,,,,3.1416,,,MCR,KcDenmark,9296,3.33333333333333,,,,F,,56,63,,,,,,,,,38E9,
14538,1610456,12090,12319,12366,1610456,EH,I4537,FR,542,MIKQ1FR2026,,35HT,MRN2,,1600,WovFab,500,E2095,2026FR_057,,57,13,2,2026,22,2,54.592006,-0.155116,29,0,2720,,,,3.1416,,,MCR,KcDenmark,9296,3.33333333333333,,,,F,,56,63,,,,,,,,,38E9,
14538,1610456,12090,12319,12366,1610456,EH,I4537,FR,542,MIKQ1FR2026,,35HT,MRN2,,1600,WovFab,500,E2095,2026FR_057,,57,13,2,2026,22,2,54.592006,-0.155116,29,0,2720,,,,3.1416,,,MCR,KcDenmark,9296,3.33333333333333,,,,F,,56,63,,,,,,,,,38E9,
14538,1610456,12090,12319,12366,1610456,EH,I4537,FR,542,MIKQ1FR2026,,35HT,MRN2,,1600,WovFab,500,E2095,2026FR_057,,57,13,2,2026,22,2,54.592006,-0.155116,29,0,2720,,,,3.1416,,,MCR,KcDenmark,9296,3.33333333333333,,,,F,,56,63,,,,,,,,,38E9,
14538,1610456,12090,12319,12366,1610456,EH,I4537,FR,542,MIKQ1FR2026,,35HT,MRN2,,1600,WovFab,500,E2095,2026FR_057,,57,13,2,2026,22,2,54.592006,-0.155116,29,0,2720,,,,3.1416,,,MCR,KcDenmark,9296,3.33333333333333,,,,F,,56,63,,,,,,,,,38E9,
14538,1610456,12090,12319,12366,1610456,EH,I4537,FR,542,MIKQ1FR2026,,35HT,MRN2,,1600,WovFab,500,E2095,2026FR_057,,57,13,2,2026,22,2,54.592006,-0.155116,29,0,2720,,,,3.1416,,,MCR,KcDenmark,9296,3.33333333333333,,,,F,,56,63,,,,,,,,,38E9,
14538,1610456,12090,12319,12366,1610456,EH,I4537,FR,542,MIKQ1FR2026,,35HT,MRN2,,1600,WovFab,500,E2095,2026FR_057,,57,13,2,2026,22,2,54.592006,-0.155116,29,0,2720,,,,3.1416,,,MCR,KcDenmark,9296,3.33333333333333,,,,F,,56,63,,,,,,,,,38E9,
14538,1610456,12090,12319,12366,1610456,EH,I4537,FR,542,MIKQ1FR2026,,35HT,MRN2,,1600,WovFab,500,E2095,2026FR_057,,57,13,2,2026,22,2,54.592006,-0.155116,29,0,2720,,,,3.1416,,,MCR,KcDenmark,9296,3.33333333333333,,,,F,,56,63,,,,,,,,,38E9,
14538,1610456,12090,12319,12366,1610456,EH,I4537,FR,542,MIKQ1FR2026,,35HT,MRN2,,1600,WovFab,500,E2095,2026FR_057,,57,13,2,2026,22,2,54.592006,-0.155116,29,0,2720,,,,3.1416,,,MCR,KcDenmark,9296,3.33333333333333,,,,F,,56,63,,,,,,,,,38E9,
14538,1610456,12090,12319,12366,1610456,EH,I4537,FR,542,MIKQ1FR2026,,35HT,MRN2,,1600,WovFab,500,E2095,2026FR_057,,57,13,2,2026,22,2,54.592006,-0.155116,29,0,2720,,,,3.1416,,,MCR,KcDenmark,9296,3.33333333333333,,,,F,,56,63,,,,,,,,,38E9,
14538,1610456,12090,12319,12366,1610456,EH,I4537,FR,542,MIKQ1FR2026,,35HT,MRN2,,1600,WovFab,500,E2095,2026FR_057,,57,13,2,2026,22,2,54.592006,-0.155116,29,0,2720,,,,3.1416,,,MCR,KcDenmark,9296,3.33333333333333,,,,F,,56,63,,,,,,,,,38E9,
14538,1610458,12090,12319,12366,1610458,EH,I4537,FR,542,MIKQ1FR2026,,35HT,MRN2,,1600,WovFab,500,E2098,2026FR_059,,59,14,2,2026,2,17,54.224939,-0.140236,20,0,2101,,,,3.1416,,,MCR,KcDenmark,6855,3.33333333333333,,,,F,,45,52,,,,,,,,,37E9,
14538,1610458,12090,12319,12366,1610458,EH,I4537,FR,542,MIKQ1FR2026,,35HT,MRN2,,1600,WovFab,500,E2098,2026FR_059,,59,14,2,2026,2,17,54.224939,-0.140236,20,0,2101,,,,3.1416,,,MCR,KcDenmark,6855,3.33333333333333,,,,F,,45,52,,,,,,,,,37E9,
14538,1610459,12090,12319,12366,1610459,EH,I4537,FR,542,MIKQ1FR2026,,35HT,MRN2,,1600,WovFab,500,E2099,2026FR_060,,60,14,2,2026,6,10,53.915034,0.175585,16,0,1585,,,,3.1416,,,MCR,KcDenmark,5342,3.33333333333333,,,,F,,38,37,,,,,,,,,36F0,
14538,1610459,12090,12319,12366,1610459,EH,I4537,FR,542,MIKQ1FR2026,,35HT,MRN2,,1600,WovFab,500,E2099,2026FR_060,,60,14,2,2026,6,10,53.915034,0.175585,16,0,1585,,,,3.1416,,,MCR,KcDenmark,5342,3.33333333333333,,,,F,,38,37,,,,,,,,,36F0,
14538,1610459,12090,12319,12366,1610459,EH,I4537,FR,542,MIKQ1FR2026,,35HT,MRN2,,1600,WovFab,500,E2099,2026FR_060,,60,14,2,2026,6,10,53.915034,0.175585,16,0,1585,,,,3.1416,,,MCR,KcDenmark,5342,3.33333333333333,,,,F,,38,37,,,,,,,,,36F0,
14538,1610459,12090,12319,12366,1610459,EH,I4537,FR,542,MIKQ1FR2026,,35HT,MRN2,,1600,WovFab,500,E2099,2026FR_060,,60,14,2,2026,6,10,53.915034,0.175585,16,0,1585,,,,3.1416,,,MCR,KcDenmark,5342,3.33333333333333,,,,F,,38,37,,,,,,,,,36F0,
14538,1610459,12090,12319,12366,1610459,EH,I4537,FR,542,MIKQ1FR2026,,35HT,MRN2,,1600,WovFab,500,E2099,2026FR_060,,60,14,2,2026,6,10,53.915034,0.175585,16,0,1585,,,,3.1416,,,MCR,KcDenmark,5342,3.33333333333333,,,,F,,38,37,,,,,,,,,36F0,
14538,1610459,12090,12319,12366,1610459,EH,I4537,FR,542,MIKQ1FR2026,,35HT,MRN2,,1600,WovFab,500,E2099,2026FR_060,,60,14,2,2026,6,10,53.915034,0.175585,16,0,1585,,,,3.1416,,,MCR,KcDenmark,5342,3.33333333333333,,,,F,,38,37,,,,,,,,,36F0,
14538,1610459,12090,12319,12366,1610459,EH,I4537,FR,542,MIKQ1FR2026,,35HT,MRN2,,1600,WovFab,500,E2099,2026FR_060,,60,14,2,2026,6,10,53.915034,0.175585,16,0,1585,,,,3.1416,,,MCR,KcDenmark,5342,3.33333333333333,,,,F,,38,37,,,,,,,,,36F0,
14538,1610459,12090,12319,12366,1610459,EH,I4537,FR,542,MIKQ1FR2026,,35HT,MRN2,,1600,WovFab,500,E2099,2026FR_060,,60,14,2,2026,6,10,53.915034,0.175585,16,0,1585,,,,3.1416,,,MCR,KcDenmark,5342,3.33333333333333,,,,F,,38,37,,,,,,,,,36F0,
14538,1610459,12090,12319,12366,1610459,EH,I4537,FR,542,MIKQ1FR2026,,35HT,MRN2,,1600,WovFab,500,E2099,2026FR_060,,60,14,2,2026,6,10,53.915034,0.175585,16,0,1585,,,,3.1416,,,MCR,KcDenmark,5342,3.33333333333333,,,,F,,38,37,,,,,,,,,36F0,
14538,1610459,12090,12319,12366,1610459,EH,I4537,FR,542,MIKQ1FR2026,,35HT,MRN2,,1600,WovFab,500,E2099,2026FR_060,,60,14,2,2026,6,10,53.915034,0.175585,16,0,1585,,,,3.1416,,,MCR,KcDenmark,5342,3.33333333333333,,,,F,,38,37,,,,,,,,,36F0,
14538,1610460,12090,12319,12366,1610460,EH,I4537,FR,542,MIKQ1FR2026,,35HT,MRN2,,1600,WovFab,500,E2103,2026FR_061,,61,14,2,2026,19,7,53.718981,1.559491,15,0,1165,,,,3.1416,,,MCR,KcDenmark,4630,3.33333333333333,,,,F,,20,27,,,,,,,,,36F1,
14538,1610460,12090,12319,12366,1610460,EH,I4537,FR,542,MIKQ1FR2026,,35HT,MRN2,,1600,WovFab,500,E2103,2026FR_061,,61,14,2,2026,19,7,53.718981,1.559491,15,0,1165,,,,3.1416,,,MCR,KcDenmark,4630,3.33333333333333,,,,F,,20,27,,,,,,,,,36F1,
14538,1610460,12090,12319,12366,1610460,EH,I4537,FR,542,MIKQ1FR2026,,35HT,MRN2,,1600,WovFab,500,E2103,2026FR_061,,61,14,2,2026,19,7,53.718981,1.559491,15,0,1165,,,,3.1416,,,MCR,KcDenmark,4630,3.33333333333333,,,,F,,20,27,,,,,,,,,36F1,
14538,1610460,12090,12319,12366,1610460,EH,I4537,FR,542,MIKQ1FR2026,,35HT,MRN2,,1600,WovFab,500,E2103,2026FR_061,,61,14,2,2026,19,7,53.718981,1.559491,15,0,1165,,,,3.1416,,,MCR,KcDenmark,4630,3.33333333333333,,,,F,,20,27,,,,,,,,,36F1,
14538,1610460,12090,12319,12366,1610460,EH,I4537,FR,542,MIKQ1FR2026,,35HT,MRN2,,1600,WovFab,500,E2103,2026FR_061,,61,14,2,2026,19,7,53.718981,1.559491,15,0,1165,,,,3.1416,,,MCR,KcDenmark,4630,3.33333333333333,,,,F,,20,27,,,,,,,,,36F1,
14538,1610460,12090,12319,12366,1610460,EH,I4537,FR,542,MIKQ1FR2026,,35HT,MRN2,,1600,WovFab,500,E2103,2026FR_061,,61,14,2,2026,19,7,53.718981,1.559491,15,0,1165,,,,3.1416,,,MCR,KcDenmark,4630,3.33333333333333,,,,F,,20,27,,,,,,,,,36F1,
14538,1610461,12090,12319,12366,1610461,EH,I4537,FR,542,MIKQ1FR2026,,35HT,MRN2,,1600,WovFab,500,E2104,2026FR_062,,62,14,2,2026,20,37,53.808946,1.302961,11,0,1076,,,,3.1416,,,MCR,KcDenmark,3796,3.33333333333333,,,,F,,21,28,,,,,,,,,36F1,
14538,1610461,12090,12319,12366,1610461,EH,I4537,FR,542,MIKQ1FR2026,,35HT,MRN2,,1600,WovFab,500,E2104,2026FR_062,,62,14,2,2026,20,37,53.808946,1.302961,11,0,1076,,,,3.1416,,,MCR,KcDenmark,3796,3.33333333333333,,,,F,,21,28,,,,,,,,,36F1,
14538,1610463,12090,12319,12366,1610463,EH,I4537,FR,542,MIKQ1FR2026,,35HT,MRN2,,1600,WovFab,500,E2106,2026FR_064,,64,14,2,2026,23,46,53.662298,0.848656,13,0,1137,,,,3.1416,,,MCR,KcDenmark,4629,3.33333333333333,,,,F,,20,27,,,,,,,,,36F0,
14538,1610463,12090,12319,12366,1610463,EH,I4537,FR,542,MIKQ1FR2026,,35HT,MRN2,,1600,WovFab,500,E2106,2026FR_064,,64,14,2,2026,23,46,53.662298,0.848656,13,0,1137,,,,3.1416,,,MCR,KcDenmark,4629,3.33333333333333,,,,F,,20,27,,,,,,,,,36F0,
14538,1610463,12090,12319,12366,1610463,EH,I4537,FR,542,MIKQ1FR2026,,35HT,MRN2,,1600,WovFab,500,E2106,2026FR_064,,64,14,2,2026,23,46,53.662298,0.848656,13,0,1137,,,,3.1416,,,MCR,KcDenmark,4629,3.33333333333333,,,,F,,20,27,,,,,,,,,36F0,
14538,1610463,12090,12319,12366,1610463,EH,I4537,FR,542,MIKQ1FR2026,,35HT,MRN2,,1600,WovFab,500,E2106,2026FR_064,,64,14,2,2026,23,46,53.662298,0.848656,13,0,1137,,,,3.1416,,,MCR,KcDenmark,4629,3.33333333333333,,,,F,,20,27,,,,,,,,,36F0,
14538,1610463,12090,12319,12366,1610463,EH,I4537,FR,542,MIKQ1FR2026,,35HT,MRN2,,1600,WovFab,500,E2106,2026FR_064,,64,14,2,2026,23,46,53.662298,0.848656,13,0,1137,,,,3.1416,,,MCR,KcDenmark,4629,3.33333333333333,,,,F,,20,27,,,,,,,,,36F0,
14538,1610463,12090,12319,12366,1610463,EH,I4537,FR,542,MIKQ1FR2026,,35HT,MRN2,,1600,WovFab,500,E2106,2026FR_064,,64,14,2,2026,23,46,53.662298,0.848656,13,0,1137,,,,3.1416,,,MCR,KcDenmark,4629,3.33333333333333,,,,F,,20,27,,,,,,,,,36F0,
14538,1610463,12090,12319,12366,1610463,EH,I4537,FR,542,MIKQ1FR2026,,35HT,MRN2,,1600,WovFab,500,E2106,2026FR_064,,64,14,2,2026,23,46,53.662298,0.848656,13,0,1137,,,,3.1416,,,MCR,KcDenmark,4629,3.33333333333333,,,,F,,20,27,,,,,,,,,36F0,
14538,1610463,12090,12319,12366,1610463,EH,I4537,FR,542,MIKQ1FR2026,,35HT,MRN2,,1600,WovFab,500,E2106,2026FR_064,,64,14,2,2026,23,46,53.662298,0.848656,13,0,1137,,,,3.1416,,,MCR,KcDenmark,4629,3.33333333333333,,,,F,,20,27,,,,,,,,,36F0,
14538,1610463,12090,12319,12366,1610463,EH,I4537,FR,542,MIKQ1FR2026,,35HT,MRN2,,1600,WovFab,500,E2106,2026FR_064,,64,14,2,2026,23,46,53.662298,0.848656,13,0,1137,,,,3.1416,,,MCR,KcDenmark,4629,3.33333333333333,,,,F,,20,27,,,,,,,,,36F0,
14538,1610466,12090,12319,12366,1610466,EH,I4537,FR,542,MIKQ1FR2026,,35HT,MRN2,,1600,WovFab,500,E2109,2026FR_067,,67,15,2,2026,4,43,53.388922,0.86003,17,0,2115,,,,3.1416,,,MCR,KcDenmark,5736,3.33333333333333,,,,F,,18,25,,,,,,,,,35F0,
14538,1610466,12090,12319,12366,1610466,EH,I4537,FR,542,MIKQ1FR2026,,35HT,MRN2,,1600,WovFab,500,E2109,2026FR_067,,67,15,2,2026,4,43,53.388922,0.86003,17,0,2115,,,,3.1416,,,MCR,KcDenmark,5736,3.33333333333333,,,,F,,18,25,,,,,,,,,35F0,
14538,1610466,12090,12319,12366,1610466,EH,I4537,FR,542,MIKQ1FR2026,,35HT,MRN2,,1600,WovFab,500,E2109,2026FR_067,,67,15,2,2026,4,43,53.388922,0.86003,17,0,2115,,,,3.1416,,,MCR,KcDenmark,5736,3.33333333333333,,,,F,,18,25,,,,,,,,,35F0,
14538,1610466,12090,12319,12366,1610466,EH,I4537,FR,542,MIKQ1FR2026,,35HT,MRN2,,1600,WovFab,500,E2109,2026FR_067,,67,15,2,2026,4,43,53.388922,0.86003,17,0,2115,,,,3.1416,,,MCR,KcDenmark,5736,3.33333333333333,,,,F,,18,25,,,,,,,,,35F0,
14538,1610466,12090,12319,12366,1610466,EH,I4537,FR,542,MIKQ1FR2026,,35HT,MRN2,,1600,WovFab,500,E2109,2026FR_067,,67,15,2,2026,4,43,53.388922,0.86003,17,0,2115,,,,3.1416,,,MCR,KcDenmark,5736,3.33333333333333,,,,F,,18,25,,,,,,,,,35F0,
14538,1610466,12090,12319,12366,1610466,EH,I4537,FR,542,MIKQ1FR2026,,35HT,MRN2,,1600,WovFab,500,E2109,2026FR_067,,67,15,2,2026,4,43,53.388922,0.86003,17,0,2115,,,,3.1416,,,MCR,KcDenmark,5736,3.33333333333333,,,,F,,18,25,,,,,,,,,35F0,
14538,1610466,12090,12319,12366,1610466,EH,I4537,FR,542,MIKQ1FR2026,,35HT,MRN2,,1600,WovFab,500,E2109,2026FR_067,,67,15,2,2026,4,43,53.388922,0.86003,17,0,2115,,,,3.1416,,,MCR,KcDenmark,5736,3.33333333333333,,,,F,,18,25,,,,,,,,,35F0,
14538,1610466,12090,12319,12366,1610466,EH,I4537,FR,542,MIKQ1FR2026,,35HT,MRN2,,1600,WovFab,500,E2109,2026FR_067,,67,15,2,2026,4,43,53.388922,0.86003,17,0,2115,,,,3.1416,,,MCR,KcDenmark,5736,3.33333333333333,,,,F,,18,25,,,,,,,,,35F0,
14538,1610466,12090,12319,12366,1610466,EH,I4537,FR,542,MIKQ1FR2026,,35HT,MRN2,,1600,WovFab,500,E2109,2026FR_067,,67,15,2,2026,4,43,53.388922,0.86003,17,0,2115,,,,3.1416,,,MCR,KcDenmark,5736,3.33333333333333,,,,F,,18,25,,,,,,,,,35F0,
14538,1610467,12090,12319,12366,1610467,EH,I4537,FR,542,MIKQ1FR2026,,35HT,MRN2,,1600,WovFab,500,E2114,2026FR_068,,68,15,2,2026,19,25,53.585397,1.403515,12,0,1429,,,,3.1416,,,MCR,KcDenmark,3901,3.33333333333333,,,,F,,20,25,,,,,,,,,36F1,
14538,1610467,12090,12319,12366,1610467,EH,I4537,FR,542,MIKQ1FR2026,,35HT,MRN2,,1600,WovFab,500,E2114,2026FR_068,,68,15,2,2026,19,25,53.585397,1.403515,12,0,1429,,,,3.1416,,,MCR,KcDenmark,3901,3.33333333333333,,,,F,,20,25,,,,,,,,,36F1,
14538,1610467,12090,12319,12366,1610467,EH,I4537,FR,542,MIKQ1FR2026,,35HT,MRN2,,1600,WovFab,500,E2114,2026FR_068,,68,15,2,2026,19,25,53.585397,1.403515,12,0,1429,,,,3.1416,,,MCR,KcDenmark,3901,3.33333333333333,,,,F,,20,25,,,,,,,,,36F1,
14538,1610468,12090,12319,12366,1610468,EH,I4537,FR,542,MIKQ1FR2026,,35HT,MRN2,,1600,WovFab,500,E2115,2026FR_069,,69,15,2,2026,20,59,53.40373,1.524739,16,0,1520,,,,3.1416,,,MCR,KcDenmark,5225,3.33333333333333,,,,F,,18,24,,,,,,,,,35F1,
14538,1610468,12090,12319,12366,1610468,EH,I4537,FR,542,MIKQ1FR2026,,35HT,MRN2,,1600,WovFab,500,E2115,2026FR_069,,69,15,2,2026,20,59,53.40373,1.524739,16,0,1520,,,,3.1416,,,MCR,KcDenmark,5225,3.33333333333333,,,,F,,18,24,,,,,,,,,35F1,
14538,1610468,12090,12319,12366,1610468,EH,I4537,FR,542,MIKQ1FR2026,,35HT,MRN2,,1600,WovFab,500,E2115,2026FR_069,,69,15,2,2026,20,59,53.40373,1.524739,16,0,1520,,,,3.1416,,,MCR,KcDenmark,5225,3.33333333333333,,,,F,,18,24,,,,,,,,,35F1,
14538,1610468,12090,12319,12366,1610468,EH,I4537,FR,542,MIKQ1FR2026,,35HT,MRN2,,1600,WovFab,500,E2115,2026FR_069,,69,15,2,2026,20,59,53.40373,1.524739,16,0,1520,,,,3.1416,,,MCR,KcDenmark,5225,3.33333333333333,,,,F,,18,24,,,,,,,,,35F1,
14538,1610468,12090,12319,12366,1610468,EH,I4537,FR,542,MIKQ1FR2026,,35HT,MRN2,,1600,WovFab,500,E2115,2026FR_069,,69,15,2,2026,20,59,53.40373,1.524739,16,0,1520,,,,3.1416,,,MCR,KcDenmark,5225,3.33333333333333,,,,F,,18,24,,,,,,,,,35F1,
14538,1610468,12090,12319,12366,1610468,EH,I4537,FR,542,MIKQ1FR2026,,35HT,MRN2,,1600,WovFab,500,E2115,2026FR_069,,69,15,2,2026,20,59,53.40373,1.524739,16,0,1520,,,,3.1416,,,MCR,KcDenmark,5225,3.33333333333333,,,,F,,18,24,,,,,,,,,35F1,
14538,1610468,12090,12319,12366,1610468,EH,I4537,FR,542,MIKQ1FR2026,,35HT,MRN2,,1600,WovFab,500,E2115,2026FR_069,,69,15,2,2026,20,59,53.40373,1.524739,16,0,1520,,,,3.1416,,,MCR,KcDenmark,5225,3.33333333333333,,,,F,,18,24,,,,,,,,,35F1,
14538,1610468,12090,12319,12366,1610468,EH,I4537,FR,542,MIKQ1FR2026,,35HT,MRN2,,1600,WovFab,500,E2115,2026FR_069,,69,15,2,2026,20,59,53.40373,1.524739,16,0,1520,,,,3.1416,,,MCR,KcDenmark,5225,3.33333333333333,,,,F,,18,24,,,,,,,,,35F1,
14538,1610468,12090,12319,12366,1610468,EH,I4537,FR,542,MIKQ1FR2026,,35HT,MRN2,,1600,WovFab,500,E2115,2026FR_069,,69,15,2,2026,20,59,53.40373,1.524739,16,0,1520,,,,3.1416,,,MCR,KcDenmark,5225,3.33333333333333,,,,F,,18,24,,,,,,,,,35F1,
14538,1610468,12090,12319,12366,1610468,EH,I4537,FR,542,MIKQ1FR2026,,35HT,MRN2,,1600,WovFab,500,E2115,2026FR_069,,69,15,2,2026,20,59,53.40373,1.524739,16,0,1520,,,,3.1416,,,MCR,KcDenmark,5225,3.33333333333333,,,,F,,18,24,,,,,,,,,35F1,
14538,1610469,12090,12319,12366,1610469,EH,I4537,FR,542,MIKQ1FR2026,,35HT,MRN2,,1600,WovFab,500,E2116,2026FR_070,,70,15,2,2026,22,56,53.266386,1.731676,15,0,1515,,,,3.1416,,,MCR,KcDenmark,5143,3.33333333333333,,,,F,,26,36,,,,,,,,,35F1,
14538,1610469,12090,12319,12366,1610469,EH,I4537,FR,542,MIKQ1FR2026,,35HT,MRN2,,1600,WovFab,500,E2116,2026FR_070,,70,15,2,2026,22,56,53.266386,1.731676,15,0,1515,,,,3.1416,,,MCR,KcDenmark,5143,3.33333333333333,,,,F,,26,36,,,,,,,,,35F1,
14538,1610469,12090,12319,12366,1610469,EH,I4537,FR,542,MIKQ1FR2026,,35HT,MRN2,,1600,WovFab,500,E2116,2026FR_070,,70,15,2,2026,22,56,53.266386,1.731676,15,0,1515,,,,3.1416,,,MCR,KcDenmark,5143,3.33333333333333,,,,F,,26,36,,,,,,,,,35F1,
14538,1610469,12090,12319,12366,1610469,EH,I4537,FR,542,MIKQ1FR2026,,35HT,MRN2,,1600,WovFab,500,E2116,2026FR_070,,70,15,2,2026,22,56,53.266386,1.731676,15,0,1515,,,,3.1416,,,MCR,KcDenmark,5143,3.33333333333333,,,,F,,26,36,,,,,,,,,35F1,
14538,1610469,12090,12319,12366,1610469,EH,I4537,FR,542,MIKQ1FR2026,,35HT,MRN2,,1600,WovFab,500,E2116,2026FR_070,,70,15,2,2026,22,56,53.266386,1.731676,15,0,1515,,,,3.1416,,,MCR,KcDenmark,5143,3.33333333333333,,,,F,,26,36,,,,,,,,,35F1,
14538,1610469,12090,12319,12366,1610469,EH,I4537,FR,542,MIKQ1FR2026,,35HT,MRN2,,1600,WovFab,500,E2116,2026FR_070,,70,15,2,2026,22,56,53.266386,1.731676,15,0,1515,,,,3.1416,,,MCR,KcDenmark,5143,3.33333333333333,,,,F,,26,36,,,,,,,,,35F1,
14538,1610469,12090,12319,12366,1610469,EH,I4537,FR,542,MIKQ1FR2026,,35HT,MRN2,,1600,WovFab,500,E2116,2026FR_070,,70,15,2,2026,22,56,53.266386,1.731676,15,0,1515,,,,3.1416,,,MCR,KcDenmark,5143,3.33333333333333,,,,F,,26,36,,,,,,,,,35F1,
14538,1610469,12090,12319,12366,1610469,EH,I4537,FR,542,MIKQ1FR2026,,35HT,MRN2,,1600,WovFab,500,E2116,2026FR_070,,70,15,2,2026,22,56,53.266386,1.731676,15,0,1515,,,,3.1416,,,MCR,KcDenmark,5143,3.33333333333333,,,,F,,26,36,,,,,,,,,35F1,
14538,1610471,12090,12319,12366,1610471,EH,I4537,FR,542,MIKQ1FR2026,,35HT,MRN2,,1600,WovFab,500,E2118,2026FR_072,,72,16,2,2026,3,3,53.380917,2.166662,13,0,1324,,,,3.1416,,,MCR,KcDenmark,4528,3.33333333333333,,,,F,,21,31,,,,,,,,,35F2,
14538,1610471,12090,12319,12366,1610471,EH,I4537,FR,542,MIKQ1FR2026,,35HT,MRN2,,1600,WovFab,500,E2118,2026FR_072,,72,16,2,2026,3,3,53.380917,2.166662,13,0,1324,,,,3.1416,,,MCR,KcDenmark,4528,3.33333333333333,,,,F,,21,31,,,,,,,,,35F2,
14538,1610471,12090,12319,12366,1610471,EH,I4537,FR,542,MIKQ1FR2026,,35HT,MRN2,,1600,WovFab,500,E2118,2026FR_072,,72,16,2,2026,3,3,53.380917,2.166662,13,0,1324,,,,3.1416,,,MCR,KcDenmark,4528,3.33333333333333,,,,F,,21,31,,,,,,,,,35F2,
14538,1610471,12090,12319,12366,1610471,EH,I4537,FR,542,MIKQ1FR2026,,35HT,MRN2,,1600,WovFab,500,E2118,2026FR_072,,72,16,2,2026,3,3,53.380917,2.166662,13,0,1324,,,,3.1416,,,MCR,KcDenmark,4528,3.33333333333333,,,,F,,21,31,,,,,,,,,35F2,
14538,1610471,12090,12319,12366,1610471,EH,I4537,FR,542,MIKQ1FR2026,,35HT,MRN2,,1600,WovFab,500,E2118,2026FR_072,,72,16,2,2026,3,3,53.380917,2.166662,13,0,1324,,,,3.1416,,,MCR,KcDenmark,4528,3.33333333333333,,,,F,,21,31,,,,,,,,,35F2,
14538,1610471,12090,12319,12366,1610471,EH,I4537,FR,542,MIKQ1FR2026,,35HT,MRN2,,1600,WovFab,500,E2118,2026FR_072,,72,16,2,2026,3,3,53.380917,2.166662,13,0,1324,,,,3.1416,,,MCR,KcDenmark,4528,3.33333333333333,,,,F,,21,31,,,,,,,,,35F2,
14538,1610471,12090,12319,12366,1610471,EH,I4537,FR,542,MIKQ1FR2026,,35HT,MRN2,,1600,WovFab,500,E2118,2026FR_072,,72,16,2,2026,3,3,53.380917,2.166662,13,0,1324,,,,3.1416,,,MCR,KcDenmark,4528,3.33333333333333,,,,F,,21,31,,,,,,,,,35F2,
14538,1610471,12090,12319,12366,1610471,EH,I4537,FR,542,MIKQ1FR2026,,35HT,MRN2,,1600,WovFab,500,E2118,2026FR_072,,72,16,2,2026,3,3,53.380917,2.166662,13,0,1324,,,,3.1416,,,MCR,KcDenmark,4528,3.33333333333333,,,,F,,21,31,,,,,,,,,35F2,
14538,1610471,12090,12319,12366,1610471,EH,I4537,FR,542,MIKQ1FR2026,,35HT,MRN2,,1600,WovFab,500,E2118,2026FR_072,,72,16,2,2026,3,3,53.380917,2.166662,13,0,1324,,,,3.1416,,,MCR,KcDenmark,4528,3.33333333333333,,,,F,,21,31,,,,,,,,,35F2,
14538,1610471,12090,12319,12366,1610471,EH,I4537,FR,542,MIKQ1FR2026,,35HT,MRN2,,1600,WovFab,500,E2118,2026FR_072,,72,16,2,2026,3,3,53.380917,2.166662,13,0,1324,,,,3.1416,,,MCR,KcDenmark,4528,3.33333333333333,,,,F,,21,31,,,,,,,,,35F2,
14538,1610471,12090,12319,12366,1610471,EH,I4537,FR,542,MIKQ1FR2026,,35HT,MRN2,,1600,WovFab,500,E2118,2026FR_072,,72,16,2,2026,3,3,53.380917,2.166662,13,0,1324,,,,3.1416,,,MCR,KcDenmark,4528,3.33333333333333,,,,F,,21,31,,,,,,,,,35F2,
14538,1610471,12090,12319,12366,1610471,EH,I4537,FR,542,MIKQ1FR2026,,35HT,MRN2,,1600,WovFab,500,E2118,2026FR_072,,72,16,2,2026,3,3,53.380917,2.166662,13,0,1324,,,,3.1416,,,MCR,KcDenmark,4528,3.33333333333333,,,,F,,21,31,,,,,,,,,35F2,
14538,1610471,12090,12319,12366,1610471,EH,I4537,FR,542,MIKQ1FR2026,,35HT,MRN2,,1600,WovFab,500,E2118,2026FR_072,,72,16,2,2026,3,3,53.380917,2.166662,13,0,1324,,,,3.1416,,,MCR,KcDenmark,4528,3.33333333333333,,,,F,,21,31,,,,,,,,,35F2,
14538,1610475,12090,12319,12366,1610475,EH,I4537,FR,542,MIKQ1FR2026,,35HT,MRN2,,1600,WovFab,500,E2126,2026FR_076,,76,16,2,2026,23,32,52.864627,1.702258,17,0,1708,,,,3.1416,,,MCR,KcDenmark,5492,3.33333333333333,,,,F,,28,40,,,,,,,,,34F1,
14538,1610475,12090,12319,12366,1610475,EH,I4537,FR,542,MIKQ1FR2026,,35HT,MRN2,,1600,WovFab,500,E2126,2026FR_076,,76,16,2,2026,23,32,52.864627,1.702258,17,0,1708,,,,3.1416,,,MCR,KcDenmark,5492,3.33333333333333,,,,F,,28,40,,,,,,,,,34F1,
14538,1610475,12090,12319,12366,1610475,EH,I4537,FR,542,MIKQ1FR2026,,35HT,MRN2,,1600,WovFab,500,E2126,2026FR_076,,76,16,2,2026,23,32,52.864627,1.702258,17,0,1708,,,,3.1416,,,MCR,KcDenmark,5492,3.33333333333333,,,,F,,28,40,,,,,,,,,34F1,
14538,1610479,12090,12319,12366,1610479,EH,I4537,FR,542,MIKQ1FR2026,,35HT,MRN2,,1600,WovFab,500,E2133,2026FR_080,,80,17,2,2026,18,8,52.303432,2.857267,14,0,1279,,,,3.1416,,,MCR,KcDenmark,4761,3.33333333333333,,,,F,,28,43,,,,,,,,,33F2,
14538,1610479,12090,12319,12366,1610479,EH,I4537,FR,542,MIKQ1FR2026,,35HT,MRN2,,1600,WovFab,500,E2133,2026FR_080,,80,17,2,2026,18,8,52.303432,2.857267,14,0,1279,,,,3.1416,,,MCR,KcDenmark,4761,3.33333333333333,,,,F,,28,43,,,,,,,,,33F2,
14538,1610479,12090,12319,12366,1610479,EH,I4537,FR,542,MIKQ1FR2026,,35HT,MRN2,,1600,WovFab,500,E2133,2026FR_080,,80,17,2,2026,18,8,52.303432,2.857267,14,0,1279,,,,3.1416,,,MCR,KcDenmark,4761,3.33333333333333,,,,F,,28,43,,,,,,,,,33F2,
14538,1610479,12090,12319,12366,1610479,EH,I4537,FR,542,MIKQ1FR2026,,35HT,MRN2,,1600,WovFab,500,E2133,2026FR_080,,80,17,2,2026,18,8,52.303432,2.857267,14,0,1279,,,,3.1416,,,MCR,KcDenmark,4761,3.33333333333333,,,,F,,28,43,,,,,,,,,33F2,
14538,1610479,12090,12319,12366,1610479,EH,I4537,FR,542,MIKQ1FR2026,,35HT,MRN2,,1600,WovFab,500,E2133,2026FR_080,,80,17,2,2026,18,8,52.303432,2.857267,14,0,1279,,,,3.1416,,,MCR,KcDenmark,4761,3.33333333333333,,,,F,,28,43,,,,,,,,,33F2,
14538,1610479,12090,12319,12366,1610479,EH,I4537,FR,542,MIKQ1FR2026,,35HT,MRN2,,1600,WovFab,500,E2133,2026FR_080,,80,17,2,2026,18,8,52.303432,2.857267,14,0,1279,,,,3.1416,,,MCR,KcDenmark,4761,3.33333333333333,,,,F,,28,43,,,,,,,,,33F2,
14538,1610479,12090,12319,12366,1610479,EH,I4537,FR,542,MIKQ1FR2026,,35HT,MRN2,,1600,WovFab,500,E2133,2026FR_080,,80,17,2,2026,18,8,52.303432,2.857267,14,0,1279,,,,3.1416,,,MCR,KcDenmark,4761,3.33333333333333,,,,F,,28,43,,,,,,,,,33F2,
14538,1610479,12090,12319,12366,1610479,EH,I4537,FR,542,MIKQ1FR2026,,35HT,MRN2,,1600,WovFab,500,E2133,2026FR_080,,80,17,2,2026,18,8,52.303432,2.857267,14,0,1279,,,,3.1416,,,MCR,KcDenmark,4761,3.33333333333333,,,,F,,28,43,,,,,,,,,33F2,
14538,1610479,12090,12319,12366,1610479,EH,I4537,FR,542,MIKQ1FR2026,,35HT,MRN2,,1600,WovFab,500,E2133,2026FR_080,,80,17,2,2026,18,8,52.303432,2.857267,14,0,1279,,,,3.1416,,,MCR,KcDenmark,4761,3.33333333333333,,,,F,,28,43,,,,,,,,,33F2,
14538,1610480,12090,12319,12366,1610480,EH,I4537,FR,542,MIKQ1FR2026,,35HT,MRN2,,1600,WovFab,500,E2134,2026FR_081,,81,17,2,2026,20,44,52.136542,2.772228,18,0,1075,,,,3.1416,,,MCR,KcDenmark,6450,3.33333333333333,,,,F,,36,46,,,,,,,,,33F2,
14538,1610480,12090,12319,12366,1610480,EH,I4537,FR,542,MIKQ1FR2026,,35HT,MRN2,,1600,WovFab,500,E2134,2026FR_081,,81,17,2,2026,20,44,52.136542,2.772228,18,0,1075,,,,3.1416,,,MCR,KcDenmark,6450,3.33333333333333,,,,F,,36,46,,,,,,,,,33F2,
14538,1610480,12090,12319,12366,1610480,EH,I4537,FR,542,MIKQ1FR2026,,35HT,MRN2,,1600,WovFab,500,E2134,2026FR_081,,81,17,2,2026,20,44,52.136542,2.772228,18,0,1075,,,,3.1416,,,MCR,KcDenmark,6450,3.33333333333333,,,,F,,36,46,,,,,,,,,33F2,
14538,1610480,12090,12319,12366,1610480,EH,I4537,FR,542,MIKQ1FR2026,,35HT,MRN2,,1600,WovFab,500,E2134,2026FR_081,,81,17,2,2026,20,44,52.136542,2.772228,18,0,1075,,,,3.1416,,,MCR,KcDenmark,6450,3.33333333333333,,,,F,,36,46,,,,,,,,,33F2,
14538,1610480,12090,12319,12366,1610480,EH,I4537,FR,542,MIKQ1FR2026,,35HT,MRN2,,1600,WovFab,500,E2134,2026FR_081,,81,17,2,2026,20,44,52.136542,2.772228,18,0,1075,,,,3.1416,,,MCR,KcDenmark,6450,3.33333333333333,,,,F,,36,46,,,,,,,,,33F2,
14538,1610480,12090,12319,12366,1610480,EH,I4537,FR,542,MIKQ1FR2026,,35HT,MRN2,,1600,WovFab,500,E2134,2026FR_081,,81,17,2,2026,20,44,52.136542,2.772228,18,0,1075,,,,3.1416,,,MCR,KcDenmark,6450,3.33333333333333,,,,F,,36,46,,,,,,,,,33F2,
14538,1610480,12090,12319,12366,1610480,EH,I4537,FR,542,MIKQ1FR2026,,35HT,MRN2,,1600,WovFab,500,E2134,2026FR_081,,81,17,2,2026,20,44,52.136542,2.772228,18,0,1075,,,,3.1416,,,MCR,KcDenmark,6450,3.33333333333333,,,,F,,36,46,,,,,,,,,33F2,
14538,1610480,12090,12319,12366,1610480,EH,I4537,FR,542,MIKQ1FR2026,,35HT,MRN2,,1600,WovFab,500,E2134,2026FR_081,,81,17,2,2026,20,44,52.136542,2.772228,18,0,1075,,,,3.1416,,,MCR,KcDenmark,6450,3.33333333333333,,,,F,,36,46,,,,,,,,,33F2,
14538,1610480,12090,12319,12366,1610480,EH,I4537,FR,542,MIKQ1FR2026,,35HT,MRN2,,1600,WovFab,500,E2134,2026FR_081,,81,17,2,2026,20,44,52.136542,2.772228,18,0,1075,,,,3.1416,,,MCR,KcDenmark,6450,3.33333333333333,,,,F,,36,46,,,,,,,,,33F2,
14538,1610480,12090,12319,12366,1610480,EH,I4537,FR,542,MIKQ1FR2026,,35HT,MRN2,,1600,WovFab,500,E2134,2026FR_081,,81,17,2,2026,20,44,52.136542,2.772228,18,0,1075,,,,3.1416,,,MCR,KcDenmark,6450,3.33333333333333,,,,F,,36,46,,,,,,,,,33F2,
14538,1610481,12090,12319,12366,1610481,EH,I4537,FR,542,MIKQ1FR2026,,35HT,MRN2,,1600,WovFab,500,E2135,2026FR_082,,82,17,2,2026,23,44,51.855613,3.242196,12,0,679,,,,3.1416,,,MCR,KcDenmark,3732,3.33333333333333,,,,F,,21,31,,,,,,,,,32F3,
14538,1610481,12090,12319,12366,1610481,EH,I4537,FR,542,MIKQ1FR2026,,35HT,MRN2,,1600,WovFab,500,E2135,2026FR_082,,82,17,2,2026,23,44,51.855613,3.242196,12,0,679,,,,3.1416,,,MCR,KcDenmark,3732,3.33333333333333,,,,F,,21,31,,,,,,,,,32F3,
14538,1610481,12090,12319,12366,1610481,EH,I4537,FR,542,MIKQ1FR2026,,35HT,MRN2,,1600,WovFab,500,E2135,2026FR_082,,82,17,2,2026,23,44,51.855613,3.242196,12,0,679,,,,3.1416,,,MCR,KcDenmark,3732,3.33333333333333,,,,F,,21,31,,,,,,,,,32F3,
14538,1610481,12090,12319,12366,1610481,EH,I4537,FR,542,MIKQ1FR2026,,35HT,MRN2,,1600,WovFab,500,E2135,2026FR_082,,82,17,2,2026,23,44,51.855613,3.242196,12,0,679,,,,3.1416,,,MCR,KcDenmark,3732,3.33333333333333,,,,F,,21,31,,,,,,,,,32F3,
14538,1610481,12090,12319,12366,1610481,EH,I4537,FR,542,MIKQ1FR2026,,35HT,MRN2,,1600,WovFab,500,E2135,2026FR_082,,82,17,2,2026,23,44,51.855613,3.242196,12,0,679,,,,3.1416,,,MCR,KcDenmark,3732,3.33333333333333,,,,F,,21,31,,,,,,,,,32F3,
14538,1610481,12090,12319,12366,1610481,EH,I4537,FR,542,MIKQ1FR2026,,35HT,MRN2,,1600,WovFab,500,E2135,2026FR_082,,82,17,2,2026,23,44,51.855613,3.242196,12,0,679,,,,3.1416,,,MCR,KcDenmark,3732,3.33333333333333,,,,F,,21,31,,,,,,,,,32F3,
14538,1610481,12090,12319,12366,1610481,EH,I4537,FR,542,MIKQ1FR2026,,35HT,MRN2,,1600,WovFab,500,E2135,2026FR_082,,82,17,2,2026,23,44,51.855613,3.242196,12,0,679,,,,3.1416,,,MCR,KcDenmark,3732,3.33333333333333,,,,F,,21,31,,,,,,,,,32F3,
14538,1610481,12090,12319,12366,1610481,EH,I4537,FR,542,MIKQ1FR2026,,35HT,MRN2,,1600,WovFab,500,E2135,2026FR_082,,82,17,2,2026,23,44,51.855613,3.242196,12,0,679,,,,3.1416,,,MCR,KcDenmark,3732,3.33333333333333,,,,F,,21,31,,,,,,,,,32F3,
14538,1610481,12090,12319,12366,1610481,EH,I4537,FR,542,MIKQ1FR2026,,35HT,MRN2,,1600,WovFab,500,E2135,2026FR_082,,82,17,2,2026,23,44,51.855613,3.242196,12,0,679,,,,3.1416,,,MCR,KcDenmark,3732,3.33333333333333,,,,F,,21,31,,,,,,,,,32F3,
14538,1610481,12090,12319,12366,1610481,EH,I4537,FR,542,MIKQ1FR2026,,35HT,MRN2,,1600,WovFab,500,E2135,2026FR_082,,82,17,2,2026,23,44,51.855613,3.242196,12,0,679,,,,3.1416,,,MCR,KcDenmark,3732,3.33333333333333,,,,F,,21,31,,,,,,,,,32F3,
14538,1610481,12090,12319,12366,1610481,EH,I4537,FR,542,MIKQ1FR2026,,35HT,MRN2,,1600,WovFab,500,E2135,2026FR_082,,82,17,2,2026,23,44,51.855613,3.242196,12,0,679,,,,3.1416,,,MCR,KcDenmark,3732,3.33333333333333,,,,F,,21,31,,,,,,,,,32F3,
14538,1610481,12090,12319,12366,1610481,EH,I4537,FR,542,MIKQ1FR2026,,35HT,MRN2,,1600,WovFab,500,E2135,2026FR_082,,82,17,2,2026,23,44,51.855613,3.242196,12,0,679,,,,3.1416,,,MCR,KcDenmark,3732,3.33333333333333,,,,F,,21,31,,,,,,,,,32F3,
14538,1610481,12090,12319,12366,1610481,EH,I4537,FR,542,MIKQ1FR2026,,35HT,MRN2,,1600,WovFab,500,E2135,2026FR_082,,82,17,2,2026,23,44,51.855613,3.242196,12,0,679,,,,3.1416,,,MCR,KcDenmark,3732,3.33333333333333,,,,F,,21,31,,,,,,,,,32F3,
14538,1610481,12090,12319,12366,1610481,EH,I4537,FR,542,MIKQ1FR2026,,35HT,MRN2,,1600,WovFab,500,E2135,2026FR_082,,82,17,2,2026,23,44,51.855613,3.242196,12,0,679,,,,3.1416,,,MCR,KcDenmark,3732,3.33333333333333,,,,F,,21,31,,,,,,,,,32F3,
14538,1610481,12090,12319,12366,1610481,EH,I4537,FR,542,MIKQ1FR2026,,35HT,MRN2,,1600,WovFab,500,E2135,2026FR_082,,82,17,2,2026,23,44,51.855613,3.242196,12,0,679,,,,3.1416,,,MCR,KcDenmark,3732,3.33333333333333,,,,F,,21,31,,,,,,,,,32F3,
14538,1610481,12090,12319,12366,1610481,EH,I4537,FR,542,MIKQ1FR2026,,35HT,MRN2,,1600,WovFab,500,E2135,2026FR_082,,82,17,2,2026,23,44,51.855613,3.242196,12,0,679,,,,3.1416,,,MCR,KcDenmark,3732,3.33333333333333,,,,F,,21,31,,,,,,,,,32F3,
14538,1610482,12090,12319,12366,1610482,EH,I4537,FR,542,MIKQ1FR2026,,35HT,MRN2,,1600,WovFab,500,E2137,2026FR_083,,83,18,2,2026,1,54,51.873418,2.846419,19,0,2359,,,,3.1416,,,MCR,KcDenmark,5800,3.33333333333333,,,,F,,31,41,,,,,,,,,32F2,
14538,1610482,12090,12319,12366,1610482,EH,I4537,FR,542,MIKQ1FR2026,,35HT,MRN2,,1600,WovFab,500,E2137,2026FR_083,,83,18,2,2026,1,54,51.873418,2.846419,19,0,2359,,,,3.1416,,,MCR,KcDenmark,5800,3.33333333333333,,,,F,,31,41,,,,,,,,,32F2,
14538,1610482,12090,12319,12366,1610482,EH,I4537,FR,542,MIKQ1FR2026,,35HT,MRN2,,1600,WovFab,500,E2137,2026FR_083,,83,18,2,2026,1,54,51.873418,2.846419,19,0,2359,,,,3.1416,,,MCR,KcDenmark,5800,3.33333333333333,,,,F,,31,41,,,,,,,,,32F2,
14538,1610482,12090,12319,12366,1610482,EH,I4537,FR,542,MIKQ1FR2026,,35HT,MRN2,,1600,WovFab,500,E2137,2026FR_083,,83,18,2,2026,1,54,51.873418,2.846419,19,0,2359,,,,3.1416,,,MCR,KcDenmark,5800,3.33333333333333,,,,F,,31,41,,,,,,,,,32F2,
14538,1610482,12090,12319,12366,1610482,EH,I4537,FR,542,MIKQ1FR2026,,35HT,MRN2,,1600,WovFab,500,E2137,2026FR_083,,83,18,2,2026,1,54,51.873418,2.846419,19,0,2359,,,,3.1416,,,MCR,KcDenmark,5800,3.33333333333333,,,,F,,31,41,,,,,,,,,32F2,
14538,1610482,12090,12319,12366,1610482,EH,I4537,FR,542,MIKQ1FR2026,,35HT,MRN2,,1600,WovFab,500,E2137,2026FR_083,,83,18,2,2026,1,54,51.873418,2.846419,19,0,2359,,,,3.1416,,,MCR,KcDenmark,5800,3.33333333333333,,,,F,,31,41,,,,,,,,,32F2,
14538,1610482,12090,12319,12366,1610482,EH,I4537,FR,542,MIKQ1FR2026,,35HT,MRN2,,1600,WovFab,500,E2137,2026FR_083,,83,18,2,2026,1,54,51.873418,2.846419,19,0,2359,,,,3.1416,,,MCR,KcDenmark,5800,3.33333333333333,,,,F,,31,41,,,,,,,,,32F2,
14538,1610482,12090,12319,12366,1610482,EH,I4537,FR,542,MIKQ1FR2026,,35HT,MRN2,,1600,WovFab,500,E2137,2026FR_083,,83,18,2,2026,1,54,51.873418,2.846419,19,0,2359,,,,3.1416,,,MCR,KcDenmark,5800,3.33333333333333,,,,F,,31,41,,,,,,,,,32F2,
14538,1610482,12090,12319,12366,1610482,EH,I4537,FR,542,MIKQ1FR2026,,35HT,MRN2,,1600,WovFab,500,E2137,2026FR_083,,83,18,2,2026,1,54,51.873418,2.846419,19,0,2359,,,,3.1416,,,MCR,KcDenmark,5800,3.33333333333333,,,,F,,31,41,,,,,,,,,32F2,
14538,1610482,12090,12319,12366,1610482,EH,I4537,FR,542,MIKQ1FR2026,,35HT,MRN2,,1600,WovFab,500,E2137,2026FR_083,,83,18,2,2026,1,54,51.873418,2.846419,19,0,2359,,,,3.1416,,,MCR,KcDenmark,5800,3.33333333333333,,,,F,,31,41,,,,,,,,,32F2,
14538,1610482,12090,12319,12366,1610482,EH,I4537,FR,542,MIKQ1FR2026,,35HT,MRN2,,1600,WovFab,500,E2137,2026FR_083,,83,18,2,2026,1,54,51.873418,2.846419,19,0,2359,,,,3.1416,,,MCR,KcDenmark,5800,3.33333333333333,,,,F,,31,41,,,,,,,,,32F2,
14538,1610482,12090,12319,12366,1610482,EH,I4537,FR,542,MIKQ1FR2026,,35HT,MRN2,,1600,WovFab,500,E2137,2026FR_083,,83,18,2,2026,1,54,51.873418,2.846419,19,0,2359,,,,3.1416,,,MCR,KcDenmark,5800,3.33333333333333,,,,F,,31,41,,,,,,,,,32F2,
14538,1610482,12090,12319,12366,1610482,EH,I4537,FR,542,MIKQ1FR2026,,35HT,MRN2,,1600,WovFab,500,E2137,2026FR_083,,83,18,2,2026,1,54,51.873418,2.846419,19,0,2359,,,,3.1416,,,MCR,KcDenmark,5800,3.33333333333333,,,,F,,31,41,,,,,,,,,32F2,
14538,1610483,12090,12319,12366,1610483,EH,I4537,FR,542,MIKQ1FR2026,,35HT,MRN2,,1600,WovFab,500,E2138,2026FR_084,,84,18,2,2026,4,19,51.916694,2.522097,15,0,1886,,,,3.1416,,,MCR,KcDenmark,4653,3.33333333333333,,,,F,,34,44,,,,,,,,,32F2,
14538,1610483,12090,12319,12366,1610483,EH,I4537,FR,542,MIKQ1FR2026,,35HT,MRN2,,1600,WovFab,500,E2138,2026FR_084,,84,18,2,2026,4,19,51.916694,2.522097,15,0,1886,,,,3.1416,,,MCR,KcDenmark,4653,3.33333333333333,,,,F,,34,44,,,,,,,,,32F2,
14538,1610483,12090,12319,12366,1610483,EH,I4537,FR,542,MIKQ1FR2026,,35HT,MRN2,,1600,WovFab,500,E2138,2026FR_084,,84,18,2,2026,4,19,51.916694,2.522097,15,0,1886,,,,3.1416,,,MCR,KcDenmark,4653,3.33333333333333,,,,F,,34,44,,,,,,,,,32F2,
14538,1610483,12090,12319,12366,1610483,EH,I4537,FR,542,MIKQ1FR2026,,35HT,MRN2,,1600,WovFab,500,E2138,2026FR_084,,84,18,2,2026,4,19,51.916694,2.522097,15,0,1886,,,,3.1416,,,MCR,KcDenmark,4653,3.33333333333333,,,,F,,34,44,,,,,,,,,32F2,
14538,1610483,12090,12319,12366,1610483,EH,I4537,FR,542,MIKQ1FR2026,,35HT,MRN2,,1600,WovFab,500,E2138,2026FR_084,,84,18,2,2026,4,19,51.916694,2.522097,15,0,1886,,,,3.1416,,,MCR,KcDenmark,4653,3.33333333333333,,,,F,,34,44,,,,,,,,,32F2,
14538,1610483,12090,12319,12366,1610483,EH,I4537,FR,542,MIKQ1FR2026,,35HT,MRN2,,1600,WovFab,500,E2138,2026FR_084,,84,18,2,2026,4,19,51.916694,2.522097,15,0,1886,,,,3.1416,,,MCR,KcDenmark,4653,3.33333333333333,,,,F,,34,44,,,,,,,,,32F2,
14538,1610483,12090,12319,12366,1610483,EH,I4537,FR,542,MIKQ1FR2026,,35HT,MRN2,,1600,WovFab,500,E2138,2026FR_084,,84,18,2,2026,4,19,51.916694,2.522097,15,0,1886,,,,3.1416,,,MCR,KcDenmark,4653,3.33333333333333,,,,F,,34,44,,,,,,,,,32F2,
14538,1610484,12090,12319,12366,1610484,EH,I4537,FR,542,MIKQ1FR2026,,35HT,MRN2,,1600,WovFab,500,E2139,2026FR_085,,85,18,2,2026,6,24,51.871711,2.188932,17,0,1549,,,,3.1416,,,MCR,KcDenmark,5288,3.33333333333333,,,,F,,38,48,,,,,,,,,32F2,
14538,1610484,12090,12319,12366,1610484,EH,I4537,FR,542,MIKQ1FR2026,,35HT,MRN2,,1600,WovFab,500,E2139,2026FR_085,,85,18,2,2026,6,24,51.871711,2.188932,17,0,1549,,,,3.1416,,,MCR,KcDenmark,5288,3.33333333333333,,,,F,,38,48,,,,,,,,,32F2,
14538,1610484,12090,12319,12366,1610484,EH,I4537,FR,542,MIKQ1FR2026,,35HT,MRN2,,1600,WovFab,500,E2139,2026FR_085,,85,18,2,2026,6,24,51.871711,2.188932,17,0,1549,,,,3.1416,,,MCR,KcDenmark,5288,3.33333333333333,,,,F,,38,48,,,,,,,,,32F2,
14538,1610484,12090,12319,12366,1610484,EH,I4537,FR,542,MIKQ1FR2026,,35HT,MRN2,,1600,WovFab,500,E2139,2026FR_085,,85,18,2,2026,6,24,51.871711,2.188932,17,0,1549,,,,3.1416,,,MCR,KcDenmark,5288,3.33333333333333,,,,F,,38,48,,,,,,,,,32F2,
14538,1610484,12090,12319,12366,1610484,EH,I4537,FR,542,MIKQ1FR2026,,35HT,MRN2,,1600,WovFab,500,E2139,2026FR_085,,85,18,2,2026,6,24,51.871711,2.188932,17,0,1549,,,,3.1416,,,MCR,KcDenmark,5288,3.33333333333333,,,,F,,38,48,,,,,,,,,32F2,
14538,1610484,12090,12319,12366,1610484,EH,I4537,FR,542,MIKQ1FR2026,,35HT,MRN2,,1600,WovFab,500,E2139,2026FR_085,,85,18,2,2026,6,24,51.871711,2.188932,17,0,1549,,,,3.1416,,,MCR,KcDenmark,5288,3.33333333333333,,,,F,,38,48,,,,,,,,,32F2,
14538,1610484,12090,12319,12366,1610484,EH,I4537,FR,542,MIKQ1FR2026,,35HT,MRN2,,1600,WovFab,500,E2139,2026FR_085,,85,18,2,2026,6,24,51.871711,2.188932,17,0,1549,,,,3.1416,,,MCR,KcDenmark,5288,3.33333333333333,,,,F,,38,48,,,,,,,,,32F2,
14538,1610484,12090,12319,12366,1610484,EH,I4537,FR,542,MIKQ1FR2026,,35HT,MRN2,,1600,WovFab,500,E2139,2026FR_085,,85,18,2,2026,6,24,51.871711,2.188932,17,0,1549,,,,3.1416,,,MCR,KcDenmark,5288,3.33333333333333,,,,F,,38,48,,,,,,,,,32F2,
14538,1610486,12090,12319,12366,1610486,EH,I4537,FR,542,MIKQ1FR2026,,35HT,MRN2,,1600,WovFab,500,E2146,2026FR_087,,87,19,2,2026,21,10,51.351816,1.743542,18,0,1507,,,,3.1416,,,MCR,KcDenmark,5987,3.33333333333333,,,,F,,36,43,,,,,,,,,31F1,
14538,1610486,12090,12319,12366,1610486,EH,I4537,FR,542,MIKQ1FR2026,,35HT,MRN2,,1600,WovFab,500,E2146,2026FR_087,,87,19,2,2026,21,10,51.351816,1.743542,18,0,1507,,,,3.1416,,,MCR,KcDenmark,5987,3.33333333333333,,,,F,,36,43,,,,,,,,,31F1,
14538,1610486,12090,12319,12366,1610486,EH,I4537,FR,542,MIKQ1FR2026,,35HT,MRN2,,1600,WovFab,500,E2146,2026FR_087,,87,19,2,2026,21,10,51.351816,1.743542,18,0,1507,,,,3.1416,,,MCR,KcDenmark,5987,3.33333333333333,,,,F,,36,43,,,,,,,,,31F1,
14538,1610489,12090,12319,12366,1610489,EH,I4537,FR,542,MIKQ1FR2026,,35HT,MRN2,,1600,WovFab,500,E2149,2026FR_090,,90,20,2,2026,4,36,50.598136,1.409259,11,0,1142,,,,3.1416,,,MCR,KcDenmark,3549,3.33333333333333,,,,F,,22,32,,,,,,,,,30F1,
14538,1610489,12090,12319,12366,1610489,EH,I4537,FR,542,MIKQ1FR2026,,35HT,MRN2,,1600,WovFab,500,E2149,2026FR_090,,90,20,2,2026,4,36,50.598136,1.409259,11,0,1142,,,,3.1416,,,MCR,KcDenmark,3549,3.33333333333333,,,,F,,22,32,,,,,,,,,30F1,
14538,1610489,12090,12319,12366,1610489,EH,I4537,FR,542,MIKQ1FR2026,,35HT,MRN2,,1600,WovFab,500,E2149,2026FR_090,,90,20,2,2026,4,36,50.598136,1.409259,11,0,1142,,,,3.1416,,,MCR,KcDenmark,3549,3.33333333333333,,,,F,,22,32,,,,,,,,,30F1,
14538,1610489,12090,12319,12366,1610489,EH,I4537,FR,542,MIKQ1FR2026,,35HT,MRN2,,1600,WovFab,500,E2149,2026FR_090,,90,20,2,2026,4,36,50.598136,1.409259,11,0,1142,,,,3.1416,,,MCR,KcDenmark,3549,3.33333333333333,,,,F,,22,32,,,,,,,,,30F1,
14538,1610489,12090,12319,12366,1610489,EH,I4537,FR,542,MIKQ1FR2026,,35HT,MRN2,,1600,WovFab,500,E2149,2026FR_090,,90,20,2,2026,4,36,50.598136,1.409259,11,0,1142,,,,3.1416,,,MCR,KcDenmark,3549,3.33333333333333,,,,F,,22,32,,,,,,,,,30F1,
14538,1610489,12090,12319,12366,1610489,EH,I4537,FR,542,MIKQ1FR2026,,35HT,MRN2,,1600,WovFab,500,E2149,2026FR_090,,90,20,2,2026,4,36,50.598136,1.409259,11,0,1142,,,,3.1416,,,MCR,KcDenmark,3549,3.33333333333333,,,,F,,22,32,,,,,,,,,30F1,
14538,1610489,12090,12319,12366,1610489,EH,I4537,FR,542,MIKQ1FR2026,,35HT,MRN2,,1600,WovFab,500,E2149,2026FR_090,,90,20,2,2026,4,36,50.598136,1.409259,11,0,1142,,,,3.1416,,,MCR,KcDenmark,3549,3.33333333333333,,,,F,,22,32,,,,,,,,,30F1,
14538,1610489,12090,12319,12366,1610489,EH,I4537,FR,542,MIKQ1FR2026,,35HT,MRN2,,1600,WovFab,500,E2149,2026FR_090,,90,20,2,2026,4,36,50.598136,1.409259,11,0,1142,,,,3.1416,,,MCR,KcDenmark,3549,3.33333333333333,,,,F,,22,32,,,,,,,,,30F1,
14538,1610489,12090,12319,12366,1610489,EH,I4537,FR,542,MIKQ1FR2026,,35HT,MRN2,,1600,WovFab,500,E2149,2026FR_090,,90,20,2,2026,4,36,50.598136,1.409259,11,0,1142,,,,3.1416,,,MCR,KcDenmark,3549,3.33333333333333,,,,F,,22,32,,,,,,,,,30F1,
14538,1610489,12090,12319,12366,1610489,EH,I4537,FR,542,MIKQ1FR2026,,35HT,MRN2,,1600,WovFab,500,E2149,2026FR_090,,90,20,2,2026,4,36,50.598136,1.409259,11,0,1142,,,,3.1416,,,MCR,KcDenmark,3549,3.33333333333333,,,,F,,22,32,,,,,,,,,30F1,
14538,1610489,12090,12319,12366,1610489,EH,I4537,FR,542,MIKQ1FR2026,,35HT,MRN2,,1600,WovFab,500,E2149,2026FR_090,,90,20,2,2026,4,36,50.598136,1.409259,11,0,1142,,,,3.1416,,,MCR,KcDenmark,3549,3.33333333333333,,,,F,,22,32,,,,,,,,,30F1,
14538,1610489,12090,12319,12366,1610489,EH,I4537,FR,542,MIKQ1FR2026,,35HT,MRN2,,1600,WovFab,500,E2149,2026FR_090,,90,20,2,2026,4,36,50.598136,1.409259,11,0,1142,,,,3.1416,,,MCR,KcDenmark,3549,3.33333333333333,,,,F,,22,32,,,,,,,,,30F1,
14538,1610489,12090,12319,12366,1610489,EH,I4537,FR,542,MIKQ1FR2026,,35HT,MRN2,,1600,WovFab,500,E2149,2026FR_090,,90,20,2,2026,4,36,50.598136,1.409259,11,0,1142,,,,3.1416,,,MCR,KcDenmark,3549,3.33333333333333,,,,F,,22,32,,,,,,,,,30F1,
14538,1610489,12090,12319,12366,1610489,EH,I4537,FR,542,MIKQ1FR2026,,35HT,MRN2,,1600,WovFab,500,E2149,2026FR_090,,90,20,2,2026,4,36,50.598136,1.409259,11,0,1142,,,,3.1416,,,MCR,KcDenmark,3549,3.33333333333333,,,,F,,22,32,,,,,,,,,30F1,
14538,1610489,12090,12319,12366,1610489,EH,I4537,FR,542,MIKQ1FR2026,,35HT,MRN2,,1600,WovFab,500,E2149,2026FR_090,,90,20,2,2026,4,36,50.598136,1.409259,11,0,1142,,,,3.1416,,,MCR,KcDenmark,3549,3.33333333333333,,,,F,,22,32,,,,,,,,,30F1,
14538,1610489,12090,12319,12366,1610489,EH,I4537,FR,542,MIKQ1FR2026,,35HT,MRN2,,1600,WovFab,500,E2149,2026FR_090,,90,20,2,2026,4,36,50.598136,1.409259,11,0,1142,,,,3.1416,,,MCR,KcDenmark,3549,3.33333333333333,,,,F,,22,32,,,,,,,,,30F1,
14538,1610489,12090,12319,12366,1610489,EH,I4537,FR,542,MIKQ1FR2026,,35HT,MRN2,,1600,WovFab,500,E2149,2026FR_090,,90,20,2,2026,4,36,50.598136,1.409259,11,0,1142,,,,3.1416,,,MCR,KcDenmark,3549,3.33333333333333,,,,F,,22,32,,,,,,,,,30F1,
14538,1610489,12090,12319,12366,1610489,EH,I4537,FR,542,MIKQ1FR2026,,35HT,MRN2,,1600,WovFab,500,E2149,2026FR_090,,90,20,2,2026,4,36,50.598136,1.409259,11,0,1142,,,,3.1416,,,MCR,KcDenmark,3549,3.33333333333333,,,,F,,22,32,,,,,,,,,30F1,
14538,1610489,12090,12319,12366,1610489,EH,I4537,FR,542,MIKQ1FR2026,,35HT,MRN2,,1600,WovFab,500,E2149,2026FR_090,,90,20,2,2026,4,36,50.598136,1.409259,11,0,1142,,,,3.1416,,,MCR,KcDenmark,3549,3.33333333333333,,,,F,,22,32,,,,,,,,,30F1,
14539,1610490,12088,12287,12366,1610490,EH,I4537,NL,1340,MIKQ1NL2026,,64T2,MRN2,,1600,WovFab,500,10183331,2026NL3400101,,20263400101,19,1,2026,19,5,53.6525,4.84567,13,36,1841,,,2,3.141592654,1,0,EMD,Valeport,12266,8.69,15238,11.3,4434.38153,F,0,24,32,5.74,,,,6.32,33.62,,34.39,36F4,
14539,1610490,12088,12287,12366,1610490,EH,I4537,NL,1340,MIKQ1NL2026,,64T2,MRN2,,1600,WovFab,500,10183331,2026NL3400101,,20263400101,19,1,2026,19,5,53.6525,4.84567,13,36,1841,,,2,3.141592654,1,0,EMD,Valeport,12266,8.69,15238,11.3,4434.38153,F,0,24,32,5.74,,,,6.32,33.62,,34.39,36F4,
14539,1610490,12088,12287,12366,1610490,EH,I4537,NL,1340,MIKQ1NL2026,,64T2,MRN2,,1600,WovFab,500,10183331,2026NL3400101,,20263400101,19,1,2026,19,5,53.6525,4.84567,13,36,1841,,,2,3.141592654,1,0,EMD,Valeport,12266,8.69,15238,11.3,4434.38153,F,0,24,32,5.74,,,,6.32,33.62,,34.39,36F4,
14539,1610490,12088,12287,12366,1610490,EH,I4537,NL,1340,MIKQ1NL2026,,64T2,MRN2,,1600,WovFab,500,10183331,2026NL3400101,,20263400101,19,1,2026,19,5,53.6525,4.84567,13,36,1841,,,2,3.141592654,1,0,EMD,Valeport,12266,8.69,15238,11.3,4434.38153,F,0,24,32,5.74,,,,6.32,33.62,,34.39,36F4,
14539,1610490,12088,12287,12366,1610490,EH,I4537,NL,1340,MIKQ1NL2026,,64T2,MRN2,,1600,WovFab,500,10183331,2026NL3400101,,20263400101,19,1,2026,19,5,53.6525,4.84567,13,36,1841,,,2,3.141592654,1,0,EMD,Valeport,12266,8.69,15238,11.3,4434.38153,F,0,24,32,5.74,,,,6.32,33.62,,34.39,36F4,
14539,1610490,12088,12287,12366,1610490,EH,I4537,NL,1340,MIKQ1NL2026,,64T2,MRN2,,1600,WovFab,500,10183331,2026NL3400101,,20263400101,19,1,2026,19,5,53.6525,4.84567,13,36,1841,,,2,3.141592654,1,0,EMD,Valeport,12266,8.69,15238,11.3,4434.38153,F,0,24,32,5.74,,,,6.32,33.62,,34.39,36F4,
14539,1610490,12088,12287,12366,1610490,EH,I4537,NL,1340,MIKQ1NL2026,,64T2,MRN2,,1600,WovFab,500,10183331,2026NL3400101,,20263400101,19,1,2026,19,5,53.6525,4.84567,13,36,1841,,,2,3.141592654,1,0,EMD,Valeport,12266,8.69,15238,11.3,4434.38153,F,0,24,32,5.74,,,,6.32,33.62,,34.39,36F4,
14539,1610490,12088,12287,12366,1610490,EH,I4537,NL,1340,MIKQ1NL2026,,64T2,MRN2,,1600,WovFab,500,10183331,2026NL3400101,,20263400101,19,1,2026,19,5,53.6525,4.84567,13,36,1841,,,2,3.141592654,1,0,EMD,Valeport,12266,8.69,15238,11.3,4434.38153,F,0,24,32,5.74,,,,6.32,33.62,,34.39,36F4,
14539,1610490,12088,12287,12366,1610490,EH,I4537,NL,1340,MIKQ1NL2026,,64T2,MRN2,,1600,WovFab,500,10183331,2026NL3400101,,20263400101,19,1,2026,19,5,53.6525,4.84567,13,36,1841,,,2,3.141592654,1,0,EMD,Valeport,12266,8.69,15238,11.3,4434.38153,F,0,24,32,5.74,,,,6.32,33.62,,34.39,36F4,
14539,1610490,12088,12287,12366,1610490,EH,I4537,NL,1340,MIKQ1NL2026,,64T2,MRN2,,1600,WovFab,500,10183331,2026NL3400101,,20263400101,19,1,2026,19,5,53.6525,4.84567,13,36,1841,,,2,3.141592654,1,0,EMD,Valeport,12266,8.69,15238,11.3,4434.38153,F,0,24,32,5.74,,,,6.32,33.62,,34.39,36F4,
14539,1610490,12088,12287,12366,1610490,EH,I4537,NL,1340,MIKQ1NL2026,,64T2,MRN2,,1600,WovFab,500,10183331,2026NL3400101,,20263400101,19,1,2026,19,5,53.6525,4.84567,13,36,1841,,,2,3.141592654,1,0,EMD,Valeport,12266,8.69,15238,11.3,4434.38153,F,0,24,32,5.74,,,,6.32,33.62,,34.39,36F4,
14539,1610490,12088,12287,12366,1610490,EH,I4537,NL,1340,MIKQ1NL2026,,64T2,MRN2,,1600,WovFab,500,10183331,2026NL3400101,,20263400101,19,1,2026,19,5,53.6525,4.84567,13,36,1841,,,2,3.141592654,1,0,EMD,Valeport,12266,8.69,15238,11.3,4434.38153,F,0,24,32,5.74,,,,6.32,33.62,,34.39,36F4,
14539,1610490,12088,12287,12366,1610490,EH,I4537,NL,1340,MIKQ1NL2026,,64T2,MRN2,,1600,WovFab,500,10183331,2026NL3400101,,20263400101,19,1,2026,19,5,53.6525,4.84567,13,36,1841,,,2,3.141592654,1,0,EMD,Valeport,12266,8.69,15238,11.3,4434.38153,F,0,24,32,5.74,,,,6.32,33.62,,34.39,36F4,
14539,1610490,12088,12287,12366,1610490,EH,I4537,NL,1340,MIKQ1NL2026,,64T2,MRN2,,1600,WovFab,500,10183331,2026NL3400101,,20263400101,19,1,2026,19,5,53.6525,4.84567,13,36,1841,,,2,3.141592654,1,0,EMD,Valeport,12266,8.69,15238,11.3,4434.38153,F,0,24,32,5.74,,,,6.32,33.62,,34.39,36F4,
14539,1610491,12088,12287,12366,1610491,EH,I4537,NL,1340,MIKQ1NL2026,,64T2,MRN2,,1600,WovFab,500,10183328,2026NL3400102,,20263400102,19,1,2026,20,20,53.89383,4.82917,15,36,1766,,,2,3.141592654,1,0,EMD,Valeport,14118,8.69,16885,11.3,5103.913129,F,0,34,42,7.04,,,,7.05,34.98,,34.98,36F4,
14539,1610491,12088,12287,12366,1610491,EH,I4537,NL,1340,MIKQ1NL2026,,64T2,MRN2,,1600,WovFab,500,10183328,2026NL3400102,,20263400102,19,1,2026,20,20,53.89383,4.82917,15,36,1766,,,2,3.141592654,1,0,EMD,Valeport,14118,8.69,16885,11.3,5103.913129,F,0,34,42,7.04,,,,7.05,34.98,,34.98,36F4,
14539,1610491,12088,12287,12366,1610491,EH,I4537,NL,1340,MIKQ1NL2026,,64T2,MRN2,,1600,WovFab,500,10183328,2026NL3400102,,20263400102,19,1,2026,20,20,53.89383,4.82917,15,36,1766,,,2,3.141592654,1,0,EMD,Valeport,14118,8.69,16885,11.3,5103.913129,F,0,34,42,7.04,,,,7.05,34.98,,34.98,36F4,
14539,1610491,12088,12287,12366,1610491,EH,I4537,NL,1340,MIKQ1NL2026,,64T2,MRN2,,1600,WovFab,500,10183328,2026NL3400102,,20263400102,19,1,2026,20,20,53.89383,4.82917,15,36,1766,,,2,3.141592654,1,0,EMD,Valeport,14118,8.69,16885,11.3,5103.913129,F,0,34,42,7.04,,,,7.05,34.98,,34.98,36F4,
14539,1610491,12088,12287,12366,1610491,EH,I4537,NL,1340,MIKQ1NL2026,,64T2,MRN2,,1600,WovFab,500,10183328,2026NL3400102,,20263400102,19,1,2026,20,20,53.89383,4.82917,15,36,1766,,,2,3.141592654,1,0,EMD,Valeport,14118,8.69,16885,11.3,5103.913129,F,0,34,42,7.04,,,,7.05,34.98,,34.98,36F4,
14539,1610491,12088,12287,12366,1610491,EH,I4537,NL,1340,MIKQ1NL2026,,64T2,MRN2,,1600,WovFab,500,10183328,2026NL3400102,,20263400102,19,1,2026,20,20,53.89383,4.82917,15,36,1766,,,2,3.141592654,1,0,EMD,Valeport,14118,8.69,16885,11.3,5103.913129,F,0,34,42,7.04,,,,7.05,34.98,,34.98,36F4,
14539,1610491,12088,12287,12366,1610491,EH,I4537,NL,1340,MIKQ1NL2026,,64T2,MRN2,,1600,WovFab,500,10183328,2026NL3400102,,20263400102,19,1,2026,20,20,53.89383,4.82917,15,36,1766,,,2,3.141592654,1,0,EMD,Valeport,14118,8.69,16885,11.3,5103.913129,F,0,34,42,7.04,,,,7.05,34.98,,34.98,36F4,
14539,1610491,12088,12287,12366,1610491,EH,I4537,NL,1340,MIKQ1NL2026,,64T2,MRN2,,1600,WovFab,500,10183328,2026NL3400102,,20263400102,19,1,2026,20,20,53.89383,4.82917,15,36,1766,,,2,3.141592654,1,0,EMD,Valeport,14118,8.69,16885,11.3,5103.913129,F,0,34,42,7.04,,,,7.05,34.98,,34.98,36F4,
14539,1610491,12088,12287,12366,1610491,EH,I4537,NL,1340,MIKQ1NL2026,,64T2,MRN2,,1600,WovFab,500,10183328,2026NL3400102,,20263400102,19,1,2026,20,20,53.89383,4.82917,15,36,1766,,,2,3.141592654,1,0,EMD,Valeport,14118,8.69,16885,11.3,5103.913129,F,0,34,42,7.04,,,,7.05,34.98,,34.98,36F4,
14539,1610491,12088,12287,12366,1610491,EH,I4537,NL,1340,MIKQ1NL2026,,64T2,MRN2,,1600,WovFab,500,10183328,2026NL3400102,,20263400102,19,1,2026,20,20,53.89383,4.82917,15,36,1766,,,2,3.141592654,1,0,EMD,Valeport,14118,8.69,16885,11.3,5103.913129,F,0,34,42,7.04,,,,7.05,34.98,,34.98,36F4,
14539,1610491,12088,12287,12366,1610491,EH,I4537,NL,1340,MIKQ1NL2026,,64T2,MRN2,,1600,WovFab,500,10183328,2026NL3400102,,20263400102,19,1,2026,20,20,53.89383,4.82917,15,36,1766,,,2,3.141592654,1,0,EMD,Valeport,14118,8.69,16885,11.3,5103.913129,F,0,34,42,7.04,,,,7.05,34.98,,34.98,36F4,
14539,1610491,12088,12287,12366,1610491,EH,I4537,NL,1340,MIKQ1NL2026,,64T2,MRN2,,1600,WovFab,500,10183328,2026NL3400102,,20263400102,19,1,2026,20,20,53.89383,4.82917,15,36,1766,,,2,3.141592654,1,0,EMD,Valeport,14118,8.69,16885,11.3,5103.913129,F,0,34,42,7.04,,,,7.05,34.98,,34.98,36F4,
14539,1610491,12088,12287,12366,1610491,EH,I4537,NL,1340,MIKQ1NL2026,,64T2,MRN2,,1600,WovFab,500,10183328,2026NL3400102,,20263400102,19,1,2026,20,20,53.89383,4.82917,15,36,1766,,,2,3.141592654,1,0,EMD,Valeport,14118,8.69,16885,11.3,5103.913129,F,0,34,42,7.04,,,,7.05,34.98,,34.98,36F4,
14539,1610491,12088,12287,12366,1610491,EH,I4537,NL,1340,MIKQ1NL2026,,64T2,MRN2,,1600,WovFab,500,10183328,2026NL3400102,,20263400102,19,1,2026,20,20,53.89383,4.82917,15,36,1766,,,2,3.141592654,1,0,EMD,Valeport,14118,8.69,16885,11.3,5103.913129,F,0,34,42,7.04,,,,7.05,34.98,,34.98,36F4,
14539,1610491,12088,12287,12366,1610491,EH,I4537,NL,1340,MIKQ1NL2026,,64T2,MRN2,,1600,WovFab,500,10183328,2026NL3400102,,20263400102,19,1,2026,20,20,53.89383,4.82917,15,36,1766,,,2,3.141592654,1,0,EMD,Valeport,14118,8.69,16885,11.3,5103.913129,F,0,34,42,7.04,,,,7.05,34.98,,34.98,36F4,
14539,1610491,12088,12287,12366,1610491,EH,I4537,NL,1340,MIKQ1NL2026,,64T2,MRN2,,1600,WovFab,500,10183328,2026NL3400102,,20263400102,19,1,2026,20,20,53.89383,4.82917,15,36,1766,,,2,3.141592654,1,0,EMD,Valeport,14118,8.69,16885,11.3,5103.913129,F,0,34,42,7.04,,,,7.05,34.98,,34.98,36F4,
14539,1610491,12088,12287,12366,1610491,EH,I4537,NL,1340,MIKQ1NL2026,,64T2,MRN2,,1600,WovFab,500,10183328,2026NL3400102,,20263400102,19,1,2026,20,20,53.89383,4.82917,15,36,1766,,,2,3.141592654,1,0,EMD,Valeport,14118,8.69,16885,11.3,5103.913129,F,0,34,42,7.04,,,,7.05,34.98,,34.98,36F4,
14539,1610491,12088,12287,12366,1610491,EH,I4537,NL,1340,MIKQ1NL2026,,64T2,MRN2,,1600,WovFab,500,10183328,2026NL3400102,,20263400102,19,1,2026,20,20,53.89383,4.82917,15,36,1766,,,2,3.141592654,1,0,EMD,Valeport,14118,8.69,16885,11.3,5103.913129,F,0,34,42,7.04,,,,7.05,34.98,,34.98,36F4,
14539,1610491,12088,12287,12366,1610491,EH,I4537,NL,1340,MIKQ1NL2026,,64T2,MRN2,,1600,WovFab,500,10183328,2026NL3400102,,20263400102,19,1,2026,20,20,53.89383,4.82917,15,36,1766,,,2,3.141592654,1,0,EMD,Valeport,14118,8.69,16885,11.3,5103.913129,F,0,34,42,7.04,,,,7.05,34.98,,34.98,36F4,
14539,1610492,12088,12287,12366,1610492,EH,I4537,NL,1340,MIKQ1NL2026,,64T2,MRN2,,1600,WovFab,500,10183772,2026NL3400103,,20263400103,19,1,2026,21,30,54.11033,4.8555,18,30,2077,,,2,3.141592654,1,0,EMD,Valeport,16154,8.69,20068,11.3,5839.964066,F,0,37,45,6.76,,,,6.78,34.86,,34.86,37F4,
14539,1610492,12088,12287,12366,1610492,EH,I4537,NL,1340,MIKQ1NL2026,,64T2,MRN2,,1600,WovFab,500,10183772,2026NL3400103,,20263400103,19,1,2026,21,30,54.11033,4.8555,18,30,2077,,,2,3.141592654,1,0,EMD,Valeport,16154,8.69,20068,11.3,5839.964066,F,0,37,45,6.76,,,,6.78,34.86,,34.86,37F4,
14539,1610492,12088,12287,12366,1610492,EH,I4537,NL,1340,MIKQ1NL2026,,64T2,MRN2,,1600,WovFab,500,10183772,2026NL3400103,,20263400103,19,1,2026,21,30,54.11033,4.8555,18,30,2077,,,2,3.141592654,1,0,EMD,Valeport,16154,8.69,20068,11.3,5839.964066,F,0,37,45,6.76,,,,6.78,34.86,,34.86,37F4,
14539,1610492,12088,12287,12366,1610492,EH,I4537,NL,1340,MIKQ1NL2026,,64T2,MRN2,,1600,WovFab,500,10183772,2026NL3400103,,20263400103,19,1,2026,21,30,54.11033,4.8555,18,30,2077,,,2,3.141592654,1,0,EMD,Valeport,16154,8.69,20068,11.3,5839.964066,F,0,37,45,6.76,,,,6.78,34.86,,34.86,37F4,
14539,1610492,12088,12287,12366,1610492,EH,I4537,NL,1340,MIKQ1NL2026,,64T2,MRN2,,1600,WovFab,500,10183772,2026NL3400103,,20263400103,19,1,2026,21,30,54.11033,4.8555,18,30,2077,,,2,3.141592654,1,0,EMD,Valeport,16154,8.69,20068,11.3,5839.964066,F,0,37,45,6.76,,,,6.78,34.86,,34.86,37F4,
14539,1610492,12088,12287,12366,1610492,EH,I4537,NL,1340,MIKQ1NL2026,,64T2,MRN2,,1600,WovFab,500,10183772,2026NL3400103,,20263400103,19,1,2026,21,30,54.11033,4.8555,18,30,2077,,,2,3.141592654,1,0,EMD,Valeport,16154,8.69,20068,11.3,5839.964066,F,0,37,45,6.76,,,,6.78,34.86,,34.86,37F4,
14539,1610492,12088,12287,12366,1610492,EH,I4537,NL,1340,MIKQ1NL2026,,64T2,MRN2,,1600,WovFab,500,10183772,2026NL3400103,,20263400103,19,1,2026,21,30,54.11033,4.8555,18,30,2077,,,2,3.141592654,1,0,EMD,Valeport,16154,8.69,20068,11.3,5839.964066,F,0,37,45,6.76,,,,6.78,34.86,,34.86,37F4,
14539,1610492,12088,12287,12366,1610492,EH,I4537,NL,1340,MIKQ1NL2026,,64T2,MRN2,,1600,WovFab,500,10183772,2026NL3400103,,20263400103,19,1,2026,21,30,54.11033,4.8555,18,30,2077,,,2,3.141592654,1,0,EMD,Valeport,16154,8.69,20068,11.3,5839.964066,F,0,37,45,6.76,,,,6.78,34.86,,34.86,37F4,
14539,1610492,12088,12287,12366,1610492,EH,I4537,NL,1340,MIKQ1NL2026,,64T2,MRN2,,1600,WovFab,500,10183772,2026NL3400103,,20263400103,19,1,2026,21,30,54.11033,4.8555,18,30,2077,,,2,3.141592654,1,0,EMD,Valeport,16154,8.69,20068,11.3,5839.964066,F,0,37,45,6.76,,,,6.78,34.86,,34.86,37F4,
14539,1610492,12088,12287,12366,1610492,EH,I4537,NL,1340,MIKQ1NL2026,,64T2,MRN2,,1600,WovFab,500,10183772,2026NL3400103,,20263400103,19,1,2026,21,30,54.11033,4.8555,18,30,2077,,,2,3.141592654,1,0,EMD,Valeport,16154,8.69,20068,11.3,5839.964066,F,0,37,45,6.76,,,,6.78,34.86,,34.86,37F4,
14539,1610492,12088,12287,12366,1610492,EH,I4537,NL,1340,MIKQ1NL2026,,64T2,MRN2,,1600,WovFab,500,10183772,2026NL3400103,,20263400103,19,1,2026,21,30,54.11033,4.8555,18,30,2077,,,2,3.141592654,1,0,EMD,Valeport,16154,8.69,20068,11.3,5839.964066,F,0,37,45,6.76,,,,6.78,34.86,,34.86,37F4,
14539,1610492,12088,12287,12366,1610492,EH,I4537,NL,1340,MIKQ1NL2026,,64T2,MRN2,,1600,WovFab,500,10183772,2026NL3400103,,20263400103,19,1,2026,21,30,54.11033,4.8555,18,30,2077,,,2,3.141592654,1,0,EMD,Valeport,16154,8.69,20068,11.3,5839.964066,F,0,37,45,6.76,,,,6.78,34.86,,34.86,37F4,
14539,1610492,12088,12287,12366,1610492,EH,I4537,NL,1340,MIKQ1NL2026,,64T2,MRN2,,1600,WovFab,500,10183772,2026NL3400103,,20263400103,19,1,2026,21,30,54.11033,4.8555,18,30,2077,,,2,3.141592654,1,0,EMD,Valeport,16154,8.69,20068,11.3,5839.964066,F,0,37,45,6.76,,,,6.78,34.86,,34.86,37F4,
14539,1610492,12088,12287,12366,1610492,EH,I4537,NL,1340,MIKQ1NL2026,,64T2,MRN2,,1600,WovFab,500,10183772,2026NL3400103,,20263400103,19,1,2026,21,30,54.11033,4.8555,18,30,2077,,,2,3.141592654,1,0,EMD,Valeport,16154,8.69,20068,11.3,5839.964066,F,0,37,45,6.76,,,,6.78,34.86,,34.86,37F4,
14539,1610492,12088,12287,12366,1610492,EH,I4537,NL,1340,MIKQ1NL2026,,64T2,MRN2,,1600,WovFab,500,10183772,2026NL3400103,,20263400103,19,1,2026,21,30,54.11033,4.8555,18,30,2077,,,2,3.141592654,1,0,EMD,Valeport,16154,8.69,20068,11.3,5839.964066,F,0,37,45,6.76,,,,6.78,34.86,,34.86,37F4,
14539,1610493,12088,12287,12366,1610493,EH,I4537,NL,1340,MIKQ1NL2026,,64T2,MRN2,,1600,WovFab,500,10183330,2026NL3400104,,20263400104,19,1,2026,22,33,54.282,4.84633,12,6,1452,,,2,3.141592654,1,0,EMD,Valeport,10883,8.69,13476,11.3,3934.401939,F,0,40,47,7.04,,,,7.01,34.66,,34.77,37F4,
14539,1610493,12088,12287,12366,1610493,EH,I4537,NL,1340,MIKQ1NL2026,,64T2,MRN2,,1600,WovFab,500,10183330,2026NL3400104,,20263400104,19,1,2026,22,33,54.282,4.84633,12,6,1452,,,2,3.141592654,1,0,EMD,Valeport,10883,8.69,13476,11.3,3934.401939,F,0,40,47,7.04,,,,7.01,34.66,,34.77,37F4,
14539,1610493,12088,12287,12366,1610493,EH,I4537,NL,1340,MIKQ1NL2026,,64T2,MRN2,,1600,WovFab,500,10183330,2026NL3400104,,20263400104,19,1,2026,22,33,54.282,4.84633,12,6,1452,,,2,3.141592654,1,0,EMD,Valeport,10883,8.69,13476,11.3,3934.401939,F,0,40,47,7.04,,,,7.01,34.66,,34.77,37F4,
14539,1610493,12088,12287,12366,1610493,EH,I4537,NL,1340,MIKQ1NL2026,,64T2,MRN2,,1600,WovFab,500,10183330,2026NL3400104,,20263400104,19,1,2026,22,33,54.282,4.84633,12,6,1452,,,2,3.141592654,1,0,EMD,Valeport,10883,8.69,13476,11.3,3934.401939,F,0,40,47,7.04,,,,7.01,34.66,,34.77,37F4,
14539,1610493,12088,12287,12366,1610493,EH,I4537,NL,1340,MIKQ1NL2026,,64T2,MRN2,,1600,WovFab,500,10183330,2026NL3400104,,20263400104,19,1,2026,22,33,54.282,4.84633,12,6,1452,,,2,3.141592654,1,0,EMD,Valeport,10883,8.69,13476,11.3,3934.401939,F,0,40,47,7.04,,,,7.01,34.66,,34.77,37F4,
14539,1610493,12088,12287,12366,1610493,EH,I4537,NL,1340,MIKQ1NL2026,,64T2,MRN2,,1600,WovFab,500,10183330,2026NL3400104,,20263400104,19,1,2026,22,33,54.282,4.84633,12,6,1452,,,2,3.141592654,1,0,EMD,Valeport,10883,8.69,13476,11.3,3934.401939,F,0,40,47,7.04,,,,7.01,34.66,,34.77,37F4,
14539,1610493,12088,12287,12366,1610493,EH,I4537,NL,1340,MIKQ1NL2026,,64T2,MRN2,,1600,WovFab,500,10183330,2026NL3400104,,20263400104,19,1,2026,22,33,54.282,4.84633,12,6,1452,,,2,3.141592654,1,0,EMD,Valeport,10883,8.69,13476,11.3,3934.401939,F,0,40,47,7.04,,,,7.01,34.66,,34.77,37F4,
14539,1610493,12088,12287,12366,1610493,EH,I4537,NL,1340,MIKQ1NL2026,,64T2,MRN2,,1600,WovFab,500,10183330,2026NL3400104,,20263400104,19,1,2026,22,33,54.282,4.84633,12,6,1452,,,2,3.141592654,1,0,EMD,Valeport,10883,8.69,13476,11.3,3934.401939,F,0,40,47,7.04,,,,7.01,34.66,,34.77,37F4,
14539,1610493,12088,12287,12366,1610493,EH,I4537,NL,1340,MIKQ1NL2026,,64T2,MRN2,,1600,WovFab,500,10183330,2026NL3400104,,20263400104,19,1,2026,22,33,54.282,4.84633,12,6,1452,,,2,3.141592654,1,0,EMD,Valeport,10883,8.69,13476,11.3,3934.401939,F,0,40,47,7.04,,,,7.01,34.66,,34.77,37F4,
14539,1610493,12088,12287,12366,1610493,EH,I4537,NL,1340,MIKQ1NL2026,,64T2,MRN2,,1600,WovFab,500,10183330,2026NL3400104,,20263400104,19,1,2026,22,33,54.282,4.84633,12,6,1452,,,2,3.141592654,1,0,EMD,Valeport,10883,8.69,13476,11.3,3934.401939,F,0,40,47,7.04,,,,7.01,34.66,,34.77,37F4,
14539,1610493,12088,12287,12366,1610493,EH,I4537,NL,1340,MIKQ1NL2026,,64T2,MRN2,,1600,WovFab,500,10183330,2026NL3400104,,20263400104,19,1,2026,22,33,54.282,4.84633,12,6,1452,,,2,3.141592654,1,0,EMD,Valeport,10883,8.69,13476,11.3,3934.401939,F,0,40,47,7.04,,,,7.01,34.66,,34.77,37F4,
14539,1610493,12088,12287,12366,1610493,EH,I4537,NL,1340,MIKQ1NL2026,,64T2,MRN2,,1600,WovFab,500,10183330,2026NL3400104,,20263400104,19,1,2026,22,33,54.282,4.84633,12,6,1452,,,2,3.141592654,1,0,EMD,Valeport,10883,8.69,13476,11.3,3934.401939,F,0,40,47,7.04,,,,7.01,34.66,,34.77,37F4,
14539,1610493,12088,12287,12366,1610493,EH,I4537,NL,1340,MIKQ1NL2026,,64T2,MRN2,,1600,WovFab,500,10183330,2026NL3400104,,20263400104,19,1,2026,22,33,54.282,4.84633,12,6,1452,,,2,3.141592654,1,0,EMD,Valeport,10883,8.69,13476,11.3,3934.401939,F,0,40,47,7.04,,,,7.01,34.66,,34.77,37F4,
14539,1610493,12088,12287,12366,1610493,EH,I4537,NL,1340,MIKQ1NL2026,,64T2,MRN2,,1600,WovFab,500,10183330,2026NL3400104,,20263400104,19,1,2026,22,33,54.282,4.84633,12,6,1452,,,2,3.141592654,1,0,EMD,Valeport,10883,8.69,13476,11.3,3934.401939,F,0,40,47,7.04,,,,7.01,34.66,,34.77,37F4,
14539,1610493,12088,12287,12366,1610493,EH,I4537,NL,1340,MIKQ1NL2026,,64T2,MRN2,,1600,WovFab,500,10183330,2026NL3400104,,20263400104,19,1,2026,22,33,54.282,4.84633,12,6,1452,,,2,3.141592654,1,0,EMD,Valeport,10883,8.69,13476,11.3,3934.401939,F,0,40,47,7.04,,,,7.01,34.66,,34.77,37F4,
14539,1610493,12088,12287,12366,1610493,EH,I4537,NL,1340,MIKQ1NL2026,,64T2,MRN2,,1600,WovFab,500,10183330,2026NL3400104,,20263400104,19,1,2026,22,33,54.282,4.84633,12,6,1452,,,2,3.141592654,1,0,EMD,Valeport,10883,8.69,13476,11.3,3934.401939,F,0,40,47,7.04,,,,7.01,34.66,,34.77,37F4,
14539,1610494,12088,12287,12366,1610494,EH,I4537,NL,1340,MIKQ1NL2026,,64T2,MRN2,,1600,WovFab,500,10183329,2026NL3400105,,20263400105,19,1,2026,23,31,54.27133,5.1455,16,51,1695,,,2,3.141592654,1,0,EMD,Valeport,13981,8.69,17193,11.3,5054.385143,F,0,37,44,7,,,,7.03,34.73,,34.75,37F5,
14539,1610494,12088,12287,12366,1610494,EH,I4537,NL,1340,MIKQ1NL2026,,64T2,MRN2,,1600,WovFab,500,10183329,2026NL3400105,,20263400105,19,1,2026,23,31,54.27133,5.1455,16,51,1695,,,2,3.141592654,1,0,EMD,Valeport,13981,8.69,17193,11.3,5054.385143,F,0,37,44,7,,,,7.03,34.73,,34.75,37F5,
14539,1610494,12088,12287,12366,1610494,EH,I4537,NL,1340,MIKQ1NL2026,,64T2,MRN2,,1600,WovFab,500,10183329,2026NL3400105,,20263400105,19,1,2026,23,31,54.27133,5.1455,16,51,1695,,,2,3.141592654,1,0,EMD,Valeport,13981,8.69,17193,11.3,5054.385143,F,0,37,44,7,,,,7.03,34.73,,34.75,37F5,
14539,1610494,12088,12287,12366,1610494,EH,I4537,NL,1340,MIKQ1NL2026,,64T2,MRN2,,1600,WovFab,500,10183329,2026NL3400105,,20263400105,19,1,2026,23,31,54.27133,5.1455,16,51,1695,,,2,3.141592654,1,0,EMD,Valeport,13981,8.69,17193,11.3,5054.385143,F,0,37,44,7,,,,7.03,34.73,,34.75,37F5,
14539,1610494,12088,12287,12366,1610494,EH,I4537,NL,1340,MIKQ1NL2026,,64T2,MRN2,,1600,WovFab,500,10183329,2026NL3400105,,20263400105,19,1,2026,23,31,54.27133,5.1455,16,51,1695,,,2,3.141592654,1,0,EMD,Valeport,13981,8.69,17193,11.3,5054.385143,F,0,37,44,7,,,,7.03,34.73,,34.75,37F5,
14539,1610494,12088,12287,12366,1610494,EH,I4537,NL,1340,MIKQ1NL2026,,64T2,MRN2,,1600,WovFab,500,10183329,2026NL3400105,,20263400105,19,1,2026,23,31,54.27133,5.1455,16,51,1695,,,2,3.141592654,1,0,EMD,Valeport,13981,8.69,17193,11.3,5054.385143,F,0,37,44,7,,,,7.03,34.73,,34.75,37F5,
14539,1610494,12088,12287,12366,1610494,EH,I4537,NL,1340,MIKQ1NL2026,,64T2,MRN2,,1600,WovFab,500,10183329,2026NL3400105,,20263400105,19,1,2026,23,31,54.27133,5.1455,16,51,1695,,,2,3.141592654,1,0,EMD,Valeport,13981,8.69,17193,11.3,5054.385143,F,0,37,44,7,,,,7.03,34.73,,34.75,37F5,
14539,1610494,12088,12287,12366,1610494,EH,I4537,NL,1340,MIKQ1NL2026,,64T2,MRN2,,1600,WovFab,500,10183329,2026NL3400105,,20263400105,19,1,2026,23,31,54.27133,5.1455,16,51,1695,,,2,3.141592654,1,0,EMD,Valeport,13981,8.69,17193,11.3,5054.385143,F,0,37,44,7,,,,7.03,34.73,,34.75,37F5,
14539,1610494,12088,12287,12366,1610494,EH,I4537,NL,1340,MIKQ1NL2026,,64T2,MRN2,,1600,WovFab,500,10183329,2026NL3400105,,20263400105,19,1,2026,23,31,54.27133,5.1455,16,51,1695,,,2,3.141592654,1,0,EMD,Valeport,13981,8.69,17193,11.3,5054.385143,F,0,37,44,7,,,,7.03,34.73,,34.75,37F5,
14539,1610494,12088,12287,12366,1610494,EH,I4537,NL,1340,MIKQ1NL2026,,64T2,MRN2,,1600,WovFab,500,10183329,2026NL3400105,,20263400105,19,1,2026,23,31,54.27133,5.1455,16,51,1695,,,2,3.141592654,1,0,EMD,Valeport,13981,8.69,17193,11.3,5054.385143,F,0,37,44,7,,,,7.03,34.73,,34.75,37F5,
14539,1610494,12088,12287,12366,1610494,EH,I4537,NL,1340,MIKQ1NL2026,,64T2,MRN2,,1600,WovFab,500,10183329,2026NL3400105,,20263400105,19,1,2026,23,31,54.27133,5.1455,16,51,1695,,,2,3.141592654,1,0,EMD,Valeport,13981,8.69,17193,11.3,5054.385143,F,0,37,44,7,,,,7.03,34.73,,34.75,37F5,
14539,1610494,12088,12287,12366,1610494,EH,I4537,NL,1340,MIKQ1NL2026,,64T2,MRN2,,1600,WovFab,500,10183329,2026NL3400105,,20263400105,19,1,2026,23,31,54.27133,5.1455,16,51,1695,,,2,3.141592654,1,0,EMD,Valeport,13981,8.69,17193,11.3,5054.385143,F,0,37,44,7,,,,7.03,34.73,,34.75,37F5,
14539,1610494,12088,12287,12366,1610494,EH,I4537,NL,1340,MIKQ1NL2026,,64T2,MRN2,,1600,WovFab,500,10183329,2026NL3400105,,20263400105,19,1,2026,23,31,54.27133,5.1455,16,51,1695,,,2,3.141592654,1,0,EMD,Valeport,13981,8.69,17193,11.3,5054.385143,F,0,37,44,7,,,,7.03,34.73,,34.75,37F5,
14539,1610494,12088,12287,12366,1610494,EH,I4537,NL,1340,MIKQ1NL2026,,64T2,MRN2,,1600,WovFab,500,10183329,2026NL3400105,,20263400105,19,1,2026,23,31,54.27133,5.1455,16,51,1695,,,2,3.141592654,1,0,EMD,Valeport,13981,8.69,17193,11.3,5054.385143,F,0,37,44,7,,,,7.03,34.73,,34.75,37F5,
14539,1610494,12088,12287,12366,1610494,EH,I4537,NL,1340,MIKQ1NL2026,,64T2,MRN2,,1600,WovFab,500,10183329,2026NL3400105,,20263400105,19,1,2026,23,31,54.27133,5.1455,16,51,1695,,,2,3.141592654,1,0,EMD,Valeport,13981,8.69,17193,11.3,5054.385143,F,0,37,44,7,,,,7.03,34.73,,34.75,37F5,
14539,1610494,12088,12287,12366,1610494,EH,I4537,NL,1340,MIKQ1NL2026,,64T2,MRN2,,1600,WovFab,500,10183329,2026NL3400105,,20263400105,19,1,2026,23,31,54.27133,5.1455,16,51,1695,,,2,3.141592654,1,0,EMD,Valeport,13981,8.69,17193,11.3,5054.385143,F,0,37,44,7,,,,7.03,34.73,,34.75,37F5,
14539,1610494,12088,12287,12366,1610494,EH,I4537,NL,1340,MIKQ1NL2026,,64T2,MRN2,,1600,WovFab,500,10183329,2026NL3400105,,20263400105,19,1,2026,23,31,54.27133,5.1455,16,51,1695,,,2,3.141592654,1,0,EMD,Valeport,13981,8.69,17193,11.3,5054.385143,F,0,37,44,7,,,,7.03,34.73,,34.75,37F5,
14539,1610494,12088,12287,12366,1610494,EH,I4537,NL,1340,MIKQ1NL2026,,64T2,MRN2,,1600,WovFab,500,10183329,2026NL3400105,,20263400105,19,1,2026,23,31,54.27133,5.1455,16,51,1695,,,2,3.141592654,1,0,EMD,Valeport,13981,8.69,17193,11.3,5054.385143,F,0,37,44,7,,,,7.03,34.73,,34.75,37F5,
14539,1610495,12088,12287,12366,1610495,EH,I4537,NL,1340,MIKQ1NL2026,,64T2,MRN2,,1600,WovFab,500,10183401,2026NL3400106,,20263400106,20,1,2026,0,37,54.4165,5.3395,15,53,1706,,,2,3.141592654,1,0,EMD,Valeport,13244,8.69,16278,11.3,4787.946273,F,0,36,43,7.14,,,,7.14,34.7,,34.71,37F5,
14539,1610495,12088,12287,12366,1610495,EH,I4537,NL,1340,MIKQ1NL2026,,64T2,MRN2,,1600,WovFab,500,10183401,2026NL3400106,,20263400106,20,1,2026,0,37,54.4165,5.3395,15,53,1706,,,2,3.141592654,1,0,EMD,Valeport,13244,8.69,16278,11.3,4787.946273,F,0,36,43,7.14,,,,7.14,34.7,,34.71,37F5,
14539,1610495,12088,12287,12366,1610495,EH,I4537,NL,1340,MIKQ1NL2026,,64T2,MRN2,,1600,WovFab,500,10183401,2026NL3400106,,20263400106,20,1,2026,0,37,54.4165,5.3395,15,53,1706,,,2,3.141592654,1,0,EMD,Valeport,13244,8.69,16278,11.3,4787.946273,F,0,36,43,7.14,,,,7.14,34.7,,34.71,37F5,
14539,1610495,12088,12287,12366,1610495,EH,I4537,NL,1340,MIKQ1NL2026,,64T2,MRN2,,1600,WovFab,500,10183401,2026NL3400106,,20263400106,20,1,2026,0,37,54.4165,5.3395,15,53,1706,,,2,3.141592654,1,0,EMD,Valeport,13244,8.69,16278,11.3,4787.946273,F,0,36,43,7.14,,,,7.14,34.7,,34.71,37F5,
14539,1610495,12088,12287,12366,1610495,EH,I4537,NL,1340,MIKQ1NL2026,,64T2,MRN2,,1600,WovFab,500,10183401,2026NL3400106,,20263400106,20,1,2026,0,37,54.4165,5.3395,15,53,1706,,,2,3.141592654,1,0,EMD,Valeport,13244,8.69,16278,11.3,4787.946273,F,0,36,43,7.14,,,,7.14,34.7,,34.71,37F5,
14539,1610495,12088,12287,12366,1610495,EH,I4537,NL,1340,MIKQ1NL2026,,64T2,MRN2,,1600,WovFab,500,10183401,2026NL3400106,,20263400106,20,1,2026,0,37,54.4165,5.3395,15,53,1706,,,2,3.141592654,1,0,EMD,Valeport,13244,8.69,16278,11.3,4787.946273,F,0,36,43,7.14,,,,7.14,34.7,,34.71,37F5,
14539,1610495,12088,12287,12366,1610495,EH,I4537,NL,1340,MIKQ1NL2026,,64T2,MRN2,,1600,WovFab,500,10183401,2026NL3400106,,20263400106,20,1,2026,0,37,54.4165,5.3395,15,53,1706,,,2,3.141592654,1,0,EMD,Valeport,13244,8.69,16278,11.3,4787.946273,F,0,36,43,7.14,,,,7.14,34.7,,34.71,37F5,
14539,1610495,12088,12287,12366,1610495,EH,I4537,NL,1340,MIKQ1NL2026,,64T2,MRN2,,1600,WovFab,500,10183401,2026NL3400106,,20263400106,20,1,2026,0,37,54.4165,5.3395,15,53,1706,,,2,3.141592654,1,0,EMD,Valeport,13244,8.69,16278,11.3,4787.946273,F,0,36,43,7.14,,,,7.14,34.7,,34.71,37F5,
14539,1610495,12088,12287,12366,1610495,EH,I4537,NL,1340,MIKQ1NL2026,,64T2,MRN2,,1600,WovFab,500,10183401,2026NL3400106,,20263400106,20,1,2026,0,37,54.4165,5.3395,15,53,1706,,,2,3.141592654,1,0,EMD,Valeport,13244,8.69,16278,11.3,4787.946273,F,0,36,43,7.14,,,,7.14,34.7,,34.71,37F5,
14539,1610495,12088,12287,12366,1610495,EH,I4537,NL,1340,MIKQ1NL2026,,64T2,MRN2,,1600,WovFab,500,10183401,2026NL3400106,,20263400106,20,1,2026,0,37,54.4165,5.3395,15,53,1706,,,2,3.141592654,1,0,EMD,Valeport,13244,8.69,16278,11.3,4787.946273,F,0,36,43,7.14,,,,7.14,34.7,,34.71,37F5,
14539,1610495,12088,12287,12366,1610495,EH,I4537,NL,1340,MIKQ1NL2026,,64T2,MRN2,,1600,WovFab,500,10183401,2026NL3400106,,20263400106,20,1,2026,0,37,54.4165,5.3395,15,53,1706,,,2,3.141592654,1,0,EMD,Valeport,13244,8.69,16278,11.3,4787.946273,F,0,36,43,7.14,,,,7.14,34.7,,34.71,37F5,
14539,1610495,12088,12287,12366,1610495,EH,I4537,NL,1340,MIKQ1NL2026,,64T2,MRN2,,1600,WovFab,500,10183401,2026NL3400106,,20263400106,20,1,2026,0,37,54.4165,5.3395,15,53,1706,,,2,3.141592654,1,0,EMD,Valeport,13244,8.69,16278,11.3,4787.946273,F,0,36,43,7.14,,,,7.14,34.7,,34.71,37F5,
14539,1610495,12088,12287,12366,1610495,EH,I4537,NL,1340,MIKQ1NL2026,,64T2,MRN2,,1600,WovFab,500,10183401,2026NL3400106,,20263400106,20,1,2026,0,37,54.4165,5.3395,15,53,1706,,,2,3.141592654,1,0,EMD,Valeport,13244,8.69,16278,11.3,4787.946273,F,0,36,43,7.14,,,,7.14,34.7,,34.71,37F5,
14539,1610495,12088,12287,12366,1610495,EH,I4537,NL,1340,MIKQ1NL2026,,64T2,MRN2,,1600,WovFab,500,10183401,2026NL3400106,,20263400106,20,1,2026,0,37,54.4165,5.3395,15,53,1706,,,2,3.141592654,1,0,EMD,Valeport,13244,8.69,16278,11.3,4787.946273,F,0,36,43,7.14,,,,7.14,34.7,,34.71,37F5,
14539,1610495,12088,12287,12366,1610495,EH,I4537,NL,1340,MIKQ1NL2026,,64T2,MRN2,,1600,WovFab,500,10183401,2026NL3400106,,20263400106,20,1,2026,0,37,54.4165,5.3395,15,53,1706,,,2,3.141592654,1,0,EMD,Valeport,13244,8.69,16278,11.3,4787.946273,F,0,36,43,7.14,,,,7.14,34.7,,34.71,37F5,
14539,1610495,12088,12287,12366,1610495,EH,I4537,NL,1340,MIKQ1NL2026,,64T2,MRN2,,1600,WovFab,500,10183401,2026NL3400106,,20263400106,20,1,2026,0,37,54.4165,5.3395,15,53,1706,,,2,3.141592654,1,0,EMD,Valeport,13244,8.69,16278,11.3,4787.946273,F,0,36,43,7.14,,,,7.14,34.7,,34.71,37F5,
14539,1610495,12088,12287,12366,1610495,EH,I4537,NL,1340,MIKQ1NL2026,,64T2,MRN2,,1600,WovFab,500,10183401,2026NL3400106,,20263400106,20,1,2026,0,37,54.4165,5.3395,15,53,1706,,,2,3.141592654,1,0,EMD,Valeport,13244,8.69,16278,11.3,4787.946273,F,0,36,43,7.14,,,,7.14,34.7,,34.71,37F5,
14539,1610495,12088,12287,12366,1610495,EH,I4537,NL,1340,MIKQ1NL2026,,64T2,MRN2,,1600,WovFab,500,10183401,2026NL3400106,,20263400106,20,1,2026,0,37,54.4165,5.3395,15,53,1706,,,2,3.141592654,1,0,EMD,Valeport,13244,8.69,16278,11.3,4787.946273,F,0,36,43,7.14,,,,7.14,34.7,,34.71,37F5,
14539,1610496,12088,12287,12366,1610496,EH,I4537,NL,1340,MIKQ1NL2026,,64T2,MRN2,,1600,WovFab,500,10183431,2026NL3400107,,20263400107,20,1,2026,1,43,54.59717,5.257,16,19,1463,,,2,3.141592654,1,0,EMD,Valeport,13313,8.69,16381,11.3,4812.891025,F,0,38,45,7.49,,,,7.51,34.72,,34.73,38F5,
14539,1610496,12088,12287,12366,1610496,EH,I4537,NL,1340,MIKQ1NL2026,,64T2,MRN2,,1600,WovFab,500,10183431,2026NL3400107,,20263400107,20,1,2026,1,43,54.59717,5.257,16,19,1463,,,2,3.141592654,1,0,EMD,Valeport,13313,8.69,16381,11.3,4812.891025,F,0,38,45,7.49,,,,7.51,34.72,,34.73,38F5,
14539,1610496,12088,12287,12366,1610496,EH,I4537,NL,1340,MIKQ1NL2026,,64T2,MRN2,,1600,WovFab,500,10183431,2026NL3400107,,20263400107,20,1,2026,1,43,54.59717,5.257,16,19,1463,,,2,3.141592654,1,0,EMD,Valeport,13313,8.69,16381,11.3,4812.891025,F,0,38,45,7.49,,,,7.51,34.72,,34.73,38F5,
14539,1610496,12088,12287,12366,1610496,EH,I4537,NL,1340,MIKQ1NL2026,,64T2,MRN2,,1600,WovFab,500,10183431,2026NL3400107,,20263400107,20,1,2026,1,43,54.59717,5.257,16,19,1463,,,2,3.141592654,1,0,EMD,Valeport,13313,8.69,16381,11.3,4812.891025,F,0,38,45,7.49,,,,7.51,34.72,,34.73,38F5,
14539,1610496,12088,12287,12366,1610496,EH,I4537,NL,1340,MIKQ1NL2026,,64T2,MRN2,,1600,WovFab,500,10183431,2026NL3400107,,20263400107,20,1,2026,1,43,54.59717,5.257,16,19,1463,,,2,3.141592654,1,0,EMD,Valeport,13313,8.69,16381,11.3,4812.891025,F,0,38,45,7.49,,,,7.51,34.72,,34.73,38F5,
14539,1610496,12088,12287,12366,1610496,EH,I4537,NL,1340,MIKQ1NL2026,,64T2,MRN2,,1600,WovFab,500,10183431,2026NL3400107,,20263400107,20,1,2026,1,43,54.59717,5.257,16,19,1463,,,2,3.141592654,1,0,EMD,Valeport,13313,8.69,16381,11.3,4812.891025,F,0,38,45,7.49,,,,7.51,34.72,,34.73,38F5,
14539,1610496,12088,12287,12366,1610496,EH,I4537,NL,1340,MIKQ1NL2026,,64T2,MRN2,,1600,WovFab,500,10183431,2026NL3400107,,20263400107,20,1,2026,1,43,54.59717,5.257,16,19,1463,,,2,3.141592654,1,0,EMD,Valeport,13313,8.69,16381,11.3,4812.891025,F,0,38,45,7.49,,,,7.51,34.72,,34.73,38F5,
14539,1610496,12088,12287,12366,1610496,EH,I4537,NL,1340,MIKQ1NL2026,,64T2,MRN2,,1600,WovFab,500,10183431,2026NL3400107,,20263400107,20,1,2026,1,43,54.59717,5.257,16,19,1463,,,2,3.141592654,1,0,EMD,Valeport,13313,8.69,16381,11.3,4812.891025,F,0,38,45,7.49,,,,7.51,34.72,,34.73,38F5,
14539,1610496,12088,12287,12366,1610496,EH,I4537,NL,1340,MIKQ1NL2026,,64T2,MRN2,,1600,WovFab,500,10183431,2026NL3400107,,20263400107,20,1,2026,1,43,54.59717,5.257,16,19,1463,,,2,3.141592654,1,0,EMD,Valeport,13313,8.69,16381,11.3,4812.891025,F,0,38,45,7.49,,,,7.51,34.72,,34.73,38F5,
14539,1610496,12088,12287,12366,1610496,EH,I4537,NL,1340,MIKQ1NL2026,,64T2,MRN2,,1600,WovFab,500,10183431,2026NL3400107,,20263400107,20,1,2026,1,43,54.59717,5.257,16,19,1463,,,2,3.141592654,1,0,EMD,Valeport,13313,8.69,16381,11.3,4812.891025,F,0,38,45,7.49,,,,7.51,34.72,,34.73,38F5,
14539,1610496,12088,12287,12366,1610496,EH,I4537,NL,1340,MIKQ1NL2026,,64T2,MRN2,,1600,WovFab,500,10183431,2026NL3400107,,20263400107,20,1,2026,1,43,54.59717,5.257,16,19,1463,,,2,3.141592654,1,0,EMD,Valeport,13313,8.69,16381,11.3,4812.891025,F,0,38,45,7.49,,,,7.51,34.72,,34.73,38F5,
14539,1610496,12088,12287,12366,1610496,EH,I4537,NL,1340,MIKQ1NL2026,,64T2,MRN2,,1600,WovFab,500,10183431,2026NL3400107,,20263400107,20,1,2026,1,43,54.59717,5.257,16,19,1463,,,2,3.141592654,1,0,EMD,Valeport,13313,8.69,16381,11.3,4812.891025,F,0,38,45,7.49,,,,7.51,34.72,,34.73,38F5,
14539,1610496,12088,12287,12366,1610496,EH,I4537,NL,1340,MIKQ1NL2026,,64T2,MRN2,,1600,WovFab,500,10183431,2026NL3400107,,20263400107,20,1,2026,1,43,54.59717,5.257,16,19,1463,,,2,3.141592654,1,0,EMD,Valeport,13313,8.69,16381,11.3,4812.891025,F,0,38,45,7.49,,,,7.51,34.72,,34.73,38F5,
14539,1610496,12088,12287,12366,1610496,EH,I4537,NL,1340,MIKQ1NL2026,,64T2,MRN2,,1600,WovFab,500,10183431,2026NL3400107,,20263400107,20,1,2026,1,43,54.59717,5.257,16,19,1463,,,2,3.141592654,1,0,EMD,Valeport,13313,8.69,16381,11.3,4812.891025,F,0,38,45,7.49,,,,7.51,34.72,,34.73,38F5,
14539,1610496,12088,12287,12366,1610496,EH,I4537,NL,1340,MIKQ1NL2026,,64T2,MRN2,,1600,WovFab,500,10183431,2026NL3400107,,20263400107,20,1,2026,1,43,54.59717,5.257,16,19,1463,,,2,3.141592654,1,0,EMD,Valeport,13313,8.69,16381,11.3,4812.891025,F,0,38,45,7.49,,,,7.51,34.72,,34.73,38F5,
14539,1610496,12088,12287,12366,1610496,EH,I4537,NL,1340,MIKQ1NL2026,,64T2,MRN2,,1600,WovFab,500,10183431,2026NL3400107,,20263400107,20,1,2026,1,43,54.59717,5.257,16,19,1463,,,2,3.141592654,1,0,EMD,Valeport,13313,8.69,16381,11.3,4812.891025,F,0,38,45,7.49,,,,7.51,34.72,,34.73,38F5,
14539,1610496,12088,12287,12366,1610496,EH,I4537,NL,1340,MIKQ1NL2026,,64T2,MRN2,,1600,WovFab,500,10183431,2026NL3400107,,20263400107,20,1,2026,1,43,54.59717,5.257,16,19,1463,,,2,3.141592654,1,0,EMD,Valeport,13313,8.69,16381,11.3,4812.891025,F,0,38,45,7.49,,,,7.51,34.72,,34.73,38F5,
14539,1610497,12088,12287,12366,1610497,EH,I4537,NL,1340,MIKQ1NL2026,,64T2,MRN2,,1600,WovFab,500,10183333,2026NL3400108,,20263400108,20,1,2026,2,43,54.63967,5.52717,15,0,1233,,,2,3.141592654,1,0,EMD,Valeport,11951,8.69,14763,11.3,4320.503315,F,0,37,44,7.45,,,,7.46,34.91,,34.91,38F5,
14539,1610497,12088,12287,12366,1610497,EH,I4537,NL,1340,MIKQ1NL2026,,64T2,MRN2,,1600,WovFab,500,10183333,2026NL3400108,,20263400108,20,1,2026,2,43,54.63967,5.52717,15,0,1233,,,2,3.141592654,1,0,EMD,Valeport,11951,8.69,14763,11.3,4320.503315,F,0,37,44,7.45,,,,7.46,34.91,,34.91,38F5,
14539,1610497,12088,12287,12366,1610497,EH,I4537,NL,1340,MIKQ1NL2026,,64T2,MRN2,,1600,WovFab,500,10183333,2026NL3400108,,20263400108,20,1,2026,2,43,54.63967,5.52717,15,0,1233,,,2,3.141592654,1,0,EMD,Valeport,11951,8.69,14763,11.3,4320.503315,F,0,37,44,7.45,,,,7.46,34.91,,34.91,38F5,
14539,1610497,12088,12287,12366,1610497,EH,I4537,NL,1340,MIKQ1NL2026,,64T2,MRN2,,1600,WovFab,500,10183333,2026NL3400108,,20263400108,20,1,2026,2,43,54.63967,5.52717,15,0,1233,,,2,3.141592654,1,0,EMD,Valeport,11951,8.69,14763,11.3,4320.503315,F,0,37,44,7.45,,,,7.46,34.91,,34.91,38F5,
14539,1610497,12088,12287,12366,1610497,EH,I4537,NL,1340,MIKQ1NL2026,,64T2,MRN2,,1600,WovFab,500,10183333,2026NL3400108,,20263400108,20,1,2026,2,43,54.63967,5.52717,15,0,1233,,,2,3.141592654,1,0,EMD,Valeport,11951,8.69,14763,11.3,4320.503315,F,0,37,44,7.45,,,,7.46,34.91,,34.91,38F5,
14539,1610497,12088,12287,12366,1610497,EH,I4537,NL,1340,MIKQ1NL2026,,64T2,MRN2,,1600,WovFab,500,10183333,2026NL3400108,,20263400108,20,1,2026,2,43,54.63967,5.52717,15,0,1233,,,2,3.141592654,1,0,EMD,Valeport,11951,8.69,14763,11.3,4320.503315,F,0,37,44,7.45,,,,7.46,34.91,,34.91,38F5,
14539,1610497,12088,12287,12366,1610497,EH,I4537,NL,1340,MIKQ1NL2026,,64T2,MRN2,,1600,WovFab,500,10183333,2026NL3400108,,20263400108,20,1,2026,2,43,54.63967,5.52717,15,0,1233,,,2,3.141592654,1,0,EMD,Valeport,11951,8.69,14763,11.3,4320.503315,F,0,37,44,7.45,,,,7.46,34.91,,34.91,38F5,
14539,1610497,12088,12287,12366,1610497,EH,I4537,NL,1340,MIKQ1NL2026,,64T2,MRN2,,1600,WovFab,500,10183333,2026NL3400108,,20263400108,20,1,2026,2,43,54.63967,5.52717,15,0,1233,,,2,3.141592654,1,0,EMD,Valeport,11951,8.69,14763,11.3,4320.503315,F,0,37,44,7.45,,,,7.46,34.91,,34.91,38F5,
14539,1610497,12088,12287,12366,1610497,EH,I4537,NL,1340,MIKQ1NL2026,,64T2,MRN2,,1600,WovFab,500,10183333,2026NL3400108,,20263400108,20,1,2026,2,43,54.63967,5.52717,15,0,1233,,,2,3.141592654,1,0,EMD,Valeport,11951,8.69,14763,11.3,4320.503315,F,0,37,44,7.45,,,,7.46,34.91,,34.91,38F5,
14539,1610497,12088,12287,12366,1610497,EH,I4537,NL,1340,MIKQ1NL2026,,64T2,MRN2,,1600,WovFab,500,10183333,2026NL3400108,,20263400108,20,1,2026,2,43,54.63967,5.52717,15,0,1233,,,2,3.141592654,1,0,EMD,Valeport,11951,8.69,14763,11.3,4320.503315,F,0,37,44,7.45,,,,7.46,34.91,,34.91,38F5,
14539,1610497,12088,12287,12366,1610497,EH,I4537,NL,1340,MIKQ1NL2026,,64T2,MRN2,,1600,WovFab,500,10183333,2026NL3400108,,20263400108,20,1,2026,2,43,54.63967,5.52717,15,0,1233,,,2,3.141592654,1,0,EMD,Valeport,11951,8.69,14763,11.3,4320.503315,F,0,37,44,7.45,,,,7.46,34.91,,34.91,38F5,
14539,1610497,12088,12287,12366,1610497,EH,I4537,NL,1340,MIKQ1NL2026,,64T2,MRN2,,1600,WovFab,500,10183333,2026NL3400108,,20263400108,20,1,2026,2,43,54.63967,5.52717,15,0,1233,,,2,3.141592654,1,0,EMD,Valeport,11951,8.69,14763,11.3,4320.503315,F,0,37,44,7.45,,,,7.46,34.91,,34.91,38F5,
14539,1610497,12088,12287,12366,1610497,EH,I4537,NL,1340,MIKQ1NL2026,,64T2,MRN2,,1600,WovFab,500,10183333,2026NL3400108,,20263400108,20,1,2026,2,43,54.63967,5.52717,15,0,1233,,,2,3.141592654,1,0,EMD,Valeport,11951,8.69,14763,11.3,4320.503315,F,0,37,44,7.45,,,,7.46,34.91,,34.91,38F5,
14539,1610497,12088,12287,12366,1610497,EH,I4537,NL,1340,MIKQ1NL2026,,64T2,MRN2,,1600,WovFab,500,10183333,2026NL3400108,,20263400108,20,1,2026,2,43,54.63967,5.52717,15,0,1233,,,2,3.141592654,1,0,EMD,Valeport,11951,8.69,14763,11.3,4320.503315,F,0,37,44,7.45,,,,7.46,34.91,,34.91,38F5,
14539,1610497,12088,12287,12366,1610497,EH,I4537,NL,1340,MIKQ1NL2026,,64T2,MRN2,,1600,WovFab,500,10183333,2026NL3400108,,20263400108,20,1,2026,2,43,54.63967,5.52717,15,0,1233,,,2,3.141592654,1,0,EMD,Valeport,11951,8.69,14763,11.3,4320.503315,F,0,37,44,7.45,,,,7.46,34.91,,34.91,38F5,
14539,1610497,12088,12287,12366,1610497,EH,I4537,NL,1340,MIKQ1NL2026,,64T2,MRN2,,1600,WovFab,500,10183333,2026NL3400108,,20263400108,20,1,2026,2,43,54.63967,5.52717,15,0,1233,,,2,3.141592654,1,0,EMD,Valeport,11951,8.69,14763,11.3,4320.503315,F,0,37,44,7.45,,,,7.46,34.91,,34.91,38F5,
14539,1610497,12088,12287,12366,1610497,EH,I4537,NL,1340,MIKQ1NL2026,,64T2,MRN2,,1600,WovFab,500,10183333,2026NL3400108,,20263400108,20,1,2026,2,43,54.63967,5.52717,15,0,1233,,,2,3.141592654,1,0,EMD,Valeport,11951,8.69,14763,11.3,4320.503315,F,0,37,44,7.45,,,,7.46,34.91,,34.91,38F5,
14539,1610497,12088,12287,12366,1610497,EH,I4537,NL,1340,MIKQ1NL2026,,64T2,MRN2,,1600,WovFab,500,10183333,2026NL3400108,,20263400108,20,1,2026,2,43,54.63967,5.52717,15,0,1233,,,2,3.141592654,1,0,EMD,Valeport,11951,8.69,14763,11.3,4320.503315,F,0,37,44,7.45,,,,7.46,34.91,,34.91,38F5,
14539,1610497,12088,12287,12366,1610497,EH,I4537,NL,1340,MIKQ1NL2026,,64T2,MRN2,,1600,WovFab,500,10183333,2026NL3400108,,20263400108,20,1,2026,2,43,54.63967,5.52717,15,0,1233,,,2,3.141592654,1,0,EMD,Valeport,11951,8.69,14763,11.3,4320.503315,F,0,37,44,7.45,,,,7.46,34.91,,34.91,38F5,
14539,1610498,12088,12287,12366,1610498,EH,I4537,NL,1340,MIKQ1NL2026,,64T2,MRN2,,1600,WovFab,500,10183445,2026NL3400113,,20263400113,20,1,2026,17,22,54.25183,6.60017,11,24,1310,,,2,3.141592654,1,0,EMD,Valeport,9263,8.69,11383,11.3,3348.742549,F,0,30,37,6.25,,,,6.5,33.92,,34.21,37F6,
14539,1610498,12088,12287,12366,1610498,EH,I4537,NL,1340,MIKQ1NL2026,,64T2,MRN2,,1600,WovFab,500,10183445,2026NL3400113,,20263400113,20,1,2026,17,22,54.25183,6.60017,11,24,1310,,,2,3.141592654,1,0,EMD,Valeport,9263,8.69,11383,11.3,3348.742549,F,0,30,37,6.25,,,,6.5,33.92,,34.21,37F6,
14539,1610498,12088,12287,12366,1610498,EH,I4537,NL,1340,MIKQ1NL2026,,64T2,MRN2,,1600,WovFab,500,10183445,2026NL3400113,,20263400113,20,1,2026,17,22,54.25183,6.60017,11,24,1310,,,2,3.141592654,1,0,EMD,Valeport,9263,8.69,11383,11.3,3348.742549,F,0,30,37,6.25,,,,6.5,33.92,,34.21,37F6,
14539,1610499,12088,12287,12366,1610499,EH,I4537,NL,1340,MIKQ1NL2026,,64T2,MRN2,,1600,WovFab,500,10183444,2026NL3400114,,20263400114,20,1,2026,18,28,54.11483,6.3915,11,18,1156,,,2,3.141592654,1,0,EMD,Valeport,9266,8.69,11328,11.3,3349.827104,F,0,29,36,5.96,,,,6.06,33.77,,33.85,37F6,
14539,1610503,12088,12287,12366,1610503,EH,I4537,NL,1340,MIKQ1NL2026,,64T2,MRN2,,1600,WovFab,500,10183340,2026NL3400118,,20263400118,20,1,2026,23,13,53.929,7.48683,11,55,1418,,,2,3.141592654,1,0,EMD,Valeport,9888,8.69,11894,11.3,3574.691388,F,0,21,28,4.7,,,,4.73,32.79,,32.95,36F7,
14539,1610503,12088,12287,12366,1610503,EH,I4537,NL,1340,MIKQ1NL2026,,64T2,MRN2,,1600,WovFab,500,10183340,2026NL3400118,,20263400118,20,1,2026,23,13,53.929,7.48683,11,55,1418,,,2,3.141592654,1,0,EMD,Valeport,9888,8.69,11894,11.3,3574.691388,F,0,21,28,4.7,,,,4.73,32.79,,32.95,36F7,
14539,1610506,12088,12287,12366,1610506,EH,I4537,NL,1340,MIKQ1NL2026,,64T2,MRN2,,1600,WovFab,500,10183371,2026NL3400121,,20263400121,21,1,2026,3,17,54.23617,8.16117,10,52,711,,,2,3.141592654,1,0,EMD,Valeport,8726,8.69,10523,11.3,3154.607307,F,0,9,15,4.87,,,,4.88,33.04,,33.06,37F8,
14539,1610509,12088,12287,12366,1610509,EH,I4537,NL,1340,MIKQ1NL2026,,64T2,MRN2,,1600,WovFab,500,10183400,2026NL3400124,,20263400124,21,1,2026,18,4,53.65783,5.6105,10,37,1018,,,2,3.141592654,1,0,EMD,Valeport,9195,8.69,10939,11.3,3324.159316,F,0,23,29,5.03,,,,5.04,32.44,,32.46,36F5,
14539,1610509,12088,12287,12366,1610509,EH,I4537,NL,1340,MIKQ1NL2026,,64T2,MRN2,,1600,WovFab,500,10183400,2026NL3400124,,20263400124,21,1,2026,18,4,53.65783,5.6105,10,37,1018,,,2,3.141592654,1,0,EMD,Valeport,9195,8.69,10939,11.3,3324.159316,F,0,23,29,5.03,,,,5.04,32.44,,32.46,36F5,
14539,1610509,12088,12287,12366,1610509,EH,I4537,NL,1340,MIKQ1NL2026,,64T2,MRN2,,1600,WovFab,500,10183400,2026NL3400124,,20263400124,21,1,2026,18,4,53.65783,5.6105,10,37,1018,,,2,3.141592654,1,0,EMD,Valeport,9195,8.69,10939,11.3,3324.159316,F,0,23,29,5.03,,,,5.04,32.44,,32.46,36F5,
14539,1610509,12088,12287,12366,1610509,EH,I4537,NL,1340,MIKQ1NL2026,,64T2,MRN2,,1600,WovFab,500,10183400,2026NL3400124,,20263400124,21,1,2026,18,4,53.65783,5.6105,10,37,1018,,,2,3.141592654,1,0,EMD,Valeport,9195,8.69,10939,11.3,3324.159316,F,0,23,29,5.03,,,,5.04,32.44,,32.46,36F5,
14539,1610509,12088,12287,12366,1610509,EH,I4537,NL,1340,MIKQ1NL2026,,64T2,MRN2,,1600,WovFab,500,10183400,2026NL3400124,,20263400124,21,1,2026,18,4,53.65783,5.6105,10,37,1018,,,2,3.141592654,1,0,EMD,Valeport,9195,8.69,10939,11.3,3324.159316,F,0,23,29,5.03,,,,5.04,32.44,,32.46,36F5,
14539,1610510,12088,12287,12366,1610510,EH,I4537,NL,1340,MIKQ1NL2026,,64T2,MRN2,,1600,WovFab,500,10183346,2026NL3400125,,20263400125,21,1,2026,19,4,53.60183,5.32633,11,19,837,,,2,3.141592654,1,0,EMD,Valeport,10008,8.69,11730,11.3,3618.073565,F,0,21,26,5,,,,5.08,32.2,,32.31,36F5,
14539,1610510,12088,12287,12366,1610510,EH,I4537,NL,1340,MIKQ1NL2026,,64T2,MRN2,,1600,WovFab,500,10183346,2026NL3400125,,20263400125,21,1,2026,19,4,53.60183,5.32633,11,19,837,,,2,3.141592654,1,0,EMD,Valeport,10008,8.69,11730,11.3,3618.073565,F,0,21,26,5,,,,5.08,32.2,,32.31,36F5,
14539,1610510,12088,12287,12366,1610510,EH,I4537,NL,1340,MIKQ1NL2026,,64T2,MRN2,,1600,WovFab,500,10183346,2026NL3400125,,20263400125,21,1,2026,19,4,53.60183,5.32633,11,19,837,,,2,3.141592654,1,0,EMD,Valeport,10008,8.69,11730,11.3,3618.073565,F,0,21,26,5,,,,5.08,32.2,,32.31,36F5,
14539,1610510,12088,12287,12366,1610510,EH,I4537,NL,1340,MIKQ1NL2026,,64T2,MRN2,,1600,WovFab,500,10183346,2026NL3400125,,20263400125,21,1,2026,19,4,53.60183,5.32633,11,19,837,,,2,3.141592654,1,0,EMD,Valeport,10008,8.69,11730,11.3,3618.073565,F,0,21,26,5,,,,5.08,32.2,,32.31,36F5,
14539,1610510,12088,12287,12366,1610510,EH,I4537,NL,1340,MIKQ1NL2026,,64T2,MRN2,,1600,WovFab,500,10183346,2026NL3400125,,20263400125,21,1,2026,19,4,53.60183,5.32633,11,19,837,,,2,3.141592654,1,0,EMD,Valeport,10008,8.69,11730,11.3,3618.073565,F,0,21,26,5,,,,5.08,32.2,,32.31,36F5,
14539,1610510,12088,12287,12366,1610510,EH,I4537,NL,1340,MIKQ1NL2026,,64T2,MRN2,,1600,WovFab,500,10183346,2026NL3400125,,20263400125,21,1,2026,19,4,53.60183,5.32633,11,19,837,,,2,3.141592654,1,0,EMD,Valeport,10008,8.69,11730,11.3,3618.073565,F,0,21,26,5,,,,5.08,32.2,,32.31,36F5,
14539,1610511,12088,12287,12366,1610511,EH,I4537,NL,1340,MIKQ1NL2026,,64T2,MRN2,,1600,WovFab,500,10183418,2026NL3400126,,20263400126,21,1,2026,21,43,53.40617,4.472,13,49,1365,,,2,3.141592654,1,0,EMD,Valeport,13078,8.69,15089,11.3,4727.934261,F,0,23,30,6.8,,,,6.81,34.8,,34.8,35F4,
14539,1610511,12088,12287,12366,1610511,EH,I4537,NL,1340,MIKQ1NL2026,,64T2,MRN2,,1600,WovFab,500,10183418,2026NL3400126,,20263400126,21,1,2026,21,43,53.40617,4.472,13,49,1365,,,2,3.141592654,1,0,EMD,Valeport,13078,8.69,15089,11.3,4727.934261,F,0,23,30,6.8,,,,6.81,34.8,,34.8,35F4,
14539,1610511,12088,12287,12366,1610511,EH,I4537,NL,1340,MIKQ1NL2026,,64T2,MRN2,,1600,WovFab,500,10183418,2026NL3400126,,20263400126,21,1,2026,21,43,53.40617,4.472,13,49,1365,,,2,3.141592654,1,0,EMD,Valeport,13078,8.69,15089,11.3,4727.934261,F,0,23,30,6.8,,,,6.81,34.8,,34.8,35F4,
14539,1610511,12088,12287,12366,1610511,EH,I4537,NL,1340,MIKQ1NL2026,,64T2,MRN2,,1600,WovFab,500,10183418,2026NL3400126,,20263400126,21,1,2026,21,43,53.40617,4.472,13,49,1365,,,2,3.141592654,1,0,EMD,Valeport,13078,8.69,15089,11.3,4727.934261,F,0,23,30,6.8,,,,6.81,34.8,,34.8,35F4,
14539,1610511,12088,12287,12366,1610511,EH,I4537,NL,1340,MIKQ1NL2026,,64T2,MRN2,,1600,WovFab,500,10183418,2026NL3400126,,20263400126,21,1,2026,21,43,53.40617,4.472,13,49,1365,,,2,3.141592654,1,0,EMD,Valeport,13078,8.69,15089,11.3,4727.934261,F,0,23,30,6.8,,,,6.81,34.8,,34.8,35F4,
14539,1610511,12088,12287,12366,1610511,EH,I4537,NL,1340,MIKQ1NL2026,,64T2,MRN2,,1600,WovFab,500,10183418,2026NL3400126,,20263400126,21,1,2026,21,43,53.40617,4.472,13,49,1365,,,2,3.141592654,1,0,EMD,Valeport,13078,8.69,15089,11.3,4727.934261,F,0,23,30,6.8,,,,6.81,34.8,,34.8,35F4,
14539,1610511,12088,12287,12366,1610511,EH,I4537,NL,1340,MIKQ1NL2026,,64T2,MRN2,,1600,WovFab,500,10183418,2026NL3400126,,20263400126,21,1,2026,21,43,53.40617,4.472,13,49,1365,,,2,3.141592654,1,0,EMD,Valeport,13078,8.69,15089,11.3,4727.934261,F,0,23,30,6.8,,,,6.81,34.8,,34.8,35F4,
14539,1610511,12088,12287,12366,1610511,EH,I4537,NL,1340,MIKQ1NL2026,,64T2,MRN2,,1600,WovFab,500,10183418,2026NL3400126,,20263400126,21,1,2026,21,43,53.40617,4.472,13,49,1365,,,2,3.141592654,1,0,EMD,Valeport,13078,8.69,15089,11.3,4727.934261,F,0,23,30,6.8,,,,6.81,34.8,,34.8,35F4,
14539,1610511,12088,12287,12366,1610511,EH,I4537,NL,1340,MIKQ1NL2026,,64T2,MRN2,,1600,WovFab,500,10183418,2026NL3400126,,20263400126,21,1,2026,21,43,53.40617,4.472,13,49,1365,,,2,3.141592654,1,0,EMD,Valeport,13078,8.69,15089,11.3,4727.934261,F,0,23,30,6.8,,,,6.81,34.8,,34.8,35F4,
14539,1610511,12088,12287,12366,1610511,EH,I4537,NL,1340,MIKQ1NL2026,,64T2,MRN2,,1600,WovFab,500,10183418,2026NL3400126,,20263400126,21,1,2026,21,43,53.40617,4.472,13,49,1365,,,2,3.141592654,1,0,EMD,Valeport,13078,8.69,15089,11.3,4727.934261,F,0,23,30,6.8,,,,6.81,34.8,,34.8,35F4,
14539,1610511,12088,12287,12366,1610511,EH,I4537,NL,1340,MIKQ1NL2026,,64T2,MRN2,,1600,WovFab,500,10183418,2026NL3400126,,20263400126,21,1,2026,21,43,53.40617,4.472,13,49,1365,,,2,3.141592654,1,0,EMD,Valeport,13078,8.69,15089,11.3,4727.934261,F,0,23,30,6.8,,,,6.81,34.8,,34.8,35F4,
14539,1610511,12088,12287,12366,1610511,EH,I4537,NL,1340,MIKQ1NL2026,,64T2,MRN2,,1600,WovFab,500,10183418,2026NL3400126,,20263400126,21,1,2026,21,43,53.40617,4.472,13,49,1365,,,2,3.141592654,1,0,EMD,Valeport,13078,8.69,15089,11.3,4727.934261,F,0,23,30,6.8,,,,6.81,34.8,,34.8,35F4,
14539,1610512,12088,12287,12366,1610512,EH,I4537,NL,1340,MIKQ1NL2026,,64T2,MRN2,,1600,WovFab,500,10183375,2026NL3400127,,20263400127,21,1,2026,22,52,53.34433,4.13433,12,48,1434,,,2,3.141592654,1,0,EMD,Valeport,12051,8.69,13777,11.3,4356.655129,F,0,20,26,7.43,,,,7.43,34.93,,34.93,35F4,
14539,1610512,12088,12287,12366,1610512,EH,I4537,NL,1340,MIKQ1NL2026,,64T2,MRN2,,1600,WovFab,500,10183375,2026NL3400127,,20263400127,21,1,2026,22,52,53.34433,4.13433,12,48,1434,,,2,3.141592654,1,0,EMD,Valeport,12051,8.69,13777,11.3,4356.655129,F,0,20,26,7.43,,,,7.43,34.93,,34.93,35F4,
14539,1610512,12088,12287,12366,1610512,EH,I4537,NL,1340,MIKQ1NL2026,,64T2,MRN2,,1600,WovFab,500,10183375,2026NL3400127,,20263400127,21,1,2026,22,52,53.34433,4.13433,12,48,1434,,,2,3.141592654,1,0,EMD,Valeport,12051,8.69,13777,11.3,4356.655129,F,0,20,26,7.43,,,,7.43,34.93,,34.93,35F4,
14539,1610512,12088,12287,12366,1610512,EH,I4537,NL,1340,MIKQ1NL2026,,64T2,MRN2,,1600,WovFab,500,10183375,2026NL3400127,,20263400127,21,1,2026,22,52,53.34433,4.13433,12,48,1434,,,2,3.141592654,1,0,EMD,Valeport,12051,8.69,13777,11.3,4356.655129,F,0,20,26,7.43,,,,7.43,34.93,,34.93,35F4,
14539,1610512,12088,12287,12366,1610512,EH,I4537,NL,1340,MIKQ1NL2026,,64T2,MRN2,,1600,WovFab,500,10183375,2026NL3400127,,20263400127,21,1,2026,22,52,53.34433,4.13433,12,48,1434,,,2,3.141592654,1,0,EMD,Valeport,12051,8.69,13777,11.3,4356.655129,F,0,20,26,7.43,,,,7.43,34.93,,34.93,35F4,
14539,1610512,12088,12287,12366,1610512,EH,I4537,NL,1340,MIKQ1NL2026,,64T2,MRN2,,1600,WovFab,500,10183375,2026NL3400127,,20263400127,21,1,2026,22,52,53.34433,4.13433,12,48,1434,,,2,3.141592654,1,0,EMD,Valeport,12051,8.69,13777,11.3,4356.655129,F,0,20,26,7.43,,,,7.43,34.93,,34.93,35F4,
14539,1610512,12088,12287,12366,1610512,EH,I4537,NL,1340,MIKQ1NL2026,,64T2,MRN2,,1600,WovFab,500,10183375,2026NL3400127,,20263400127,21,1,2026,22,52,53.34433,4.13433,12,48,1434,,,2,3.141592654,1,0,EMD,Valeport,12051,8.69,13777,11.3,4356.655129,F,0,20,26,7.43,,,,7.43,34.93,,34.93,35F4,
14539,1610512,12088,12287,12366,1610512,EH,I4537,NL,1340,MIKQ1NL2026,,64T2,MRN2,,1600,WovFab,500,10183375,2026NL3400127,,20263400127,21,1,2026,22,52,53.34433,4.13433,12,48,1434,,,2,3.141592654,1,0,EMD,Valeport,12051,8.69,13777,11.3,4356.655129,F,0,20,26,7.43,,,,7.43,34.93,,34.93,35F4,
14539,1610512,12088,12287,12366,1610512,EH,I4537,NL,1340,MIKQ1NL2026,,64T2,MRN2,,1600,WovFab,500,10183375,2026NL3400127,,20263400127,21,1,2026,22,52,53.34433,4.13433,12,48,1434,,,2,3.141592654,1,0,EMD,Valeport,12051,8.69,13777,11.3,4356.655129,F,0,20,26,7.43,,,,7.43,34.93,,34.93,35F4,
14539,1610512,12088,12287,12366,1610512,EH,I4537,NL,1340,MIKQ1NL2026,,64T2,MRN2,,1600,WovFab,500,10183375,2026NL3400127,,20263400127,21,1,2026,22,52,53.34433,4.13433,12,48,1434,,,2,3.141592654,1,0,EMD,Valeport,12051,8.69,13777,11.3,4356.655129,F,0,20,26,7.43,,,,7.43,34.93,,34.93,35F4,
14539,1610512,12088,12287,12366,1610512,EH,I4537,NL,1340,MIKQ1NL2026,,64T2,MRN2,,1600,WovFab,500,10183375,2026NL3400127,,20263400127,21,1,2026,22,52,53.34433,4.13433,12,48,1434,,,2,3.141592654,1,0,EMD,Valeport,12051,8.69,13777,11.3,4356.655129,F,0,20,26,7.43,,,,7.43,34.93,,34.93,35F4,
14539,1610512,12088,12287,12366,1610512,EH,I4537,NL,1340,MIKQ1NL2026,,64T2,MRN2,,1600,WovFab,500,10183375,2026NL3400127,,20263400127,21,1,2026,22,52,53.34433,4.13433,12,48,1434,,,2,3.141592654,1,0,EMD,Valeport,12051,8.69,13777,11.3,4356.655129,F,0,20,26,7.43,,,,7.43,34.93,,34.93,35F4,
14539,1610512,12088,12287,12366,1610512,EH,I4537,NL,1340,MIKQ1NL2026,,64T2,MRN2,,1600,WovFab,500,10183375,2026NL3400127,,20263400127,21,1,2026,22,52,53.34433,4.13433,12,48,1434,,,2,3.141592654,1,0,EMD,Valeport,12051,8.69,13777,11.3,4356.655129,F,0,20,26,7.43,,,,7.43,34.93,,34.93,35F4,
14539,1610512,12088,12287,12366,1610512,EH,I4537,NL,1340,MIKQ1NL2026,,64T2,MRN2,,1600,WovFab,500,10183375,2026NL3400127,,20263400127,21,1,2026,22,52,53.34433,4.13433,12,48,1434,,,2,3.141592654,1,0,EMD,Valeport,12051,8.69,13777,11.3,4356.655129,F,0,20,26,7.43,,,,7.43,34.93,,34.93,35F4,
14539,1610513,12088,12287,12366,1610513,EH,I4537,NL,1340,MIKQ1NL2026,,64T2,MRN2,,1600,WovFab,500,10183738,2026NL3400128,,20263400128,21,1,2026,23,51,53.28433,3.84517,12,49,1673,,,2,3.141592654,1,0,EMD,Valeport,11428,8.69,13225,11.3,4131.429327,F,0,20,26,7.65,,,,7.66,,,,35F3,
14539,1610513,12088,12287,12366,1610513,EH,I4537,NL,1340,MIKQ1NL2026,,64T2,MRN2,,1600,WovFab,500,10183738,2026NL3400128,,20263400128,21,1,2026,23,51,53.28433,3.84517,12,49,1673,,,2,3.141592654,1,0,EMD,Valeport,11428,8.69,13225,11.3,4131.429327,F,0,20,26,7.65,,,,7.66,,,,35F3,
14539,1610513,12088,12287,12366,1610513,EH,I4537,NL,1340,MIKQ1NL2026,,64T2,MRN2,,1600,WovFab,500,10183738,2026NL3400128,,20263400128,21,1,2026,23,51,53.28433,3.84517,12,49,1673,,,2,3.141592654,1,0,EMD,Valeport,11428,8.69,13225,11.3,4131.429327,F,0,20,26,7.65,,,,7.66,,,,35F3,
14539,1610513,12088,12287,12366,1610513,EH,I4537,NL,1340,MIKQ1NL2026,,64T2,MRN2,,1600,WovFab,500,10183738,2026NL3400128,,20263400128,21,1,2026,23,51,53.28433,3.84517,12,49,1673,,,2,3.141592654,1,0,EMD,Valeport,11428,8.69,13225,11.3,4131.429327,F,0,20,26,7.65,,,,7.66,,,,35F3,
14539,1610513,12088,12287,12366,1610513,EH,I4537,NL,1340,MIKQ1NL2026,,64T2,MRN2,,1600,WovFab,500,10183738,2026NL3400128,,20263400128,21,1,2026,23,51,53.28433,3.84517,12,49,1673,,,2,3.141592654,1,0,EMD,Valeport,11428,8.69,13225,11.3,4131.429327,F,0,20,26,7.65,,,,7.66,,,,35F3,
14539,1610513,12088,12287,12366,1610513,EH,I4537,NL,1340,MIKQ1NL2026,,64T2,MRN2,,1600,WovFab,500,10183738,2026NL3400128,,20263400128,21,1,2026,23,51,53.28433,3.84517,12,49,1673,,,2,3.141592654,1,0,EMD,Valeport,11428,8.69,13225,11.3,4131.429327,F,0,20,26,7.65,,,,7.66,,,,35F3,
14539,1610513,12088,12287,12366,1610513,EH,I4537,NL,1340,MIKQ1NL2026,,64T2,MRN2,,1600,WovFab,500,10183738,2026NL3400128,,20263400128,21,1,2026,23,51,53.28433,3.84517,12,49,1673,,,2,3.141592654,1,0,EMD,Valeport,11428,8.69,13225,11.3,4131.429327,F,0,20,26,7.65,,,,7.66,,,,35F3,
14539,1610513,12088,12287,12366,1610513,EH,I4537,NL,1340,MIKQ1NL2026,,64T2,MRN2,,1600,WovFab,500,10183738,2026NL3400128,,20263400128,21,1,2026,23,51,53.28433,3.84517,12,49,1673,,,2,3.141592654,1,0,EMD,Valeport,11428,8.69,13225,11.3,4131.429327,F,0,20,26,7.65,,,,7.66,,,,35F3,
14539,1610514,12088,12287,12366,1610514,EH,I4537,NL,1340,MIKQ1NL2026,,64T2,MRN2,,1600,WovFab,500,10183342,2026NL3400129,,20263400129,22,1,2026,0,52,53.1125,3.841,10,58,1328,,,2,3.141592654,1,0,EMD,Valeport,9734,8.69,11573,11.3,3519.017594,F,0,22,29,7.74,,,,7.75,34.97,,34.98,35F3,
14539,1610514,12088,12287,12366,1610514,EH,I4537,NL,1340,MIKQ1NL2026,,64T2,MRN2,,1600,WovFab,500,10183342,2026NL3400129,,20263400129,22,1,2026,0,52,53.1125,3.841,10,58,1328,,,2,3.141592654,1,0,EMD,Valeport,9734,8.69,11573,11.3,3519.017594,F,0,22,29,7.74,,,,7.75,34.97,,34.98,35F3,
14539,1610515,12088,12287,12366,1610515,EH,I4537,NL,1340,MIKQ1NL2026,,64T2,MRN2,,1600,WovFab,500,10183332,2026NL3400130,,20263400130,22,1,2026,2,18,52.84617,3.876,11,40,1166,,,2,3.141592654,1,0,EMD,Valeport,9881,8.69,11704,11.3,3572.160761,F,0,20,27,7.4,,,,7.41,34.87,,34.87,34F3,
14539,1610515,12088,12287,12366,1610515,EH,I4537,NL,1340,MIKQ1NL2026,,64T2,MRN2,,1600,WovFab,500,10183332,2026NL3400130,,20263400130,22,1,2026,2,18,52.84617,3.876,11,40,1166,,,2,3.141592654,1,0,EMD,Valeport,9881,8.69,11704,11.3,3572.160761,F,0,20,27,7.4,,,,7.41,34.87,,34.87,34F3,
14539,1610515,12088,12287,12366,1610515,EH,I4537,NL,1340,MIKQ1NL2026,,64T2,MRN2,,1600,WovFab,500,10183332,2026NL3400130,,20263400130,22,1,2026,2,18,52.84617,3.876,11,40,1166,,,2,3.141592654,1,0,EMD,Valeport,9881,8.69,11704,11.3,3572.160761,F,0,20,27,7.4,,,,7.41,34.87,,34.87,34F3,
14539,1610515,12088,12287,12366,1610515,EH,I4537,NL,1340,MIKQ1NL2026,,64T2,MRN2,,1600,WovFab,500,10183332,2026NL3400130,,20263400130,22,1,2026,2,18,52.84617,3.876,11,40,1166,,,2,3.141592654,1,0,EMD,Valeport,9881,8.69,11704,11.3,3572.160761,F,0,20,27,7.4,,,,7.41,34.87,,34.87,34F3,
14539,1610515,12088,12287,12366,1610515,EH,I4537,NL,1340,MIKQ1NL2026,,64T2,MRN2,,1600,WovFab,500,10183332,2026NL3400130,,20263400130,22,1,2026,2,18,52.84617,3.876,11,40,1166,,,2,3.141592654,1,0,EMD,Valeport,9881,8.69,11704,11.3,3572.160761,F,0,20,27,7.4,,,,7.41,34.87,,34.87,34F3,
14539,1610515,12088,12287,12366,1610515,EH,I4537,NL,1340,MIKQ1NL2026,,64T2,MRN2,,1600,WovFab,500,10183332,2026NL3400130,,20263400130,22,1,2026,2,18,52.84617,3.876,11,40,1166,,,2,3.141592654,1,0,EMD,Valeport,9881,8.69,11704,11.3,3572.160761,F,0,20,27,7.4,,,,7.41,34.87,,34.87,34F3,
14539,1610515,12088,12287,12366,1610515,EH,I4537,NL,1340,MIKQ1NL2026,,64T2,MRN2,,1600,WovFab,500,10183332,2026NL3400130,,20263400130,22,1,2026,2,18,52.84617,3.876,11,40,1166,,,2,3.141592654,1,0,EMD,Valeport,9881,8.69,11704,11.3,3572.160761,F,0,20,27,7.4,,,,7.41,34.87,,34.87,34F3,
14539,1610515,12088,12287,12366,1610515,EH,I4537,NL,1340,MIKQ1NL2026,,64T2,MRN2,,1600,WovFab,500,10183332,2026NL3400130,,20263400130,22,1,2026,2,18,52.84617,3.876,11,40,1166,,,2,3.141592654,1,0,EMD,Valeport,9881,8.69,11704,11.3,3572.160761,F,0,20,27,7.4,,,,7.41,34.87,,34.87,34F3,
14539,1610516,12088,12287,12366,1610516,EH,I4537,NL,1340,MIKQ1NL2026,,64T2,MRN2,,1600,WovFab,500,10183343,2026NL3400131,,20263400131,22,1,2026,3,21,52.672,3.887,10,53,739,,,2,3.141592654,1,0,EMD,Valeport,9411,8.69,11143,11.3,3402.247234,F,0,17,24,7.26,,,,7.26,34.85,,34.86,34F3,
14539,1610516,12088,12287,12366,1610516,EH,I4537,NL,1340,MIKQ1NL2026,,64T2,MRN2,,1600,WovFab,500,10183343,2026NL3400131,,20263400131,22,1,2026,3,21,52.672,3.887,10,53,739,,,2,3.141592654,1,0,EMD,Valeport,9411,8.69,11143,11.3,3402.247234,F,0,17,24,7.26,,,,7.26,34.85,,34.86,34F3,
14539,1610516,12088,12287,12366,1610516,EH,I4537,NL,1340,MIKQ1NL2026,,64T2,MRN2,,1600,WovFab,500,10183343,2026NL3400131,,20263400131,22,1,2026,3,21,52.672,3.887,10,53,739,,,2,3.141592654,1,0,EMD,Valeport,9411,8.69,11143,11.3,3402.247234,F,0,17,24,7.26,,,,7.26,34.85,,34.86,34F3,
14539,1610516,12088,12287,12366,1610516,EH,I4537,NL,1340,MIKQ1NL2026,,64T2,MRN2,,1600,WovFab,500,10183343,2026NL3400131,,20263400131,22,1,2026,3,21,52.672,3.887,10,53,739,,,2,3.141592654,1,0,EMD,Valeport,9411,8.69,11143,11.3,3402.247234,F,0,17,24,7.26,,,,7.26,34.85,,34.86,34F3,
14539,1610516,12088,12287,12366,1610516,EH,I4537,NL,1340,MIKQ1NL2026,,64T2,MRN2,,1600,WovFab,500,10183343,2026NL3400131,,20263400131,22,1,2026,3,21,52.672,3.887,10,53,739,,,2,3.141592654,1,0,EMD,Valeport,9411,8.69,11143,11.3,3402.247234,F,0,17,24,7.26,,,,7.26,34.85,,34.86,34F3,
14539,1610516,12088,12287,12366,1610516,EH,I4537,NL,1340,MIKQ1NL2026,,64T2,MRN2,,1600,WovFab,500,10183343,2026NL3400131,,20263400131,22,1,2026,3,21,52.672,3.887,10,53,739,,,2,3.141592654,1,0,EMD,Valeport,9411,8.69,11143,11.3,3402.247234,F,0,17,24,7.26,,,,7.26,34.85,,34.86,34F3,
14539,1610516,12088,12287,12366,1610516,EH,I4537,NL,1340,MIKQ1NL2026,,64T2,MRN2,,1600,WovFab,500,10183343,2026NL3400131,,20263400131,22,1,2026,3,21,52.672,3.887,10,53,739,,,2,3.141592654,1,0,EMD,Valeport,9411,8.69,11143,11.3,3402.247234,F,0,17,24,7.26,,,,7.26,34.85,,34.86,34F3,
14539,1610516,12088,12287,12366,1610516,EH,I4537,NL,1340,MIKQ1NL2026,,64T2,MRN2,,1600,WovFab,500,10183343,2026NL3400131,,20263400131,22,1,2026,3,21,52.672,3.887,10,53,739,,,2,3.141592654,1,0,EMD,Valeport,9411,8.69,11143,11.3,3402.247234,F,0,17,24,7.26,,,,7.26,34.85,,34.86,34F3,
14539,1610516,12088,12287,12366,1610516,EH,I4537,NL,1340,MIKQ1NL2026,,64T2,MRN2,,1600,WovFab,500,10183343,2026NL3400131,,20263400131,22,1,2026,3,21,52.672,3.887,10,53,739,,,2,3.141592654,1,0,EMD,Valeport,9411,8.69,11143,11.3,3402.247234,F,0,17,24,7.26,,,,7.26,34.85,,34.86,34F3,
14539,1610516,12088,12287,12366,1610516,EH,I4537,NL,1340,MIKQ1NL2026,,64T2,MRN2,,1600,WovFab,500,10183343,2026NL3400131,,20263400131,22,1,2026,3,21,52.672,3.887,10,53,739,,,2,3.141592654,1,0,EMD,Valeport,9411,8.69,11143,11.3,3402.247234,F,0,17,24,7.26,,,,7.26,34.85,,34.86,34F3,
14539,1610517,12088,12287,12366,1610517,EH,I4537,NL,1340,MIKQ1NL2026,,64T2,MRN2,,1600,WovFab,500,10183344,2026NL3400132,,20263400132,22,1,2026,4,22,52.75267,4.1515,11,39,1825,,,2,3.141592654,1,0,EMD,Valeport,10570,8.69,12225,11.3,3821.246761,F,0,19,26,6.53,,,,6.65,34.63,,34.72,34F4,
14539,1610517,12088,12287,12366,1610517,EH,I4537,NL,1340,MIKQ1NL2026,,64T2,MRN2,,1600,WovFab,500,10183344,2026NL3400132,,20263400132,22,1,2026,4,22,52.75267,4.1515,11,39,1825,,,2,3.141592654,1,0,EMD,Valeport,10570,8.69,12225,11.3,3821.246761,F,0,19,26,6.53,,,,6.65,34.63,,34.72,34F4,
14539,1610517,12088,12287,12366,1610517,EH,I4537,NL,1340,MIKQ1NL2026,,64T2,MRN2,,1600,WovFab,500,10183344,2026NL3400132,,20263400132,22,1,2026,4,22,52.75267,4.1515,11,39,1825,,,2,3.141592654,1,0,EMD,Valeport,10570,8.69,12225,11.3,3821.246761,F,0,19,26,6.53,,,,6.65,34.63,,34.72,34F4,
14539,1610517,12088,12287,12366,1610517,EH,I4537,NL,1340,MIKQ1NL2026,,64T2,MRN2,,1600,WovFab,500,10183344,2026NL3400132,,20263400132,22,1,2026,4,22,52.75267,4.1515,11,39,1825,,,2,3.141592654,1,0,EMD,Valeport,10570,8.69,12225,11.3,3821.246761,F,0,19,26,6.53,,,,6.65,34.63,,34.72,34F4,
14539,1610517,12088,12287,12366,1610517,EH,I4537,NL,1340,MIKQ1NL2026,,64T2,MRN2,,1600,WovFab,500,10183344,2026NL3400132,,20263400132,22,1,2026,4,22,52.75267,4.1515,11,39,1825,,,2,3.141592654,1,0,EMD,Valeport,10570,8.69,12225,11.3,3821.246761,F,0,19,26,6.53,,,,6.65,34.63,,34.72,34F4,
14539,1610517,12088,12287,12366,1610517,EH,I4537,NL,1340,MIKQ1NL2026,,64T2,MRN2,,1600,WovFab,500,10183344,2026NL3400132,,20263400132,22,1,2026,4,22,52.75267,4.1515,11,39,1825,,,2,3.141592654,1,0,EMD,Valeport,10570,8.69,12225,11.3,3821.246761,F,0,19,26,6.53,,,,6.65,34.63,,34.72,34F4,
14539,1610517,12088,12287,12366,1610517,EH,I4537,NL,1340,MIKQ1NL2026,,64T2,MRN2,,1600,WovFab,500,10183344,2026NL3400132,,20263400132,22,1,2026,4,22,52.75267,4.1515,11,39,1825,,,2,3.141592654,1,0,EMD,Valeport,10570,8.69,12225,11.3,3821.246761,F,0,19,26,6.53,,,,6.65,34.63,,34.72,34F4,
14539,1610517,12088,12287,12366,1610517,EH,I4537,NL,1340,MIKQ1NL2026,,64T2,MRN2,,1600,WovFab,500,10183344,2026NL3400132,,20263400132,22,1,2026,4,22,52.75267,4.1515,11,39,1825,,,2,3.141592654,1,0,EMD,Valeport,10570,8.69,12225,11.3,3821.246761,F,0,19,26,6.53,,,,6.65,34.63,,34.72,34F4,
14539,1610517,12088,12287,12366,1610517,EH,I4537,NL,1340,MIKQ1NL2026,,64T2,MRN2,,1600,WovFab,500,10183344,2026NL3400132,,20263400132,22,1,2026,4,22,52.75267,4.1515,11,39,1825,,,2,3.141592654,1,0,EMD,Valeport,10570,8.69,12225,11.3,3821.246761,F,0,19,26,6.53,,,,6.65,34.63,,34.72,34F4,
14539,1610517,12088,12287,12366,1610517,EH,I4537,NL,1340,MIKQ1NL2026,,64T2,MRN2,,1600,WovFab,500,10183344,2026NL3400132,,20263400132,22,1,2026,4,22,52.75267,4.1515,11,39,1825,,,2,3.141592654,1,0,EMD,Valeport,10570,8.69,12225,11.3,3821.246761,F,0,19,26,6.53,,,,6.65,34.63,,34.72,34F4,
14539,1610518,12088,12287,12366,1610518,EH,I4537,NL,1340,MIKQ1NL2026,,64T2,MRN2,,1600,WovFab,500,10183419,2026NL3400133,,20263400133,22,1,2026,5,18,52.91683,4.31817,13,15,2001,,,2,3.141592654,1,0,EMD,Valeport,10764,8.69,13162,11.3,3891.381281,F,0,19,27,6.46,,,,6.48,34.57,,34.58,34F4,
14539,1610518,12088,12287,12366,1610518,EH,I4537,NL,1340,MIKQ1NL2026,,64T2,MRN2,,1600,WovFab,500,10183419,2026NL3400133,,20263400133,22,1,2026,5,18,52.91683,4.31817,13,15,2001,,,2,3.141592654,1,0,EMD,Valeport,10764,8.69,13162,11.3,3891.381281,F,0,19,27,6.46,,,,6.48,34.57,,34.58,34F4,
14539,1610518,12088,12287,12366,1610518,EH,I4537,NL,1340,MIKQ1NL2026,,64T2,MRN2,,1600,WovFab,500,10183419,2026NL3400133,,20263400133,22,1,2026,5,18,52.91683,4.31817,13,15,2001,,,2,3.141592654,1,0,EMD,Valeport,10764,8.69,13162,11.3,3891.381281,F,0,19,27,6.46,,,,6.48,34.57,,34.58,34F4,
14539,1610518,12088,12287,12366,1610518,EH,I4537,NL,1340,MIKQ1NL2026,,64T2,MRN2,,1600,WovFab,500,10183419,2026NL3400133,,20263400133,22,1,2026,5,18,52.91683,4.31817,13,15,2001,,,2,3.141592654,1,0,EMD,Valeport,10764,8.69,13162,11.3,3891.381281,F,0,19,27,6.46,,,,6.48,34.57,,34.58,34F4,
14539,1610518,12088,12287,12366,1610518,EH,I4537,NL,1340,MIKQ1NL2026,,64T2,MRN2,,1600,WovFab,500,10183419,2026NL3400133,,20263400133,22,1,2026,5,18,52.91683,4.31817,13,15,2001,,,2,3.141592654,1,0,EMD,Valeport,10764,8.69,13162,11.3,3891.381281,F,0,19,27,6.46,,,,6.48,34.57,,34.58,34F4,
14539,1610518,12088,12287,12366,1610518,EH,I4537,NL,1340,MIKQ1NL2026,,64T2,MRN2,,1600,WovFab,500,10183419,2026NL3400133,,20263400133,22,1,2026,5,18,52.91683,4.31817,13,15,2001,,,2,3.141592654,1,0,EMD,Valeport,10764,8.69,13162,11.3,3891.381281,F,0,19,27,6.46,,,,6.48,34.57,,34.58,34F4,
14539,1610518,12088,12287,12366,1610518,EH,I4537,NL,1340,MIKQ1NL2026,,64T2,MRN2,,1600,WovFab,500,10183419,2026NL3400133,,20263400133,22,1,2026,5,18,52.91683,4.31817,13,15,2001,,,2,3.141592654,1,0,EMD,Valeport,10764,8.69,13162,11.3,3891.381281,F,0,19,27,6.46,,,,6.48,34.57,,34.58,34F4,
14539,1610518,12088,12287,12366,1610518,EH,I4537,NL,1340,MIKQ1NL2026,,64T2,MRN2,,1600,WovFab,500,10183419,2026NL3400133,,20263400133,22,1,2026,5,18,52.91683,4.31817,13,15,2001,,,2,3.141592654,1,0,EMD,Valeport,10764,8.69,13162,11.3,3891.381281,F,0,19,27,6.46,,,,6.48,34.57,,34.58,34F4,
14539,1610518,12088,12287,12366,1610518,EH,I4537,NL,1340,MIKQ1NL2026,,64T2,MRN2,,1600,WovFab,500,10183419,2026NL3400133,,20263400133,22,1,2026,5,18,52.91683,4.31817,13,15,2001,,,2,3.141592654,1,0,EMD,Valeport,10764,8.69,13162,11.3,3891.381281,F,0,19,27,6.46,,,,6.48,34.57,,34.58,34F4,
14539,1610519,12088,12287,12366,1610519,EH,I4537,NL,1340,MIKQ1NL2026,,64T2,MRN2,,1600,WovFab,500,10183438,2026NL3400134,,20263400134,22,1,2026,17,17,52.42617,3.26633,14,7,,,,2,3.141592654,1,0,EMD,Valeport,11532,8.69,13876,11.3,4169.027214,F,0,30,40,7.86,,,,7.87,34.82,,34.83,33F3,
14539,1610519,12088,12287,12366,1610519,EH,I4537,NL,1340,MIKQ1NL2026,,64T2,MRN2,,1600,WovFab,500,10183438,2026NL3400134,,20263400134,22,1,2026,17,17,52.42617,3.26633,14,7,,,,2,3.141592654,1,0,EMD,Valeport,11532,8.69,13876,11.3,4169.027214,F,0,30,40,7.86,,,,7.87,34.82,,34.83,33F3,
14539,1610519,12088,12287,12366,1610519,EH,I4537,NL,1340,MIKQ1NL2026,,64T2,MRN2,,1600,WovFab,500,10183438,2026NL3400134,,20263400134,22,1,2026,17,17,52.42617,3.26633,14,7,,,,2,3.141592654,1,0,EMD,Valeport,11532,8.69,13876,11.3,4169.027214,F,0,30,40,7.86,,,,7.87,34.82,,34.83,33F3,
14539,1610519,12088,12287,12366,1610519,EH,I4537,NL,1340,MIKQ1NL2026,,64T2,MRN2,,1600,WovFab,500,10183438,2026NL3400134,,20263400134,22,1,2026,17,17,52.42617,3.26633,14,7,,,,2,3.141592654,1,0,EMD,Valeport,11532,8.69,13876,11.3,4169.027214,F,0,30,40,7.86,,,,7.87,34.82,,34.83,33F3,
14539,1610519,12088,12287,12366,1610519,EH,I4537,NL,1340,MIKQ1NL2026,,64T2,MRN2,,1600,WovFab,500,10183438,2026NL3400134,,20263400134,22,1,2026,17,17,52.42617,3.26633,14,7,,,,2,3.141592654,1,0,EMD,Valeport,11532,8.69,13876,11.3,4169.027214,F,0,30,40,7.86,,,,7.87,34.82,,34.83,33F3,
14539,1610520,12088,12287,12366,1610520,EH,I4537,NL,1340,MIKQ1NL2026,,64T2,MRN2,,1600,WovFab,500,10183434,2026NL3400135,,20263400135,22,1,2026,18,18,52.27817,3.19167,10,57,713,,,2,3.141592654,1,0,EMD,Valeport,8813,8.69,10574,11.3,3186.059386,F,0,28,34,7.86,,,,7.87,34.85,,34.86,33F3,
14539,1610520,12088,12287,12366,1610520,EH,I4537,NL,1340,MIKQ1NL2026,,64T2,MRN2,,1600,WovFab,500,10183434,2026NL3400135,,20263400135,22,1,2026,18,18,52.27817,3.19167,10,57,713,,,2,3.141592654,1,0,EMD,Valeport,8813,8.69,10574,11.3,3186.059386,F,0,28,34,7.86,,,,7.87,34.85,,34.86,33F3,
14539,1610520,12088,12287,12366,1610520,EH,I4537,NL,1340,MIKQ1NL2026,,64T2,MRN2,,1600,WovFab,500,10183434,2026NL3400135,,20263400135,22,1,2026,18,18,52.27817,3.19167,10,57,713,,,2,3.141592654,1,0,EMD,Valeport,8813,8.69,10574,11.3,3186.059386,F,0,28,34,7.86,,,,7.87,34.85,,34.86,33F3,
14539,1610520,12088,12287,12366,1610520,EH,I4537,NL,1340,MIKQ1NL2026,,64T2,MRN2,,1600,WovFab,500,10183434,2026NL3400135,,20263400135,22,1,2026,18,18,52.27817,3.19167,10,57,713,,,2,3.141592654,1,0,EMD,Valeport,8813,8.69,10574,11.3,3186.059386,F,0,28,34,7.86,,,,7.87,34.85,,34.86,33F3,
14539,1610520,12088,12287,12366,1610520,EH,I4537,NL,1340,MIKQ1NL2026,,64T2,MRN2,,1600,WovFab,500,10183434,2026NL3400135,,20263400135,22,1,2026,18,18,52.27817,3.19167,10,57,713,,,2,3.141592654,1,0,EMD,Valeport,8813,8.69,10574,11.3,3186.059386,F,0,28,34,7.86,,,,7.87,34.85,,34.86,33F3,
14539,1610520,12088,12287,12366,1610520,EH,I4537,NL,1340,MIKQ1NL2026,,64T2,MRN2,,1600,WovFab,500,10183434,2026NL3400135,,20263400135,22,1,2026,18,18,52.27817,3.19167,10,57,713,,,2,3.141592654,1,0,EMD,Valeport,8813,8.69,10574,11.3,3186.059386,F,0,28,34,7.86,,,,7.87,34.85,,34.86,33F3,
14539,1610520,12088,12287,12366,1610520,EH,I4537,NL,1340,MIKQ1NL2026,,64T2,MRN2,,1600,WovFab,500,10183434,2026NL3400135,,20263400135,22,1,2026,18,18,52.27817,3.19167,10,57,713,,,2,3.141592654,1,0,EMD,Valeport,8813,8.69,10574,11.3,3186.059386,F,0,28,34,7.86,,,,7.87,34.85,,34.86,33F3,
14539,1610520,12088,12287,12366,1610520,EH,I4537,NL,1340,MIKQ1NL2026,,64T2,MRN2,,1600,WovFab,500,10183434,2026NL3400135,,20263400135,22,1,2026,18,18,52.27817,3.19167,10,57,713,,,2,3.141592654,1,0,EMD,Valeport,8813,8.69,10574,11.3,3186.059386,F,0,28,34,7.86,,,,7.87,34.85,,34.86,33F3,
14539,1610520,12088,12287,12366,1610520,EH,I4537,NL,1340,MIKQ1NL2026,,64T2,MRN2,,1600,WovFab,500,10183434,2026NL3400135,,20263400135,22,1,2026,18,18,52.27817,3.19167,10,57,713,,,2,3.141592654,1,0,EMD,Valeport,8813,8.69,10574,11.3,3186.059386,F,0,28,34,7.86,,,,7.87,34.85,,34.86,33F3,
14539,1610520,12088,12287,12366,1610520,EH,I4537,NL,1340,MIKQ1NL2026,,64T2,MRN2,,1600,WovFab,500,10183434,2026NL3400135,,20263400135,22,1,2026,18,18,52.27817,3.19167,10,57,713,,,2,3.141592654,1,0,EMD,Valeport,8813,8.69,10574,11.3,3186.059386,F,0,28,34,7.86,,,,7.87,34.85,,34.86,33F3,
14539,1610520,12088,12287,12366,1610520,EH,I4537,NL,1340,MIKQ1NL2026,,64T2,MRN2,,1600,WovFab,500,10183434,2026NL3400135,,20263400135,22,1,2026,18,18,52.27817,3.19167,10,57,713,,,2,3.141592654,1,0,EMD,Valeport,8813,8.69,10574,11.3,3186.059386,F,0,28,34,7.86,,,,7.87,34.85,,34.86,33F3,
14539,1610520,12088,12287,12366,1610520,EH,I4537,NL,1340,MIKQ1NL2026,,64T2,MRN2,,1600,WovFab,500,10183434,2026NL3400135,,20263400135,22,1,2026,18,18,52.27817,3.19167,10,57,713,,,2,3.141592654,1,0,EMD,Valeport,8813,8.69,10574,11.3,3186.059386,F,0,28,34,7.86,,,,7.87,34.85,,34.86,33F3,
14539,1610520,12088,12287,12366,1610520,EH,I4537,NL,1340,MIKQ1NL2026,,64T2,MRN2,,1600,WovFab,500,10183434,2026NL3400135,,20263400135,22,1,2026,18,18,52.27817,3.19167,10,57,713,,,2,3.141592654,1,0,EMD,Valeport,8813,8.69,10574,11.3,3186.059386,F,0,28,34,7.86,,,,7.87,34.85,,34.86,33F3,
14539,1610520,12088,12287,12366,1610520,EH,I4537,NL,1340,MIKQ1NL2026,,64T2,MRN2,,1600,WovFab,500,10183434,2026NL3400135,,20263400135,22,1,2026,18,18,52.27817,3.19167,10,57,713,,,2,3.141592654,1,0,EMD,Valeport,8813,8.69,10574,11.3,3186.059386,F,0,28,34,7.86,,,,7.87,34.85,,34.86,33F3,
14539,1610520,12088,12287,12366,1610520,EH,I4537,NL,1340,MIKQ1NL2026,,64T2,MRN2,,1600,WovFab,500,10183434,2026NL3400135,,20263400135,22,1,2026,18,18,52.27817,3.19167,10,57,713,,,2,3.141592654,1,0,EMD,Valeport,8813,8.69,10574,11.3,3186.059386,F,0,28,34,7.86,,,,7.87,34.85,,34.86,33F3,
14539,1610521,12088,12287,12366,1610521,EH,I4537,NL,1340,MIKQ1NL2026,,64T2,MRN2,,1600,WovFab,500,10183384,2026NL3400136,,20263400136,22,1,2026,19,22,52.271,2.8655,13,49,1271,,,2,3.141592654,1,0,EMD,Valeport,12555,8.69,14545,11.3,4538.860273,F,0,34,38,8.54,,,,8.55,34.98,,34.99,33F2,
14539,1610521,12088,12287,12366,1610521,EH,I4537,NL,1340,MIKQ1NL2026,,64T2,MRN2,,1600,WovFab,500,10183384,2026NL3400136,,20263400136,22,1,2026,19,22,52.271,2.8655,13,49,1271,,,2,3.141592654,1,0,EMD,Valeport,12555,8.69,14545,11.3,4538.860273,F,0,34,38,8.54,,,,8.55,34.98,,34.99,33F2,
14539,1610521,12088,12287,12366,1610521,EH,I4537,NL,1340,MIKQ1NL2026,,64T2,MRN2,,1600,WovFab,500,10183384,2026NL3400136,,20263400136,22,1,2026,19,22,52.271,2.8655,13,49,1271,,,2,3.141592654,1,0,EMD,Valeport,12555,8.69,14545,11.3,4538.860273,F,0,34,38,8.54,,,,8.55,34.98,,34.99,33F2,
14539,1610521,12088,12287,12366,1610521,EH,I4537,NL,1340,MIKQ1NL2026,,64T2,MRN2,,1600,WovFab,500,10183384,2026NL3400136,,20263400136,22,1,2026,19,22,52.271,2.8655,13,49,1271,,,2,3.141592654,1,0,EMD,Valeport,12555,8.69,14545,11.3,4538.860273,F,0,34,38,8.54,,,,8.55,34.98,,34.99,33F2,
14539,1610521,12088,12287,12366,1610521,EH,I4537,NL,1340,MIKQ1NL2026,,64T2,MRN2,,1600,WovFab,500,10183384,2026NL3400136,,20263400136,22,1,2026,19,22,52.271,2.8655,13,49,1271,,,2,3.141592654,1,0,EMD,Valeport,12555,8.69,14545,11.3,4538.860273,F,0,34,38,8.54,,,,8.55,34.98,,34.99,33F2,
14539,1610521,12088,12287,12366,1610521,EH,I4537,NL,1340,MIKQ1NL2026,,64T2,MRN2,,1600,WovFab,500,10183384,2026NL3400136,,20263400136,22,1,2026,19,22,52.271,2.8655,13,49,1271,,,2,3.141592654,1,0,EMD,Valeport,12555,8.69,14545,11.3,4538.860273,F,0,34,38,8.54,,,,8.55,34.98,,34.99,33F2,
14539,1610521,12088,12287,12366,1610521,EH,I4537,NL,1340,MIKQ1NL2026,,64T2,MRN2,,1600,WovFab,500,10183384,2026NL3400136,,20263400136,22,1,2026,19,22,52.271,2.8655,13,49,1271,,,2,3.141592654,1,0,EMD,Valeport,12555,8.69,14545,11.3,4538.860273,F,0,34,38,8.54,,,,8.55,34.98,,34.99,33F2,
14539,1610521,12088,12287,12366,1610521,EH,I4537,NL,1340,MIKQ1NL2026,,64T2,MRN2,,1600,WovFab,500,10183384,2026NL3400136,,20263400136,22,1,2026,19,22,52.271,2.8655,13,49,1271,,,2,3.141592654,1,0,EMD,Valeport,12555,8.69,14545,11.3,4538.860273,F,0,34,38,8.54,,,,8.55,34.98,,34.99,33F2,
14539,1610521,12088,12287,12366,1610521,EH,I4537,NL,1340,MIKQ1NL2026,,64T2,MRN2,,1600,WovFab,500,10183384,2026NL3400136,,20263400136,22,1,2026,19,22,52.271,2.8655,13,49,1271,,,2,3.141592654,1,0,EMD,Valeport,12555,8.69,14545,11.3,4538.860273,F,0,34,38,8.54,,,,8.55,34.98,,34.99,33F2,
14539,1610521,12088,12287,12366,1610521,EH,I4537,NL,1340,MIKQ1NL2026,,64T2,MRN2,,1600,WovFab,500,10183384,2026NL3400136,,20263400136,22,1,2026,19,22,52.271,2.8655,13,49,1271,,,2,3.141592654,1,0,EMD,Valeport,12555,8.69,14545,11.3,4538.860273,F,0,34,38,8.54,,,,8.55,34.98,,34.99,33F2,
14539,1610521,12088,12287,12366,1610521,EH,I4537,NL,1340,MIKQ1NL2026,,64T2,MRN2,,1600,WovFab,500,10183384,2026NL3400136,,20263400136,22,1,2026,19,22,52.271,2.8655,13,49,1271,,,2,3.141592654,1,0,EMD,Valeport,12555,8.69,14545,11.3,4538.860273,F,0,34,38,8.54,,,,8.55,34.98,,34.99,33F2,
14539,1610521,12088,12287,12366,1610521,EH,I4537,NL,1340,MIKQ1NL2026,,64T2,MRN2,,1600,WovFab,500,10183384,2026NL3400136,,20263400136,22,1,2026,19,22,52.271,2.8655,13,49,1271,,,2,3.141592654,1,0,EMD,Valeport,12555,8.69,14545,11.3,4538.860273,F,0,34,38,8.54,,,,8.55,34.98,,34.99,33F2,
14539,1610521,12088,12287,12366,1610521,EH,I4537,NL,1340,MIKQ1NL2026,,64T2,MRN2,,1600,WovFab,500,10183384,2026NL3400136,,20263400136,22,1,2026,19,22,52.271,2.8655,13,49,1271,,,2,3.141592654,1,0,EMD,Valeport,12555,8.69,14545,11.3,4538.860273,F,0,34,38,8.54,,,,8.55,34.98,,34.99,33F2,
14539,1610521,12088,12287,12366,1610521,EH,I4537,NL,1340,MIKQ1NL2026,,64T2,MRN2,,1600,WovFab,500,10183384,2026NL3400136,,20263400136,22,1,2026,19,22,52.271,2.8655,13,49,1271,,,2,3.141592654,1,0,EMD,Valeport,12555,8.69,14545,11.3,4538.860273,F,0,34,38,8.54,,,,8.55,34.98,,34.99,33F2,
14539,1610521,12088,12287,12366,1610521,EH,I4537,NL,1340,MIKQ1NL2026,,64T2,MRN2,,1600,WovFab,500,10183384,2026NL3400136,,20263400136,22,1,2026,19,22,52.271,2.8655,13,49,1271,,,2,3.141592654,1,0,EMD,Valeport,12555,8.69,14545,11.3,4538.860273,F,0,34,38,8.54,,,,8.55,34.98,,34.99,33F2,
14539,1610522,12088,12287,12366,1610522,EH,I4537,NL,1340,MIKQ1NL2026,,64T2,MRN2,,1600,WovFab,500,10183415,2026NL3400137,,20263400137,22,1,2026,20,28,52.099,2.70617,13,46,1539,,,2,3.141592654,1,0,EMD,Valeport,12248,8.69,14092,11.3,4427.874203,F,0,35,44,8.5,,,,8.51,34.85,,34.85,33F2,
14539,1610522,12088,12287,12366,1610522,EH,I4537,NL,1340,MIKQ1NL2026,,64T2,MRN2,,1600,WovFab,500,10183415,2026NL3400137,,20263400137,22,1,2026,20,28,52.099,2.70617,13,46,1539,,,2,3.141592654,1,0,EMD,Valeport,12248,8.69,14092,11.3,4427.874203,F,0,35,44,8.5,,,,8.51,34.85,,34.85,33F2,
14539,1610522,12088,12287,12366,1610522,EH,I4537,NL,1340,MIKQ1NL2026,,64T2,MRN2,,1600,WovFab,500,10183415,2026NL3400137,,20263400137,22,1,2026,20,28,52.099,2.70617,13,46,1539,,,2,3.141592654,1,0,EMD,Valeport,12248,8.69,14092,11.3,4427.874203,F,0,35,44,8.5,,,,8.51,34.85,,34.85,33F2,
14539,1610522,12088,12287,12366,1610522,EH,I4537,NL,1340,MIKQ1NL2026,,64T2,MRN2,,1600,WovFab,500,10183415,2026NL3400137,,20263400137,22,1,2026,20,28,52.099,2.70617,13,46,1539,,,2,3.141592654,1,0,EMD,Valeport,12248,8.69,14092,11.3,4427.874203,F,0,35,44,8.5,,,,8.51,34.85,,34.85,33F2,
14539,1610522,12088,12287,12366,1610522,EH,I4537,NL,1340,MIKQ1NL2026,,64T2,MRN2,,1600,WovFab,500,10183415,2026NL3400137,,20263400137,22,1,2026,20,28,52.099,2.70617,13,46,1539,,,2,3.141592654,1,0,EMD,Valeport,12248,8.69,14092,11.3,4427.874203,F,0,35,44,8.5,,,,8.51,34.85,,34.85,33F2,
14539,1610522,12088,12287,12366,1610522,EH,I4537,NL,1340,MIKQ1NL2026,,64T2,MRN2,,1600,WovFab,500,10183415,2026NL3400137,,20263400137,22,1,2026,20,28,52.099,2.70617,13,46,1539,,,2,3.141592654,1,0,EMD,Valeport,12248,8.69,14092,11.3,4427.874203,F,0,35,44,8.5,,,,8.51,34.85,,34.85,33F2,
14539,1610522,12088,12287,12366,1610522,EH,I4537,NL,1340,MIKQ1NL2026,,64T2,MRN2,,1600,WovFab,500,10183415,2026NL3400137,,20263400137,22,1,2026,20,28,52.099,2.70617,13,46,1539,,,2,3.141592654,1,0,EMD,Valeport,12248,8.69,14092,11.3,4427.874203,F,0,35,44,8.5,,,,8.51,34.85,,34.85,33F2,
14539,1610522,12088,12287,12366,1610522,EH,I4537,NL,1340,MIKQ1NL2026,,64T2,MRN2,,1600,WovFab,500,10183415,2026NL3400137,,20263400137,22,1,2026,20,28,52.099,2.70617,13,46,1539,,,2,3.141592654,1,0,EMD,Valeport,12248,8.69,14092,11.3,4427.874203,F,0,35,44,8.5,,,,8.51,34.85,,34.85,33F2,
14538,1610448,12090,12319,12366,1610448,EH,I4537,FR,542,MIKQ1FR2026,,35HT,MRN2,,1600,WovFab,500,E2079,2026FR_049,,49,12,2,2026,1,26,54.411937,0.549644,28,0,2801,,,,3.1416,,,MCR,KcDenmark,8132,3.33333333333333,,,,F,,59,69,,,,,,,,,37F0,
14538,1610449,12090,12319,12366,1610449,EH,I4537,FR,542,MIKQ1FR2026,,35HT,MRN2,,1600,WovFab,500,E2085,2026FR_050,,50,12,2,2026,20,28,55.380058,0.153517,19,0,1510,,,,3.1416,,,MCR,KcDenmark,5970,3.33333333333333,,,,F,,65,75,,,,,,,,,39F0,
14538,1610450,12090,12319,12366,1610450,EH,I4537,FR,542,MIKQ1FR2026,,35HT,MRN2,,1600,WovFab,500,E2086,2026FR_051,,51,12,2,2026,22,20,55.192666,0.156708,25,0,2193,,,,3.1416,,,MCR,KcDenmark,8063,3.33333333333333,,,,F,,66,76,,,,,,,,,39F0,
14538,1610457,12090,12319,12366,1610457,EH,I4537,FR,542,MIKQ1FR2026,,35HT,MRN2,,1600,WovFab,500,E2097,2026FR_058,,58,13,2,2026,0,10,54.404532,-0.220294,22,0,1961,,,,3.1416,,,MCR,KcDenmark,6653,3.33333333333333,,,,F,,51,58,,,,,,,,,37E9,
14538,1610451,12090,12319,12366,1610451,EH,I4537,FR,542,MIKQ1FR2026,,35HT,MRN2,,1600,WovFab,500,E2087,2026FR_052,,52,13,2,2026,0,33,55.191776,-0.263773,24,0,2199,,,,3.1416,,,MCR,KcDenmark,7825,3.33333333333333,,,,F,,62,72,,,,,,,,,39E9,
14538,1610452,12090,12319,12366,1610452,EH,I4537,FR,542,MIKQ1FR2026,,35HT,MRN2,,1600,WovFab,500,E2088,2026FR_053,,53,13,2,2026,3,8,55.18798,-0.710834,25,0,2328,,,,3.1416,,,MCR,KcDenmark,7775,3.33333333333333,,,,F,,65,75,,,,,,,,,39E9,
14538,1610453,12090,12319,12366,1610453,EH,I4537,FR,542,MIKQ1FR2026,,35HT,MRN2,,1600,WovFab,500,E2089,2026FR_054,,54,13,2,2026,5,39,55.193173,-1.179582,28,0,2611,,,,3.1416,,,MCR,KcDenmark,8982,3.33333333333333,,,,F,,78,88,,,,,,,,,39E8,
14538,1610454,12090,12319,12366,1610454,EH,I4537,FR,542,MIKQ1FR2026,,35HT,MRN2,,1600,WovFab,500,E2090,2026FR_055,,55,13,2,2026,7,16,55.361886,-1.206615,28,0,2788,,,,3.1416,,,MCR,KcDenmark,8492,3.33333333333333,,,,F,,69,79,,,,,,,,,39E8,
14538,1610455,12090,12319,12366,1610455,EH,I4537,FR,542,MIKQ1FR2026,,35HT,MRN2,,1600,WovFab,500,E2094,2026FR_056,,56,13,2,2026,20,0,54.595355,0.174075,32,0,3213,,,,3.1416,,,MCR,KcDenmark,10087,3.33333333333333,,,,F,,69,76,,,,,,,,,38F0,
14538,1610456,12090,12319,12366,1610456,EH,I4537,FR,542,MIKQ1FR2026,,35HT,MRN2,,1600,WovFab,500,E2095,2026FR_057,,57,13,2,2026,22,2,54.592006,-0.155116,29,0,2720,,,,3.1416,,,MCR,KcDenmark,9296,3.33333333333333,,,,F,,56,63,,,,,,,,,38E9,
14538,1610458,12090,12319,12366,1610458,EH,I4537,FR,542,MIKQ1FR2026,,35HT,MRN2,,1600,WovFab,500,E2098,2026FR_059,,59,14,2,2026,2,17,54.224939,-0.140236,20,0,2101,,,,3.1416,,,MCR,KcDenmark,6855,3.33333333333333,,,,F,,45,52,,,,,,,,,37E9,
14538,1610459,12090,12319,12366,1610459,EH,I4537,FR,542,MIKQ1FR2026,,35HT,MRN2,,1600,WovFab,500,E2099,2026FR_060,,60,14,2,2026,6,10,53.915034,0.175585,16,0,1585,,,,3.1416,,,MCR,KcDenmark,5342,3.33333333333333,,,,F,,38,37,,,,,,,,,36F0,
14538,1610460,12090,12319,12366,1610460,EH,I4537,FR,542,MIKQ1FR2026,,35HT,MRN2,,1600,WovFab,500,E2103,2026FR_061,,61,14,2,2026,19,7,53.718981,1.559491,15,0,1165,,,,3.1416,,,MCR,KcDenmark,4630,3.33333333333333,,,,F,,20,27,,,,,,,,,36F1,
14538,1610461,12090,12319,12366,1610461,EH,I4537,FR,542,MIKQ1FR2026,,35HT,MRN2,,1600,WovFab,500,E2104,2026FR_062,,62,14,2,2026,20,37,53.808946,1.302961,11,0,1076,,,,3.1416,,,MCR,KcDenmark,3796,3.33333333333333,,,,F,,21,28,,,,,,,,,36F1,
14538,1610462,12090,12319,12366,1610462,EH,I4537,FR,542,MIKQ1FR2026,,35HT,MRN2,,1600,WovFab,500,E2105,2026FR_063,,63,14,2,2026,22,14,53.642491,1.156618,15,0,1401,,,,3.1416,,,MCR,KcDenmark,4376,3.33333333333333,,,,F,,17,24,,,,,,,,,36F1,
14538,1610463,12090,12319,12366,1610463,EH,I4537,FR,542,MIKQ1FR2026,,35HT,MRN2,,1600,WovFab,500,E2106,2026FR_064,,64,14,2,2026,23,46,53.662298,0.848656,13,0,1137,,,,3.1416,,,MCR,KcDenmark,4629,3.33333333333333,,,,F,,20,27,,,,,,,,,36F0,
14538,1610464,12090,12319,12366,1610464,EH,I4537,FR,542,MIKQ1FR2026,,35HT,MRN2,,1600,WovFab,500,E2107,2026FR_065,,65,15,2,2026,1,34,53.60122,0.574292,13,0,1223,,,,3.1416,,,MCR,KcDenmark,3999,3.33333333333333,,,,F,,13,20,,,,,,,,,36F0,
14538,1610466,12090,12319,12366,1610466,EH,I4537,FR,542,MIKQ1FR2026,,35HT,MRN2,,1600,WovFab,500,E2109,2026FR_067,,67,15,2,2026,4,43,53.388922,0.86003,17,0,2115,,,,3.1416,,,MCR,KcDenmark,5736,3.33333333333333,,,,F,,18,25,,,,,,,,,35F0,
14538,1610467,12090,12319,12366,1610467,EH,I4537,FR,542,MIKQ1FR2026,,35HT,MRN2,,1600,WovFab,500,E2114,2026FR_068,,68,15,2,2026,19,25,53.585397,1.403515,12,0,1429,,,,3.1416,,,MCR,KcDenmark,3901,3.33333333333333,,,,F,,20,25,,,,,,,,,36F1,
14538,1610468,12090,12319,12366,1610468,EH,I4537,FR,542,MIKQ1FR2026,,35HT,MRN2,,1600,WovFab,500,E2115,2026FR_069,,69,15,2,2026,20,59,53.40373,1.524739,16,0,1520,,,,3.1416,,,MCR,KcDenmark,5225,3.33333333333333,,,,F,,18,24,,,,,,,,,35F1,
14538,1610469,12090,12319,12366,1610469,EH,I4537,FR,542,MIKQ1FR2026,,35HT,MRN2,,1600,WovFab,500,E2116,2026FR_070,,70,15,2,2026,22,56,53.266386,1.731676,15,0,1515,,,,3.1416,,,MCR,KcDenmark,5143,3.33333333333333,,,,F,,26,36,,,,,,,,,35F1,
14538,1610471,12090,12319,12366,1610471,EH,I4537,FR,542,MIKQ1FR2026,,35HT,MRN2,,1600,WovFab,500,E2118,2026FR_072,,72,16,2,2026,3,3,53.380917,2.166662,13,0,1324,,,,3.1416,,,MCR,KcDenmark,4528,3.33333333333333,,,,F,,21,31,,,,,,,,,35F2,
14538,1610475,12090,12319,12366,1610475,EH,I4537,FR,542,MIKQ1FR2026,,35HT,MRN2,,1600,WovFab,500,E2126,2026FR_076,,76,16,2,2026,23,32,52.864627,1.702258,17,0,1708,,,,3.1416,,,MCR,KcDenmark,5492,3.33333333333333,,,,F,,28,40,,,,,,,,,34F1,
14538,1610479,12090,12319,12366,1610479,EH,I4537,FR,542,MIKQ1FR2026,,35HT,MRN2,,1600,WovFab,500,E2133,2026FR_080,,80,17,2,2026,18,8,52.303432,2.857267,14,0,1279,,,,3.1416,,,MCR,KcDenmark,4761,3.33333333333333,,,,F,,28,43,,,,,,,,,33F2,
14538,1610480,12090,12319,12366,1610480,EH,I4537,FR,542,MIKQ1FR2026,,35HT,MRN2,,1600,WovFab,500,E2134,2026FR_081,,81,17,2,2026,20,44,52.136542,2.772228,18,0,1075,,,,3.1416,,,MCR,KcDenmark,6450,3.33333333333333,,,,F,,36,46,,,,,,,,,33F2,
14538,1610481,12090,12319,12366,1610481,EH,I4537,FR,542,MIKQ1FR2026,,35HT,MRN2,,1600,WovFab,500,E2135,2026FR_082,,82,17,2,2026,23,44,51.855613,3.242196,12,0,679,,,,3.1416,,,MCR,KcDenmark,3732,3.33333333333333,,,,F,,21,31,,,,,,,,,32F3,
14538,1610482,12090,12319,12366,1610482,EH,I4537,FR,542,MIKQ1FR2026,,35HT,MRN2,,1600,WovFab,500,E2137,2026FR_083,,83,18,2,2026,1,54,51.873418,2.846419,19,0,2359,,,,3.1416,,,MCR,KcDenmark,5800,3.33333333333333,,,,F,,31,41,,,,,,,,,32F2,
14538,1610483,12090,12319,12366,1610483,EH,I4537,FR,542,MIKQ1FR2026,,35HT,MRN2,,1600,WovFab,500,E2138,2026FR_084,,84,18,2,2026,4,19,51.916694,2.522097,15,0,1886,,,,3.1416,,,MCR,KcDenmark,4653,3.33333333333333,,,,F,,34,44,,,,,,,,,32F2,
14538,1610484,12090,12319,12366,1610484,EH,I4537,FR,542,MIKQ1FR2026,,35HT,MRN2,,1600,WovFab,500,E2139,2026FR_085,,85,18,2,2026,6,24,51.871711,2.188932,17,0,1549,,,,3.1416,,,MCR,KcDenmark,5288,3.33333333333333,,,,F,,38,48,,,,,,,,,32F2,
14538,1610486,12090,12319,12366,1610486,EH,I4537,FR,542,MIKQ1FR2026,,35HT,MRN2,,1600,WovFab,500,E2146,2026FR_087,,87,19,2,2026,21,10,51.351816,1.743542,18,0,1507,,,,3.1416,,,MCR,KcDenmark,5987,3.33333333333333,,,,F,,36,43,,,,,,,,,31F1,
14538,1610487,12090,12319,12366,1610487,EH,I4537,FR,542,MIKQ1FR2026,,35HT,MRN2,,1600,WovFab,500,E2147,2026FR_088,,88,19,2,2026,23,14,51.122078,1.494598,15,0,1329,,,,3.1416,,,MCR,KcDenmark,4896,3.33333333333333,,,,F,,23,30,,,,,,,,,31F1,
14538,1610489,12090,12319,12366,1610489,EH,I4537,FR,542,MIKQ1FR2026,,35HT,MRN2,,1600,WovFab,500,E2149,2026FR_090,,90,20,2,2026,4,36,50.598136,1.409259,11,0,1142,,,,3.1416,,,MCR,KcDenmark,3549,3.33333333333333,,,,F,,22,32,,,,,,,,,30F1,
14539,1610490,12088,12287,12366,1610490,EH,I4537,NL,1340,MIKQ1NL2026,,64T2,MRN2,,1600,WovFab,500,10183331,2026NL3400101,,20263400101,19,1,2026,19,5,53.6525,4.84567,13,36,1841,,,2,3.141592654,1,0,EMD,Valeport,12266,8.69,15238,11.3,4434.38153,F,0,24,32,5.74,,,,6.32,33.62,,34.39,36F4,
14539,1610491,12088,12287,12366,1610491,EH,I4537,NL,1340,MIKQ1NL2026,,64T2,MRN2,,1600,WovFab,500,10183328,2026NL3400102,,20263400102,19,1,2026,20,20,53.89383,4.82917,15,36,1766,,,2,3.141592654,1,0,EMD,Valeport,14118,8.69,16885,11.3,5103.913129,F,0,34,42,7.04,,,,7.05,34.98,,34.98,36F4,
14539,1610492,12088,12287,12366,1610492,EH,I4537,NL,1340,MIKQ1NL2026,,64T2,MRN2,,1600,WovFab,500,10183772,2026NL3400103,,20263400103,19,1,2026,21,30,54.11033,4.8555,18,30,2077,,,2,3.141592654,1,0,EMD,Valeport,16154,8.69,20068,11.3,5839.964066,F,0,37,45,6.76,,,,6.78,34.86,,34.86,37F4,
14539,1610493,12088,12287,12366,1610493,EH,I4537,NL,1340,MIKQ1NL2026,,64T2,MRN2,,1600,WovFab,500,10183330,2026NL3400104,,20263400104,19,1,2026,22,33,54.282,4.84633,12,6,1452,,,2,3.141592654,1,0,EMD,Valeport,10883,8.69,13476,11.3,3934.401939,F,0,40,47,7.04,,,,7.01,34.66,,34.77,37F4,
14539,1610494,12088,12287,12366,1610494,EH,I4537,NL,1340,MIKQ1NL2026,,64T2,MRN2,,1600,WovFab,500,10183329,2026NL3400105,,20263400105,19,1,2026,23,31,54.27133,5.1455,16,51,1695,,,2,3.141592654,1,0,EMD,Valeport,13981,8.69,17193,11.3,5054.385143,F,0,37,44,7,,,,7.03,34.73,,34.75,37F5,
14539,1610495,12088,12287,12366,1610495,EH,I4537,NL,1340,MIKQ1NL2026,,64T2,MRN2,,1600,WovFab,500,10183401,2026NL3400106,,20263400106,20,1,2026,0,37,54.4165,5.3395,15,53,1706,,,2,3.141592654,1,0,EMD,Valeport,13244,8.69,16278,11.3,4787.946273,F,0,36,43,7.14,,,,7.14,34.7,,34.71,37F5,
14539,1610496,12088,12287,12366,1610496,EH,I4537,NL,1340,MIKQ1NL2026,,64T2,MRN2,,1600,WovFab,500,10183431,2026NL3400107,,20263400107,20,1,2026,1,43,54.59717,5.257,16,19,1463,,,2,3.141592654,1,0,EMD,Valeport,13313,8.69,16381,11.3,4812.891025,F,0,38,45,7.49,,,,7.51,34.72,,34.73,38F5,
14539,1610497,12088,12287,12366,1610497,EH,I4537,NL,1340,MIKQ1NL2026,,64T2,MRN2,,1600,WovFab,500,10183333,2026NL3400108,,20263400108,20,1,2026,2,43,54.63967,5.52717,15,0,1233,,,2,3.141592654,1,0,EMD,Valeport,11951,8.69,14763,11.3,4320.503315,F,0,37,44,7.45,,,,7.46,34.91,,34.91,38F5,
14539,1610498,12088,12287,12366,1610498,EH,I4537,NL,1340,MIKQ1NL2026,,64T2,MRN2,,1600,WovFab,500,10183445,2026NL3400113,,20263400113,20,1,2026,17,22,54.25183,6.60017,11,24,1310,,,2,3.141592654,1,0,EMD,Valeport,9263,8.69,11383,11.3,3348.742549,F,0,30,37,6.25,,,,6.5,33.92,,34.21,37F6,
14539,1610499,12088,12287,12366,1610499,EH,I4537,NL,1340,MIKQ1NL2026,,64T2,MRN2,,1600,WovFab,500,10183444,2026NL3400114,,20263400114,20,1,2026,18,28,54.11483,6.3915,11,18,1156,,,2,3.141592654,1,0,EMD,Valeport,9266,8.69,11328,11.3,3349.827104,F,0,29,36,5.96,,,,6.06,33.77,,33.85,37F6,
14539,1610500,12088,12287,12366,1610500,EH,I4537,NL,1340,MIKQ1NL2026,,64T2,MRN2,,1600,WovFab,500,10183364,2026NL3400115,,20263400115,20,1,2026,19,38,53.89617,6.39733,12,30,1407,,,2,3.141592654,1,0,EMD,Valeport,9871,8.69,12113,11.3,3568.54558,F,0,21,29,4.94,,,,5.43,32.61,,33.22,36F6,
14539,1610501,12088,12287,12366,1610501,EH,I4537,NL,1340,MIKQ1NL2026,,64T2,MRN2,,1600,WovFab,500,10183345,2026NL3400116,,20263400116,20,1,2026,21,8,53.8345,6.79083,13,12,1907,,,2,3.141592654,1,0,EMD,Valeport,11718,8.69,14412,11.3,4236.269588,F,0,18,27,4.81,,,,4.78,32.4,,32.37,36F6,
14539,1610502,12088,12287,12366,1610502,EH,I4537,NL,1340,MIKQ1NL2026,,64T2,MRN2,,1600,WovFab,500,10183396,2026NL3400117,,20263400117,20,1,2026,22,17,53.88683,7.18167,12,24,1655,,,2,3.141592654,1,0,EMD,Valeport,10684,8.69,12880,11.3,3862.459829,F,0,19,25,4.83,,,,4.83,32.54,,32.56,36F7,
14539,1610503,12088,12287,12366,1610503,EH,I4537,NL,1340,MIKQ1NL2026,,64T2,MRN2,,1600,WovFab,500,10183340,2026NL3400118,,20263400118,20,1,2026,23,13,53.929,7.48683,11,55,1418,,,2,3.141592654,1,0,EMD,Valeport,9888,8.69,11894,11.3,3574.691388,F,0,21,28,4.7,,,,4.73,32.79,,32.95,36F7,
14539,1610504,12088,12287,12366,1610504,EH,I4537,NL,1340,MIKQ1NL2026,,64T2,MRN2,,1600,WovFab,500,10183391,2026NL3400119,,20263400119,21,1,2026,0,50,54.10683,7.82583,10,55,1151,,,2,3.141592654,1,0,EMD,Valeport,9472,8.69,11246,11.3,3424.299841,F,0,39,45,6.02,,,,6.1,33.95,,33.98,37F7,
14539,1610506,12088,12287,12366,1610506,EH,I4537,NL,1340,MIKQ1NL2026,,64T2,MRN2,,1600,WovFab,500,10183371,2026NL3400121,,20263400121,21,1,2026,3,17,54.23617,8.16117,10,52,711,,,2,3.141592654,1,0,EMD,Valeport,8726,8.69,10523,11.3,3154.607307,F,0,9,15,4.87,,,,4.88,33.04,,33.06,37F8,
14539,1610508,12088,12287,12366,1610508,EH,I4537,NL,1340,MIKQ1NL2026,,64T2,MRN2,,1600,WovFab,500,10183416,2026NL3400123,,20263400123,21,1,2026,5,14,54.3825,7.84467,12,23,1334,,,2,3.141592654,1,0,EMD,Valeport,10692,8.69,12670,11.3,3865.351974,F,0,14,23,5.66,,,,5.68,33.86,,33.9,37F7,
14539,1610509,12088,12287,12366,1610509,EH,I4537,NL,1340,MIKQ1NL2026,,64T2,MRN2,,1600,WovFab,500,10183400,2026NL3400124,,20263400124,21,1,2026,18,4,53.65783,5.6105,10,37,1018,,,2,3.141592654,1,0,EMD,Valeport,9195,8.69,10939,11.3,3324.159316,F,0,23,29,5.03,,,,5.04,32.44,,32.46,36F5,
14539,1610510,12088,12287,12366,1610510,EH,I4537,NL,1340,MIKQ1NL2026,,64T2,MRN2,,1600,WovFab,500,10183346,2026NL3400125,,20263400125,21,1,2026,19,4,53.60183,5.32633,11,19,837,,,2,3.141592654,1,0,EMD,Valeport,10008,8.69,11730,11.3,3618.073565,F,0,21,26,5,,,,5.08,32.2,,32.31,36F5,
14539,1610511,12088,12287,12366,1610511,EH,I4537,NL,1340,MIKQ1NL2026,,64T2,MRN2,,1600,WovFab,500,10183418,2026NL3400126,,20263400126,21,1,2026,21,43,53.40617,4.472,13,49,1365,,,2,3.141592654,1,0,EMD,Valeport,13078,8.69,15089,11.3,4727.934261,F,0,23,30,6.8,,,,6.81,34.8,,34.8,35F4,
14539,1610512,12088,12287,12366,1610512,EH,I4537,NL,1340,MIKQ1NL2026,,64T2,MRN2,,1600,WovFab,500,10183375,2026NL3400127,,20263400127,21,1,2026,22,52,53.34433,4.13433,12,48,1434,,,2,3.141592654,1,0,EMD,Valeport,12051,8.69,13777,11.3,4356.655129,F,0,20,26,7.43,,,,7.43,34.93,,34.93,35F4,
14539,1610513,12088,12287,12366,1610513,EH,I4537,NL,1340,MIKQ1NL2026,,64T2,MRN2,,1600,WovFab,500,10183738,2026NL3400128,,20263400128,21,1,2026,23,51,53.28433,3.84517,12,49,1673,,,2,3.141592654,1,0,EMD,Valeport,11428,8.69,13225,11.3,4131.429327,F,0,20,26,7.65,,,,7.66,,,,35F3,
14539,1610514,12088,12287,12366,1610514,EH,I4537,NL,1340,MIKQ1NL2026,,64T2,MRN2,,1600,WovFab,500,10183342,2026NL3400129,,20263400129,22,1,2026,0,52,53.1125,3.841,10,58,1328,,,2,3.141592654,1,0,EMD,Valeport,9734,8.69,11573,11.3,3519.017594,F,0,22,29,7.74,,,,7.75,34.97,,34.98,35F3,
14539,1610515,12088,12287,12366,1610515,EH,I4537,NL,1340,MIKQ1NL2026,,64T2,MRN2,,1600,WovFab,500,10183332,2026NL3400130,,20263400130,22,1,2026,2,18,52.84617,3.876,11,40,1166,,,2,3.141592654,1,0,EMD,Valeport,9881,8.69,11704,11.3,3572.160761,F,0,20,27,7.4,,,,7.41,34.87,,34.87,34F3,
14539,1610516,12088,12287,12366,1610516,EH,I4537,NL,1340,MIKQ1NL2026,,64T2,MRN2,,1600,WovFab,500,10183343,2026NL3400131,,20263400131,22,1,2026,3,21,52.672,3.887,10,53,739,,,2,3.141592654,1,0,EMD,Valeport,9411,8.69,11143,11.3,3402.247234,F,0,17,24,7.26,,,,7.26,34.85,,34.86,34F3,
14539,1610517,12088,12287,12366,1610517,EH,I4537,NL,1340,MIKQ1NL2026,,64T2,MRN2,,1600,WovFab,500,10183344,2026NL3400132,,20263400132,22,1,2026,4,22,52.75267,4.1515,11,39,1825,,,2,3.141592654,1,0,EMD,Valeport,10570,8.69,12225,11.3,3821.246761,F,0,19,26,6.53,,,,6.65,34.63,,34.72,34F4,
14539,1610518,12088,12287,12366,1610518,EH,I4537,NL,1340,MIKQ1NL2026,,64T2,MRN2,,1600,WovFab,500,10183419,2026NL3400133,,20263400133,22,1,2026,5,18,52.91683,4.31817,13,15,2001,,,2,3.141592654,1,0,EMD,Valeport,10764,8.69,13162,11.3,3891.381281,F,0,19,27,6.46,,,,6.48,34.57,,34.58,34F4,
14539,1610519,12088,12287,12366,1610519,EH,I4537,NL,1340,MIKQ1NL2026,,64T2,MRN2,,1600,WovFab,500,10183438,2026NL3400134,,20263400134,22,1,2026,17,17,52.42617,3.26633,14,7,,,,2,3.141592654,1,0,EMD,Valeport,11532,8.69,13876,11.3,4169.027214,F,0,30,40,7.86,,,,7.87,34.82,,34.83,33F3,
14539,1610520,12088,12287,12366,1610520,EH,I4537,NL,1340,MIKQ1NL2026,,64T2,MRN2,,1600,WovFab,500,10183434,2026NL3400135,,20263400135,22,1,2026,18,18,52.27817,3.19167,10,57,713,,,2,3.141592654,1,0,EMD,Valeport,8813,8.69,10574,11.3,3186.059386,F,0,28,34,7.86,,,,7.87,34.85,,34.86,33F3,
14539,1610521,12088,12287,12366,1610521,EH,I4537,NL,1340,MIKQ1NL2026,,64T2,MRN2,,1600,WovFab,500,10183384,2026NL3400136,,20263400136,22,1,2026,19,22,52.271,2.8655,13,49,1271,,,2,3.141592654,1,0,EMD,Valeport,12555,8.69,14545,11.3,4538.860273,F,0,34,38,8.54,,,,8.55,34.98,,34.99,33F2,
14539,1610522,12088,12287,12366,1610522,EH,I4537,NL,1340,MIKQ1NL2026,,64T2,MRN2,,1600,WovFab,500,10183415,2026NL3400137,,20263400137,22,1,2026,20,28,52.099,2.70617,13,46,1539,,,2,3.141592654,1,0,EMD,Valeport,12248,8.69,14092,11.3,4427.874203,F,0,35,44,8.5,,,,8.51,34.85,,34.85,33F2,
14539,1610523,12088,12287,12366,1610523,EH,I4537,NL,1340,MIKQ1NL2026,,64T2,MRN2,,1600,WovFab,500,10183350,2026NL3400138,,20263400138,22,1,2026,21,42,51.906,2.49033,17,52,2291,,,2,3.141592654,1,0,EMD,Valeport,16006,8.69,18716,11.3,5786.459381,F,0,38,43,8.59,,,,8.61,34.74,,34.75,32F2,
14539,1610524,12088,12287,12366,1610524,EH,I4537,NL,1340,MIKQ1NL2026,,64T2,MRN2,,1600,WovFab,500,10183366,2026NL3400139,,20263400139,22,1,2026,23,6,51.77583,2.80433,11,10,798,,,2,3.141592654,1,0,EMD,Valeport,8955,8.69,10645,11.3,3237.394962,F,0,27,34,7.85,,,,7.85,34.53,,34.53,32F2,
14539,1610525,12088,12287,12366,1610525,EH,I4537,NL,1340,MIKQ1NL2026,,64T2,MRN2,,1600,WovFab,500,10183410,2026NL3400140,,20263400140,23,1,2026,0,25,51.756,3.14233,10,37,1050,,,2,3.141592654,1,0,EMD,Valeport,8434,8.69,9916,11.3,3049.04401,F,0,28,34,6.96,,,,6.93,34.35,,34.35,32F3,
14539,1610526,12088,12287,12366,1610526,EH,I4537,NL,1340,MIKQ1NL2026,,64T2,MRN2,,1600,WovFab,500,10183369,2026NL3400141,,20263400141,23,1,2026,1,44,51.78583,3.4635,11,52,1091,,,2,3.141592654,1,0,EMD,Valeport,9331,8.69,11205,11.3,3373.325783,F,0,23,30,5.52,,,,5.56,33.42,,33.45,32F3,
14539,1610527,12088,12287,12366,1610527,EH,I4537,NL,1340,MIKQ1NL2026,,64T2,MRN2,,1600,WovFab,500,10183404,2026NL3400142,,20263400142,26,1,2026,16,50,53.08317,2.86417,10,28,1137,,,2,3.141592654,1,0,EMD,Valeport,9118,8.69,10593,11.3,3296.322419,F,0,26,30,6.9,,,,6.9,34.39,,34.7,35F2,
14539,1610528,12088,12287,12366,1610528,EH,I4537,NL,1340,MIKQ1NL2026,,64T2,MRN2,,1600,WovFab,500,10183398,2026NL3400143,,20263400143,26,1,2026,18,2,53.31267,2.85483,10,12,1163,,,2,3.141592654,1,0,EMD,Valeport,8680,8.69,10205,11.3,3137.977473,F,0,25,32,6.95,,,,6.97,34.64,,34.65,35F2,
14539,1610530,12088,12287,12366,1610530,EH,I4537,NL,1340,MIKQ1NL2026,,64T2,MRN2,,1600,WovFab,500,10183735,2026NL3400145,,20263400145,26,1,2026,21,1,53.68317,3.16133,14,25,1613,,,2,3.141592654,1,0,EMD,Valeport,12609,8.69,14601,11.3,4558.382253,F,0,36,44,6.13,,,,6.12,34.32,,34.35,36F3,
14539,1610523,12088,12287,12366,1610523,EH,I4537,NL,1340,MIKQ1NL2026,,64T2,MRN2,,1600,WovFab,500,10183350,2026NL3400138,,20263400138,22,1,2026,21,42,51.906,2.49033,17,52,2291,,,2,3.141592654,1,0,EMD,Valeport,16006,8.69,18716,11.3,5786.459381,F,0,38,43,8.59,,,,8.61,34.74,,34.75,32F2,
14539,1610523,12088,12287,12366,1610523,EH,I4537,NL,1340,MIKQ1NL2026,,64T2,MRN2,,1600,WovFab,500,10183350,2026NL3400138,,20263400138,22,1,2026,21,42,51.906,2.49033,17,52,2291,,,2,3.141592654,1,0,EMD,Valeport,16006,8.69,18716,11.3,5786.459381,F,0,38,43,8.59,,,,8.61,34.74,,34.75,32F2,
14539,1610523,12088,12287,12366,1610523,EH,I4537,NL,1340,MIKQ1NL2026,,64T2,MRN2,,1600,WovFab,500,10183350,2026NL3400138,,20263400138,22,1,2026,21,42,51.906,2.49033,17,52,2291,,,2,3.141592654,1,0,EMD,Valeport,16006,8.69,18716,11.3,5786.459381,F,0,38,43,8.59,,,,8.61,34.74,,34.75,32F2,
14539,1610523,12088,12287,12366,1610523,EH,I4537,NL,1340,MIKQ1NL2026,,64T2,MRN2,,1600,WovFab,500,10183350,2026NL3400138,,20263400138,22,1,2026,21,42,51.906,2.49033,17,52,2291,,,2,3.141592654,1,0,EMD,Valeport,16006,8.69,18716,11.3,5786.459381,F,0,38,43,8.59,,,,8.61,34.74,,34.75,32F2,
14539,1610523,12088,12287,12366,1610523,EH,I4537,NL,1340,MIKQ1NL2026,,64T2,MRN2,,1600,WovFab,500,10183350,2026NL3400138,,20263400138,22,1,2026,21,42,51.906,2.49033,17,52,2291,,,2,3.141592654,1,0,EMD,Valeport,16006,8.69,18716,11.3,5786.459381,F,0,38,43,8.59,,,,8.61,34.74,,34.75,32F2,
14539,1610523,12088,12287,12366,1610523,EH,I4537,NL,1340,MIKQ1NL2026,,64T2,MRN2,,1600,WovFab,500,10183350,2026NL3400138,,20263400138,22,1,2026,21,42,51.906,2.49033,17,52,2291,,,2,3.141592654,1,0,EMD,Valeport,16006,8.69,18716,11.3,5786.459381,F,0,38,43,8.59,,,,8.61,34.74,,34.75,32F2,
14539,1610523,12088,12287,12366,1610523,EH,I4537,NL,1340,MIKQ1NL2026,,64T2,MRN2,,1600,WovFab,500,10183350,2026NL3400138,,20263400138,22,1,2026,21,42,51.906,2.49033,17,52,2291,,,2,3.141592654,1,0,EMD,Valeport,16006,8.69,18716,11.3,5786.459381,F,0,38,43,8.59,,,,8.61,34.74,,34.75,32F2,
14539,1610523,12088,12287,12366,1610523,EH,I4537,NL,1340,MIKQ1NL2026,,64T2,MRN2,,1600,WovFab,500,10183350,2026NL3400138,,20263400138,22,1,2026,21,42,51.906,2.49033,17,52,2291,,,2,3.141592654,1,0,EMD,Valeport,16006,8.69,18716,11.3,5786.459381,F,0,38,43,8.59,,,,8.61,34.74,,34.75,32F2,
14539,1610523,12088,12287,12366,1610523,EH,I4537,NL,1340,MIKQ1NL2026,,64T2,MRN2,,1600,WovFab,500,10183350,2026NL3400138,,20263400138,22,1,2026,21,42,51.906,2.49033,17,52,2291,,,2,3.141592654,1,0,EMD,Valeport,16006,8.69,18716,11.3,5786.459381,F,0,38,43,8.59,,,,8.61,34.74,,34.75,32F2,
14539,1610523,12088,12287,12366,1610523,EH,I4537,NL,1340,MIKQ1NL2026,,64T2,MRN2,,1600,WovFab,500,10183350,2026NL3400138,,20263400138,22,1,2026,21,42,51.906,2.49033,17,52,2291,,,2,3.141592654,1,0,EMD,Valeport,16006,8.69,18716,11.3,5786.459381,F,0,38,43,8.59,,,,8.61,34.74,,34.75,32F2,
14539,1610523,12088,12287,12366,1610523,EH,I4537,NL,1340,MIKQ1NL2026,,64T2,MRN2,,1600,WovFab,500,10183350,2026NL3400138,,20263400138,22,1,2026,21,42,51.906,2.49033,17,52,2291,,,2,3.141592654,1,0,EMD,Valeport,16006,8.69,18716,11.3,5786.459381,F,0,38,43,8.59,,,,8.61,34.74,,34.75,32F2,
14539,1610523,12088,12287,12366,1610523,EH,I4537,NL,1340,MIKQ1NL2026,,64T2,MRN2,,1600,WovFab,500,10183350,2026NL3400138,,20263400138,22,1,2026,21,42,51.906,2.49033,17,52,2291,,,2,3.141592654,1,0,EMD,Valeport,16006,8.69,18716,11.3,5786.459381,F,0,38,43,8.59,,,,8.61,34.74,,34.75,32F2,
14539,1610523,12088,12287,12366,1610523,EH,I4537,NL,1340,MIKQ1NL2026,,64T2,MRN2,,1600,WovFab,500,10183350,2026NL3400138,,20263400138,22,1,2026,21,42,51.906,2.49033,17,52,2291,,,2,3.141592654,1,0,EMD,Valeport,16006,8.69,18716,11.3,5786.459381,F,0,38,43,8.59,,,,8.61,34.74,,34.75,32F2,
14539,1610523,12088,12287,12366,1610523,EH,I4537,NL,1340,MIKQ1NL2026,,64T2,MRN2,,1600,WovFab,500,10183350,2026NL3400138,,20263400138,22,1,2026,21,42,51.906,2.49033,17,52,2291,,,2,3.141592654,1,0,EMD,Valeport,16006,8.69,18716,11.3,5786.459381,F,0,38,43,8.59,,,,8.61,34.74,,34.75,32F2,
14539,1610523,12088,12287,12366,1610523,EH,I4537,NL,1340,MIKQ1NL2026,,64T2,MRN2,,1600,WovFab,500,10183350,2026NL3400138,,20263400138,22,1,2026,21,42,51.906,2.49033,17,52,2291,,,2,3.141592654,1,0,EMD,Valeport,16006,8.69,18716,11.3,5786.459381,F,0,38,43,8.59,,,,8.61,34.74,,34.75,32F2,
14539,1610523,12088,12287,12366,1610523,EH,I4537,NL,1340,MIKQ1NL2026,,64T2,MRN2,,1600,WovFab,500,10183350,2026NL3400138,,20263400138,22,1,2026,21,42,51.906,2.49033,17,52,2291,,,2,3.141592654,1,0,EMD,Valeport,16006,8.69,18716,11.3,5786.459381,F,0,38,43,8.59,,,,8.61,34.74,,34.75,32F2,
14539,1610523,12088,12287,12366,1610523,EH,I4537,NL,1340,MIKQ1NL2026,,64T2,MRN2,,1600,WovFab,500,10183350,2026NL3400138,,20263400138,22,1,2026,21,42,51.906,2.49033,17,52,2291,,,2,3.141592654,1,0,EMD,Valeport,16006,8.69,18716,11.3,5786.459381,F,0,38,43,8.59,,,,8.61,34.74,,34.75,32F2,
14539,1610523,12088,12287,12366,1610523,EH,I4537,NL,1340,MIKQ1NL2026,,64T2,MRN2,,1600,WovFab,500,10183350,2026NL3400138,,20263400138,22,1,2026,21,42,51.906,2.49033,17,52,2291,,,2,3.141592654,1,0,EMD,Valeport,16006,8.69,18716,11.3,5786.459381,F,0,38,43,8.59,,,,8.61,34.74,,34.75,32F2,
14539,1610523,12088,12287,12366,1610523,EH,I4537,NL,1340,MIKQ1NL2026,,64T2,MRN2,,1600,WovFab,500,10183350,2026NL3400138,,20263400138,22,1,2026,21,42,51.906,2.49033,17,52,2291,,,2,3.141592654,1,0,EMD,Valeport,16006,8.69,18716,11.3,5786.459381,F,0,38,43,8.59,,,,8.61,34.74,,34.75,32F2,
14539,1610524,12088,12287,12366,1610524,EH,I4537,NL,1340,MIKQ1NL2026,,64T2,MRN2,,1600,WovFab,500,10183366,2026NL3400139,,20263400139,22,1,2026,23,6,51.77583,2.80433,11,10,798,,,2,3.141592654,1,0,EMD,Valeport,8955,8.69,10645,11.3,3237.394962,F,0,27,34,7.85,,,,7.85,34.53,,34.53,32F2,
14539,1610524,12088,12287,12366,1610524,EH,I4537,NL,1340,MIKQ1NL2026,,64T2,MRN2,,1600,WovFab,500,10183366,2026NL3400139,,20263400139,22,1,2026,23,6,51.77583,2.80433,11,10,798,,,2,3.141592654,1,0,EMD,Valeport,8955,8.69,10645,11.3,3237.394962,F,0,27,34,7.85,,,,7.85,34.53,,34.53,32F2,
14539,1610524,12088,12287,12366,1610524,EH,I4537,NL,1340,MIKQ1NL2026,,64T2,MRN2,,1600,WovFab,500,10183366,2026NL3400139,,20263400139,22,1,2026,23,6,51.77583,2.80433,11,10,798,,,2,3.141592654,1,0,EMD,Valeport,8955,8.69,10645,11.3,3237.394962,F,0,27,34,7.85,,,,7.85,34.53,,34.53,32F2,
14539,1610524,12088,12287,12366,1610524,EH,I4537,NL,1340,MIKQ1NL2026,,64T2,MRN2,,1600,WovFab,500,10183366,2026NL3400139,,20263400139,22,1,2026,23,6,51.77583,2.80433,11,10,798,,,2,3.141592654,1,0,EMD,Valeport,8955,8.69,10645,11.3,3237.394962,F,0,27,34,7.85,,,,7.85,34.53,,34.53,32F2,
14539,1610524,12088,12287,12366,1610524,EH,I4537,NL,1340,MIKQ1NL2026,,64T2,MRN2,,1600,WovFab,500,10183366,2026NL3400139,,20263400139,22,1,2026,23,6,51.77583,2.80433,11,10,798,,,2,3.141592654,1,0,EMD,Valeport,8955,8.69,10645,11.3,3237.394962,F,0,27,34,7.85,,,,7.85,34.53,,34.53,32F2,
14539,1610524,12088,12287,12366,1610524,EH,I4537,NL,1340,MIKQ1NL2026,,64T2,MRN2,,1600,WovFab,500,10183366,2026NL3400139,,20263400139,22,1,2026,23,6,51.77583,2.80433,11,10,798,,,2,3.141592654,1,0,EMD,Valeport,8955,8.69,10645,11.3,3237.394962,F,0,27,34,7.85,,,,7.85,34.53,,34.53,32F2,
14539,1610524,12088,12287,12366,1610524,EH,I4537,NL,1340,MIKQ1NL2026,,64T2,MRN2,,1600,WovFab,500,10183366,2026NL3400139,,20263400139,22,1,2026,23,6,51.77583,2.80433,11,10,798,,,2,3.141592654,1,0,EMD,Valeport,8955,8.69,10645,11.3,3237.394962,F,0,27,34,7.85,,,,7.85,34.53,,34.53,32F2,
14539,1610524,12088,12287,12366,1610524,EH,I4537,NL,1340,MIKQ1NL2026,,64T2,MRN2,,1600,WovFab,500,10183366,2026NL3400139,,20263400139,22,1,2026,23,6,51.77583,2.80433,11,10,798,,,2,3.141592654,1,0,EMD,Valeport,8955,8.69,10645,11.3,3237.394962,F,0,27,34,7.85,,,,7.85,34.53,,34.53,32F2,
14539,1610525,12088,12287,12366,1610525,EH,I4537,NL,1340,MIKQ1NL2026,,64T2,MRN2,,1600,WovFab,500,10183410,2026NL3400140,,20263400140,23,1,2026,0,25,51.756,3.14233,10,37,1050,,,2,3.141592654,1,0,EMD,Valeport,8434,8.69,9916,11.3,3049.04401,F,0,28,34,6.96,,,,6.93,34.35,,34.35,32F3,
14539,1610525,12088,12287,12366,1610525,EH,I4537,NL,1340,MIKQ1NL2026,,64T2,MRN2,,1600,WovFab,500,10183410,2026NL3400140,,20263400140,23,1,2026,0,25,51.756,3.14233,10,37,1050,,,2,3.141592654,1,0,EMD,Valeport,8434,8.69,9916,11.3,3049.04401,F,0,28,34,6.96,,,,6.93,34.35,,34.35,32F3,
14539,1610525,12088,12287,12366,1610525,EH,I4537,NL,1340,MIKQ1NL2026,,64T2,MRN2,,1600,WovFab,500,10183410,2026NL3400140,,20263400140,23,1,2026,0,25,51.756,3.14233,10,37,1050,,,2,3.141592654,1,0,EMD,Valeport,8434,8.69,9916,11.3,3049.04401,F,0,28,34,6.96,,,,6.93,34.35,,34.35,32F3,
14539,1610525,12088,12287,12366,1610525,EH,I4537,NL,1340,MIKQ1NL2026,,64T2,MRN2,,1600,WovFab,500,10183410,2026NL3400140,,20263400140,23,1,2026,0,25,51.756,3.14233,10,37,1050,,,2,3.141592654,1,0,EMD,Valeport,8434,8.69,9916,11.3,3049.04401,F,0,28,34,6.96,,,,6.93,34.35,,34.35,32F3,
14539,1610525,12088,12287,12366,1610525,EH,I4537,NL,1340,MIKQ1NL2026,,64T2,MRN2,,1600,WovFab,500,10183410,2026NL3400140,,20263400140,23,1,2026,0,25,51.756,3.14233,10,37,1050,,,2,3.141592654,1,0,EMD,Valeport,8434,8.69,9916,11.3,3049.04401,F,0,28,34,6.96,,,,6.93,34.35,,34.35,32F3,
14539,1610525,12088,12287,12366,1610525,EH,I4537,NL,1340,MIKQ1NL2026,,64T2,MRN2,,1600,WovFab,500,10183410,2026NL3400140,,20263400140,23,1,2026,0,25,51.756,3.14233,10,37,1050,,,2,3.141592654,1,0,EMD,Valeport,8434,8.69,9916,11.3,3049.04401,F,0,28,34,6.96,,,,6.93,34.35,,34.35,32F3,
14539,1610525,12088,12287,12366,1610525,EH,I4537,NL,1340,MIKQ1NL2026,,64T2,MRN2,,1600,WovFab,500,10183410,2026NL3400140,,20263400140,23,1,2026,0,25,51.756,3.14233,10,37,1050,,,2,3.141592654,1,0,EMD,Valeport,8434,8.69,9916,11.3,3049.04401,F,0,28,34,6.96,,,,6.93,34.35,,34.35,32F3,
14539,1610525,12088,12287,12366,1610525,EH,I4537,NL,1340,MIKQ1NL2026,,64T2,MRN2,,1600,WovFab,500,10183410,2026NL3400140,,20263400140,23,1,2026,0,25,51.756,3.14233,10,37,1050,,,2,3.141592654,1,0,EMD,Valeport,8434,8.69,9916,11.3,3049.04401,F,0,28,34,6.96,,,,6.93,34.35,,34.35,32F3,
14539,1610525,12088,12287,12366,1610525,EH,I4537,NL,1340,MIKQ1NL2026,,64T2,MRN2,,1600,WovFab,500,10183410,2026NL3400140,,20263400140,23,1,2026,0,25,51.756,3.14233,10,37,1050,,,2,3.141592654,1,0,EMD,Valeport,8434,8.69,9916,11.3,3049.04401,F,0,28,34,6.96,,,,6.93,34.35,,34.35,32F3,
14539,1610525,12088,12287,12366,1610525,EH,I4537,NL,1340,MIKQ1NL2026,,64T2,MRN2,,1600,WovFab,500,10183410,2026NL3400140,,20263400140,23,1,2026,0,25,51.756,3.14233,10,37,1050,,,2,3.141592654,1,0,EMD,Valeport,8434,8.69,9916,11.3,3049.04401,F,0,28,34,6.96,,,,6.93,34.35,,34.35,32F3,
14539,1610525,12088,12287,12366,1610525,EH,I4537,NL,1340,MIKQ1NL2026,,64T2,MRN2,,1600,WovFab,500,10183410,2026NL3400140,,20263400140,23,1,2026,0,25,51.756,3.14233,10,37,1050,,,2,3.141592654,1,0,EMD,Valeport,8434,8.69,9916,11.3,3049.04401,F,0,28,34,6.96,,,,6.93,34.35,,34.35,32F3,
14539,1610525,12088,12287,12366,1610525,EH,I4537,NL,1340,MIKQ1NL2026,,64T2,MRN2,,1600,WovFab,500,10183410,2026NL3400140,,20263400140,23,1,2026,0,25,51.756,3.14233,10,37,1050,,,2,3.141592654,1,0,EMD,Valeport,8434,8.69,9916,11.3,3049.04401,F,0,28,34,6.96,,,,6.93,34.35,,34.35,32F3,
14539,1610525,12088,12287,12366,1610525,EH,I4537,NL,1340,MIKQ1NL2026,,64T2,MRN2,,1600,WovFab,500,10183410,2026NL3400140,,20263400140,23,1,2026,0,25,51.756,3.14233,10,37,1050,,,2,3.141592654,1,0,EMD,Valeport,8434,8.69,9916,11.3,3049.04401,F,0,28,34,6.96,,,,6.93,34.35,,34.35,32F3,
14539,1610525,12088,12287,12366,1610525,EH,I4537,NL,1340,MIKQ1NL2026,,64T2,MRN2,,1600,WovFab,500,10183410,2026NL3400140,,20263400140,23,1,2026,0,25,51.756,3.14233,10,37,1050,,,2,3.141592654,1,0,EMD,Valeport,8434,8.69,9916,11.3,3049.04401,F,0,28,34,6.96,,,,6.93,34.35,,34.35,32F3,
14539,1610525,12088,12287,12366,1610525,EH,I4537,NL,1340,MIKQ1NL2026,,64T2,MRN2,,1600,WovFab,500,10183410,2026NL3400140,,20263400140,23,1,2026,0,25,51.756,3.14233,10,37,1050,,,2,3.141592654,1,0,EMD,Valeport,8434,8.69,9916,11.3,3049.04401,F,0,28,34,6.96,,,,6.93,34.35,,34.35,32F3,
14539,1610525,12088,12287,12366,1610525,EH,I4537,NL,1340,MIKQ1NL2026,,64T2,MRN2,,1600,WovFab,500,10183410,2026NL3400140,,20263400140,23,1,2026,0,25,51.756,3.14233,10,37,1050,,,2,3.141592654,1,0,EMD,Valeport,8434,8.69,9916,11.3,3049.04401,F,0,28,34,6.96,,,,6.93,34.35,,34.35,32F3,
14539,1610525,12088,12287,12366,1610525,EH,I4537,NL,1340,MIKQ1NL2026,,64T2,MRN2,,1600,WovFab,500,10183410,2026NL3400140,,20263400140,23,1,2026,0,25,51.756,3.14233,10,37,1050,,,2,3.141592654,1,0,EMD,Valeport,8434,8.69,9916,11.3,3049.04401,F,0,28,34,6.96,,,,6.93,34.35,,34.35,32F3,
14539,1610525,12088,12287,12366,1610525,EH,I4537,NL,1340,MIKQ1NL2026,,64T2,MRN2,,1600,WovFab,500,10183410,2026NL3400140,,20263400140,23,1,2026,0,25,51.756,3.14233,10,37,1050,,,2,3.141592654,1,0,EMD,Valeport,8434,8.69,9916,11.3,3049.04401,F,0,28,34,6.96,,,,6.93,34.35,,34.35,32F3,
14539,1610526,12088,12287,12366,1610526,EH,I4537,NL,1340,MIKQ1NL2026,,64T2,MRN2,,1600,WovFab,500,10183369,2026NL3400141,,20263400141,23,1,2026,1,44,51.78583,3.4635,11,52,1091,,,2,3.141592654,1,0,EMD,Valeport,9331,8.69,11205,11.3,3373.325783,F,0,23,30,5.52,,,,5.56,33.42,,33.45,32F3,
14539,1610526,12088,12287,12366,1610526,EH,I4537,NL,1340,MIKQ1NL2026,,64T2,MRN2,,1600,WovFab,500,10183369,2026NL3400141,,20263400141,23,1,2026,1,44,51.78583,3.4635,11,52,1091,,,2,3.141592654,1,0,EMD,Valeport,9331,8.69,11205,11.3,3373.325783,F,0,23,30,5.52,,,,5.56,33.42,,33.45,32F3,
14539,1610526,12088,12287,12366,1610526,EH,I4537,NL,1340,MIKQ1NL2026,,64T2,MRN2,,1600,WovFab,500,10183369,2026NL3400141,,20263400141,23,1,2026,1,44,51.78583,3.4635,11,52,1091,,,2,3.141592654,1,0,EMD,Valeport,9331,8.69,11205,11.3,3373.325783,F,0,23,30,5.52,,,,5.56,33.42,,33.45,32F3,
14539,1610526,12088,12287,12366,1610526,EH,I4537,NL,1340,MIKQ1NL2026,,64T2,MRN2,,1600,WovFab,500,10183369,2026NL3400141,,20263400141,23,1,2026,1,44,51.78583,3.4635,11,52,1091,,,2,3.141592654,1,0,EMD,Valeport,9331,8.69,11205,11.3,3373.325783,F,0,23,30,5.52,,,,5.56,33.42,,33.45,32F3,
14539,1610526,12088,12287,12366,1610526,EH,I4537,NL,1340,MIKQ1NL2026,,64T2,MRN2,,1600,WovFab,500,10183369,2026NL3400141,,20263400141,23,1,2026,1,44,51.78583,3.4635,11,52,1091,,,2,3.141592654,1,0,EMD,Valeport,9331,8.69,11205,11.3,3373.325783,F,0,23,30,5.52,,,,5.56,33.42,,33.45,32F3,
14539,1610526,12088,12287,12366,1610526,EH,I4537,NL,1340,MIKQ1NL2026,,64T2,MRN2,,1600,WovFab,500,10183369,2026NL3400141,,20263400141,23,1,2026,1,44,51.78583,3.4635,11,52,1091,,,2,3.141592654,1,0,EMD,Valeport,9331,8.69,11205,11.3,3373.325783,F,0,23,30,5.52,,,,5.56,33.42,,33.45,32F3,
14539,1610526,12088,12287,12366,1610526,EH,I4537,NL,1340,MIKQ1NL2026,,64T2,MRN2,,1600,WovFab,500,10183369,2026NL3400141,,20263400141,23,1,2026,1,44,51.78583,3.4635,11,52,1091,,,2,3.141592654,1,0,EMD,Valeport,9331,8.69,11205,11.3,3373.325783,F,0,23,30,5.52,,,,5.56,33.42,,33.45,32F3,
14539,1610526,12088,12287,12366,1610526,EH,I4537,NL,1340,MIKQ1NL2026,,64T2,MRN2,,1600,WovFab,500,10183369,2026NL3400141,,20263400141,23,1,2026,1,44,51.78583,3.4635,11,52,1091,,,2,3.141592654,1,0,EMD,Valeport,9331,8.69,11205,11.3,3373.325783,F,0,23,30,5.52,,,,5.56,33.42,,33.45,32F3,
14539,1610526,12088,12287,12366,1610526,EH,I4537,NL,1340,MIKQ1NL2026,,64T2,MRN2,,1600,WovFab,500,10183369,2026NL3400141,,20263400141,23,1,2026,1,44,51.78583,3.4635,11,52,1091,,,2,3.141592654,1,0,EMD,Valeport,9331,8.69,11205,11.3,3373.325783,F,0,23,30,5.52,,,,5.56,33.42,,33.45,32F3,
14539,1610526,12088,12287,12366,1610526,EH,I4537,NL,1340,MIKQ1NL2026,,64T2,MRN2,,1600,WovFab,500,10183369,2026NL3400141,,20263400141,23,1,2026,1,44,51.78583,3.4635,11,52,1091,,,2,3.141592654,1,0,EMD,Valeport,9331,8.69,11205,11.3,3373.325783,F,0,23,30,5.52,,,,5.56,33.42,,33.45,32F3,
14539,1610526,12088,12287,12366,1610526,EH,I4537,NL,1340,MIKQ1NL2026,,64T2,MRN2,,1600,WovFab,500,10183369,2026NL3400141,,20263400141,23,1,2026,1,44,51.78583,3.4635,11,52,1091,,,2,3.141592654,1,0,EMD,Valeport,9331,8.69,11205,11.3,3373.325783,F,0,23,30,5.52,,,,5.56,33.42,,33.45,32F3,
14539,1610526,12088,12287,12366,1610526,EH,I4537,NL,1340,MIKQ1NL2026,,64T2,MRN2,,1600,WovFab,500,10183369,2026NL3400141,,20263400141,23,1,2026,1,44,51.78583,3.4635,11,52,1091,,,2,3.141592654,1,0,EMD,Valeport,9331,8.69,11205,11.3,3373.325783,F,0,23,30,5.52,,,,5.56,33.42,,33.45,32F3,
14539,1610528,12088,12287,12366,1610528,EH,I4537,NL,1340,MIKQ1NL2026,,64T2,MRN2,,1600,WovFab,500,10183398,2026NL3400143,,20263400143,26,1,2026,18,2,53.31267,2.85483,10,12,1163,,,2,3.141592654,1,0,EMD,Valeport,8680,8.69,10205,11.3,3137.977473,F,0,25,32,6.95,,,,6.97,34.64,,34.65,35F2,
14539,1610531,12088,12287,12366,1610531,EH,I4537,NL,1340,MIKQ1NL2026,,64T2,MRN2,,1600,WovFab,500,10183734,2026NL3400146,,20263400146,26,1,2026,22,13,53.85017,3.38717,10,30,1028,,,2,3.141592654,1,0,EMD,Valeport,7955,8.69,9438,11.3,2875.87682,F,0,31,39,6.21,,,,6.28,34.44,,34.48,36F3,
14539,1610531,12088,12287,12366,1610531,EH,I4537,NL,1340,MIKQ1NL2026,,64T2,MRN2,,1600,WovFab,500,10183734,2026NL3400146,,20263400146,26,1,2026,22,13,53.85017,3.38717,10,30,1028,,,2,3.141592654,1,0,EMD,Valeport,7955,8.69,9438,11.3,2875.87682,F,0,31,39,6.21,,,,6.28,34.44,,34.48,36F3,
14539,1610531,12088,12287,12366,1610531,EH,I4537,NL,1340,MIKQ1NL2026,,64T2,MRN2,,1600,WovFab,500,10183734,2026NL3400146,,20263400146,26,1,2026,22,13,53.85017,3.38717,10,30,1028,,,2,3.141592654,1,0,EMD,Valeport,7955,8.69,9438,11.3,2875.87682,F,0,31,39,6.21,,,,6.28,34.44,,34.48,36F3,
14539,1610531,12088,12287,12366,1610531,EH,I4537,NL,1340,MIKQ1NL2026,,64T2,MRN2,,1600,WovFab,500,10183734,2026NL3400146,,20263400146,26,1,2026,22,13,53.85017,3.38717,10,30,1028,,,2,3.141592654,1,0,EMD,Valeport,7955,8.69,9438,11.3,2875.87682,F,0,31,39,6.21,,,,6.28,34.44,,34.48,36F3,
14539,1610531,12088,12287,12366,1610531,EH,I4537,NL,1340,MIKQ1NL2026,,64T2,MRN2,,1600,WovFab,500,10183734,2026NL3400146,,20263400146,26,1,2026,22,13,53.85017,3.38717,10,30,1028,,,2,3.141592654,1,0,EMD,Valeport,7955,8.69,9438,11.3,2875.87682,F,0,31,39,6.21,,,,6.28,34.44,,34.48,36F3,
14539,1610531,12088,12287,12366,1610531,EH,I4537,NL,1340,MIKQ1NL2026,,64T2,MRN2,,1600,WovFab,500,10183734,2026NL3400146,,20263400146,26,1,2026,22,13,53.85017,3.38717,10,30,1028,,,2,3.141592654,1,0,EMD,Valeport,7955,8.69,9438,11.3,2875.87682,F,0,31,39,6.21,,,,6.28,34.44,,34.48,36F3,
14539,1610532,12088,12287,12366,1610532,EH,I4537,NL,1340,MIKQ1NL2026,,64T2,MRN2,,1600,WovFab,500,10183726,2026NL3400147,,20263400147,26,1,2026,23,32,54.09683,3.43967,15,42,1557,,,2,3.141592654,1,0,EMD,Valeport,13826,8.69,16085,11.3,4998.349831,F,0,38,44,6.59,,,,6.6,34.54,,34.55,37F3,
14539,1610532,12088,12287,12366,1610532,EH,I4537,NL,1340,MIKQ1NL2026,,64T2,MRN2,,1600,WovFab,500,10183726,2026NL3400147,,20263400147,26,1,2026,23,32,54.09683,3.43967,15,42,1557,,,2,3.141592654,1,0,EMD,Valeport,13826,8.69,16085,11.3,4998.349831,F,0,38,44,6.59,,,,6.6,34.54,,34.55,37F3,
14539,1610533,12088,12287,12366,1610533,EH,I4537,NL,1340,MIKQ1NL2026,,64T2,MRN2,,1600,WovFab,500,10183770,2026NL3400148,,20263400148,27,1,2026,1,3,54.34583,3.66133,12,27,1192,,,2,3.141592654,1,0,EMD,Valeport,10147,8.69,11883,11.3,3668.324587,F,0,36,44,6.78,,,,6.8,34.49,,34.5,37F3,
14539,1610533,12088,12287,12366,1610533,EH,I4537,NL,1340,MIKQ1NL2026,,64T2,MRN2,,1600,WovFab,500,10183770,2026NL3400148,,20263400148,27,1,2026,1,3,54.34583,3.66133,12,27,1192,,,2,3.141592654,1,0,EMD,Valeport,10147,8.69,11883,11.3,3668.324587,F,0,36,44,6.78,,,,6.8,34.49,,34.5,37F3,
14539,1610533,12088,12287,12366,1610533,EH,I4537,NL,1340,MIKQ1NL2026,,64T2,MRN2,,1600,WovFab,500,10183770,2026NL3400148,,20263400148,27,1,2026,1,3,54.34583,3.66133,12,27,1192,,,2,3.141592654,1,0,EMD,Valeport,10147,8.69,11883,11.3,3668.324587,F,0,36,44,6.78,,,,6.8,34.49,,34.5,37F3,
14539,1610533,12088,12287,12366,1610533,EH,I4537,NL,1340,MIKQ1NL2026,,64T2,MRN2,,1600,WovFab,500,10183770,2026NL3400148,,20263400148,27,1,2026,1,3,54.34583,3.66133,12,27,1192,,,2,3.141592654,1,0,EMD,Valeport,10147,8.69,11883,11.3,3668.324587,F,0,36,44,6.78,,,,6.8,34.49,,34.5,37F3,
14539,1610533,12088,12287,12366,1610533,EH,I4537,NL,1340,MIKQ1NL2026,,64T2,MRN2,,1600,WovFab,500,10183770,2026NL3400148,,20263400148,27,1,2026,1,3,54.34583,3.66133,12,27,1192,,,2,3.141592654,1,0,EMD,Valeport,10147,8.69,11883,11.3,3668.324587,F,0,36,44,6.78,,,,6.8,34.49,,34.5,37F3,
14539,1610533,12088,12287,12366,1610533,EH,I4537,NL,1340,MIKQ1NL2026,,64T2,MRN2,,1600,WovFab,500,10183770,2026NL3400148,,20263400148,27,1,2026,1,3,54.34583,3.66133,12,27,1192,,,2,3.141592654,1,0,EMD,Valeport,10147,8.69,11883,11.3,3668.324587,F,0,36,44,6.78,,,,6.8,34.49,,34.5,37F3,
14539,1610533,12088,12287,12366,1610533,EH,I4537,NL,1340,MIKQ1NL2026,,64T2,MRN2,,1600,WovFab,500,10183770,2026NL3400148,,20263400148,27,1,2026,1,3,54.34583,3.66133,12,27,1192,,,2,3.141592654,1,0,EMD,Valeport,10147,8.69,11883,11.3,3668.324587,F,0,36,44,6.78,,,,6.8,34.49,,34.5,37F3,
14539,1610533,12088,12287,12366,1610533,EH,I4537,NL,1340,MIKQ1NL2026,,64T2,MRN2,,1600,WovFab,500,10183770,2026NL3400148,,20263400148,27,1,2026,1,3,54.34583,3.66133,12,27,1192,,,2,3.141592654,1,0,EMD,Valeport,10147,8.69,11883,11.3,3668.324587,F,0,36,44,6.78,,,,6.8,34.49,,34.5,37F3,
14539,1610533,12088,12287,12366,1610533,EH,I4537,NL,1340,MIKQ1NL2026,,64T2,MRN2,,1600,WovFab,500,10183770,2026NL3400148,,20263400148,27,1,2026,1,3,54.34583,3.66133,12,27,1192,,,2,3.141592654,1,0,EMD,Valeport,10147,8.69,11883,11.3,3668.324587,F,0,36,44,6.78,,,,6.8,34.49,,34.5,37F3,
14539,1610533,12088,12287,12366,1610533,EH,I4537,NL,1340,MIKQ1NL2026,,64T2,MRN2,,1600,WovFab,500,10183770,2026NL3400148,,20263400148,27,1,2026,1,3,54.34583,3.66133,12,27,1192,,,2,3.141592654,1,0,EMD,Valeport,10147,8.69,11883,11.3,3668.324587,F,0,36,44,6.78,,,,6.8,34.49,,34.5,37F3,
14539,1610533,12088,12287,12366,1610533,EH,I4537,NL,1340,MIKQ1NL2026,,64T2,MRN2,,1600,WovFab,500,10183770,2026NL3400148,,20263400148,27,1,2026,1,3,54.34583,3.66133,12,27,1192,,,2,3.141592654,1,0,EMD,Valeport,10147,8.69,11883,11.3,3668.324587,F,0,36,44,6.78,,,,6.8,34.49,,34.5,37F3,
14539,1610534,12088,12287,12366,1610534,EH,I4537,NL,1340,MIKQ1NL2026,,64T2,MRN2,,1600,WovFab,500,10183769,2026NL3400149,,20263400149,27,1,2026,2,25,54.58283,3.85033,12,52,1178,,,2,3.141592654,1,0,EMD,Valeport,9858,8.69,11470,11.3,3563.845844,F,0,38,46,6.83,,,,6.85,34.56,,34.58,38F3,
14539,1610534,12088,12287,12366,1610534,EH,I4537,NL,1340,MIKQ1NL2026,,64T2,MRN2,,1600,WovFab,500,10183769,2026NL3400149,,20263400149,27,1,2026,2,25,54.58283,3.85033,12,52,1178,,,2,3.141592654,1,0,EMD,Valeport,9858,8.69,11470,11.3,3563.845844,F,0,38,46,6.83,,,,6.85,34.56,,34.58,38F3,
14539,1610534,12088,12287,12366,1610534,EH,I4537,NL,1340,MIKQ1NL2026,,64T2,MRN2,,1600,WovFab,500,10183769,2026NL3400149,,20263400149,27,1,2026,2,25,54.58283,3.85033,12,52,1178,,,2,3.141592654,1,0,EMD,Valeport,9858,8.69,11470,11.3,3563.845844,F,0,38,46,6.83,,,,6.85,34.56,,34.58,38F3,
14539,1610534,12088,12287,12366,1610534,EH,I4537,NL,1340,MIKQ1NL2026,,64T2,MRN2,,1600,WovFab,500,10183769,2026NL3400149,,20263400149,27,1,2026,2,25,54.58283,3.85033,12,52,1178,,,2,3.141592654,1,0,EMD,Valeport,9858,8.69,11470,11.3,3563.845844,F,0,38,46,6.83,,,,6.85,34.56,,34.58,38F3,
14539,1610534,12088,12287,12366,1610534,EH,I4537,NL,1340,MIKQ1NL2026,,64T2,MRN2,,1600,WovFab,500,10183769,2026NL3400149,,20263400149,27,1,2026,2,25,54.58283,3.85033,12,52,1178,,,2,3.141592654,1,0,EMD,Valeport,9858,8.69,11470,11.3,3563.845844,F,0,38,46,6.83,,,,6.85,34.56,,34.58,38F3,
14539,1610534,12088,12287,12366,1610534,EH,I4537,NL,1340,MIKQ1NL2026,,64T2,MRN2,,1600,WovFab,500,10183769,2026NL3400149,,20263400149,27,1,2026,2,25,54.58283,3.85033,12,52,1178,,,2,3.141592654,1,0,EMD,Valeport,9858,8.69,11470,11.3,3563.845844,F,0,38,46,6.83,,,,6.85,34.56,,34.58,38F3,
14539,1610534,12088,12287,12366,1610534,EH,I4537,NL,1340,MIKQ1NL2026,,64T2,MRN2,,1600,WovFab,500,10183769,2026NL3400149,,20263400149,27,1,2026,2,25,54.58283,3.85033,12,52,1178,,,2,3.141592654,1,0,EMD,Valeport,9858,8.69,11470,11.3,3563.845844,F,0,38,46,6.83,,,,6.85,34.56,,34.58,38F3,
14539,1610534,12088,12287,12366,1610534,EH,I4537,NL,1340,MIKQ1NL2026,,64T2,MRN2,,1600,WovFab,500,10183769,2026NL3400149,,20263400149,27,1,2026,2,25,54.58283,3.85033,12,52,1178,,,2,3.141592654,1,0,EMD,Valeport,9858,8.69,11470,11.3,3563.845844,F,0,38,46,6.83,,,,6.85,34.56,,34.58,38F3,
14539,1610534,12088,12287,12366,1610534,EH,I4537,NL,1340,MIKQ1NL2026,,64T2,MRN2,,1600,WovFab,500,10183769,2026NL3400149,,20263400149,27,1,2026,2,25,54.58283,3.85033,12,52,1178,,,2,3.141592654,1,0,EMD,Valeport,9858,8.69,11470,11.3,3563.845844,F,0,38,46,6.83,,,,6.85,34.56,,34.58,38F3,
14539,1610534,12088,12287,12366,1610534,EH,I4537,NL,1340,MIKQ1NL2026,,64T2,MRN2,,1600,WovFab,500,10183769,2026NL3400149,,20263400149,27,1,2026,2,25,54.58283,3.85033,12,52,1178,,,2,3.141592654,1,0,EMD,Valeport,9858,8.69,11470,11.3,3563.845844,F,0,38,46,6.83,,,,6.85,34.56,,34.58,38F3,
14539,1610535,12088,12287,12366,1610535,EH,I4537,NL,1340,MIKQ1NL2026,,64T2,MRN2,,1600,WovFab,500,10183775,2026NL3400150,,20263400150,27,1,2026,3,26,54.58633,4.15333,11,28,901,,,2,3.141592654,1,0,EMD,Valeport,7959,8.69,9479,11.3,2877.322892,F,0,42,48,6.96,,,,6.96,34.53,,34.61,38F4,
14539,1610535,12088,12287,12366,1610535,EH,I4537,NL,1340,MIKQ1NL2026,,64T2,MRN2,,1600,WovFab,500,10183775,2026NL3400150,,20263400150,27,1,2026,3,26,54.58633,4.15333,11,28,901,,,2,3.141592654,1,0,EMD,Valeport,7959,8.69,9479,11.3,2877.322892,F,0,42,48,6.96,,,,6.96,34.53,,34.61,38F4,
14539,1610536,12088,12287,12366,1610536,EH,I4537,NL,1340,MIKQ1NL2026,,64T2,MRN2,,1600,WovFab,500,10183733,2026NL3400151,,20263400151,27,1,2026,4,38,54.5825,4.533,16,1,1375,,,2,3.141592654,1,0,EMD,Valeport,13093,8.69,14971,11.3,4733.357033,F,0,43,50,6.73,,,,6.68,34.58,,34.6,38F4,
14539,1610536,12088,12287,12366,1610536,EH,I4537,NL,1340,MIKQ1NL2026,,64T2,MRN2,,1600,WovFab,500,10183733,2026NL3400151,,20263400151,27,1,2026,4,38,54.5825,4.533,16,1,1375,,,2,3.141592654,1,0,EMD,Valeport,13093,8.69,14971,11.3,4733.357033,F,0,43,50,6.73,,,,6.68,34.58,,34.6,38F4,
14539,1610536,12088,12287,12366,1610536,EH,I4537,NL,1340,MIKQ1NL2026,,64T2,MRN2,,1600,WovFab,500,10183733,2026NL3400151,,20263400151,27,1,2026,4,38,54.5825,4.533,16,1,1375,,,2,3.141592654,1,0,EMD,Valeport,13093,8.69,14971,11.3,4733.357033,F,0,43,50,6.73,,,,6.68,34.58,,34.6,38F4,
14539,1610536,12088,12287,12366,1610536,EH,I4537,NL,1340,MIKQ1NL2026,,64T2,MRN2,,1600,WovFab,500,10183733,2026NL3400151,,20263400151,27,1,2026,4,38,54.5825,4.533,16,1,1375,,,2,3.141592654,1,0,EMD,Valeport,13093,8.69,14971,11.3,4733.357033,F,0,43,50,6.73,,,,6.68,34.58,,34.6,38F4,
14539,1610536,12088,12287,12366,1610536,EH,I4537,NL,1340,MIKQ1NL2026,,64T2,MRN2,,1600,WovFab,500,10183733,2026NL3400151,,20263400151,27,1,2026,4,38,54.5825,4.533,16,1,1375,,,2,3.141592654,1,0,EMD,Valeport,13093,8.69,14971,11.3,4733.357033,F,0,43,50,6.73,,,,6.68,34.58,,34.6,38F4,
14539,1610536,12088,12287,12366,1610536,EH,I4537,NL,1340,MIKQ1NL2026,,64T2,MRN2,,1600,WovFab,500,10183733,2026NL3400151,,20263400151,27,1,2026,4,38,54.5825,4.533,16,1,1375,,,2,3.141592654,1,0,EMD,Valeport,13093,8.69,14971,11.3,4733.357033,F,0,43,50,6.73,,,,6.68,34.58,,34.6,38F4,
14539,1610537,12088,12287,12366,1610537,EH,I4537,NL,1340,MIKQ1NL2026,,64T2,MRN2,,1600,WovFab,500,10183727,2026NL3400152,,20263400152,28,1,2026,17,16,55.23767,1.51783,12,46,1289,,,2,3.141592654,1,0,EMD,Valeport,10456,8.69,12223,11.3,3780.033693,F,0,34,41,5.93,,,,5.92,34.55,,34.56,39F1,
14539,1610537,12088,12287,12366,1610537,EH,I4537,NL,1340,MIKQ1NL2026,,64T2,MRN2,,1600,WovFab,500,10183727,2026NL3400152,,20263400152,28,1,2026,17,16,55.23767,1.51783,12,46,1289,,,2,3.141592654,1,0,EMD,Valeport,10456,8.69,12223,11.3,3780.033693,F,0,34,41,5.93,,,,5.92,34.55,,34.56,39F1,
14539,1610537,12088,12287,12366,1610537,EH,I4537,NL,1340,MIKQ1NL2026,,64T2,MRN2,,1600,WovFab,500,10183727,2026NL3400152,,20263400152,28,1,2026,17,16,55.23767,1.51783,12,46,1289,,,2,3.141592654,1,0,EMD,Valeport,10456,8.69,12223,11.3,3780.033693,F,0,34,41,5.93,,,,5.92,34.55,,34.56,39F1,
14539,1610537,12088,12287,12366,1610537,EH,I4537,NL,1340,MIKQ1NL2026,,64T2,MRN2,,1600,WovFab,500,10183727,2026NL3400152,,20263400152,28,1,2026,17,16,55.23767,1.51783,12,46,1289,,,2,3.141592654,1,0,EMD,Valeport,10456,8.69,12223,11.3,3780.033693,F,0,34,41,5.93,,,,5.92,34.55,,34.56,39F1,
14539,1610537,12088,12287,12366,1610537,EH,I4537,NL,1340,MIKQ1NL2026,,64T2,MRN2,,1600,WovFab,500,10183727,2026NL3400152,,20263400152,28,1,2026,17,16,55.23767,1.51783,12,46,1289,,,2,3.141592654,1,0,EMD,Valeport,10456,8.69,12223,11.3,3780.033693,F,0,34,41,5.93,,,,5.92,34.55,,34.56,39F1,
14539,1610537,12088,12287,12366,1610537,EH,I4537,NL,1340,MIKQ1NL2026,,64T2,MRN2,,1600,WovFab,500,10183727,2026NL3400152,,20263400152,28,1,2026,17,16,55.23767,1.51783,12,46,1289,,,2,3.141592654,1,0,EMD,Valeport,10456,8.69,12223,11.3,3780.033693,F,0,34,41,5.93,,,,5.92,34.55,,34.56,39F1,
14539,1610538,12088,12287,12366,1610538,EH,I4537,NL,1340,MIKQ1NL2026,,64T2,MRN2,,1600,WovFab,500,10183736,2026NL3400153,,20263400153,28,1,2026,18,30,55.24167,1.842,13,17,1085,,,2,3.141592654,1,0,EMD,Valeport,9784,8.69,11938,11.3,3537.093501,F,0,31,36,5.63,,,,5.63,34.53,,34.54,39F1,
14539,1610538,12088,12287,12366,1610538,EH,I4537,NL,1340,MIKQ1NL2026,,64T2,MRN2,,1600,WovFab,500,10183736,2026NL3400153,,20263400153,28,1,2026,18,30,55.24167,1.842,13,17,1085,,,2,3.141592654,1,0,EMD,Valeport,9784,8.69,11938,11.3,3537.093501,F,0,31,36,5.63,,,,5.63,34.53,,34.54,39F1,
14539,1610538,12088,12287,12366,1610538,EH,I4537,NL,1340,MIKQ1NL2026,,64T2,MRN2,,1600,WovFab,500,10183736,2026NL3400153,,20263400153,28,1,2026,18,30,55.24167,1.842,13,17,1085,,,2,3.141592654,1,0,EMD,Valeport,9784,8.69,11938,11.3,3537.093501,F,0,31,36,5.63,,,,5.63,34.53,,34.54,39F1,
14539,1610538,12088,12287,12366,1610538,EH,I4537,NL,1340,MIKQ1NL2026,,64T2,MRN2,,1600,WovFab,500,10183736,2026NL3400153,,20263400153,28,1,2026,18,30,55.24167,1.842,13,17,1085,,,2,3.141592654,1,0,EMD,Valeport,9784,8.69,11938,11.3,3537.093501,F,0,31,36,5.63,,,,5.63,34.53,,34.54,39F1,
14539,1610538,12088,12287,12366,1610538,EH,I4537,NL,1340,MIKQ1NL2026,,64T2,MRN2,,1600,WovFab,500,10183736,2026NL3400153,,20263400153,28,1,2026,18,30,55.24167,1.842,13,17,1085,,,2,3.141592654,1,0,EMD,Valeport,9784,8.69,11938,11.3,3537.093501,F,0,31,36,5.63,,,,5.63,34.53,,34.54,39F1,
14539,1610538,12088,12287,12366,1610538,EH,I4537,NL,1340,MIKQ1NL2026,,64T2,MRN2,,1600,WovFab,500,10183736,2026NL3400153,,20263400153,28,1,2026,18,30,55.24167,1.842,13,17,1085,,,2,3.141592654,1,0,EMD,Valeport,9784,8.69,11938,11.3,3537.093501,F,0,31,36,5.63,,,,5.63,34.53,,34.54,39F1,
14539,1610538,12088,12287,12366,1610538,EH,I4537,NL,1340,MIKQ1NL2026,,64T2,MRN2,,1600,WovFab,500,10183736,2026NL3400153,,20263400153,28,1,2026,18,30,55.24167,1.842,13,17,1085,,,2,3.141592654,1,0,EMD,Valeport,9784,8.69,11938,11.3,3537.093501,F,0,31,36,5.63,,,,5.63,34.53,,34.54,39F1,
14539,1610538,12088,12287,12366,1610538,EH,I4537,NL,1340,MIKQ1NL2026,,64T2,MRN2,,1600,WovFab,500,10183736,2026NL3400153,,20263400153,28,1,2026,18,30,55.24167,1.842,13,17,1085,,,2,3.141592654,1,0,EMD,Valeport,9784,8.69,11938,11.3,3537.093501,F,0,31,36,5.63,,,,5.63,34.53,,34.54,39F1,
14539,1610538,12088,12287,12366,1610538,EH,I4537,NL,1340,MIKQ1NL2026,,64T2,MRN2,,1600,WovFab,500,10183736,2026NL3400153,,20263400153,28,1,2026,18,30,55.24167,1.842,13,17,1085,,,2,3.141592654,1,0,EMD,Valeport,9784,8.69,11938,11.3,3537.093501,F,0,31,36,5.63,,,,5.63,34.53,,34.54,39F1,
14539,1610539,12088,12287,12366,1610539,EH,I4537,NL,1340,MIKQ1NL2026,,64T2,MRN2,,1600,WovFab,500,10183728,2026NL3400154,,20263400154,28,1,2026,19,49,55.2385,2.15583,10,50,845,,,2,3.141592654,1,0,EMD,Valeport,8287,8.69,9953,11.3,2995.900843,F,0,31,37,5.59,,,,5.58,34.52,,34.53,39F2,
14539,1610539,12088,12287,12366,1610539,EH,I4537,NL,1340,MIKQ1NL2026,,64T2,MRN2,,1600,WovFab,500,10183728,2026NL3400154,,20263400154,28,1,2026,19,49,55.2385,2.15583,10,50,845,,,2,3.141592654,1,0,EMD,Valeport,8287,8.69,9953,11.3,2995.900843,F,0,31,37,5.59,,,,5.58,34.52,,34.53,39F2,
14539,1610539,12088,12287,12366,1610539,EH,I4537,NL,1340,MIKQ1NL2026,,64T2,MRN2,,1600,WovFab,500,10183728,2026NL3400154,,20263400154,28,1,2026,19,49,55.2385,2.15583,10,50,845,,,2,3.141592654,1,0,EMD,Valeport,8287,8.69,9953,11.3,2995.900843,F,0,31,37,5.59,,,,5.58,34.52,,34.53,39F2,
14539,1610539,12088,12287,12366,1610539,EH,I4537,NL,1340,MIKQ1NL2026,,64T2,MRN2,,1600,WovFab,500,10183728,2026NL3400154,,20263400154,28,1,2026,19,49,55.2385,2.15583,10,50,845,,,2,3.141592654,1,0,EMD,Valeport,8287,8.69,9953,11.3,2995.900843,F,0,31,37,5.59,,,,5.58,34.52,,34.53,39F2,
14539,1610539,12088,12287,12366,1610539,EH,I4537,NL,1340,MIKQ1NL2026,,64T2,MRN2,,1600,WovFab,500,10183728,2026NL3400154,,20263400154,28,1,2026,19,49,55.2385,2.15583,10,50,845,,,2,3.141592654,1,0,EMD,Valeport,8287,8.69,9953,11.3,2995.900843,F,0,31,37,5.59,,,,5.58,34.52,,34.53,39F2,
14539,1610539,12088,12287,12366,1610539,EH,I4537,NL,1340,MIKQ1NL2026,,64T2,MRN2,,1600,WovFab,500,10183728,2026NL3400154,,20263400154,28,1,2026,19,49,55.2385,2.15583,10,50,845,,,2,3.141592654,1,0,EMD,Valeport,8287,8.69,9953,11.3,2995.900843,F,0,31,37,5.59,,,,5.58,34.52,,34.53,39F2,
14539,1610539,12088,12287,12366,1610539,EH,I4537,NL,1340,MIKQ1NL2026,,64T2,MRN2,,1600,WovFab,500,10183728,2026NL3400154,,20263400154,28,1,2026,19,49,55.2385,2.15583,10,50,845,,,2,3.141592654,1,0,EMD,Valeport,8287,8.69,9953,11.3,2995.900843,F,0,31,37,5.59,,,,5.58,34.52,,34.53,39F2,
14539,1610539,12088,12287,12366,1610539,EH,I4537,NL,1340,MIKQ1NL2026,,64T2,MRN2,,1600,WovFab,500,10183728,2026NL3400154,,20263400154,28,1,2026,19,49,55.2385,2.15583,10,50,845,,,2,3.141592654,1,0,EMD,Valeport,8287,8.69,9953,11.3,2995.900843,F,0,31,37,5.59,,,,5.58,34.52,,34.53,39F2,
14539,1610540,12088,12287,12366,1610540,EH,I4537,NL,1340,MIKQ1NL2026,,64T2,MRN2,,1600,WovFab,500,10183731,2026NL3400155,,20263400155,28,1,2026,20,50,55.42133,2.16983,15,52,1454,,,2,3.141592654,1,0,EMD,Valeport,13762,8.69,15643,11.3,4975.21267,F,0,38,47,5.62,,,,5.63,34.53,,34.53,39F2,
14539,1610540,12088,12287,12366,1610540,EH,I4537,NL,1340,MIKQ1NL2026,,64T2,MRN2,,1600,WovFab,500,10183731,2026NL3400155,,20263400155,28,1,2026,20,50,55.42133,2.16983,15,52,1454,,,2,3.141592654,1,0,EMD,Valeport,13762,8.69,15643,11.3,4975.21267,F,0,38,47,5.62,,,,5.63,34.53,,34.53,39F2,
14539,1610540,12088,12287,12366,1610540,EH,I4537,NL,1340,MIKQ1NL2026,,64T2,MRN2,,1600,WovFab,500,10183731,2026NL3400155,,20263400155,28,1,2026,20,50,55.42133,2.16983,15,52,1454,,,2,3.141592654,1,0,EMD,Valeport,13762,8.69,15643,11.3,4975.21267,F,0,38,47,5.62,,,,5.63,34.53,,34.53,39F2,
14539,1610540,12088,12287,12366,1610540,EH,I4537,NL,1340,MIKQ1NL2026,,64T2,MRN2,,1600,WovFab,500,10183731,2026NL3400155,,20263400155,28,1,2026,20,50,55.42133,2.16983,15,52,1454,,,2,3.141592654,1,0,EMD,Valeport,13762,8.69,15643,11.3,4975.21267,F,0,38,47,5.62,,,,5.63,34.53,,34.53,39F2,
14539,1610540,12088,12287,12366,1610540,EH,I4537,NL,1340,MIKQ1NL2026,,64T2,MRN2,,1600,WovFab,500,10183731,2026NL3400155,,20263400155,28,1,2026,20,50,55.42133,2.16983,15,52,1454,,,2,3.141592654,1,0,EMD,Valeport,13762,8.69,15643,11.3,4975.21267,F,0,38,47,5.62,,,,5.63,34.53,,34.53,39F2,
14539,1610540,12088,12287,12366,1610540,EH,I4537,NL,1340,MIKQ1NL2026,,64T2,MRN2,,1600,WovFab,500,10183731,2026NL3400155,,20263400155,28,1,2026,20,50,55.42133,2.16983,15,52,1454,,,2,3.141592654,1,0,EMD,Valeport,13762,8.69,15643,11.3,4975.21267,F,0,38,47,5.62,,,,5.63,34.53,,34.53,39F2,
14539,1610540,12088,12287,12366,1610540,EH,I4537,NL,1340,MIKQ1NL2026,,64T2,MRN2,,1600,WovFab,500,10183731,2026NL3400155,,20263400155,28,1,2026,20,50,55.42133,2.16983,15,52,1454,,,2,3.141592654,1,0,EMD,Valeport,13762,8.69,15643,11.3,4975.21267,F,0,38,47,5.62,,,,5.63,34.53,,34.53,39F2,
14539,1610540,12088,12287,12366,1610540,EH,I4537,NL,1340,MIKQ1NL2026,,64T2,MRN2,,1600,WovFab,500,10183731,2026NL3400155,,20263400155,28,1,2026,20,50,55.42133,2.16983,15,52,1454,,,2,3.141592654,1,0,EMD,Valeport,13762,8.69,15643,11.3,4975.21267,F,0,38,47,5.62,,,,5.63,34.53,,34.53,39F2,
14539,1610540,12088,12287,12366,1610540,EH,I4537,NL,1340,MIKQ1NL2026,,64T2,MRN2,,1600,WovFab,500,10183731,2026NL3400155,,20263400155,28,1,2026,20,50,55.42133,2.16983,15,52,1454,,,2,3.141592654,1,0,EMD,Valeport,13762,8.69,15643,11.3,4975.21267,F,0,38,47,5.62,,,,5.63,34.53,,34.53,39F2,
14539,1610540,12088,12287,12366,1610540,EH,I4537,NL,1340,MIKQ1NL2026,,64T2,MRN2,,1600,WovFab,500,10183731,2026NL3400155,,20263400155,28,1,2026,20,50,55.42133,2.16983,15,52,1454,,,2,3.141592654,1,0,EMD,Valeport,13762,8.69,15643,11.3,4975.21267,F,0,38,47,5.62,,,,5.63,34.53,,34.53,39F2,
14539,1610540,12088,12287,12366,1610540,EH,I4537,NL,1340,MIKQ1NL2026,,64T2,MRN2,,1600,WovFab,500,10183731,2026NL3400155,,20263400155,28,1,2026,20,50,55.42133,2.16983,15,52,1454,,,2,3.141592654,1,0,EMD,Valeport,13762,8.69,15643,11.3,4975.21267,F,0,38,47,5.62,,,,5.63,34.53,,34.53,39F2,
14539,1610540,12088,12287,12366,1610540,EH,I4537,NL,1340,MIKQ1NL2026,,64T2,MRN2,,1600,WovFab,500,10183731,2026NL3400155,,20263400155,28,1,2026,20,50,55.42133,2.16983,15,52,1454,,,2,3.141592654,1,0,EMD,Valeport,13762,8.69,15643,11.3,4975.21267,F,0,38,47,5.62,,,,5.63,34.53,,34.53,39F2,
14539,1610540,12088,12287,12366,1610540,EH,I4537,NL,1340,MIKQ1NL2026,,64T2,MRN2,,1600,WovFab,500,10183731,2026NL3400155,,20263400155,28,1,2026,20,50,55.42133,2.16983,15,52,1454,,,2,3.141592654,1,0,EMD,Valeport,13762,8.69,15643,11.3,4975.21267,F,0,38,47,5.62,,,,5.63,34.53,,34.53,39F2,
14539,1610541,12088,12287,12366,1610541,EH,I4537,NL,1340,MIKQ1NL2026,,64T2,MRN2,,1600,WovFab,500,10183773,2026NL3400156,U,20263400156,28,1,2026,21,58,55.60317,2.19767,14,51,1259,,,2,3.141592654,1,0,EMD,Valeport,11615,8.69,13563,11.3,4199.033219,F,0,40,80,7.51,,,,7.52,34.85,,34.86,40F2,Not sampled to the bottom
14539,1610541,12088,12287,12366,1610541,EH,I4537,NL,1340,MIKQ1NL2026,,64T2,MRN2,,1600,WovFab,500,10183773,2026NL3400156,U,20263400156,28,1,2026,21,58,55.60317,2.19767,14,51,1259,,,2,3.141592654,1,0,EMD,Valeport,11615,8.69,13563,11.3,4199.033219,F,0,40,80,7.51,,,,7.52,34.85,,34.86,40F2,Not sampled to the bottom
14539,1610541,12088,12287,12366,1610541,EH,I4537,NL,1340,MIKQ1NL2026,,64T2,MRN2,,1600,WovFab,500,10183773,2026NL3400156,U,20263400156,28,1,2026,21,58,55.60317,2.19767,14,51,1259,,,2,3.141592654,1,0,EMD,Valeport,11615,8.69,13563,11.3,4199.033219,F,0,40,80,7.51,,,,7.52,34.85,,34.86,40F2,Not sampled to the bottom
14539,1610541,12088,12287,12366,1610541,EH,I4537,NL,1340,MIKQ1NL2026,,64T2,MRN2,,1600,WovFab,500,10183773,2026NL3400156,U,20263400156,28,1,2026,21,58,55.60317,2.19767,14,51,1259,,,2,3.141592654,1,0,EMD,Valeport,11615,8.69,13563,11.3,4199.033219,F,0,40,80,7.51,,,,7.52,34.85,,34.86,40F2,Not sampled to the bottom
14539,1610541,12088,12287,12366,1610541,EH,I4537,NL,1340,MIKQ1NL2026,,64T2,MRN2,,1600,WovFab,500,10183773,2026NL3400156,U,20263400156,28,1,2026,21,58,55.60317,2.19767,14,51,1259,,,2,3.141592654,1,0,EMD,Valeport,11615,8.69,13563,11.3,4199.033219,F,0,40,80,7.51,,,,7.52,34.85,,34.86,40F2,Not sampled to the bottom
14539,1610541,12088,12287,12366,1610541,EH,I4537,NL,1340,MIKQ1NL2026,,64T2,MRN2,,1600,WovFab,500,10183773,2026NL3400156,U,20263400156,28,1,2026,21,58,55.60317,2.19767,14,51,1259,,,2,3.141592654,1,0,EMD,Valeport,11615,8.69,13563,11.3,4199.033219,F,0,40,80,7.51,,,,7.52,34.85,,34.86,40F2,Not sampled to the bottom
14539,1610541,12088,12287,12366,1610541,EH,I4537,NL,1340,MIKQ1NL2026,,64T2,MRN2,,1600,WovFab,500,10183773,2026NL3400156,U,20263400156,28,1,2026,21,58,55.60317,2.19767,14,51,1259,,,2,3.141592654,1,0,EMD,Valeport,11615,8.69,13563,11.3,4199.033219,F,0,40,80,7.51,,,,7.52,34.85,,34.86,40F2,Not sampled to the bottom
14539,1610541,12088,12287,12366,1610541,EH,I4537,NL,1340,MIKQ1NL2026,,64T2,MRN2,,1600,WovFab,500,10183773,2026NL3400156,U,20263400156,28,1,2026,21,58,55.60317,2.19767,14,51,1259,,,2,3.141592654,1,0,EMD,Valeport,11615,8.69,13563,11.3,4199.033219,F,0,40,80,7.51,,,,7.52,34.85,,34.86,40F2,Not sampled to the bottom
14539,1610541,12088,12287,12366,1610541,EH,I4537,NL,1340,MIKQ1NL2026,,64T2,MRN2,,1600,WovFab,500,10183773,2026NL3400156,U,20263400156,28,1,2026,21,58,55.60317,2.19767,14,51,1259,,,2,3.141592654,1,0,EMD,Valeport,11615,8.69,13563,11.3,4199.033219,F,0,40,80,7.51,,,,7.52,34.85,,34.86,40F2,Not sampled to the bottom
14539,1610542,12088,12287,12366,1610542,EH,I4537,NL,1340,MIKQ1NL2026,,64T2,MRN2,,1600,WovFab,500,10183737,2026NL3400157,,20263400157,28,1,2026,23,2,55.772,2.212,15,30,1351,,,2,3.141592654,1,0,EMD,Valeport,11511,8.69,13758,11.3,4161.435333,F,0,78,87,7.99,,,,8,35.01,,35.05,40F2,
14539,1610542,12088,12287,12366,1610542,EH,I4537,NL,1340,MIKQ1NL2026,,64T2,MRN2,,1600,WovFab,500,10183737,2026NL3400157,,20263400157,28,1,2026,23,2,55.772,2.212,15,30,1351,,,2,3.141592654,1,0,EMD,Valeport,11511,8.69,13758,11.3,4161.435333,F,0,78,87,7.99,,,,8,35.01,,35.05,40F2,
14539,1610542,12088,12287,12366,1610542,EH,I4537,NL,1340,MIKQ1NL2026,,64T2,MRN2,,1600,WovFab,500,10183737,2026NL3400157,,20263400157,28,1,2026,23,2,55.772,2.212,15,30,1351,,,2,3.141592654,1,0,EMD,Valeport,11511,8.69,13758,11.3,4161.435333,F,0,78,87,7.99,,,,8,35.01,,35.05,40F2,
14539,1610542,12088,12287,12366,1610542,EH,I4537,NL,1340,MIKQ1NL2026,,64T2,MRN2,,1600,WovFab,500,10183737,2026NL3400157,,20263400157,28,1,2026,23,2,55.772,2.212,15,30,1351,,,2,3.141592654,1,0,EMD,Valeport,11511,8.69,13758,11.3,4161.435333,F,0,78,87,7.99,,,,8,35.01,,35.05,40F2,
14539,1610542,12088,12287,12366,1610542,EH,I4537,NL,1340,MIKQ1NL2026,,64T2,MRN2,,1600,WovFab,500,10183737,2026NL3400157,,20263400157,28,1,2026,23,2,55.772,2.212,15,30,1351,,,2,3.141592654,1,0,EMD,Valeport,11511,8.69,13758,11.3,4161.435333,F,0,78,87,7.99,,,,8,35.01,,35.05,40F2,
14539,1610543,12088,12287,12366,1610543,EH,I4537,NL,1340,MIKQ1NL2026,,64T2,MRN2,,1600,WovFab,500,10183724,2026NL3400158,,20263400158,29,1,2026,0,22,55.77183,1.858,14,49,1350,,,2,3.141592654,1,0,EMD,Valeport,11248,8.69,13161,11.3,4066.356061,F,0,74,84,8.13,,,,8.14,35.06,,35.07,40F1,
14539,1610544,12088,12287,12366,1610544,EH,I4537,NL,1340,MIKQ1NL2026,,64T2,MRN2,,1600,WovFab,500,10183732,2026NL3400159,,20263400159,29,1,2026,1,36,55.75183,1.53683,12,55,1290,,,2,3.141592654,1,0,EMD,Valeport,10101,8.69,11883,11.3,3651.694752,F,0,73,80,8.23,,,,8.26,35.05,,35.07,40F1,
14539,1610544,12088,12287,12366,1610544,EH,I4537,NL,1340,MIKQ1NL2026,,64T2,MRN2,,1600,WovFab,500,10183732,2026NL3400159,,20263400159,29,1,2026,1,36,55.75183,1.53683,12,55,1290,,,2,3.141592654,1,0,EMD,Valeport,10101,8.69,11883,11.3,3651.694752,F,0,73,80,8.23,,,,8.26,35.05,,35.07,40F1,
14539,1610544,12088,12287,12366,1610544,EH,I4537,NL,1340,MIKQ1NL2026,,64T2,MRN2,,1600,WovFab,500,10183732,2026NL3400159,,20263400159,29,1,2026,1,36,55.75183,1.53683,12,55,1290,,,2,3.141592654,1,0,EMD,Valeport,10101,8.69,11883,11.3,3651.694752,F,0,73,80,8.23,,,,8.26,35.05,,35.07,40F1,
14539,1610546,12088,12287,12366,1610546,EH,I4537,NL,1340,MIKQ1NL2026,,64T2,MRN2,,1600,WovFab,500,10183730,2026NL3400161,,20263400161,29,1,2026,4,6,55.72467,0.8105,14,37,1454,,,2,3.141592654,1,0,EMD,Valeport,13592,8.69,14503,11.3,4913.754586,F,0,68,74,7.72,,,,7.73,34.88,,34.88,40F0,
14539,1610550,12088,12287,12366,1610550,EH,I4537,NL,1340,MIKQ1NL2026,,64T2,MRN2,,1600,WovFab,500,10183420,2026NL3400165,,20263400165,4,2,2026,19,53,52.91433,2.40967,11,34,1431,,,2,3.141592654,1,0,EMD,Valeport,9766,8.69,10364,11.3,3530.586175,F,0,30,38,6.4,,,,6.42,34.43,,34.44,34F2,
14539,1610550,12088,12287,12366,1610550,EH,I4537,NL,1340,MIKQ1NL2026,,64T2,MRN2,,1600,WovFab,500,10183420,2026NL3400165,,20263400165,4,2,2026,19,53,52.91433,2.40967,11,34,1431,,,2,3.141592654,1,0,EMD,Valeport,9766,8.69,10364,11.3,3530.586175,F,0,30,38,6.4,,,,6.42,34.43,,34.44,34F2,
14539,1610550,12088,12287,12366,1610550,EH,I4537,NL,1340,MIKQ1NL2026,,64T2,MRN2,,1600,WovFab,500,10183420,2026NL3400165,,20263400165,4,2,2026,19,53,52.91433,2.40967,11,34,1431,,,2,3.141592654,1,0,EMD,Valeport,9766,8.69,10364,11.3,3530.586175,F,0,30,38,6.4,,,,6.42,34.43,,34.44,34F2,
14539,1610550,12088,12287,12366,1610550,EH,I4537,NL,1340,MIKQ1NL2026,,64T2,MRN2,,1600,WovFab,500,10183420,2026NL3400165,,20263400165,4,2,2026,19,53,52.91433,2.40967,11,34,1431,,,2,3.141592654,1,0,EMD,Valeport,9766,8.69,10364,11.3,3530.586175,F,0,30,38,6.4,,,,6.42,34.43,,34.44,34F2,
14539,1610550,12088,12287,12366,1610550,EH,I4537,NL,1340,MIKQ1NL2026,,64T2,MRN2,,1600,WovFab,500,10183420,2026NL3400165,,20263400165,4,2,2026,19,53,52.91433,2.40967,11,34,1431,,,2,3.141592654,1,0,EMD,Valeport,9766,8.69,10364,11.3,3530.586175,F,0,30,38,6.4,,,,6.42,34.43,,34.44,34F2,
14539,1610551,12088,12287,12366,1610551,EH,I4537,NL,1340,MIKQ1NL2026,,64T2,MRN2,,1600,WovFab,500,10183376,2026NL3400166,,20263400166,4,2,2026,20,55,52.8365,2.71133,15,54,2184,,,2,3.141592654,1,0,EMD,Valeport,15089,8.69,15491,11.3,5454.947245,F,0,34,40,8.81,,,,8.82,35.01,,35.01,34F2,
14539,1610551,12088,12287,12366,1610551,EH,I4537,NL,1340,MIKQ1NL2026,,64T2,MRN2,,1600,WovFab,500,10183376,2026NL3400166,,20263400166,4,2,2026,20,55,52.8365,2.71133,15,54,2184,,,2,3.141592654,1,0,EMD,Valeport,15089,8.69,15491,11.3,5454.947245,F,0,34,40,8.81,,,,8.82,35.01,,35.01,34F2,
14539,1610551,12088,12287,12366,1610551,EH,I4537,NL,1340,MIKQ1NL2026,,64T2,MRN2,,1600,WovFab,500,10183376,2026NL3400166,,20263400166,4,2,2026,20,55,52.8365,2.71133,15,54,2184,,,2,3.141592654,1,0,EMD,Valeport,15089,8.69,15491,11.3,5454.947245,F,0,34,40,8.81,,,,8.82,35.01,,35.01,34F2,
14539,1610551,12088,12287,12366,1610551,EH,I4537,NL,1340,MIKQ1NL2026,,64T2,MRN2,,1600,WovFab,500,10183376,2026NL3400166,,20263400166,4,2,2026,20,55,52.8365,2.71133,15,54,2184,,,2,3.141592654,1,0,EMD,Valeport,15089,8.69,15491,11.3,5454.947245,F,0,34,40,8.81,,,,8.82,35.01,,35.01,34F2,
14539,1610551,12088,12287,12366,1610551,EH,I4537,NL,1340,MIKQ1NL2026,,64T2,MRN2,,1600,WovFab,500,10183376,2026NL3400166,,20263400166,4,2,2026,20,55,52.8365,2.71133,15,54,2184,,,2,3.141592654,1,0,EMD,Valeport,15089,8.69,15491,11.3,5454.947245,F,0,34,40,8.81,,,,8.82,35.01,,35.01,34F2,
14539,1610551,12088,12287,12366,1610551,EH,I4537,NL,1340,MIKQ1NL2026,,64T2,MRN2,,1600,WovFab,500,10183376,2026NL3400166,,20263400166,4,2,2026,20,55,52.8365,2.71133,15,54,2184,,,2,3.141592654,1,0,EMD,Valeport,15089,8.69,15491,11.3,5454.947245,F,0,34,40,8.81,,,,8.82,35.01,,35.01,34F2,
14539,1610551,12088,12287,12366,1610551,EH,I4537,NL,1340,MIKQ1NL2026,,64T2,MRN2,,1600,WovFab,500,10183376,2026NL3400166,,20263400166,4,2,2026,20,55,52.8365,2.71133,15,54,2184,,,2,3.141592654,1,0,EMD,Valeport,15089,8.69,15491,11.3,5454.947245,F,0,34,40,8.81,,,,8.82,35.01,,35.01,34F2,
14539,1610551,12088,12287,12366,1610551,EH,I4537,NL,1340,MIKQ1NL2026,,64T2,MRN2,,1600,WovFab,500,10183376,2026NL3400166,,20263400166,4,2,2026,20,55,52.8365,2.71133,15,54,2184,,,2,3.141592654,1,0,EMD,Valeport,15089,8.69,15491,11.3,5454.947245,F,0,34,40,8.81,,,,8.82,35.01,,35.01,34F2,
14539,1610551,12088,12287,12366,1610551,EH,I4537,NL,1340,MIKQ1NL2026,,64T2,MRN2,,1600,WovFab,500,10183376,2026NL3400166,,20263400166,4,2,2026,20,55,52.8365,2.71133,15,54,2184,,,2,3.141592654,1,0,EMD,Valeport,15089,8.69,15491,11.3,5454.947245,F,0,34,40,8.81,,,,8.82,35.01,,35.01,34F2,
14539,1610552,12088,12287,12366,1610552,EH,I4537,NL,1340,MIKQ1NL2026,,64T2,MRN2,,1600,WovFab,500,10183407,2026NL3400167,,20263400167,5,2,2026,2,26,52.11917,4.14133,11,45,1209,,,2,3.141592654,1,,EMD,Valeport,9066,8.69,,11.3,3277.523475,F,0,15,20,5.17,,,,5.19,31.91,,31.92,33F4,
14539,1610552,12088,12287,12366,1610552,EH,I4537,NL,1340,MIKQ1NL2026,,64T2,MRN2,,1600,WovFab,500,10183407,2026NL3400167,,20263400167,5,2,2026,2,26,52.11917,4.14133,11,45,1209,,,2,3.141592654,1,,EMD,Valeport,9066,8.69,,11.3,3277.523475,F,0,15,20,5.17,,,,5.19,31.91,,31.92,33F4,
14539,1610552,12088,12287,12366,1610552,EH,I4537,NL,1340,MIKQ1NL2026,,64T2,MRN2,,1600,WovFab,500,10183407,2026NL3400167,,20263400167,5,2,2026,2,26,52.11917,4.14133,11,45,1209,,,2,3.141592654,1,,EMD,Valeport,9066,8.69,,11.3,3277.523475,F,0,15,20,5.17,,,,5.19,31.91,,31.92,33F4,
14539,1610552,12088,12287,12366,1610552,EH,I4537,NL,1340,MIKQ1NL2026,,64T2,MRN2,,1600,WovFab,500,10183407,2026NL3400167,,20263400167,5,2,2026,2,26,52.11917,4.14133,11,45,1209,,,2,3.141592654,1,,EMD,Valeport,9066,8.69,,11.3,3277.523475,F,0,15,20,5.17,,,,5.19,31.91,,31.92,33F4,
14539,1610552,12088,12287,12366,1610552,EH,I4537,NL,1340,MIKQ1NL2026,,64T2,MRN2,,1600,WovFab,500,10183407,2026NL3400167,,20263400167,5,2,2026,2,26,52.11917,4.14133,11,45,1209,,,2,3.141592654,1,,EMD,Valeport,9066,8.69,,11.3,3277.523475,F,0,15,20,5.17,,,,5.19,31.91,,31.92,33F4,
14539,1610552,12088,12287,12366,1610552,EH,I4537,NL,1340,MIKQ1NL2026,,64T2,MRN2,,1600,WovFab,500,10183407,2026NL3400167,,20263400167,5,2,2026,2,26,52.11917,4.14133,11,45,1209,,,2,3.141592654,1,,EMD,Valeport,9066,8.69,,11.3,3277.523475,F,0,15,20,5.17,,,,5.19,31.91,,31.92,33F4,
14539,1610552,12088,12287,12366,1610552,EH,I4537,NL,1340,MIKQ1NL2026,,64T2,MRN2,,1600,WovFab,500,10183407,2026NL3400167,,20263400167,5,2,2026,2,26,52.11917,4.14133,11,45,1209,,,2,3.141592654,1,,EMD,Valeport,9066,8.69,,11.3,3277.523475,F,0,15,20,5.17,,,,5.19,31.91,,31.92,33F4,
14539,1610552,12088,12287,12366,1610552,EH,I4537,NL,1340,MIKQ1NL2026,,64T2,MRN2,,1600,WovFab,500,10183407,2026NL3400167,,20263400167,5,2,2026,2,26,52.11917,4.14133,11,45,1209,,,2,3.141592654,1,,EMD,Valeport,9066,8.69,,11.3,3277.523475,F,0,15,20,5.17,,,,5.19,31.91,,31.92,33F4,
14539,1610553,12088,12287,12366,1610553,EH,I4537,NL,1340,MIKQ1NL2026,,64T2,MRN2,,1600,WovFab,500,10183443,2026NL3400168,,20263400168,5,2,2026,3,24,52.262,4.3215,11,31,1490,,,2,3.141592654,1,0,EMD,Valeport,9335,8.69,10072,11.3,3374.771856,F,0,12,18,4.97,,,,4.97,31.98,,31.99,33F4,
14539,1610553,12088,12287,12366,1610553,EH,I4537,NL,1340,MIKQ1NL2026,,64T2,MRN2,,1600,WovFab,500,10183443,2026NL3400168,,20263400168,5,2,2026,3,24,52.262,4.3215,11,31,1490,,,2,3.141592654,1,0,EMD,Valeport,9335,8.69,10072,11.3,3374.771856,F,0,12,18,4.97,,,,4.97,31.98,,31.99,33F4,
14539,1610553,12088,12287,12366,1610553,EH,I4537,NL,1340,MIKQ1NL2026,,64T2,MRN2,,1600,WovFab,500,10183443,2026NL3400168,,20263400168,5,2,2026,3,24,52.262,4.3215,11,31,1490,,,2,3.141592654,1,0,EMD,Valeport,9335,8.69,10072,11.3,3374.771856,F,0,12,18,4.97,,,,4.97,31.98,,31.99,33F4,
14539,1610553,12088,12287,12366,1610553,EH,I4537,NL,1340,MIKQ1NL2026,,64T2,MRN2,,1600,WovFab,500,10183443,2026NL3400168,,20263400168,5,2,2026,3,24,52.262,4.3215,11,31,1490,,,2,3.141592654,1,0,EMD,Valeport,9335,8.69,10072,11.3,3374.771856,F,0,12,18,4.97,,,,4.97,31.98,,31.99,33F4,
14539,1610553,12088,12287,12366,1610553,EH,I4537,NL,1340,MIKQ1NL2026,,64T2,MRN2,,1600,WovFab,500,10183443,2026NL3400168,,20263400168,5,2,2026,3,24,52.262,4.3215,11,31,1490,,,2,3.141592654,1,0,EMD,Valeport,9335,8.69,10072,11.3,3374.771856,F,0,12,18,4.97,,,,4.97,31.98,,31.99,33F4,
14539,1610554,12088,12287,12366,1610554,EH,I4537,NL,1340,MIKQ1NL2026,,64T2,MRN2,,1600,WovFab,500,10183421,2026NL3400169,,20263400169,9,2,2026,18,40,53.81167,2.86933,17,8,1822,,,2,3.141592654,1,0,EMD,Valeport,15101,8.69,16588,11.3,5459.285462,F,0,51,55,5.62,,,,5.61,34.43,,34.43,36F2,
14539,1610554,12088,12287,12366,1610554,EH,I4537,NL,1340,MIKQ1NL2026,,64T2,MRN2,,1600,WovFab,500,10183421,2026NL3400169,,20263400169,9,2,2026,18,40,53.81167,2.86933,17,8,1822,,,2,3.141592654,1,0,EMD,Valeport,15101,8.69,16588,11.3,5459.285462,F,0,51,55,5.62,,,,5.61,34.43,,34.43,36F2,
14539,1610554,12088,12287,12366,1610554,EH,I4537,NL,1340,MIKQ1NL2026,,64T2,MRN2,,1600,WovFab,500,10183421,2026NL3400169,,20263400169,9,2,2026,18,40,53.81167,2.86933,17,8,1822,,,2,3.141592654,1,0,EMD,Valeport,15101,8.69,16588,11.3,5459.285462,F,0,51,55,5.62,,,,5.61,34.43,,34.43,36F2,
14539,1610554,12088,12287,12366,1610554,EH,I4537,NL,1340,MIKQ1NL2026,,64T2,MRN2,,1600,WovFab,500,10183421,2026NL3400169,,20263400169,9,2,2026,18,40,53.81167,2.86933,17,8,1822,,,2,3.141592654,1,0,EMD,Valeport,15101,8.69,16588,11.3,5459.285462,F,0,51,55,5.62,,,,5.61,34.43,,34.43,36F2,
14539,1610554,12088,12287,12366,1610554,EH,I4537,NL,1340,MIKQ1NL2026,,64T2,MRN2,,1600,WovFab,500,10183421,2026NL3400169,,20263400169,9,2,2026,18,40,53.81167,2.86933,17,8,1822,,,2,3.141592654,1,0,EMD,Valeport,15101,8.69,16588,11.3,5459.285462,F,0,51,55,5.62,,,,5.61,34.43,,34.43,36F2,
14539,1610554,12088,12287,12366,1610554,EH,I4537,NL,1340,MIKQ1NL2026,,64T2,MRN2,,1600,WovFab,500,10183421,2026NL3400169,,20263400169,9,2,2026,18,40,53.81167,2.86933,17,8,1822,,,2,3.141592654,1,0,EMD,Valeport,15101,8.69,16588,11.3,5459.285462,F,0,51,55,5.62,,,,5.61,34.43,,34.43,36F2,
14539,1610554,12088,12287,12366,1610554,EH,I4537,NL,1340,MIKQ1NL2026,,64T2,MRN2,,1600,WovFab,500,10183421,2026NL3400169,,20263400169,9,2,2026,18,40,53.81167,2.86933,17,8,1822,,,2,3.141592654,1,0,EMD,Valeport,15101,8.69,16588,11.3,5459.285462,F,0,51,55,5.62,,,,5.61,34.43,,34.43,36F2,
14539,1610554,12088,12287,12366,1610554,EH,I4537,NL,1340,MIKQ1NL2026,,64T2,MRN2,,1600,WovFab,500,10183421,2026NL3400169,,20263400169,9,2,2026,18,40,53.81167,2.86933,17,8,1822,,,2,3.141592654,1,0,EMD,Valeport,15101,8.69,16588,11.3,5459.285462,F,0,51,55,5.62,,,,5.61,34.43,,34.43,36F2,
14539,1610554,12088,12287,12366,1610554,EH,I4537,NL,1340,MIKQ1NL2026,,64T2,MRN2,,1600,WovFab,500,10183421,2026NL3400169,,20263400169,9,2,2026,18,40,53.81167,2.86933,17,8,1822,,,2,3.141592654,1,0,EMD,Valeport,15101,8.69,16588,11.3,5459.285462,F,0,51,55,5.62,,,,5.61,34.43,,34.43,36F2,
14539,1610554,12088,12287,12366,1610554,EH,I4537,NL,1340,MIKQ1NL2026,,64T2,MRN2,,1600,WovFab,500,10183421,2026NL3400169,,20263400169,9,2,2026,18,40,53.81167,2.86933,17,8,1822,,,2,3.141592654,1,0,EMD,Valeport,15101,8.69,16588,11.3,5459.285462,F,0,51,55,5.62,,,,5.61,34.43,,34.43,36F2,
14539,1610554,12088,12287,12366,1610554,EH,I4537,NL,1340,MIKQ1NL2026,,64T2,MRN2,,1600,WovFab,500,10183421,2026NL3400169,,20263400169,9,2,2026,18,40,53.81167,2.86933,17,8,1822,,,2,3.141592654,1,0,EMD,Valeport,15101,8.69,16588,11.3,5459.285462,F,0,51,55,5.62,,,,5.61,34.43,,34.43,36F2,
14539,1610554,12088,12287,12366,1610554,EH,I4537,NL,1340,MIKQ1NL2026,,64T2,MRN2,,1600,WovFab,500,10183421,2026NL3400169,,20263400169,9,2,2026,18,40,53.81167,2.86933,17,8,1822,,,2,3.141592654,1,0,EMD,Valeport,15101,8.69,16588,11.3,5459.285462,F,0,51,55,5.62,,,,5.61,34.43,,34.43,36F2,
14539,1610555,12088,12287,12366,1610555,EH,I4537,NL,1340,MIKQ1NL2026,,64T2,MRN2,,1600,WovFab,500,10183403,2026NL3400170,,20263400170,9,2,2026,20,19,54.14333,2.8535,10,37,1125,,,2,3.141592654,1,0,EMD,Valeport,9313,8.69,10124,11.3,3366.818457,F,0,41,47,7.22,,,,7.24,34.7,,34.72,37F2,
14539,1610555,12088,12287,12366,1610555,EH,I4537,NL,1340,MIKQ1NL2026,,64T2,MRN2,,1600,WovFab,500,10183403,2026NL3400170,,20263400170,9,2,2026,20,19,54.14333,2.8535,10,37,1125,,,2,3.141592654,1,0,EMD,Valeport,9313,8.69,10124,11.3,3366.818457,F,0,41,47,7.22,,,,7.24,34.7,,34.72,37F2,
14539,1610556,12088,12287,12366,1610556,EH,I4537,NL,1340,MIKQ1NL2026,,64T2,MRN2,,1600,WovFab,500,10183390,2026NL3400171,,20263400171,9,2,2026,21,22,54.3525,2.85117,10,34,1114,,,2,3.141592654,1,0,EMD,Valeport,9074,8.69,9636,11.3,3280.415621,F,0,26,33,6.66,,,,6.67,34.58,,34.59,37F2,
14539,1610556,12088,12287,12366,1610556,EH,I4537,NL,1340,MIKQ1NL2026,,64T2,MRN2,,1600,WovFab,500,10183390,2026NL3400171,,20263400171,9,2,2026,21,22,54.3525,2.85117,10,34,1114,,,2,3.141592654,1,0,EMD,Valeport,9074,8.69,9636,11.3,3280.415621,F,0,26,33,6.66,,,,6.67,34.58,,34.59,37F2,
14539,1610556,12088,12287,12366,1610556,EH,I4537,NL,1340,MIKQ1NL2026,,64T2,MRN2,,1600,WovFab,500,10183390,2026NL3400171,,20263400171,9,2,2026,21,22,54.3525,2.85117,10,34,1114,,,2,3.141592654,1,0,EMD,Valeport,9074,8.69,9636,11.3,3280.415621,F,0,26,33,6.66,,,,6.67,34.58,,34.59,37F2,
14539,1610556,12088,12287,12366,1610556,EH,I4537,NL,1340,MIKQ1NL2026,,64T2,MRN2,,1600,WovFab,500,10183390,2026NL3400171,,20263400171,9,2,2026,21,22,54.3525,2.85117,10,34,1114,,,2,3.141592654,1,0,EMD,Valeport,9074,8.69,9636,11.3,3280.415621,F,0,26,33,6.66,,,,6.67,34.58,,34.59,37F2,
14539,1610556,12088,12287,12366,1610556,EH,I4537,NL,1340,MIKQ1NL2026,,64T2,MRN2,,1600,WovFab,500,10183390,2026NL3400171,,20263400171,9,2,2026,21,22,54.3525,2.85117,10,34,1114,,,2,3.141592654,1,0,EMD,Valeport,9074,8.69,9636,11.3,3280.415621,F,0,26,33,6.66,,,,6.67,34.58,,34.59,37F2,
14539,1610556,12088,12287,12366,1610556,EH,I4537,NL,1340,MIKQ1NL2026,,64T2,MRN2,,1600,WovFab,500,10183390,2026NL3400171,,20263400171,9,2,2026,21,22,54.3525,2.85117,10,34,1114,,,2,3.141592654,1,0,EMD,Valeport,9074,8.69,9636,11.3,3280.415621,F,0,26,33,6.66,,,,6.67,34.58,,34.59,37F2,
14539,1610556,12088,12287,12366,1610556,EH,I4537,NL,1340,MIKQ1NL2026,,64T2,MRN2,,1600,WovFab,500,10183390,2026NL3400171,,20263400171,9,2,2026,21,22,54.3525,2.85117,10,34,1114,,,2,3.141592654,1,0,EMD,Valeport,9074,8.69,9636,11.3,3280.415621,F,0,26,33,6.66,,,,6.67,34.58,,34.59,37F2,
14539,1610556,12088,12287,12366,1610556,EH,I4537,NL,1340,MIKQ1NL2026,,64T2,MRN2,,1600,WovFab,500,10183390,2026NL3400171,,20263400171,9,2,2026,21,22,54.3525,2.85117,10,34,1114,,,2,3.141592654,1,0,EMD,Valeport,9074,8.69,9636,11.3,3280.415621,F,0,26,33,6.66,,,,6.67,34.58,,34.59,37F2,
14539,1610556,12088,12287,12366,1610556,EH,I4537,NL,1340,MIKQ1NL2026,,64T2,MRN2,,1600,WovFab,500,10183390,2026NL3400171,,20263400171,9,2,2026,21,22,54.3525,2.85117,10,34,1114,,,2,3.141592654,1,0,EMD,Valeport,9074,8.69,9636,11.3,3280.415621,F,0,26,33,6.66,,,,6.67,34.58,,34.59,37F2,
14539,1610556,12088,12287,12366,1610556,EH,I4537,NL,1340,MIKQ1NL2026,,64T2,MRN2,,1600,WovFab,500,10183390,2026NL3400171,,20263400171,9,2,2026,21,22,54.3525,2.85117,10,34,1114,,,2,3.141592654,1,0,EMD,Valeport,9074,8.69,9636,11.3,3280.415621,F,0,26,33,6.66,,,,6.67,34.58,,34.59,37F2,
14539,1610557,12088,12287,12366,1610557,EH,I4537,NL,1340,MIKQ1NL2026,,64T2,MRN2,,1600,WovFab,500,10183417,2026NL3400172,,20263400172,9,2,2026,22,37,54.59917,2.83417,11,4,1137,,,2,3.141592654,1,0,EMD,Valeport,10259,8.69,10509,11.3,3708.814619,F,0,24,31,6.36,,,,6.36,34.57,,34.57,38F2,
14539,1610557,12088,12287,12366,1610557,EH,I4537,NL,1340,MIKQ1NL2026,,64T2,MRN2,,1600,WovFab,500,10183417,2026NL3400172,,20263400172,9,2,2026,22,37,54.59917,2.83417,11,4,1137,,,2,3.141592654,1,0,EMD,Valeport,10259,8.69,10509,11.3,3708.814619,F,0,24,31,6.36,,,,6.36,34.57,,34.57,38F2,
14539,1610557,12088,12287,12366,1610557,EH,I4537,NL,1340,MIKQ1NL2026,,64T2,MRN2,,1600,WovFab,500,10183417,2026NL3400172,,20263400172,9,2,2026,22,37,54.59917,2.83417,11,4,1137,,,2,3.141592654,1,0,EMD,Valeport,10259,8.69,10509,11.3,3708.814619,F,0,24,31,6.36,,,,6.36,34.57,,34.57,38F2,
14539,1610557,12088,12287,12366,1610557,EH,I4537,NL,1340,MIKQ1NL2026,,64T2,MRN2,,1600,WovFab,500,10183417,2026NL3400172,,20263400172,9,2,2026,22,37,54.59917,2.83417,11,4,1137,,,2,3.141592654,1,0,EMD,Valeport,10259,8.69,10509,11.3,3708.814619,F,0,24,31,6.36,,,,6.36,34.57,,34.57,38F2,
14539,1610557,12088,12287,12366,1610557,EH,I4537,NL,1340,MIKQ1NL2026,,64T2,MRN2,,1600,WovFab,500,10183417,2026NL3400172,,20263400172,9,2,2026,22,37,54.59917,2.83417,11,4,1137,,,2,3.141592654,1,0,EMD,Valeport,10259,8.69,10509,11.3,3708.814619,F,0,24,31,6.36,,,,6.36,34.57,,34.57,38F2,
14539,1610557,12088,12287,12366,1610557,EH,I4537,NL,1340,MIKQ1NL2026,,64T2,MRN2,,1600,WovFab,500,10183417,2026NL3400172,,20263400172,9,2,2026,22,37,54.59917,2.83417,11,4,1137,,,2,3.141592654,1,0,EMD,Valeport,10259,8.69,10509,11.3,3708.814619,F,0,24,31,6.36,,,,6.36,34.57,,34.57,38F2,
14539,1610558,12088,12287,12366,1610558,EH,I4537,NL,1340,MIKQ1NL2026,,64T2,MRN2,,1600,WovFab,500,10183424,2026NL3400173,,20263400173,9,2,2026,23,33,54.76783,2.82633,11,30,1167,,,2,3.141592654,1,0,EMD,Valeport,9349,8.69,9643,11.3,3379.83311,F,0,15,21,6.12,,,,6.12,34.53,,34.54,38F2,
14539,1610558,12088,12287,12366,1610558,EH,I4537,NL,1340,MIKQ1NL2026,,64T2,MRN2,,1600,WovFab,500,10183424,2026NL3400173,,20263400173,9,2,2026,23,33,54.76783,2.82633,11,30,1167,,,2,3.141592654,1,0,EMD,Valeport,9349,8.69,9643,11.3,3379.83311,F,0,15,21,6.12,,,,6.12,34.53,,34.54,38F2,
14539,1610559,12088,12287,12366,1610559,EH,I4537,NL,1340,MIKQ1NL2026,,64T2,MRN2,,1600,WovFab,500,10183409,2026NL3400174,,20263400174,10,2,2026,0,44,54.8695,3.1705,10,49,965,,,2,3.141592654,1,0,EMD,Valeport,8795,8.69,9644,11.3,3179.552059,F,0,28,35,5.38,,,,5.37,34.56,,34.56,38F3,
14539,1610559,12088,12287,12366,1610559,EH,I4537,NL,1340,MIKQ1NL2026,,64T2,MRN2,,1600,WovFab,500,10183409,2026NL3400174,,20263400174,10,2,2026,0,44,54.8695,3.1705,10,49,965,,,2,3.141592654,1,0,EMD,Valeport,8795,8.69,9644,11.3,3179.552059,F,0,28,35,5.38,,,,5.37,34.56,,34.56,38F3,
14539,1610559,12088,12287,12366,1610559,EH,I4537,NL,1340,MIKQ1NL2026,,64T2,MRN2,,1600,WovFab,500,10183409,2026NL3400174,,20263400174,10,2,2026,0,44,54.8695,3.1705,10,49,965,,,2,3.141592654,1,0,EMD,Valeport,8795,8.69,9644,11.3,3179.552059,F,0,28,35,5.38,,,,5.37,34.56,,34.56,38F3,
14539,1610559,12088,12287,12366,1610559,EH,I4537,NL,1340,MIKQ1NL2026,,64T2,MRN2,,1600,WovFab,500,10183409,2026NL3400174,,20263400174,10,2,2026,0,44,54.8695,3.1705,10,49,965,,,2,3.141592654,1,0,EMD,Valeport,8795,8.69,9644,11.3,3179.552059,F,0,28,35,5.38,,,,5.37,34.56,,34.56,38F3,
14539,1610559,12088,12287,12366,1610559,EH,I4537,NL,1340,MIKQ1NL2026,,64T2,MRN2,,1600,WovFab,500,10183409,2026NL3400174,,20263400174,10,2,2026,0,44,54.8695,3.1705,10,49,965,,,2,3.141592654,1,0,EMD,Valeport,8795,8.69,9644,11.3,3179.552059,F,0,28,35,5.38,,,,5.37,34.56,,34.56,38F3,
14539,1610559,12088,12287,12366,1610559,EH,I4537,NL,1340,MIKQ1NL2026,,64T2,MRN2,,1600,WovFab,500,10183409,2026NL3400174,,20263400174,10,2,2026,0,44,54.8695,3.1705,10,49,965,,,2,3.141592654,1,0,EMD,Valeport,8795,8.69,9644,11.3,3179.552059,F,0,28,35,5.38,,,,5.37,34.56,,34.56,38F3,
14539,1610559,12088,12287,12366,1610559,EH,I4537,NL,1340,MIKQ1NL2026,,64T2,MRN2,,1600,WovFab,500,10183409,2026NL3400174,,20263400174,10,2,2026,0,44,54.8695,3.1705,10,49,965,,,2,3.141592654,1,0,EMD,Valeport,8795,8.69,9644,11.3,3179.552059,F,0,28,35,5.38,,,,5.37,34.56,,34.56,38F3,
14539,1610560,12088,12287,12366,1610560,EH,I4537,NL,1340,MIKQ1NL2026,,64T2,MRN2,,1600,WovFab,500,10183426,2026NL3400175,,20263400175,10,2,2026,2,8,55.1325,3.17467,11,28,1162,,,2,3.141592654,1,0,EMD,Valeport,9601,8.69,10243,11.3,3470.935681,F,0,23,29,5.16,,,,5.16,34.58,,34.59,39F3,
14539,1610560,12088,12287,12366,1610560,EH,I4537,NL,1340,MIKQ1NL2026,,64T2,MRN2,,1600,WovFab,500,10183426,2026NL3400175,,20263400175,10,2,2026,2,8,55.1325,3.17467,11,28,1162,,,2,3.141592654,1,0,EMD,Valeport,9601,8.69,10243,11.3,3470.935681,F,0,23,29,5.16,,,,5.16,34.58,,34.59,39F3,
14539,1610560,12088,12287,12366,1610560,EH,I4537,NL,1340,MIKQ1NL2026,,64T2,MRN2,,1600,WovFab,500,10183426,2026NL3400175,,20263400175,10,2,2026,2,8,55.1325,3.17467,11,28,1162,,,2,3.141592654,1,0,EMD,Valeport,9601,8.69,10243,11.3,3470.935681,F,0,23,29,5.16,,,,5.16,34.58,,34.59,39F3,
14539,1610560,12088,12287,12366,1610560,EH,I4537,NL,1340,MIKQ1NL2026,,64T2,MRN2,,1600,WovFab,500,10183426,2026NL3400175,,20263400175,10,2,2026,2,8,55.1325,3.17467,11,28,1162,,,2,3.141592654,1,0,EMD,Valeport,9601,8.69,10243,11.3,3470.935681,F,0,23,29,5.16,,,,5.16,34.58,,34.59,39F3,
14539,1610560,12088,12287,12366,1610560,EH,I4537,NL,1340,MIKQ1NL2026,,64T2,MRN2,,1600,WovFab,500,10183426,2026NL3400175,,20263400175,10,2,2026,2,8,55.1325,3.17467,11,28,1162,,,2,3.141592654,1,0,EMD,Valeport,9601,8.69,10243,11.3,3470.935681,F,0,23,29,5.16,,,,5.16,34.58,,34.59,39F3,
14539,1610560,12088,12287,12366,1610560,EH,I4537,NL,1340,MIKQ1NL2026,,64T2,MRN2,,1600,WovFab,500,10183426,2026NL3400175,,20263400175,10,2,2026,2,8,55.1325,3.17467,11,28,1162,,,2,3.141592654,1,0,EMD,Valeport,9601,8.69,10243,11.3,3470.935681,F,0,23,29,5.16,,,,5.16,34.58,,34.59,39F3,
14539,1610560,12088,12287,12366,1610560,EH,I4537,NL,1340,MIKQ1NL2026,,64T2,MRN2,,1600,WovFab,500,10183426,2026NL3400175,,20263400175,10,2,2026,2,8,55.1325,3.17467,11,28,1162,,,2,3.141592654,1,0,EMD,Valeport,9601,8.69,10243,11.3,3470.935681,F,0,23,29,5.16,,,,5.16,34.58,,34.59,39F3,
14539,1610560,12088,12287,12366,1610560,EH,I4537,NL,1340,MIKQ1NL2026,,64T2,MRN2,,1600,WovFab,500,10183426,2026NL3400175,,20263400175,10,2,2026,2,8,55.1325,3.17467,11,28,1162,,,2,3.141592654,1,0,EMD,Valeport,9601,8.69,10243,11.3,3470.935681,F,0,23,29,5.16,,,,5.16,34.58,,34.59,39F3,
14539,1610561,12088,12287,12366,1610561,EH,I4537,NL,1340,MIKQ1NL2026,,64T2,MRN2,,1600,WovFab,500,10183425,2026NL3400176,,20263400176,10,2,2026,3,18,55.32517,3.18483,11,48,1299,,,2,3.141592654,1,0,EMD,Valeport,11610,8.69,11516,11.3,4197.225629,F,0,24,31,5.2,,,,5.21,34.64,,34.64,39F3,
14539,1610561,12088,12287,12366,1610561,EH,I4537,NL,1340,MIKQ1NL2026,,64T2,MRN2,,1600,WovFab,500,10183425,2026NL3400176,,20263400176,10,2,2026,3,18,55.32517,3.18483,11,48,1299,,,2,3.141592654,1,0,EMD,Valeport,11610,8.69,11516,11.3,4197.225629,F,0,24,31,5.2,,,,5.21,34.64,,34.64,39F3,
14539,1610561,12088,12287,12366,1610561,EH,I4537,NL,1340,MIKQ1NL2026,,64T2,MRN2,,1600,WovFab,500,10183425,2026NL3400176,,20263400176,10,2,2026,3,18,55.32517,3.18483,11,48,1299,,,2,3.141592654,1,0,EMD,Valeport,11610,8.69,11516,11.3,4197.225629,F,0,24,31,5.2,,,,5.21,34.64,,34.64,39F3,
14539,1610561,12088,12287,12366,1610561,EH,I4537,NL,1340,MIKQ1NL2026,,64T2,MRN2,,1600,WovFab,500,10183425,2026NL3400176,,20263400176,10,2,2026,3,18,55.32517,3.18483,11,48,1299,,,2,3.141592654,1,0,EMD,Valeport,11610,8.69,11516,11.3,4197.225629,F,0,24,31,5.2,,,,5.21,34.64,,34.64,39F3,
14539,1610561,12088,12287,12366,1610561,EH,I4537,NL,1340,MIKQ1NL2026,,64T2,MRN2,,1600,WovFab,500,10183425,2026NL3400176,,20263400176,10,2,2026,3,18,55.32517,3.18483,11,48,1299,,,2,3.141592654,1,0,EMD,Valeport,11610,8.69,11516,11.3,4197.225629,F,0,24,31,5.2,,,,5.21,34.64,,34.64,39F3,
14539,1610561,12088,12287,12366,1610561,EH,I4537,NL,1340,MIKQ1NL2026,,64T2,MRN2,,1600,WovFab,500,10183425,2026NL3400176,,20263400176,10,2,2026,3,18,55.32517,3.18483,11,48,1299,,,2,3.141592654,1,0,EMD,Valeport,11610,8.69,11516,11.3,4197.225629,F,0,24,31,5.2,,,,5.21,34.64,,34.64,39F3,
14539,1610561,12088,12287,12366,1610561,EH,I4537,NL,1340,MIKQ1NL2026,,64T2,MRN2,,1600,WovFab,500,10183425,2026NL3400176,,20263400176,10,2,2026,3,18,55.32517,3.18483,11,48,1299,,,2,3.141592654,1,0,EMD,Valeport,11610,8.69,11516,11.3,4197.225629,F,0,24,31,5.2,,,,5.21,34.64,,34.64,39F3,
14539,1610561,12088,12287,12366,1610561,EH,I4537,NL,1340,MIKQ1NL2026,,64T2,MRN2,,1600,WovFab,500,10183425,2026NL3400176,,20263400176,10,2,2026,3,18,55.32517,3.18483,11,48,1299,,,2,3.141592654,1,0,EMD,Valeport,11610,8.69,11516,11.3,4197.225629,F,0,24,31,5.2,,,,5.21,34.64,,34.64,39F3,
14539,1610561,12088,12287,12366,1610561,EH,I4537,NL,1340,MIKQ1NL2026,,64T2,MRN2,,1600,WovFab,500,10183425,2026NL3400176,,20263400176,10,2,2026,3,18,55.32517,3.18483,11,48,1299,,,2,3.141592654,1,0,EMD,Valeport,11610,8.69,11516,11.3,4197.225629,F,0,24,31,5.2,,,,5.21,34.64,,34.64,39F3,
14539,1610561,12088,12287,12366,1610561,EH,I4537,NL,1340,MIKQ1NL2026,,64T2,MRN2,,1600,WovFab,500,10183425,2026NL3400176,,20263400176,10,2,2026,3,18,55.32517,3.18483,11,48,1299,,,2,3.141592654,1,0,EMD,Valeport,11610,8.69,11516,11.3,4197.225629,F,0,24,31,5.2,,,,5.21,34.64,,34.64,39F3,
14539,1610561,12088,12287,12366,1610561,EH,I4537,NL,1340,MIKQ1NL2026,,64T2,MRN2,,1600,WovFab,500,10183425,2026NL3400176,,20263400176,10,2,2026,3,18,55.32517,3.18483,11,48,1299,,,2,3.141592654,1,0,EMD,Valeport,11610,8.69,11516,11.3,4197.225629,F,0,24,31,5.2,,,,5.21,34.64,,34.64,39F3,
14539,1610561,12088,12287,12366,1610561,EH,I4537,NL,1340,MIKQ1NL2026,,64T2,MRN2,,1600,WovFab,500,10183425,2026NL3400176,,20263400176,10,2,2026,3,18,55.32517,3.18483,11,48,1299,,,2,3.141592654,1,0,EMD,Valeport,11610,8.69,11516,11.3,4197.225629,F,0,24,31,5.2,,,,5.21,34.64,,34.64,39F3,
14539,1610561,12088,12287,12366,1610561,EH,I4537,NL,1340,MIKQ1NL2026,,64T2,MRN2,,1600,WovFab,500,10183425,2026NL3400176,,20263400176,10,2,2026,3,18,55.32517,3.18483,11,48,1299,,,2,3.141592654,1,0,EMD,Valeport,11610,8.69,11516,11.3,4197.225629,F,0,24,31,5.2,,,,5.21,34.64,,34.64,39F3,
14539,1610561,12088,12287,12366,1610561,EH,I4537,NL,1340,MIKQ1NL2026,,64T2,MRN2,,1600,WovFab,500,10183425,2026NL3400176,,20263400176,10,2,2026,3,18,55.32517,3.18483,11,48,1299,,,2,3.141592654,1,0,EMD,Valeport,11610,8.69,11516,11.3,4197.225629,F,0,24,31,5.2,,,,5.21,34.64,,34.64,39F3,
14539,1610561,12088,12287,12366,1610561,EH,I4537,NL,1340,MIKQ1NL2026,,64T2,MRN2,,1600,WovFab,500,10183425,2026NL3400176,,20263400176,10,2,2026,3,18,55.32517,3.18483,11,48,1299,,,2,3.141592654,1,0,EMD,Valeport,11610,8.69,11516,11.3,4197.225629,F,0,24,31,5.2,,,,5.21,34.64,,34.64,39F3,
14539,1610562,12088,12287,12366,1610562,EH,I4537,NL,1340,MIKQ1NL2026,,64T2,MRN2,,1600,WovFab,500,10183394,2026NL3400177,,20263400177,10,2,2026,4,44,55.5865,3.20083,12,41,1276,,,2,3.141592654,1,0,EMD,Valeport,12069,8.69,12084,11.3,4363.162456,F,0,37,43,5.08,,,,5.08,34.61,,34.61,40F3,
14539,1610562,12088,12287,12366,1610562,EH,I4537,NL,1340,MIKQ1NL2026,,64T2,MRN2,,1600,WovFab,500,10183394,2026NL3400177,,20263400177,10,2,2026,4,44,55.5865,3.20083,12,41,1276,,,2,3.141592654,1,0,EMD,Valeport,12069,8.69,12084,11.3,4363.162456,F,0,37,43,5.08,,,,5.08,34.61,,34.61,40F3,
14539,1610562,12088,12287,12366,1610562,EH,I4537,NL,1340,MIKQ1NL2026,,64T2,MRN2,,1600,WovFab,500,10183394,2026NL3400177,,20263400177,10,2,2026,4,44,55.5865,3.20083,12,41,1276,,,2,3.141592654,1,0,EMD,Valeport,12069,8.69,12084,11.3,4363.162456,F,0,37,43,5.08,,,,5.08,34.61,,34.61,40F3,
14539,1610562,12088,12287,12366,1610562,EH,I4537,NL,1340,MIKQ1NL2026,,64T2,MRN2,,1600,WovFab,500,10183394,2026NL3400177,,20263400177,10,2,2026,4,44,55.5865,3.20083,12,41,1276,,,2,3.141592654,1,0,EMD,Valeport,12069,8.69,12084,11.3,4363.162456,F,0,37,43,5.08,,,,5.08,34.61,,34.61,40F3,
14539,1610562,12088,12287,12366,1610562,EH,I4537,NL,1340,MIKQ1NL2026,,64T2,MRN2,,1600,WovFab,500,10183394,2026NL3400177,,20263400177,10,2,2026,4,44,55.5865,3.20083,12,41,1276,,,2,3.141592654,1,0,EMD,Valeport,12069,8.69,12084,11.3,4363.162456,F,0,37,43,5.08,,,,5.08,34.61,,34.61,40F3,
14539,1610562,12088,12287,12366,1610562,EH,I4537,NL,1340,MIKQ1NL2026,,64T2,MRN2,,1600,WovFab,500,10183394,2026NL3400177,,20263400177,10,2,2026,4,44,55.5865,3.20083,12,41,1276,,,2,3.141592654,1,0,EMD,Valeport,12069,8.69,12084,11.3,4363.162456,F,0,37,43,5.08,,,,5.08,34.61,,34.61,40F3,
14539,1610562,12088,12287,12366,1610562,EH,I4537,NL,1340,MIKQ1NL2026,,64T2,MRN2,,1600,WovFab,500,10183394,2026NL3400177,,20263400177,10,2,2026,4,44,55.5865,3.20083,12,41,1276,,,2,3.141592654,1,0,EMD,Valeport,12069,8.69,12084,11.3,4363.162456,F,0,37,43,5.08,,,,5.08,34.61,,34.61,40F3,
14539,1610562,12088,12287,12366,1610562,EH,I4537,NL,1340,MIKQ1NL2026,,64T2,MRN2,,1600,WovFab,500,10183394,2026NL3400177,,20263400177,10,2,2026,4,44,55.5865,3.20083,12,41,1276,,,2,3.141592654,1,0,EMD,Valeport,12069,8.69,12084,11.3,4363.162456,F,0,37,43,5.08,,,,5.08,34.61,,34.61,40F3,
14539,1610562,12088,12287,12366,1610562,EH,I4537,NL,1340,MIKQ1NL2026,,64T2,MRN2,,1600,WovFab,500,10183394,2026NL3400177,,20263400177,10,2,2026,4,44,55.5865,3.20083,12,41,1276,,,2,3.141592654,1,0,EMD,Valeport,12069,8.69,12084,11.3,4363.162456,F,0,37,43,5.08,,,,5.08,34.61,,34.61,40F3,
14539,1610562,12088,12287,12366,1610562,EH,I4537,NL,1340,MIKQ1NL2026,,64T2,MRN2,,1600,WovFab,500,10183394,2026NL3400177,,20263400177,10,2,2026,4,44,55.5865,3.20083,12,41,1276,,,2,3.141592654,1,0,EMD,Valeport,12069,8.69,12084,11.3,4363.162456,F,0,37,43,5.08,,,,5.08,34.61,,34.61,40F3,
14539,1610562,12088,12287,12366,1610562,EH,I4537,NL,1340,MIKQ1NL2026,,64T2,MRN2,,1600,WovFab,500,10183394,2026NL3400177,,20263400177,10,2,2026,4,44,55.5865,3.20083,12,41,1276,,,2,3.141592654,1,0,EMD,Valeport,12069,8.69,12084,11.3,4363.162456,F,0,37,43,5.08,,,,5.08,34.61,,34.61,40F3,
14539,1610563,12088,12287,12366,1610563,EH,I4537,NL,1340,MIKQ1NL2026,,64T2,MRN2,,1600,WovFab,500,10183411,2026NL3400178,,20263400178,10,2,2026,5,46,55.75283,3.1755,14,1,1745,,,2,3.141592654,1,,EMD,Valeport,,8.69,14722,11.3,,D,0,51,60,4.95,,,,4.96,34.53,,34.56,40F3,
14539,1610563,12088,12287,12366,1610563,EH,I4537,NL,1340,MIKQ1NL2026,,64T2,MRN2,,1600,WovFab,500,10183411,2026NL3400178,,20263400178,10,2,2026,5,46,55.75283,3.1755,14,1,1745,,,2,3.141592654,1,,EMD,Valeport,,8.69,14722,11.3,,D,0,51,60,4.95,,,,4.96,34.53,,34.56,40F3,
14539,1610563,12088,12287,12366,1610563,EH,I4537,NL,1340,MIKQ1NL2026,,64T2,MRN2,,1600,WovFab,500,10183411,2026NL3400178,,20263400178,10,2,2026,5,46,55.75283,3.1755,14,1,1745,,,2,3.141592654,1,,EMD,Valeport,,8.69,14722,11.3,,D,0,51,60,4.95,,,,4.96,34.53,,34.56,40F3,
14539,1610563,12088,12287,12366,1610563,EH,I4537,NL,1340,MIKQ1NL2026,,64T2,MRN2,,1600,WovFab,500,10183411,2026NL3400178,,20263400178,10,2,2026,5,46,55.75283,3.1755,14,1,1745,,,2,3.141592654,1,,EMD,Valeport,,8.69,14722,11.3,,D,0,51,60,4.95,,,,4.96,34.53,,34.56,40F3,
14539,1610563,12088,12287,12366,1610563,EH,I4537,NL,1340,MIKQ1NL2026,,64T2,MRN2,,1600,WovFab,500,10183411,2026NL3400178,,20263400178,10,2,2026,5,46,55.75283,3.1755,14,1,1745,,,2,3.141592654,1,,EMD,Valeport,,8.69,14722,11.3,,D,0,51,60,4.95,,,,4.96,34.53,,34.56,40F3,
14539,1610563,12088,12287,12366,1610563,EH,I4537,NL,1340,MIKQ1NL2026,,64T2,MRN2,,1600,WovFab,500,10183411,2026NL3400178,,20263400178,10,2,2026,5,46,55.75283,3.1755,14,1,1745,,,2,3.141592654,1,,EMD,Valeport,,8.69,14722,11.3,,D,0,51,60,4.95,,,,4.96,34.53,,34.56,40F3,
14539,1610563,12088,12287,12366,1610563,EH,I4537,NL,1340,MIKQ1NL2026,,64T2,MRN2,,1600,WovFab,500,10183411,2026NL3400178,,20263400178,10,2,2026,5,46,55.75283,3.1755,14,1,1745,,,2,3.141592654,1,,EMD,Valeport,,8.69,14722,11.3,,D,0,51,60,4.95,,,,4.96,34.53,,34.56,40F3,
14539,1610563,12088,12287,12366,1610563,EH,I4537,NL,1340,MIKQ1NL2026,,64T2,MRN2,,1600,WovFab,500,10183411,2026NL3400178,,20263400178,10,2,2026,5,46,55.75283,3.1755,14,1,1745,,,2,3.141592654,1,,EMD,Valeport,,8.69,14722,11.3,,D,0,51,60,4.95,,,,4.96,34.53,,34.56,40F3,
14539,1610563,12088,12287,12366,1610563,EH,I4537,NL,1340,MIKQ1NL2026,,64T2,MRN2,,1600,WovFab,500,10183411,2026NL3400178,,20263400178,10,2,2026,5,46,55.75283,3.1755,14,1,1745,,,2,3.141592654,1,,EMD,Valeport,,8.69,14722,11.3,,D,0,51,60,4.95,,,,4.96,34.53,,34.56,40F3,
14539,1610563,12088,12287,12366,1610563,EH,I4537,NL,1340,MIKQ1NL2026,,64T2,MRN2,,1600,WovFab,500,10183411,2026NL3400178,,20263400178,10,2,2026,5,46,55.75283,3.1755,14,1,1745,,,2,3.141592654,1,,EMD,Valeport,,8.69,14722,11.3,,D,0,51,60,4.95,,,,4.96,34.53,,34.56,40F3,
14539,1610563,12088,12287,12366,1610563,EH,I4537,NL,1340,MIKQ1NL2026,,64T2,MRN2,,1600,WovFab,500,10183411,2026NL3400178,,20263400178,10,2,2026,5,46,55.75283,3.1755,14,1,1745,,,2,3.141592654,1,,EMD,Valeport,,8.69,14722,11.3,,D,0,51,60,4.95,,,,4.96,34.53,,34.56,40F3,
14539,1610563,12088,12287,12366,1610563,EH,I4537,NL,1340,MIKQ1NL2026,,64T2,MRN2,,1600,WovFab,500,10183411,2026NL3400178,,20263400178,10,2,2026,5,46,55.75283,3.1755,14,1,1745,,,2,3.141592654,1,,EMD,Valeport,,8.69,14722,11.3,,D,0,51,60,4.95,,,,4.96,34.53,,34.56,40F3,
14539,1610564,12088,12287,12366,1610564,EH,I4537,NL,1340,MIKQ1NL2026,,64T2,MRN2,,1600,WovFab,500,10183349,2026NL3400179,,20263400179,10,2,2026,18,55,56.2,2.59967,20,54,2506,,,2,3.141592654,1,0,EMD,Valeport,21861,8.69,22519,11.3,7903.148102,F,0,72,80,7.27,,,,7.3,35.15,,35.16,41F2,
14539,1610564,12088,12287,12366,1610564,EH,I4537,NL,1340,MIKQ1NL2026,,64T2,MRN2,,1600,WovFab,500,10183349,2026NL3400179,,20263400179,10,2,2026,18,55,56.2,2.59967,20,54,2506,,,2,3.141592654,1,0,EMD,Valeport,21861,8.69,22519,11.3,7903.148102,F,0,72,80,7.27,,,,7.3,35.15,,35.16,41F2,
14539,1610564,12088,12287,12366,1610564,EH,I4537,NL,1340,MIKQ1NL2026,,64T2,MRN2,,1600,WovFab,500,10183349,2026NL3400179,,20263400179,10,2,2026,18,55,56.2,2.59967,20,54,2506,,,2,3.141592654,1,0,EMD,Valeport,21861,8.69,22519,11.3,7903.148102,F,0,72,80,7.27,,,,7.3,35.15,,35.16,41F2,
14539,1610564,12088,12287,12366,1610564,EH,I4537,NL,1340,MIKQ1NL2026,,64T2,MRN2,,1600,WovFab,500,10183349,2026NL3400179,,20263400179,10,2,2026,18,55,56.2,2.59967,20,54,2506,,,2,3.141592654,1,0,EMD,Valeport,21861,8.69,22519,11.3,7903.148102,F,0,72,80,7.27,,,,7.3,35.15,,35.16,41F2,
14539,1610564,12088,12287,12366,1610564,EH,I4537,NL,1340,MIKQ1NL2026,,64T2,MRN2,,1600,WovFab,500,10183349,2026NL3400179,,20263400179,10,2,2026,18,55,56.2,2.59967,20,54,2506,,,2,3.141592654,1,0,EMD,Valeport,21861,8.69,22519,11.3,7903.148102,F,0,72,80,7.27,,,,7.3,35.15,,35.16,41F2,
14539,1610565,12088,12287,12366,1610565,EH,I4537,NL,1340,MIKQ1NL2026,,64T2,MRN2,,1600,WovFab,500,10183428,2026NL3400180,,20263400180,10,2,2026,20,12,56.39333,2.4665,16,17,1908,,,2,3.141592654,1,0,EMD,Valeport,16230,8.69,16307,11.3,5867.439445,F,0,65,74,7.28,,,,7.3,35.2,,35.2,41F2,
14539,1610565,12088,12287,12366,1610565,EH,I4537,NL,1340,MIKQ1NL2026,,64T2,MRN2,,1600,WovFab,500,10183428,2026NL3400180,,20263400180,10,2,2026,20,12,56.39333,2.4665,16,17,1908,,,2,3.141592654,1,0,EMD,Valeport,16230,8.69,16307,11.3,5867.439445,F,0,65,74,7.28,,,,7.3,35.2,,35.2,41F2,
14539,1610565,12088,12287,12366,1610565,EH,I4537,NL,1340,MIKQ1NL2026,,64T2,MRN2,,1600,WovFab,500,10183428,2026NL3400180,,20263400180,10,2,2026,20,12,56.39333,2.4665,16,17,1908,,,2,3.141592654,1,0,EMD,Valeport,16230,8.69,16307,11.3,5867.439445,F,0,65,74,7.28,,,,7.3,35.2,,35.2,41F2,
14539,1610566,12088,12287,12366,1610566,EH,I4537,NL,1340,MIKQ1NL2026,,64T2,MRN2,,1600,WovFab,500,10183437,2026NL3400181,,20263400181,10,2,2026,21,31,56.59167,2.26,20,13,2447,,,2,3.141592654,1,0,EMD,Valeport,21893,8.69,22028,11.3,7914.716683,F,0,70,79,7.34,,,,7.34,35.21,,35.21,42F2,
14539,1610566,12088,12287,12366,1610566,EH,I4537,NL,1340,MIKQ1NL2026,,64T2,MRN2,,1600,WovFab,500,10183437,2026NL3400181,,20263400181,10,2,2026,21,31,56.59167,2.26,20,13,2447,,,2,3.141592654,1,0,EMD,Valeport,21893,8.69,22028,11.3,7914.716683,F,0,70,79,7.34,,,,7.34,35.21,,35.21,42F2,
14539,1610567,12088,12287,12366,1610567,EH,I4537,NL,1340,MIKQ1NL2026,,64T2,MRN2,,1600,WovFab,500,10183361,2026NL3400182,,20263400182,10,2,2026,22,42,56.75183,2.14,19,26,2030,,,2,3.141592654,1,0,EMD,Valeport,18475,8.69,18418,11.3,6679.047674,F,0,78,87,7.27,,,,7.28,35.21,,35.21,42F2,
14539,1610567,12088,12287,12366,1610567,EH,I4537,NL,1340,MIKQ1NL2026,,64T2,MRN2,,1600,WovFab,500,10183361,2026NL3400182,,20263400182,10,2,2026,22,42,56.75183,2.14,19,26,2030,,,2,3.141592654,1,0,EMD,Valeport,18475,8.69,18418,11.3,6679.047674,F,0,78,87,7.27,,,,7.28,35.21,,35.21,42F2,
14539,1610567,12088,12287,12366,1610567,EH,I4537,NL,1340,MIKQ1NL2026,,64T2,MRN2,,1600,WovFab,500,10183361,2026NL3400182,,20263400182,10,2,2026,22,42,56.75183,2.14,19,26,2030,,,2,3.141592654,1,0,EMD,Valeport,18475,8.69,18418,11.3,6679.047674,F,0,78,87,7.27,,,,7.28,35.21,,35.21,42F2,
14539,1610567,12088,12287,12366,1610567,EH,I4537,NL,1340,MIKQ1NL2026,,64T2,MRN2,,1600,WovFab,500,10183361,2026NL3400182,,20263400182,10,2,2026,22,42,56.75183,2.14,19,26,2030,,,2,3.141592654,1,0,EMD,Valeport,18475,8.69,18418,11.3,6679.047674,F,0,78,87,7.27,,,,7.28,35.21,,35.21,42F2,
14539,1610568,12088,12287,12366,1610568,EH,I4537,NL,1340,MIKQ1NL2026,,64T2,MRN2,,1600,WovFab,500,10183368,2026NL3400183,,20263400183,10,2,2026,23,55,56.7615,1.74417,21,37,2216,,,2,3.141592654,1,0,EMD,Valeport,20657,8.69,21074,11.3,7467.880259,F,0,87,96,6.74,,,,6.64,35.17,,35.16,42F1,
14539,1610568,12088,12287,12366,1610568,EH,I4537,NL,1340,MIKQ1NL2026,,64T2,MRN2,,1600,WovFab,500,10183368,2026NL3400183,,20263400183,10,2,2026,23,55,56.7615,1.74417,21,37,2216,,,2,3.141592654,1,0,EMD,Valeport,20657,8.69,21074,11.3,7467.880259,F,0,87,96,6.74,,,,6.64,35.17,,35.16,42F1,
14539,1610568,12088,12287,12366,1610568,EH,I4537,NL,1340,MIKQ1NL2026,,64T2,MRN2,,1600,WovFab,500,10183368,2026NL3400183,,20263400183,10,2,2026,23,55,56.7615,1.74417,21,37,2216,,,2,3.141592654,1,0,EMD,Valeport,20657,8.69,21074,11.3,7467.880259,F,0,87,96,6.74,,,,6.64,35.17,,35.16,42F1,
14539,1610568,12088,12287,12366,1610568,EH,I4537,NL,1340,MIKQ1NL2026,,64T2,MRN2,,1600,WovFab,500,10183368,2026NL3400183,,20263400183,10,2,2026,23,55,56.7615,1.74417,21,37,2216,,,2,3.141592654,1,0,EMD,Valeport,20657,8.69,21074,11.3,7467.880259,F,0,87,96,6.74,,,,6.64,35.17,,35.16,42F1,
14539,1610568,12088,12287,12366,1610568,EH,I4537,NL,1340,MIKQ1NL2026,,64T2,MRN2,,1600,WovFab,500,10183368,2026NL3400183,,20263400183,10,2,2026,23,55,56.7615,1.74417,21,37,2216,,,2,3.141592654,1,0,EMD,Valeport,20657,8.69,21074,11.3,7467.880259,F,0,87,96,6.74,,,,6.64,35.17,,35.16,42F1,
14539,1610568,12088,12287,12366,1610568,EH,I4537,NL,1340,MIKQ1NL2026,,64T2,MRN2,,1600,WovFab,500,10183368,2026NL3400183,,20263400183,10,2,2026,23,55,56.7615,1.74417,21,37,2216,,,2,3.141592654,1,0,EMD,Valeport,20657,8.69,21074,11.3,7467.880259,F,0,87,96,6.74,,,,6.64,35.17,,35.16,42F1,
14539,1610569,12088,12287,12366,1610569,EH,I4537,NL,1340,MIKQ1NL2026,,64T2,MRN2,,1600,WovFab,500,10183412,2026NL3400184,,20263400184,11,2,2026,1,21,56.75333,1.2645,23,43,2522,,,2,3.141592654,1,0,EMD,Valeport,23121,8.69,24143,11.3,8358.660961,F,0,87,95,7.22,,,,6.72,35.17,,35.13,42F1,
14539,1610569,12088,12287,12366,1610569,EH,I4537,NL,1340,MIKQ1NL2026,,64T2,MRN2,,1600,WovFab,500,10183412,2026NL3400184,,20263400184,11,2,2026,1,21,56.75333,1.2645,23,43,2522,,,2,3.141592654,1,0,EMD,Valeport,23121,8.69,24143,11.3,8358.660961,F,0,87,95,7.22,,,,6.72,35.17,,35.13,42F1,
14539,1610569,12088,12287,12366,1610569,EH,I4537,NL,1340,MIKQ1NL2026,,64T2,MRN2,,1600,WovFab,500,10183412,2026NL3400184,,20263400184,11,2,2026,1,21,56.75333,1.2645,23,43,2522,,,2,3.141592654,1,0,EMD,Valeport,23121,8.69,24143,11.3,8358.660961,F,0,87,95,7.22,,,,6.72,35.17,,35.13,42F1,
14539,1610569,12088,12287,12366,1610569,EH,I4537,NL,1340,MIKQ1NL2026,,64T2,MRN2,,1600,WovFab,500,10183412,2026NL3400184,,20263400184,11,2,2026,1,21,56.75333,1.2645,23,43,2522,,,2,3.141592654,1,0,EMD,Valeport,23121,8.69,24143,11.3,8358.660961,F,0,87,95,7.22,,,,6.72,35.17,,35.13,42F1,
14539,1610569,12088,12287,12366,1610569,EH,I4537,NL,1340,MIKQ1NL2026,,64T2,MRN2,,1600,WovFab,500,10183412,2026NL3400184,,20263400184,11,2,2026,1,21,56.75333,1.2645,23,43,2522,,,2,3.141592654,1,0,EMD,Valeport,23121,8.69,24143,11.3,8358.660961,F,0,87,95,7.22,,,,6.72,35.17,,35.13,42F1,
14539,1610570,12088,12287,12366,1610570,EH,I4537,NL,1340,MIKQ1NL2026,,64T2,MRN2,,1600,WovFab,500,10183406,2026NL3400185,,20263400185,11,2,2026,3,40,56.3985,1.41783,18,19,1906,,,2,3.141592654,1,0,EMD,Valeport,16900,8.69,17938,11.3,6109.6566,F,0,82,88,7.62,,,,7.67,35.11,,35.13,41F1,
14539,1610570,12088,12287,12366,1610570,EH,I4537,NL,1340,MIKQ1NL2026,,64T2,MRN2,,1600,WovFab,500,10183406,2026NL3400185,,20263400185,11,2,2026,3,40,56.3985,1.41783,18,19,1906,,,2,3.141592654,1,0,EMD,Valeport,16900,8.69,17938,11.3,6109.6566,F,0,82,88,7.62,,,,7.67,35.11,,35.13,41F1,
14539,1610570,12088,12287,12366,1610570,EH,I4537,NL,1340,MIKQ1NL2026,,64T2,MRN2,,1600,WovFab,500,10183406,2026NL3400185,,20263400185,11,2,2026,3,40,56.3985,1.41783,18,19,1906,,,2,3.141592654,1,0,EMD,Valeport,16900,8.69,17938,11.3,6109.6566,F,0,82,88,7.62,,,,7.67,35.11,,35.13,41F1,
14539,1610570,12088,12287,12366,1610570,EH,I4537,NL,1340,MIKQ1NL2026,,64T2,MRN2,,1600,WovFab,500,10183406,2026NL3400185,,20263400185,11,2,2026,3,40,56.3985,1.41783,18,19,1906,,,2,3.141592654,1,0,EMD,Valeport,16900,8.69,17938,11.3,6109.6566,F,0,82,88,7.62,,,,7.67,35.11,,35.13,41F1,
14539,1610570,12088,12287,12366,1610570,EH,I4537,NL,1340,MIKQ1NL2026,,64T2,MRN2,,1600,WovFab,500,10183406,2026NL3400185,,20263400185,11,2,2026,3,40,56.3985,1.41783,18,19,1906,,,2,3.141592654,1,0,EMD,Valeport,16900,8.69,17938,11.3,6109.6566,F,0,82,88,7.62,,,,7.67,35.11,,35.13,41F1,
14539,1610571,12088,12287,12366,1610571,EH,I4537,NL,1340,MIKQ1NL2026,,64T2,MRN2,,1600,WovFab,500,10183378,2026NL3400186,,20263400186,11,2,2026,5,20,56.3815,1.76933,20,49,2214,,,2,3.141592654,1,0,EMD,Valeport,18867,8.69,20215,11.3,6820.762785,F,0,84,88,7.61,,,,7.62,35.12,,35.12,41F1,
14539,1610571,12088,12287,12366,1610571,EH,I4537,NL,1340,MIKQ1NL2026,,64T2,MRN2,,1600,WovFab,500,10183378,2026NL3400186,,20263400186,11,2,2026,5,20,56.3815,1.76933,20,49,2214,,,2,3.141592654,1,0,EMD,Valeport,18867,8.69,20215,11.3,6820.762785,F,0,84,88,7.61,,,,7.62,35.12,,35.12,41F1,
14539,1610573,12088,12287,12366,1610573,EH,I4537,NL,1340,MIKQ1NL2026,,64T2,MRN2,,1600,WovFab,500,10183382,2026NL3400188,,20263400188,12,2,2026,18,56,56.5885,-0.13583,19,18,2170,,,2,3.141592654,1,0,EMD,Valeport,19595,8.69,18929,11.3,7083.947993,F,0,78,87,7.67,,,,7.72,35.03,,35.16,42E9,
14539,1610574,12088,12287,12366,1610574,EH,I4537,NL,1340,MIKQ1NL2026,,64T2,MRN2,,1600,WovFab,500,10183377,2026NL3400189,,20263400189,12,2,2026,20,32,56.391,0.19317,21,24,2265,,,2,3.141592654,1,0,EMD,Valeport,20526,8.69,20888,11.3,7420.521383,F,0,81,91,7.56,,,,7.59,35.09,,35.15,41F0,
14539,1610574,12088,12287,12366,1610574,EH,I4537,NL,1340,MIKQ1NL2026,,64T2,MRN2,,1600,WovFab,500,10183377,2026NL3400189,,20263400189,12,2,2026,20,32,56.391,0.19317,21,24,2265,,,2,3.141592654,1,0,EMD,Valeport,20526,8.69,20888,11.3,7420.521383,F,0,81,91,7.56,,,,7.59,35.09,,35.15,41F0,
14539,1610574,12088,12287,12366,1610574,EH,I4537,NL,1340,MIKQ1NL2026,,64T2,MRN2,,1600,WovFab,500,10183377,2026NL3400189,,20263400189,12,2,2026,20,32,56.391,0.19317,21,24,2265,,,2,3.141592654,1,0,EMD,Valeport,20526,8.69,20888,11.3,7420.521383,F,0,81,91,7.56,,,,7.59,35.09,,35.15,41F0,
14539,1610574,12088,12287,12366,1610574,EH,I4537,NL,1340,MIKQ1NL2026,,64T2,MRN2,,1600,WovFab,500,10183377,2026NL3400189,,20263400189,12,2,2026,20,32,56.391,0.19317,21,24,2265,,,2,3.141592654,1,0,EMD,Valeport,20526,8.69,20888,11.3,7420.521383,F,0,81,91,7.56,,,,7.59,35.09,,35.15,41F0,
14539,1610574,12088,12287,12366,1610574,EH,I4537,NL,1340,MIKQ1NL2026,,64T2,MRN2,,1600,WovFab,500,10183377,2026NL3400189,,20263400189,12,2,2026,20,32,56.391,0.19317,21,24,2265,,,2,3.141592654,1,0,EMD,Valeport,20526,8.69,20888,11.3,7420.521383,F,0,81,91,7.56,,,,7.59,35.09,,35.15,41F0,
14539,1610575,12088,12287,12366,1610575,EH,I4537,NL,1340,MIKQ1NL2026,,64T2,MRN2,,1600,WovFab,500,10183347,2026NL3400190,,20263400190,12,2,2026,21,48,56.376,-0.206,21,28,2400,,,2,3.141592654,1,0,EMD,Valeport,20949,8.69,21441,11.3,7573.443557,F,0,79,82,7.7,,,,7.78,35.02,,35.09,41E9,
14539,1610575,12088,12287,12366,1610575,EH,I4537,NL,1340,MIKQ1NL2026,,64T2,MRN2,,1600,WovFab,500,10183347,2026NL3400190,,20263400190,12,2,2026,21,48,56.376,-0.206,21,28,2400,,,2,3.141592654,1,0,EMD,Valeport,20949,8.69,21441,11.3,7573.443557,F,0,79,82,7.7,,,,7.78,35.02,,35.09,41E9,
14539,1610575,12088,12287,12366,1610575,EH,I4537,NL,1340,MIKQ1NL2026,,64T2,MRN2,,1600,WovFab,500,10183347,2026NL3400190,,20263400190,12,2,2026,21,48,56.376,-0.206,21,28,2400,,,2,3.141592654,1,0,EMD,Valeport,20949,8.69,21441,11.3,7573.443557,F,0,79,82,7.7,,,,7.78,35.02,,35.09,41E9,
14539,1610575,12088,12287,12366,1610575,EH,I4537,NL,1340,MIKQ1NL2026,,64T2,MRN2,,1600,WovFab,500,10183347,2026NL3400190,,20263400190,12,2,2026,21,48,56.376,-0.206,21,28,2400,,,2,3.141592654,1,0,EMD,Valeport,20949,8.69,21441,11.3,7573.443557,F,0,79,82,7.7,,,,7.78,35.02,,35.09,41E9,
14539,1610575,12088,12287,12366,1610575,EH,I4537,NL,1340,MIKQ1NL2026,,64T2,MRN2,,1600,WovFab,500,10183347,2026NL3400190,,20263400190,12,2,2026,21,48,56.376,-0.206,21,28,2400,,,2,3.141592654,1,0,EMD,Valeport,20949,8.69,21441,11.3,7573.443557,F,0,79,82,7.7,,,,7.78,35.02,,35.09,41E9,
14539,1610575,12088,12287,12366,1610575,EH,I4537,NL,1340,MIKQ1NL2026,,64T2,MRN2,,1600,WovFab,500,10183347,2026NL3400190,,20263400190,12,2,2026,21,48,56.376,-0.206,21,28,2400,,,2,3.141592654,1,0,EMD,Valeport,20949,8.69,21441,11.3,7573.443557,F,0,79,82,7.7,,,,7.78,35.02,,35.09,41E9,
14539,1610575,12088,12287,12366,1610575,EH,I4537,NL,1340,MIKQ1NL2026,,64T2,MRN2,,1600,WovFab,500,10183347,2026NL3400190,,20263400190,12,2,2026,21,48,56.376,-0.206,21,28,2400,,,2,3.141592654,1,0,EMD,Valeport,20949,8.69,21441,11.3,7573.443557,F,0,79,82,7.7,,,,7.78,35.02,,35.09,41E9,
14539,1610576,12088,12287,12366,1610576,EH,I4537,NL,1340,MIKQ1NL2026,,64T2,MRN2,,1600,WovFab,500,10183432,2026NL3400191,,20263400191,12,2,2026,23,4,56.19633,-0.17433,19,48,2229,,,2,3.141592654,1,0,EMD,Valeport,18745,8.69,19346,11.3,6776.657572,F,0,74,89,7.78,,,,7.79,34.99,,35,41E9,
14539,1610576,12088,12287,12366,1610576,EH,I4537,NL,1340,MIKQ1NL2026,,64T2,MRN2,,1600,WovFab,500,10183432,2026NL3400191,,20263400191,12,2,2026,23,4,56.19633,-0.17433,19,48,2229,,,2,3.141592654,1,0,EMD,Valeport,18745,8.69,19346,11.3,6776.657572,F,0,74,89,7.78,,,,7.79,34.99,,35,41E9,
14539,1610576,12088,12287,12366,1610576,EH,I4537,NL,1340,MIKQ1NL2026,,64T2,MRN2,,1600,WovFab,500,10183432,2026NL3400191,,20263400191,12,2,2026,23,4,56.19633,-0.17433,19,48,2229,,,2,3.141592654,1,0,EMD,Valeport,18745,8.69,19346,11.3,6776.657572,F,0,74,89,7.78,,,,7.79,34.99,,35,41E9,
14539,1610576,12088,12287,12366,1610576,EH,I4537,NL,1340,MIKQ1NL2026,,64T2,MRN2,,1600,WovFab,500,10183432,2026NL3400191,,20263400191,12,2,2026,23,4,56.19633,-0.17433,19,48,2229,,,2,3.141592654,1,0,EMD,Valeport,18745,8.69,19346,11.3,6776.657572,F,0,74,89,7.78,,,,7.79,34.99,,35,41E9,
14539,1610576,12088,12287,12366,1610576,EH,I4537,NL,1340,MIKQ1NL2026,,64T2,MRN2,,1600,WovFab,500,10183432,2026NL3400191,,20263400191,12,2,2026,23,4,56.19633,-0.17433,19,48,2229,,,2,3.141592654,1,0,EMD,Valeport,18745,8.69,19346,11.3,6776.657572,F,0,74,89,7.78,,,,7.79,34.99,,35,41E9,
14539,1610576,12088,12287,12366,1610576,EH,I4537,NL,1340,MIKQ1NL2026,,64T2,MRN2,,1600,WovFab,500,10183432,2026NL3400191,,20263400191,12,2,2026,23,4,56.19633,-0.17433,19,48,2229,,,2,3.141592654,1,0,EMD,Valeport,18745,8.69,19346,11.3,6776.657572,F,0,74,89,7.78,,,,7.79,34.99,,35,41E9,
14539,1610577,12088,12287,12366,1610577,EH,I4537,NL,1340,MIKQ1NL2026,,64T2,MRN2,,1600,WovFab,500,10183430,2026NL3400192,,20263400192,13,2,2026,0,28,56.0945,0.18333,21,55,2296,,,2,3.141592654,1,0,EMD,Valeport,20555,8.69,21340,11.3,7431.005409,F,0,81,84,7.72,,,,7.72,35.03,,35.04,41F0,
14539,1610577,12088,12287,12366,1610577,EH,I4537,NL,1340,MIKQ1NL2026,,64T2,MRN2,,1600,WovFab,500,10183430,2026NL3400192,,20263400192,13,2,2026,0,28,56.0945,0.18333,21,55,2296,,,2,3.141592654,1,0,EMD,Valeport,20555,8.69,21340,11.3,7431.005409,F,0,81,84,7.72,,,,7.72,35.03,,35.04,41F0,
14539,1610577,12088,12287,12366,1610577,EH,I4537,NL,1340,MIKQ1NL2026,,64T2,MRN2,,1600,WovFab,500,10183430,2026NL3400192,,20263400192,13,2,2026,0,28,56.0945,0.18333,21,55,2296,,,2,3.141592654,1,0,EMD,Valeport,20555,8.69,21340,11.3,7431.005409,F,0,81,84,7.72,,,,7.72,35.03,,35.04,41F0,
14539,1610577,12088,12287,12366,1610577,EH,I4537,NL,1340,MIKQ1NL2026,,64T2,MRN2,,1600,WovFab,500,10183430,2026NL3400192,,20263400192,13,2,2026,0,28,56.0945,0.18333,21,55,2296,,,2,3.141592654,1,0,EMD,Valeport,20555,8.69,21340,11.3,7431.005409,F,0,81,84,7.72,,,,7.72,35.03,,35.04,41F0,
14539,1610577,12088,12287,12366,1610577,EH,I4537,NL,1340,MIKQ1NL2026,,64T2,MRN2,,1600,WovFab,500,10183430,2026NL3400192,,20263400192,13,2,2026,0,28,56.0945,0.18333,21,55,2296,,,2,3.141592654,1,0,EMD,Valeport,20555,8.69,21340,11.3,7431.005409,F,0,81,84,7.72,,,,7.72,35.03,,35.04,41F0,
14539,1610577,12088,12287,12366,1610577,EH,I4537,NL,1340,MIKQ1NL2026,,64T2,MRN2,,1600,WovFab,500,10183430,2026NL3400192,,20263400192,13,2,2026,0,28,56.0945,0.18333,21,55,2296,,,2,3.141592654,1,0,EMD,Valeport,20555,8.69,21340,11.3,7431.005409,F,0,81,84,7.72,,,,7.72,35.03,,35.04,41F0,
14539,1610579,12088,12287,12366,1610579,EH,I4537,NL,1340,MIKQ1NL2026,,64T2,MRN2,,1600,WovFab,500,10183441,2026NL3400194,,20263400194,13,2,2026,3,5,55.7495,-0.34817,18,40,2070,,,2,3.141592654,1,0,EMD,Valeport,19082,8.69,18947,11.3,6898.489186,F,0,65,72,7.74,,,,7.78,34.93,,34.96,40E9,
14539,1610579,12088,12287,12366,1610579,EH,I4537,NL,1340,MIKQ1NL2026,,64T2,MRN2,,1600,WovFab,500,10183441,2026NL3400194,,20263400194,13,2,2026,3,5,55.7495,-0.34817,18,40,2070,,,2,3.141592654,1,0,EMD,Valeport,19082,8.69,18947,11.3,6898.489186,F,0,65,72,7.74,,,,7.78,34.93,,34.96,40E9,
14539,1610579,12088,12287,12366,1610579,EH,I4537,NL,1340,MIKQ1NL2026,,64T2,MRN2,,1600,WovFab,500,10183441,2026NL3400194,,20263400194,13,2,2026,3,5,55.7495,-0.34817,18,40,2070,,,2,3.141592654,1,0,EMD,Valeport,19082,8.69,18947,11.3,6898.489186,F,0,65,72,7.74,,,,7.78,34.93,,34.96,40E9,
14539,1610579,12088,12287,12366,1610579,EH,I4537,NL,1340,MIKQ1NL2026,,64T2,MRN2,,1600,WovFab,500,10183441,2026NL3400194,,20263400194,13,2,2026,3,5,55.7495,-0.34817,18,40,2070,,,2,3.141592654,1,0,EMD,Valeport,19082,8.69,18947,11.3,6898.489186,F,0,65,72,7.74,,,,7.78,34.93,,34.96,40E9,
14539,1610580,12088,12287,12366,1610580,EH,I4537,NL,1340,MIKQ1NL2026,,64T2,MRN2,,1600,WovFab,500,10183422,2026NL3400195,,20263400195,13,2,2026,4,13,55.621,-0.5205,13,5,1355,,,2,3.141592654,1,0,EMD,Valeport,13251,8.69,12967,11.3,4790.4769,F,0,55,65,7.58,,,,7.59,34.79,,34.8,40E9,
14539,1610581,12088,12287,12366,1610581,EH,I4537,NL,1340,MIKQ1NL2026,,64T2,MRN2,,1600,WovFab,500,10183359,2026NL3400196,,20263400196,13,2,2026,5,18,55.612,-0.81883,22,58,2247,,,2,3.141592654,1,0,EMD,Valeport,22004,8.69,22300,11.3,7954.845197,F,0,86,93,7.26,,,,7.75,34.54,,34.72,40E9,
14539,1610581,12088,12287,12366,1610581,EH,I4537,NL,1340,MIKQ1NL2026,,64T2,MRN2,,1600,WovFab,500,10183359,2026NL3400196,,20263400196,13,2,2026,5,18,55.612,-0.81883,22,58,2247,,,2,3.141592654,1,0,EMD,Valeport,22004,8.69,22300,11.3,7954.845197,F,0,86,93,7.26,,,,7.75,34.54,,34.72,40E9,
14539,1610583,12088,12287,12366,1610583,EH,I4537,NL,1340,MIKQ1NL2026,,64T2,MRN2,,1600,WovFab,500,10183435,2026NL3400198,,20263400198,13,2,2026,20,58,55.2435,-0.77867,15,53,1837,,,2,3.141592654,1,0,EMD,Valeport,14907,8.69,15452,11.3,5389.150943,F,0,71,82,7.11,,,,7.43,34.32,,34.49,39E9,
14539,1610583,12088,12287,12366,1610583,EH,I4537,NL,1340,MIKQ1NL2026,,64T2,MRN2,,1600,WovFab,500,10183435,2026NL3400198,,20263400198,13,2,2026,20,58,55.2435,-0.77867,15,53,1837,,,2,3.141592654,1,0,EMD,Valeport,14907,8.69,15452,11.3,5389.150943,F,0,71,82,7.11,,,,7.43,34.32,,34.49,39E9,
14539,1610583,12088,12287,12366,1610583,EH,I4537,NL,1340,MIKQ1NL2026,,64T2,MRN2,,1600,WovFab,500,10183435,2026NL3400198,,20263400198,13,2,2026,20,58,55.2435,-0.77867,15,53,1837,,,2,3.141592654,1,0,EMD,Valeport,14907,8.69,15452,11.3,5389.150943,F,0,71,82,7.11,,,,7.43,34.32,,34.49,39E9,
14539,1610583,12088,12287,12366,1610583,EH,I4537,NL,1340,MIKQ1NL2026,,64T2,MRN2,,1600,WovFab,500,10183435,2026NL3400198,,20263400198,13,2,2026,20,58,55.2435,-0.77867,15,53,1837,,,2,3.141592654,1,0,EMD,Valeport,14907,8.69,15452,11.3,5389.150943,F,0,71,82,7.11,,,,7.43,34.32,,34.49,39E9,
14539,1610583,12088,12287,12366,1610583,EH,I4537,NL,1340,MIKQ1NL2026,,64T2,MRN2,,1600,WovFab,500,10183435,2026NL3400198,,20263400198,13,2,2026,20,58,55.2435,-0.77867,15,53,1837,,,2,3.141592654,1,0,EMD,Valeport,14907,8.69,15452,11.3,5389.150943,F,0,71,82,7.11,,,,7.43,34.32,,34.49,39E9,
14539,1610583,12088,12287,12366,1610583,EH,I4537,NL,1340,MIKQ1NL2026,,64T2,MRN2,,1600,WovFab,500,10183435,2026NL3400198,,20263400198,13,2,2026,20,58,55.2435,-0.77867,15,53,1837,,,2,3.141592654,1,0,EMD,Valeport,14907,8.69,15452,11.3,5389.150943,F,0,71,82,7.11,,,,7.43,34.32,,34.49,39E9,
14539,1610583,12088,12287,12366,1610583,EH,I4537,NL,1340,MIKQ1NL2026,,64T2,MRN2,,1600,WovFab,500,10183435,2026NL3400198,,20263400198,13,2,2026,20,58,55.2435,-0.77867,15,53,1837,,,2,3.141592654,1,0,EMD,Valeport,14907,8.69,15452,11.3,5389.150943,F,0,71,82,7.11,,,,7.43,34.32,,34.49,39E9,
14539,1610583,12088,12287,12366,1610583,EH,I4537,NL,1340,MIKQ1NL2026,,64T2,MRN2,,1600,WovFab,500,10183435,2026NL3400198,,20263400198,13,2,2026,20,58,55.2435,-0.77867,15,53,1837,,,2,3.141592654,1,0,EMD,Valeport,14907,8.69,15452,11.3,5389.150943,F,0,71,82,7.11,,,,7.43,34.32,,34.49,39E9,
14539,1610583,12088,12287,12366,1610583,EH,I4537,NL,1340,MIKQ1NL2026,,64T2,MRN2,,1600,WovFab,500,10183435,2026NL3400198,,20263400198,13,2,2026,20,58,55.2435,-0.77867,15,53,1837,,,2,3.141592654,1,0,EMD,Valeport,14907,8.69,15452,11.3,5389.150943,F,0,71,82,7.11,,,,7.43,34.32,,34.49,39E9,
14539,1610584,12088,12287,12366,1610584,EH,I4537,NL,1340,MIKQ1NL2026,,64T2,MRN2,,1600,WovFab,500,10183354,2026NL3400199,,20263400199,13,2,2026,22,24,55.41383,-1.18183,18,31,1683,,,2,3.141592654,1,0,EMD,Valeport,15514,8.69,16504,11.3,5608.592455,F,0,85,88,6.81,,,,7.53,34.03,,34.7,39E8,
14539,1610584,12088,12287,12366,1610584,EH,I4537,NL,1340,MIKQ1NL2026,,64T2,MRN2,,1600,WovFab,500,10183354,2026NL3400199,,20263400199,13,2,2026,22,24,55.41383,-1.18183,18,31,1683,,,2,3.141592654,1,0,EMD,Valeport,15514,8.69,16504,11.3,5608.592455,F,0,85,88,6.81,,,,7.53,34.03,,34.7,39E8,
14539,1610584,12088,12287,12366,1610584,EH,I4537,NL,1340,MIKQ1NL2026,,64T2,MRN2,,1600,WovFab,500,10183354,2026NL3400199,,20263400199,13,2,2026,22,24,55.41383,-1.18183,18,31,1683,,,2,3.141592654,1,0,EMD,Valeport,15514,8.69,16504,11.3,5608.592455,F,0,85,88,6.81,,,,7.53,34.03,,34.7,39E8,
14539,1610585,12088,12287,12366,1610585,EH,I4537,NL,1340,MIKQ1NL2026,,64T2,MRN2,,1600,WovFab,500,10183381,2026NL3400200,,20263400200,13,2,2026,23,33,55.60167,-1.1765,18,45,1586,,,2,3.141592654,1,0,EMD,Valeport,16440,8.69,17156,11.3,5943.358255,F,0,70,77,6.78,,,,7.85,34.16,,34.89,40E8,
14539,1610585,12088,12287,12366,1610585,EH,I4537,NL,1340,MIKQ1NL2026,,64T2,MRN2,,1600,WovFab,500,10183381,2026NL3400200,,20263400200,13,2,2026,23,33,55.60167,-1.1765,18,45,1586,,,2,3.141592654,1,0,EMD,Valeport,16440,8.69,17156,11.3,5943.358255,F,0,70,77,6.78,,,,7.85,34.16,,34.89,40E8,
14539,1610585,12088,12287,12366,1610585,EH,I4537,NL,1340,MIKQ1NL2026,,64T2,MRN2,,1600,WovFab,500,10183381,2026NL3400200,,20263400200,13,2,2026,23,33,55.60167,-1.1765,18,45,1586,,,2,3.141592654,1,0,EMD,Valeport,16440,8.69,17156,11.3,5943.358255,F,0,70,77,6.78,,,,7.85,34.16,,34.89,40E8,
14539,1610585,12088,12287,12366,1610585,EH,I4537,NL,1340,MIKQ1NL2026,,64T2,MRN2,,1600,WovFab,500,10183381,2026NL3400200,,20263400200,13,2,2026,23,33,55.60167,-1.1765,18,45,1586,,,2,3.141592654,1,0,EMD,Valeport,16440,8.69,17156,11.3,5943.358255,F,0,70,77,6.78,,,,7.85,34.16,,34.89,40E8,
14539,1610585,12088,12287,12366,1610585,EH,I4537,NL,1340,MIKQ1NL2026,,64T2,MRN2,,1600,WovFab,500,10183381,2026NL3400200,,20263400200,13,2,2026,23,33,55.60167,-1.1765,18,45,1586,,,2,3.141592654,1,0,EMD,Valeport,16440,8.69,17156,11.3,5943.358255,F,0,70,77,6.78,,,,7.85,34.16,,34.89,40E8,
14539,1610585,12088,12287,12366,1610585,EH,I4537,NL,1340,MIKQ1NL2026,,64T2,MRN2,,1600,WovFab,500,10183381,2026NL3400200,,20263400200,13,2,2026,23,33,55.60167,-1.1765,18,45,1586,,,2,3.141592654,1,0,EMD,Valeport,16440,8.69,17156,11.3,5943.358255,F,0,70,77,6.78,,,,7.85,34.16,,34.89,40E8,
14539,1610585,12088,12287,12366,1610585,EH,I4537,NL,1340,MIKQ1NL2026,,64T2,MRN2,,1600,WovFab,500,10183381,2026NL3400200,,20263400200,13,2,2026,23,33,55.60167,-1.1765,18,45,1586,,,2,3.141592654,1,0,EMD,Valeport,16440,8.69,17156,11.3,5943.358255,F,0,70,77,6.78,,,,7.85,34.16,,34.89,40E8,
14539,1610585,12088,12287,12366,1610585,EH,I4537,NL,1340,MIKQ1NL2026,,64T2,MRN2,,1600,WovFab,500,10183381,2026NL3400200,,20263400200,13,2,2026,23,33,55.60167,-1.1765,18,45,1586,,,2,3.141592654,1,0,EMD,Valeport,16440,8.69,17156,11.3,5943.358255,F,0,70,77,6.78,,,,7.85,34.16,,34.89,40E8,
14539,1610585,12088,12287,12366,1610585,EH,I4537,NL,1340,MIKQ1NL2026,,64T2,MRN2,,1600,WovFab,500,10183381,2026NL3400200,,20263400200,13,2,2026,23,33,55.60167,-1.1765,18,45,1586,,,2,3.141592654,1,0,EMD,Valeport,16440,8.69,17156,11.3,5943.358255,F,0,70,77,6.78,,,,7.85,34.16,,34.89,40E8,
14539,1610586,12088,12287,12366,1610586,EH,I4537,NL,1340,MIKQ1NL2026,,64T2,MRN2,,1600,WovFab,500,10183383,2026NL3400201,,20263400201,14,2,2026,0,45,55.80733,-1.156,17,30,1557,,,2,3.141592654,1,0,EMD,Valeport,15447,8.69,15999,11.3,5584.37074,F,0,73,75,7.2,,,,7.68,34.55,,34.82,40E8,
14539,1610586,12088,12287,12366,1610586,EH,I4537,NL,1340,MIKQ1NL2026,,64T2,MRN2,,1600,WovFab,500,10183383,2026NL3400201,,20263400201,14,2,2026,0,45,55.80733,-1.156,17,30,1557,,,2,3.141592654,1,0,EMD,Valeport,15447,8.69,15999,11.3,5584.37074,F,0,73,75,7.2,,,,7.68,34.55,,34.82,40E8,
14539,1610586,12088,12287,12366,1610586,EH,I4537,NL,1340,MIKQ1NL2026,,64T2,MRN2,,1600,WovFab,500,10183383,2026NL3400201,,20263400201,14,2,2026,0,45,55.80733,-1.156,17,30,1557,,,2,3.141592654,1,0,EMD,Valeport,15447,8.69,15999,11.3,5584.37074,F,0,73,75,7.2,,,,7.68,34.55,,34.82,40E8,
14539,1610586,12088,12287,12366,1610586,EH,I4537,NL,1340,MIKQ1NL2026,,64T2,MRN2,,1600,WovFab,500,10183383,2026NL3400201,,20263400201,14,2,2026,0,45,55.80733,-1.156,17,30,1557,,,2,3.141592654,1,0,EMD,Valeport,15447,8.69,15999,11.3,5584.37074,F,0,73,75,7.2,,,,7.68,34.55,,34.82,40E8,
14539,1610586,12088,12287,12366,1610586,EH,I4537,NL,1340,MIKQ1NL2026,,64T2,MRN2,,1600,WovFab,500,10183383,2026NL3400201,,20263400201,14,2,2026,0,45,55.80733,-1.156,17,30,1557,,,2,3.141592654,1,0,EMD,Valeport,15447,8.69,15999,11.3,5584.37074,F,0,73,75,7.2,,,,7.68,34.55,,34.82,40E8,
14539,1610586,12088,12287,12366,1610586,EH,I4537,NL,1340,MIKQ1NL2026,,64T2,MRN2,,1600,WovFab,500,10183383,2026NL3400201,,20263400201,14,2,2026,0,45,55.80733,-1.156,17,30,1557,,,2,3.141592654,1,0,EMD,Valeport,15447,8.69,15999,11.3,5584.37074,F,0,73,75,7.2,,,,7.68,34.55,,34.82,40E8,
14539,1610586,12088,12287,12366,1610586,EH,I4537,NL,1340,MIKQ1NL2026,,64T2,MRN2,,1600,WovFab,500,10183383,2026NL3400201,,20263400201,14,2,2026,0,45,55.80733,-1.156,17,30,1557,,,2,3.141592654,1,0,EMD,Valeport,15447,8.69,15999,11.3,5584.37074,F,0,73,75,7.2,,,,7.68,34.55,,34.82,40E8,
14539,1610586,12088,12287,12366,1610586,EH,I4537,NL,1340,MIKQ1NL2026,,64T2,MRN2,,1600,WovFab,500,10183383,2026NL3400201,,20263400201,14,2,2026,0,45,55.80733,-1.156,17,30,1557,,,2,3.141592654,1,0,EMD,Valeport,15447,8.69,15999,11.3,5584.37074,F,0,73,75,7.2,,,,7.68,34.55,,34.82,40E8,
14539,1610586,12088,12287,12366,1610586,EH,I4537,NL,1340,MIKQ1NL2026,,64T2,MRN2,,1600,WovFab,500,10183383,2026NL3400201,,20263400201,14,2,2026,0,45,55.80733,-1.156,17,30,1557,,,2,3.141592654,1,0,EMD,Valeport,15447,8.69,15999,11.3,5584.37074,F,0,73,75,7.2,,,,7.68,34.55,,34.82,40E8,
14539,1610587,12088,12287,12366,1610587,EH,I4537,NL,1340,MIKQ1NL2026,,64T2,MRN2,,1600,WovFab,500,10183374,2026NL3400202,,20263400202,14,2,2026,2,21,56.1005,-1.17283,14,22,1236,,,2,3.141592654,1,0,EMD,Valeport,11918,8.69,12693,11.3,4308.573216,F,0,60,67,7.46,,,,7.53,34.81,,34.84,41E8,
14539,1610587,12088,12287,12366,1610587,EH,I4537,NL,1340,MIKQ1NL2026,,64T2,MRN2,,1600,WovFab,500,10183374,2026NL3400202,,20263400202,14,2,2026,2,21,56.1005,-1.17283,14,22,1236,,,2,3.141592654,1,0,EMD,Valeport,11918,8.69,12693,11.3,4308.573216,F,0,60,67,7.46,,,,7.53,34.81,,34.84,41E8,
14539,1610587,12088,12287,12366,1610587,EH,I4537,NL,1340,MIKQ1NL2026,,64T2,MRN2,,1600,WovFab,500,10183374,2026NL3400202,,20263400202,14,2,2026,2,21,56.1005,-1.17283,14,22,1236,,,2,3.141592654,1,0,EMD,Valeport,11918,8.69,12693,11.3,4308.573216,F,0,60,67,7.46,,,,7.53,34.81,,34.84,41E8,
14539,1610587,12088,12287,12366,1610587,EH,I4537,NL,1340,MIKQ1NL2026,,64T2,MRN2,,1600,WovFab,500,10183374,2026NL3400202,,20263400202,14,2,2026,2,21,56.1005,-1.17283,14,22,1236,,,2,3.141592654,1,0,EMD,Valeport,11918,8.69,12693,11.3,4308.573216,F,0,60,67,7.46,,,,7.53,34.81,,34.84,41E8,
14539,1610587,12088,12287,12366,1610587,EH,I4537,NL,1340,MIKQ1NL2026,,64T2,MRN2,,1600,WovFab,500,10183374,2026NL3400202,,20263400202,14,2,2026,2,21,56.1005,-1.17283,14,22,1236,,,2,3.141592654,1,0,EMD,Valeport,11918,8.69,12693,11.3,4308.573216,F,0,60,67,7.46,,,,7.53,34.81,,34.84,41E8,
14539,1610588,12088,12287,12366,1610588,EH,I4537,NL,1340,MIKQ1NL2026,,64T2,MRN2,,1600,WovFab,500,10183385,2026NL3400203,,20263400203,14,2,2026,3,39,56.10117,-1.59233,13,19,1213,,,2,3.141592654,1,0,EMD,Valeport,11369,8.69,11986,11.3,4110.099756,F,0,68,75,6.75,,,,7.72,34.24,,34.88,41E8,
14539,1610588,12088,12287,12366,1610588,EH,I4537,NL,1340,MIKQ1NL2026,,64T2,MRN2,,1600,WovFab,500,10183385,2026NL3400203,,20263400203,14,2,2026,3,39,56.10117,-1.59233,13,19,1213,,,2,3.141592654,1,0,EMD,Valeport,11369,8.69,11986,11.3,4110.099756,F,0,68,75,6.75,,,,7.72,34.24,,34.88,41E8,
14539,1610588,12088,12287,12366,1610588,EH,I4537,NL,1340,MIKQ1NL2026,,64T2,MRN2,,1600,WovFab,500,10183385,2026NL3400203,,20263400203,14,2,2026,3,39,56.10117,-1.59233,13,19,1213,,,2,3.141592654,1,0,EMD,Valeport,11369,8.69,11986,11.3,4110.099756,F,0,68,75,6.75,,,,7.72,34.24,,34.88,41E8,
14539,1610589,12088,12287,12366,1610589,EH,I4537,NL,1340,MIKQ1NL2026,,64T2,MRN2,,1600,WovFab,500,10183373,2026NL3400204,,20263400204,14,2,2026,5,15,56.09267,-2.1745,14,5,1420,,,2,3.141592654,1,0,EMD,Valeport,12350,8.69,12995,11.3,4464.749054,F,0,57,65,6.4,,,,7.66,34.01,,34.81,41E7,
14539,1610589,12088,12287,12366,1610589,EH,I4537,NL,1340,MIKQ1NL2026,,64T2,MRN2,,1600,WovFab,500,10183373,2026NL3400204,,20263400204,14,2,2026,5,15,56.09267,-2.1745,14,5,1420,,,2,3.141592654,1,0,EMD,Valeport,12350,8.69,12995,11.3,4464.749054,F,0,57,65,6.4,,,,7.66,34.01,,34.81,41E7,
14539,1610589,12088,12287,12366,1610589,EH,I4537,NL,1340,MIKQ1NL2026,,64T2,MRN2,,1600,WovFab,500,10183373,2026NL3400204,,20263400204,14,2,2026,5,15,56.09267,-2.1745,14,5,1420,,,2,3.141592654,1,0,EMD,Valeport,12350,8.69,12995,11.3,4464.749054,F,0,57,65,6.4,,,,7.66,34.01,,34.81,41E7,
14539,1610589,12088,12287,12366,1610589,EH,I4537,NL,1340,MIKQ1NL2026,,64T2,MRN2,,1600,WovFab,500,10183373,2026NL3400204,,20263400204,14,2,2026,5,15,56.09267,-2.1745,14,5,1420,,,2,3.141592654,1,0,EMD,Valeport,12350,8.69,12995,11.3,4464.749054,F,0,57,65,6.4,,,,7.66,34.01,,34.81,41E7,
14539,1610589,12088,12287,12366,1610589,EH,I4537,NL,1340,MIKQ1NL2026,,64T2,MRN2,,1600,WovFab,500,10183373,2026NL3400204,,20263400204,14,2,2026,5,15,56.09267,-2.1745,14,5,1420,,,2,3.141592654,1,0,EMD,Valeport,12350,8.69,12995,11.3,4464.749054,F,0,57,65,6.4,,,,7.66,34.01,,34.81,41E7,
14539,1610589,12088,12287,12366,1610589,EH,I4537,NL,1340,MIKQ1NL2026,,64T2,MRN2,,1600,WovFab,500,10183373,2026NL3400204,,20263400204,14,2,2026,5,15,56.09267,-2.1745,14,5,1420,,,2,3.141592654,1,0,EMD,Valeport,12350,8.69,12995,11.3,4464.749054,F,0,57,65,6.4,,,,7.66,34.01,,34.81,41E7,
14539,1610593,12088,12287,12366,1610593,EH,I4537,NL,1340,MIKQ1NL2026,,64T2,MRN2,,1600,WovFab,500,10183427,2026NL3400208,,20263400208,16,2,2026,22,20,55.915,-1.79833,13,58,1420,,,2,3.141592654,1,0,EMD,Valeport,12961,8.69,12737,11.3,4685.636639,F,0,67,70,6.77,,,,7.66,34.35,,34.8,40E8,
14539,1610593,12088,12287,12366,1610593,EH,I4537,NL,1340,MIKQ1NL2026,,64T2,MRN2,,1600,WovFab,500,10183427,2026NL3400208,,20263400208,16,2,2026,22,20,55.915,-1.79833,13,58,1420,,,2,3.141592654,1,0,EMD,Valeport,12961,8.69,12737,11.3,4685.636639,F,0,67,70,6.77,,,,7.66,34.35,,34.8,40E8,
14539,1610593,12088,12287,12366,1610593,EH,I4537,NL,1340,MIKQ1NL2026,,64T2,MRN2,,1600,WovFab,500,10183427,2026NL3400208,,20263400208,16,2,2026,22,20,55.915,-1.79833,13,58,1420,,,2,3.141592654,1,0,EMD,Valeport,12961,8.69,12737,11.3,4685.636639,F,0,67,70,6.77,,,,7.66,34.35,,34.8,40E8,
14539,1610593,12088,12287,12366,1610593,EH,I4537,NL,1340,MIKQ1NL2026,,64T2,MRN2,,1600,WovFab,500,10183427,2026NL3400208,,20263400208,16,2,2026,22,20,55.915,-1.79833,13,58,1420,,,2,3.141592654,1,0,EMD,Valeport,12961,8.69,12737,11.3,4685.636639,F,0,67,70,6.77,,,,7.66,34.35,,34.8,40E8,
14539,1610593,12088,12287,12366,1610593,EH,I4537,NL,1340,MIKQ1NL2026,,64T2,MRN2,,1600,WovFab,500,10183427,2026NL3400208,,20263400208,16,2,2026,22,20,55.915,-1.79833,13,58,1420,,,2,3.141592654,1,0,EMD,Valeport,12961,8.69,12737,11.3,4685.636639,F,0,67,70,6.77,,,,7.66,34.35,,34.8,40E8,
14539,1610593,12088,12287,12366,1610593,EH,I4537,NL,1340,MIKQ1NL2026,,64T2,MRN2,,1600,WovFab,500,10183427,2026NL3400208,,20263400208,16,2,2026,22,20,55.915,-1.79833,13,58,1420,,,2,3.141592654,1,0,EMD,Valeport,12961,8.69,12737,11.3,4685.636639,F,0,67,70,6.77,,,,7.66,34.35,,34.8,40E8,
14539,1610593,12088,12287,12366,1610593,EH,I4537,NL,1340,MIKQ1NL2026,,64T2,MRN2,,1600,WovFab,500,10183427,2026NL3400208,,20263400208,16,2,2026,22,20,55.915,-1.79833,13,58,1420,,,2,3.141592654,1,0,EMD,Valeport,12961,8.69,12737,11.3,4685.636639,F,0,67,70,6.77,,,,7.66,34.35,,34.8,40E8,
14539,1610593,12088,12287,12366,1610593,EH,I4537,NL,1340,MIKQ1NL2026,,64T2,MRN2,,1600,WovFab,500,10183427,2026NL3400208,,20263400208,16,2,2026,22,20,55.915,-1.79833,13,58,1420,,,2,3.141592654,1,0,EMD,Valeport,12961,8.69,12737,11.3,4685.636639,F,0,67,70,6.77,,,,7.66,34.35,,34.8,40E8,
14539,1610593,12088,12287,12366,1610593,EH,I4537,NL,1340,MIKQ1NL2026,,64T2,MRN2,,1600,WovFab,500,10183427,2026NL3400208,,20263400208,16,2,2026,22,20,55.915,-1.79833,13,58,1420,,,2,3.141592654,1,0,EMD,Valeport,12961,8.69,12737,11.3,4685.636639,F,0,67,70,6.77,,,,7.66,34.35,,34.8,40E8,
14539,1610593,12088,12287,12366,1610593,EH,I4537,NL,1340,MIKQ1NL2026,,64T2,MRN2,,1600,WovFab,500,10183427,2026NL3400208,,20263400208,16,2,2026,22,20,55.915,-1.79833,13,58,1420,,,2,3.141592654,1,0,EMD,Valeport,12961,8.69,12737,11.3,4685.636639,F,0,67,70,6.77,,,,7.66,34.35,,34.8,40E8,
14539,1610594,12088,12287,12366,1610594,EH,I4537,NL,1340,MIKQ1NL2026,,64T2,MRN2,,1600,WovFab,500,10183339,2026NL3400209,,20263400209,16,2,2026,23,27,55.772,-1.59717,20,15,2171,,,2,3.141592654,1,,EMD,Valeport,,8.69,,11.3,,D,0,77,81,6.58,,,,7.4,34.1,,34.68,40E8,
14539,1610594,12088,12287,12366,1610594,EH,I4537,NL,1340,MIKQ1NL2026,,64T2,MRN2,,1600,WovFab,500,10183339,2026NL3400209,,20263400209,16,2,2026,23,27,55.772,-1.59717,20,15,2171,,,2,3.141592654,1,,EMD,Valeport,,8.69,,11.3,,D,0,77,81,6.58,,,,7.4,34.1,,34.68,40E8,
14539,1610595,12088,12287,12366,1610595,EH,I4537,NL,1340,MIKQ1NL2026,,64T2,MRN2,,1600,WovFab,500,10183392,2026NL3400210,,20263400210,17,2,2026,18,0,55.1325,-1.15333,21,13,2339,,,2,3.141592654,1,,EMD,Valeport,,8.69,21075,11.3,,D,0,78,87,6.83,,,,6.89,34.2,,34.23,39E8,
14539,1610595,12088,12287,12366,1610595,EH,I4537,NL,1340,MIKQ1NL2026,,64T2,MRN2,,1600,WovFab,500,10183392,2026NL3400210,,20263400210,17,2,2026,18,0,55.1325,-1.15333,21,13,2339,,,2,3.141592654,1,,EMD,Valeport,,8.69,21075,11.3,,D,0,78,87,6.83,,,,6.89,34.2,,34.23,39E8,
14539,1610595,12088,12287,12366,1610595,EH,I4537,NL,1340,MIKQ1NL2026,,64T2,MRN2,,1600,WovFab,500,10183392,2026NL3400210,,20263400210,17,2,2026,18,0,55.1325,-1.15333,21,13,2339,,,2,3.141592654,1,,EMD,Valeport,,8.69,21075,11.3,,D,0,78,87,6.83,,,,6.89,34.2,,34.23,39E8,
14539,1610595,12088,12287,12366,1610595,EH,I4537,NL,1340,MIKQ1NL2026,,64T2,MRN2,,1600,WovFab,500,10183392,2026NL3400210,,20263400210,17,2,2026,18,0,55.1325,-1.15333,21,13,2339,,,2,3.141592654,1,,EMD,Valeport,,8.69,21075,11.3,,D,0,78,87,6.83,,,,6.89,34.2,,34.23,39E8,
14539,1610595,12088,12287,12366,1610595,EH,I4537,NL,1340,MIKQ1NL2026,,64T2,MRN2,,1600,WovFab,500,10183392,2026NL3400210,,20263400210,17,2,2026,18,0,55.1325,-1.15333,21,13,2339,,,2,3.141592654,1,,EMD,Valeport,,8.69,21075,11.3,,D,0,78,87,6.83,,,,6.89,34.2,,34.23,39E8,
14539,1610595,12088,12287,12366,1610595,EH,I4537,NL,1340,MIKQ1NL2026,,64T2,MRN2,,1600,WovFab,500,10183392,2026NL3400210,,20263400210,17,2,2026,18,0,55.1325,-1.15333,21,13,2339,,,2,3.141592654,1,,EMD,Valeport,,8.69,21075,11.3,,D,0,78,87,6.83,,,,6.89,34.2,,34.23,39E8,
14539,1610595,12088,12287,12366,1610595,EH,I4537,NL,1340,MIKQ1NL2026,,64T2,MRN2,,1600,WovFab,500,10183392,2026NL3400210,,20263400210,17,2,2026,18,0,55.1325,-1.15333,21,13,2339,,,2,3.141592654,1,,EMD,Valeport,,8.69,21075,11.3,,D,0,78,87,6.83,,,,6.89,34.2,,34.23,39E8,
14539,1610595,12088,12287,12366,1610595,EH,I4537,NL,1340,MIKQ1NL2026,,64T2,MRN2,,1600,WovFab,500,10183392,2026NL3400210,,20263400210,17,2,2026,18,0,55.1325,-1.15333,21,13,2339,,,2,3.141592654,1,,EMD,Valeport,,8.69,21075,11.3,,D,0,78,87,6.83,,,,6.89,34.2,,34.23,39E8,
14539,1610595,12088,12287,12366,1610595,EH,I4537,NL,1340,MIKQ1NL2026,,64T2,MRN2,,1600,WovFab,500,10183392,2026NL3400210,,20263400210,17,2,2026,18,0,55.1325,-1.15333,21,13,2339,,,2,3.141592654,1,,EMD,Valeport,,8.69,21075,11.3,,D,0,78,87,6.83,,,,6.89,34.2,,34.23,39E8,
14539,1610595,12088,12287,12366,1610595,EH,I4537,NL,1340,MIKQ1NL2026,,64T2,MRN2,,1600,WovFab,500,10183392,2026NL3400210,,20263400210,17,2,2026,18,0,55.1325,-1.15333,21,13,2339,,,2,3.141592654,1,,EMD,Valeport,,8.69,21075,11.3,,D,0,78,87,6.83,,,,6.89,34.2,,34.23,39E8,
14539,1610596,12088,12287,12366,1610596,EH,I4537,NL,1340,MIKQ1NL2026,,64T2,MRN2,,1600,WovFab,500,10183372,2026NL3400211,,20263400211,17,2,2026,19,48,54.9165,-0.83167,15,54,1392,,,2,3.141592654,1,0,EMD,Valeport,14254,8.69,15292,11.3,5153.079596,F,0,63,68,7.06,,,,7.13,34.36,,34.39,38E9,
14539,1610596,12088,12287,12366,1610596,EH,I4537,NL,1340,MIKQ1NL2026,,64T2,MRN2,,1600,WovFab,500,10183372,2026NL3400211,,20263400211,17,2,2026,19,48,54.9165,-0.83167,15,54,1392,,,2,3.141592654,1,0,EMD,Valeport,14254,8.69,15292,11.3,5153.079596,F,0,63,68,7.06,,,,7.13,34.36,,34.39,38E9,
14539,1610596,12088,12287,12366,1610596,EH,I4537,NL,1340,MIKQ1NL2026,,64T2,MRN2,,1600,WovFab,500,10183372,2026NL3400211,,20263400211,17,2,2026,19,48,54.9165,-0.83167,15,54,1392,,,2,3.141592654,1,0,EMD,Valeport,14254,8.69,15292,11.3,5153.079596,F,0,63,68,7.06,,,,7.13,34.36,,34.39,38E9,
14539,1610596,12088,12287,12366,1610596,EH,I4537,NL,1340,MIKQ1NL2026,,64T2,MRN2,,1600,WovFab,500,10183372,2026NL3400211,,20263400211,17,2,2026,19,48,54.9165,-0.83167,15,54,1392,,,2,3.141592654,1,0,EMD,Valeport,14254,8.69,15292,11.3,5153.079596,F,0,63,68,7.06,,,,7.13,34.36,,34.39,38E9,
14539,1610596,12088,12287,12366,1610596,EH,I4537,NL,1340,MIKQ1NL2026,,64T2,MRN2,,1600,WovFab,500,10183372,2026NL3400211,,20263400211,17,2,2026,19,48,54.9165,-0.83167,15,54,1392,,,2,3.141592654,1,0,EMD,Valeport,14254,8.69,15292,11.3,5153.079596,F,0,63,68,7.06,,,,7.13,34.36,,34.39,38E9,
14539,1610597,12088,12287,12366,1610597,EH,I4537,NL,1340,MIKQ1NL2026,,64T2,MRN2,,1600,WovFab,500,10183771,2026NL3400212,,20263400212,17,2,2026,21,2,54.88867,-0.5405,12,30,1054,,,2,3.141592654,1,0,EMD,Valeport,11010,8.69,11942,11.3,3980.314743,F,0,56,61,7.12,,,,7.13,34.43,,34.43,38E9,
14539,1610597,12088,12287,12366,1610597,EH,I4537,NL,1340,MIKQ1NL2026,,64T2,MRN2,,1600,WovFab,500,10183771,2026NL3400212,,20263400212,17,2,2026,21,2,54.88867,-0.5405,12,30,1054,,,2,3.141592654,1,0,EMD,Valeport,11010,8.69,11942,11.3,3980.314743,F,0,56,61,7.12,,,,7.13,34.43,,34.43,38E9,
14539,1610597,12088,12287,12366,1610597,EH,I4537,NL,1340,MIKQ1NL2026,,64T2,MRN2,,1600,WovFab,500,10183771,2026NL3400212,,20263400212,17,2,2026,21,2,54.88867,-0.5405,12,30,1054,,,2,3.141592654,1,0,EMD,Valeport,11010,8.69,11942,11.3,3980.314743,F,0,56,61,7.12,,,,7.13,34.43,,34.43,38E9,
14539,1610597,12088,12287,12366,1610597,EH,I4537,NL,1340,MIKQ1NL2026,,64T2,MRN2,,1600,WovFab,500,10183771,2026NL3400212,,20263400212,17,2,2026,21,2,54.88867,-0.5405,12,30,1054,,,2,3.141592654,1,0,EMD,Valeport,11010,8.69,11942,11.3,3980.314743,F,0,56,61,7.12,,,,7.13,34.43,,34.43,38E9,
14539,1610597,12088,12287,12366,1610597,EH,I4537,NL,1340,MIKQ1NL2026,,64T2,MRN2,,1600,WovFab,500,10183771,2026NL3400212,,20263400212,17,2,2026,21,2,54.88867,-0.5405,12,30,1054,,,2,3.141592654,1,0,EMD,Valeport,11010,8.69,11942,11.3,3980.314743,F,0,56,61,7.12,,,,7.13,34.43,,34.43,38E9,
14539,1610597,12088,12287,12366,1610597,EH,I4537,NL,1340,MIKQ1NL2026,,64T2,MRN2,,1600,WovFab,500,10183771,2026NL3400212,,20263400212,17,2,2026,21,2,54.88867,-0.5405,12,30,1054,,,2,3.141592654,1,0,EMD,Valeport,11010,8.69,11942,11.3,3980.314743,F,0,56,61,7.12,,,,7.13,34.43,,34.43,38E9,
14539,1610597,12088,12287,12366,1610597,EH,I4537,NL,1340,MIKQ1NL2026,,64T2,MRN2,,1600,WovFab,500,10183771,2026NL3400212,,20263400212,17,2,2026,21,2,54.88867,-0.5405,12,30,1054,,,2,3.141592654,1,0,EMD,Valeport,11010,8.69,11942,11.3,3980.314743,F,0,56,61,7.12,,,,7.13,34.43,,34.43,38E9,
14539,1610597,12088,12287,12366,1610597,EH,I4537,NL,1340,MIKQ1NL2026,,64T2,MRN2,,1600,WovFab,500,10183771,2026NL3400212,,20263400212,17,2,2026,21,2,54.88867,-0.5405,12,30,1054,,,2,3.141592654,1,0,EMD,Valeport,11010,8.69,11942,11.3,3980.314743,F,0,56,61,7.12,,,,7.13,34.43,,34.43,38E9,
14539,1610598,12088,12287,12366,1610598,EH,I4537,NL,1340,MIKQ1NL2026,,64T2,MRN2,,1600,WovFab,500,10183357,2026NL3400213,,20263400213,17,2,2026,22,5,54.90633,-0.21567,16,24,1560,,,2,3.141592654,1,0,EMD,Valeport,14445,8.69,15747,11.3,5222.129561,F,0,73,84,7.22,,,,7.19,34.5,,34.53,38E9,
14539,1610598,12088,12287,12366,1610598,EH,I4537,NL,1340,MIKQ1NL2026,,64T2,MRN2,,1600,WovFab,500,10183357,2026NL3400213,,20263400213,17,2,2026,22,5,54.90633,-0.21567,16,24,1560,,,2,3.141592654,1,0,EMD,Valeport,14445,8.69,15747,11.3,5222.129561,F,0,73,84,7.22,,,,7.19,34.5,,34.53,38E9,
14539,1610598,12088,12287,12366,1610598,EH,I4537,NL,1340,MIKQ1NL2026,,64T2,MRN2,,1600,WovFab,500,10183357,2026NL3400213,,20263400213,17,2,2026,22,5,54.90633,-0.21567,16,24,1560,,,2,3.141592654,1,0,EMD,Valeport,14445,8.69,15747,11.3,5222.129561,F,0,73,84,7.22,,,,7.19,34.5,,34.53,38E9,
14539,1610598,12088,12287,12366,1610598,EH,I4537,NL,1340,MIKQ1NL2026,,64T2,MRN2,,1600,WovFab,500,10183357,2026NL3400213,,20263400213,17,2,2026,22,5,54.90633,-0.21567,16,24,1560,,,2,3.141592654,1,0,EMD,Valeport,14445,8.69,15747,11.3,5222.129561,F,0,73,84,7.22,,,,7.19,34.5,,34.53,38E9,
14539,1610598,12088,12287,12366,1610598,EH,I4537,NL,1340,MIKQ1NL2026,,64T2,MRN2,,1600,WovFab,500,10183357,2026NL3400213,,20263400213,17,2,2026,22,5,54.90633,-0.21567,16,24,1560,,,2,3.141592654,1,0,EMD,Valeport,14445,8.69,15747,11.3,5222.129561,F,0,73,84,7.22,,,,7.19,34.5,,34.53,38E9,
14539,1610598,12088,12287,12366,1610598,EH,I4537,NL,1340,MIKQ1NL2026,,64T2,MRN2,,1600,WovFab,500,10183357,2026NL3400213,,20263400213,17,2,2026,22,5,54.90633,-0.21567,16,24,1560,,,2,3.141592654,1,0,EMD,Valeport,14445,8.69,15747,11.3,5222.129561,F,0,73,84,7.22,,,,7.19,34.5,,34.53,38E9,
14539,1610598,12088,12287,12366,1610598,EH,I4537,NL,1340,MIKQ1NL2026,,64T2,MRN2,,1600,WovFab,500,10183357,2026NL3400213,,20263400213,17,2,2026,22,5,54.90633,-0.21567,16,24,1560,,,2,3.141592654,1,0,EMD,Valeport,14445,8.69,15747,11.3,5222.129561,F,0,73,84,7.22,,,,7.19,34.5,,34.53,38E9,
14539,1610598,12088,12287,12366,1610598,EH,I4537,NL,1340,MIKQ1NL2026,,64T2,MRN2,,1600,WovFab,500,10183357,2026NL3400213,,20263400213,17,2,2026,22,5,54.90633,-0.21567,16,24,1560,,,2,3.141592654,1,0,EMD,Valeport,14445,8.69,15747,11.3,5222.129561,F,0,73,84,7.22,,,,7.19,34.5,,34.53,38E9,
14539,1610599,12088,12287,12366,1610599,EH,I4537,NL,1340,MIKQ1NL2026,,64T2,MRN2,,1600,WovFab,500,10183336,2026NL3400214,,20263400214,17,2,2026,23,22,54.915,0.174,17,6,1640,,,2,3.141592654,1,0,EMD,Valeport,15695,8.69,16889,11.3,5674.027239,F,0,68,75,7.21,,,,7.24,34.5,,34.52,38F0,
14539,1610599,12088,12287,12366,1610599,EH,I4537,NL,1340,MIKQ1NL2026,,64T2,MRN2,,1600,WovFab,500,10183336,2026NL3400214,,20263400214,17,2,2026,23,22,54.915,0.174,17,6,1640,,,2,3.141592654,1,0,EMD,Valeport,15695,8.69,16889,11.3,5674.027239,F,0,68,75,7.21,,,,7.24,34.5,,34.52,38F0,
14539,1610599,12088,12287,12366,1610599,EH,I4537,NL,1340,MIKQ1NL2026,,64T2,MRN2,,1600,WovFab,500,10183336,2026NL3400214,,20263400214,17,2,2026,23,22,54.915,0.174,17,6,1640,,,2,3.141592654,1,0,EMD,Valeport,15695,8.69,16889,11.3,5674.027239,F,0,68,75,7.21,,,,7.24,34.5,,34.52,38F0,
14539,1610599,12088,12287,12366,1610599,EH,I4537,NL,1340,MIKQ1NL2026,,64T2,MRN2,,1600,WovFab,500,10183336,2026NL3400214,,20263400214,17,2,2026,23,22,54.915,0.174,17,6,1640,,,2,3.141592654,1,0,EMD,Valeport,15695,8.69,16889,11.3,5674.027239,F,0,68,75,7.21,,,,7.24,34.5,,34.52,38F0,
14539,1610599,12088,12287,12366,1610599,EH,I4537,NL,1340,MIKQ1NL2026,,64T2,MRN2,,1600,WovFab,500,10183336,2026NL3400214,,20263400214,17,2,2026,23,22,54.915,0.174,17,6,1640,,,2,3.141592654,1,0,EMD,Valeport,15695,8.69,16889,11.3,5674.027239,F,0,68,75,7.21,,,,7.24,34.5,,34.52,38F0,
14539,1610599,12088,12287,12366,1610599,EH,I4537,NL,1340,MIKQ1NL2026,,64T2,MRN2,,1600,WovFab,500,10183336,2026NL3400214,,20263400214,17,2,2026,23,22,54.915,0.174,17,6,1640,,,2,3.141592654,1,0,EMD,Valeport,15695,8.69,16889,11.3,5674.027239,F,0,68,75,7.21,,,,7.24,34.5,,34.52,38F0,
14539,1610599,12088,12287,12366,1610599,EH,I4537,NL,1340,MIKQ1NL2026,,64T2,MRN2,,1600,WovFab,500,10183336,2026NL3400214,,20263400214,17,2,2026,23,22,54.915,0.174,17,6,1640,,,2,3.141592654,1,0,EMD,Valeport,15695,8.69,16889,11.3,5674.027239,F,0,68,75,7.21,,,,7.24,34.5,,34.52,38F0,
14539,1610531,12088,12287,12366,1610531,EH,I4537,NL,1340,MIKQ1NL2026,,64T2,MRN2,,1600,WovFab,500,10183734,2026NL3400146,,20263400146,26,1,2026,22,13,53.85017,3.38717,10,30,1028,,,2,3.141592654,1,0,EMD,Valeport,7955,8.69,9438,11.3,2875.87682,F,0,31,39,6.21,,,,6.28,34.44,,34.48,36F3,
14539,1610532,12088,12287,12366,1610532,EH,I4537,NL,1340,MIKQ1NL2026,,64T2,MRN2,,1600,WovFab,500,10183726,2026NL3400147,,20263400147,26,1,2026,23,32,54.09683,3.43967,15,42,1557,,,2,3.141592654,1,0,EMD,Valeport,13826,8.69,16085,11.3,4998.349831,F,0,38,44,6.59,,,,6.6,34.54,,34.55,37F3,
14539,1610533,12088,12287,12366,1610533,EH,I4537,NL,1340,MIKQ1NL2026,,64T2,MRN2,,1600,WovFab,500,10183770,2026NL3400148,,20263400148,27,1,2026,1,3,54.34583,3.66133,12,27,1192,,,2,3.141592654,1,0,EMD,Valeport,10147,8.69,11883,11.3,3668.324587,F,0,36,44,6.78,,,,6.8,34.49,,34.5,37F3,
14539,1610534,12088,12287,12366,1610534,EH,I4537,NL,1340,MIKQ1NL2026,,64T2,MRN2,,1600,WovFab,500,10183769,2026NL3400149,,20263400149,27,1,2026,2,25,54.58283,3.85033,12,52,1178,,,2,3.141592654,1,0,EMD,Valeport,9858,8.69,11470,11.3,3563.845844,F,0,38,46,6.83,,,,6.85,34.56,,34.58,38F3,
14539,1610535,12088,12287,12366,1610535,EH,I4537,NL,1340,MIKQ1NL2026,,64T2,MRN2,,1600,WovFab,500,10183775,2026NL3400150,,20263400150,27,1,2026,3,26,54.58633,4.15333,11,28,901,,,2,3.141592654,1,0,EMD,Valeport,7959,8.69,9479,11.3,2877.322892,F,0,42,48,6.96,,,,6.96,34.53,,34.61,38F4,
14539,1610536,12088,12287,12366,1610536,EH,I4537,NL,1340,MIKQ1NL2026,,64T2,MRN2,,1600,WovFab,500,10183733,2026NL3400151,,20263400151,27,1,2026,4,38,54.5825,4.533,16,1,1375,,,2,3.141592654,1,0,EMD,Valeport,13093,8.69,14971,11.3,4733.357033,F,0,43,50,6.73,,,,6.68,34.58,,34.6,38F4,
14539,1610537,12088,12287,12366,1610537,EH,I4537,NL,1340,MIKQ1NL2026,,64T2,MRN2,,1600,WovFab,500,10183727,2026NL3400152,,20263400152,28,1,2026,17,16,55.23767,1.51783,12,46,1289,,,2,3.141592654,1,0,EMD,Valeport,10456,8.69,12223,11.3,3780.033693,F,0,34,41,5.93,,,,5.92,34.55,,34.56,39F1,
14539,1610538,12088,12287,12366,1610538,EH,I4537,NL,1340,MIKQ1NL2026,,64T2,MRN2,,1600,WovFab,500,10183736,2026NL3400153,,20263400153,28,1,2026,18,30,55.24167,1.842,13,17,1085,,,2,3.141592654,1,0,EMD,Valeport,9784,8.69,11938,11.3,3537.093501,F,0,31,36,5.63,,,,5.63,34.53,,34.54,39F1,
14539,1610539,12088,12287,12366,1610539,EH,I4537,NL,1340,MIKQ1NL2026,,64T2,MRN2,,1600,WovFab,500,10183728,2026NL3400154,,20263400154,28,1,2026,19,49,55.2385,2.15583,10,50,845,,,2,3.141592654,1,0,EMD,Valeport,8287,8.69,9953,11.3,2995.900843,F,0,31,37,5.59,,,,5.58,34.52,,34.53,39F2,
14539,1610540,12088,12287,12366,1610540,EH,I4537,NL,1340,MIKQ1NL2026,,64T2,MRN2,,1600,WovFab,500,10183731,2026NL3400155,,20263400155,28,1,2026,20,50,55.42133,2.16983,15,52,1454,,,2,3.141592654,1,0,EMD,Valeport,13762,8.69,15643,11.3,4975.21267,F,0,38,47,5.62,,,,5.63,34.53,,34.53,39F2,
14539,1610541,12088,12287,12366,1610541,EH,I4537,NL,1340,MIKQ1NL2026,,64T2,MRN2,,1600,WovFab,500,10183773,2026NL3400156,U,20263400156,28,1,2026,21,58,55.60317,2.19767,14,51,1259,,,2,3.141592654,1,0,EMD,Valeport,11615,8.69,13563,11.3,4199.033219,F,0,40,80,7.51,,,,7.52,34.85,,34.86,40F2,Not sampled to the bottom
14539,1610542,12088,12287,12366,1610542,EH,I4537,NL,1340,MIKQ1NL2026,,64T2,MRN2,,1600,WovFab,500,10183737,2026NL3400157,,20263400157,28,1,2026,23,2,55.772,2.212,15,30,1351,,,2,3.141592654,1,0,EMD,Valeport,11511,8.69,13758,11.3,4161.435333,F,0,78,87,7.99,,,,8,35.01,,35.05,40F2,
14539,1610543,12088,12287,12366,1610543,EH,I4537,NL,1340,MIKQ1NL2026,,64T2,MRN2,,1600,WovFab,500,10183724,2026NL3400158,,20263400158,29,1,2026,0,22,55.77183,1.858,14,49,1350,,,2,3.141592654,1,0,EMD,Valeport,11248,8.69,13161,11.3,4066.356061,F,0,74,84,8.13,,,,8.14,35.06,,35.07,40F1,
14539,1610544,12088,12287,12366,1610544,EH,I4537,NL,1340,MIKQ1NL2026,,64T2,MRN2,,1600,WovFab,500,10183732,2026NL3400159,,20263400159,29,1,2026,1,36,55.75183,1.53683,12,55,1290,,,2,3.141592654,1,0,EMD,Valeport,10101,8.69,11883,11.3,3651.694752,F,0,73,80,8.23,,,,8.26,35.05,,35.07,40F1,
14539,1610545,12088,12287,12366,1610545,EH,I4537,NL,1340,MIKQ1NL2026,,64T2,MRN2,,1600,WovFab,500,10183729,2026NL3400160,,20263400160,29,1,2026,2,48,55.7365,1.21383,14,55,1592,,,2,3.141592654,1,0,EMD,Valeport,12445,8.69,14036,11.3,4499.093277,F,0,73,85,7.91,,,,7.92,34.94,,34.95,40F1,
14539,1610546,12088,12287,12366,1610546,EH,I4537,NL,1340,MIKQ1NL2026,,64T2,MRN2,,1600,WovFab,500,10183730,2026NL3400161,,20263400161,29,1,2026,4,6,55.72467,0.8105,14,37,1454,,,2,3.141592654,1,0,EMD,Valeport,13592,8.69,14503,11.3,4913.754586,F,0,68,74,7.72,,,,7.73,34.88,,34.88,40F0,
14539,1610547,12088,12287,12366,1610547,EH,I4537,NL,1340,MIKQ1NL2026,,64T2,MRN2,,1600,WovFab,500,10183725,2026NL3400162,,20263400162,29,1,2026,5,10,55.6915,0.53283,19,7,2136,,,2,3.141592654,1,0,EMD,Valeport,17031,8.69,18276,11.3,6157.015476,F,0,79,83,7.83,,,,7.84,34.84,,34.86,40F0,
14539,1610550,12088,12287,12366,1610550,EH,I4537,NL,1340,MIKQ1NL2026,,64T2,MRN2,,1600,WovFab,500,10183420,2026NL3400165,,20263400165,4,2,2026,19,53,52.91433,2.40967,11,34,1431,,,2,3.141592654,1,0,EMD,Valeport,9766,8.69,10364,11.3,3530.586175,F,0,30,38,6.4,,,,6.42,34.43,,34.44,34F2,
14539,1610551,12088,12287,12366,1610551,EH,I4537,NL,1340,MIKQ1NL2026,,64T2,MRN2,,1600,WovFab,500,10183376,2026NL3400166,,20263400166,4,2,2026,20,55,52.8365,2.71133,15,54,2184,,,2,3.141592654,1,0,EMD,Valeport,15089,8.69,15491,11.3,5454.947245,F,0,34,40,8.81,,,,8.82,35.01,,35.01,34F2,
14539,1610552,12088,12287,12366,1610552,EH,I4537,NL,1340,MIKQ1NL2026,,64T2,MRN2,,1600,WovFab,500,10183407,2026NL3400167,,20263400167,5,2,2026,2,26,52.11917,4.14133,11,45,1209,,,2,3.141592654,1,,EMD,Valeport,9066,8.69,,11.3,3277.523475,F,0,15,20,5.17,,,,5.19,31.91,,31.92,33F4,
14539,1610553,12088,12287,12366,1610553,EH,I4537,NL,1340,MIKQ1NL2026,,64T2,MRN2,,1600,WovFab,500,10183443,2026NL3400168,,20263400168,5,2,2026,3,24,52.262,4.3215,11,31,1490,,,2,3.141592654,1,0,EMD,Valeport,9335,8.69,10072,11.3,3374.771856,F,0,12,18,4.97,,,,4.97,31.98,,31.99,33F4,
14539,1610554,12088,12287,12366,1610554,EH,I4537,NL,1340,MIKQ1NL2026,,64T2,MRN2,,1600,WovFab,500,10183421,2026NL3400169,,20263400169,9,2,2026,18,40,53.81167,2.86933,17,8,1822,,,2,3.141592654,1,0,EMD,Valeport,15101,8.69,16588,11.3,5459.285462,F,0,51,55,5.62,,,,5.61,34.43,,34.43,36F2,
14539,1610555,12088,12287,12366,1610555,EH,I4537,NL,1340,MIKQ1NL2026,,64T2,MRN2,,1600,WovFab,500,10183403,2026NL3400170,,20263400170,9,2,2026,20,19,54.14333,2.8535,10,37,1125,,,2,3.141592654,1,0,EMD,Valeport,9313,8.69,10124,11.3,3366.818457,F,0,41,47,7.22,,,,7.24,34.7,,34.72,37F2,
14539,1610556,12088,12287,12366,1610556,EH,I4537,NL,1340,MIKQ1NL2026,,64T2,MRN2,,1600,WovFab,500,10183390,2026NL3400171,,20263400171,9,2,2026,21,22,54.3525,2.85117,10,34,1114,,,2,3.141592654,1,0,EMD,Valeport,9074,8.69,9636,11.3,3280.415621,F,0,26,33,6.66,,,,6.67,34.58,,34.59,37F2,
14539,1610557,12088,12287,12366,1610557,EH,I4537,NL,1340,MIKQ1NL2026,,64T2,MRN2,,1600,WovFab,500,10183417,2026NL3400172,,20263400172,9,2,2026,22,37,54.59917,2.83417,11,4,1137,,,2,3.141592654,1,0,EMD,Valeport,10259,8.69,10509,11.3,3708.814619,F,0,24,31,6.36,,,,6.36,34.57,,34.57,38F2,
14539,1610558,12088,12287,12366,1610558,EH,I4537,NL,1340,MIKQ1NL2026,,64T2,MRN2,,1600,WovFab,500,10183424,2026NL3400173,,20263400173,9,2,2026,23,33,54.76783,2.82633,11,30,1167,,,2,3.141592654,1,0,EMD,Valeport,9349,8.69,9643,11.3,3379.83311,F,0,15,21,6.12,,,,6.12,34.53,,34.54,38F2,
14539,1610559,12088,12287,12366,1610559,EH,I4537,NL,1340,MIKQ1NL2026,,64T2,MRN2,,1600,WovFab,500,10183409,2026NL3400174,,20263400174,10,2,2026,0,44,54.8695,3.1705,10,49,965,,,2,3.141592654,1,0,EMD,Valeport,8795,8.69,9644,11.3,3179.552059,F,0,28,35,5.38,,,,5.37,34.56,,34.56,38F3,
14539,1610560,12088,12287,12366,1610560,EH,I4537,NL,1340,MIKQ1NL2026,,64T2,MRN2,,1600,WovFab,500,10183426,2026NL3400175,,20263400175,10,2,2026,2,8,55.1325,3.17467,11,28,1162,,,2,3.141592654,1,0,EMD,Valeport,9601,8.69,10243,11.3,3470.935681,F,0,23,29,5.16,,,,5.16,34.58,,34.59,39F3,
14539,1610561,12088,12287,12366,1610561,EH,I4537,NL,1340,MIKQ1NL2026,,64T2,MRN2,,1600,WovFab,500,10183425,2026NL3400176,,20263400176,10,2,2026,3,18,55.32517,3.18483,11,48,1299,,,2,3.141592654,1,0,EMD,Valeport,11610,8.69,11516,11.3,4197.225629,F,0,24,31,5.2,,,,5.21,34.64,,34.64,39F3,
14539,1610562,12088,12287,12366,1610562,EH,I4537,NL,1340,MIKQ1NL2026,,64T2,MRN2,,1600,WovFab,500,10183394,2026NL3400177,,20263400177,10,2,2026,4,44,55.5865,3.20083,12,41,1276,,,2,3.141592654,1,0,EMD,Valeport,12069,8.69,12084,11.3,4363.162456,F,0,37,43,5.08,,,,5.08,34.61,,34.61,40F3,
14539,1610563,12088,12287,12366,1610563,EH,I4537,NL,1340,MIKQ1NL2026,,64T2,MRN2,,1600,WovFab,500,10183411,2026NL3400178,,20263400178,10,2,2026,5,46,55.75283,3.1755,14,1,1745,,,2,3.141592654,1,,EMD,Valeport,,8.69,14722,11.3,,D,0,51,60,4.95,,,,4.96,34.53,,34.56,40F3,
14539,1610564,12088,12287,12366,1610564,EH,I4537,NL,1340,MIKQ1NL2026,,64T2,MRN2,,1600,WovFab,500,10183349,2026NL3400179,,20263400179,10,2,2026,18,55,56.2,2.59967,20,54,2506,,,2,3.141592654,1,0,EMD,Valeport,21861,8.69,22519,11.3,7903.148102,F,0,72,80,7.27,,,,7.3,35.15,,35.16,41F2,
14539,1610565,12088,12287,12366,1610565,EH,I4537,NL,1340,MIKQ1NL2026,,64T2,MRN2,,1600,WovFab,500,10183428,2026NL3400180,,20263400180,10,2,2026,20,12,56.39333,2.4665,16,17,1908,,,2,3.141592654,1,0,EMD,Valeport,16230,8.69,16307,11.3,5867.439445,F,0,65,74,7.28,,,,7.3,35.2,,35.2,41F2,
14539,1610566,12088,12287,12366,1610566,EH,I4537,NL,1340,MIKQ1NL2026,,64T2,MRN2,,1600,WovFab,500,10183437,2026NL3400181,,20263400181,10,2,2026,21,31,56.59167,2.26,20,13,2447,,,2,3.141592654,1,0,EMD,Valeport,21893,8.69,22028,11.3,7914.716683,F,0,70,79,7.34,,,,7.34,35.21,,35.21,42F2,
14539,1610567,12088,12287,12366,1610567,EH,I4537,NL,1340,MIKQ1NL2026,,64T2,MRN2,,1600,WovFab,500,10183361,2026NL3400182,,20263400182,10,2,2026,22,42,56.75183,2.14,19,26,2030,,,2,3.141592654,1,0,EMD,Valeport,18475,8.69,18418,11.3,6679.047674,F,0,78,87,7.27,,,,7.28,35.21,,35.21,42F2,
14539,1610568,12088,12287,12366,1610568,EH,I4537,NL,1340,MIKQ1NL2026,,64T2,MRN2,,1600,WovFab,500,10183368,2026NL3400183,,20263400183,10,2,2026,23,55,56.7615,1.74417,21,37,2216,,,2,3.141592654,1,0,EMD,Valeport,20657,8.69,21074,11.3,7467.880259,F,0,87,96,6.74,,,,6.64,35.17,,35.16,42F1,
14539,1610569,12088,12287,12366,1610569,EH,I4537,NL,1340,MIKQ1NL2026,,64T2,MRN2,,1600,WovFab,500,10183412,2026NL3400184,,20263400184,11,2,2026,1,21,56.75333,1.2645,23,43,2522,,,2,3.141592654,1,0,EMD,Valeport,23121,8.69,24143,11.3,8358.660961,F,0,87,95,7.22,,,,6.72,35.17,,35.13,42F1,
14539,1610570,12088,12287,12366,1610570,EH,I4537,NL,1340,MIKQ1NL2026,,64T2,MRN2,,1600,WovFab,500,10183406,2026NL3400185,,20263400185,11,2,2026,3,40,56.3985,1.41783,18,19,1906,,,2,3.141592654,1,0,EMD,Valeport,16900,8.69,17938,11.3,6109.6566,F,0,82,88,7.62,,,,7.67,35.11,,35.13,41F1,
14539,1610571,12088,12287,12366,1610571,EH,I4537,NL,1340,MIKQ1NL2026,,64T2,MRN2,,1600,WovFab,500,10183378,2026NL3400186,,20263400186,11,2,2026,5,20,56.3815,1.76933,20,49,2214,,,2,3.141592654,1,0,EMD,Valeport,18867,8.69,20215,11.3,6820.762785,F,0,84,88,7.61,,,,7.62,35.12,,35.12,41F1,
14539,1610572,12088,12287,12366,1610572,EH,I4537,NL,1340,MIKQ1NL2026,,64T2,MRN2,,1600,WovFab,500,10183402,2026NL3400187,,20263400187,12,2,2026,17,42,56.73267,-0.361,17,32,1941,,,2,3.141592654,1,0,EMD,Valeport,17676,8.69,17306,11.3,6390.194678,F,0,68,76,7.5,,,,7.5,35.16,,35.19,42E9,
14539,1610573,12088,12287,12366,1610573,EH,I4537,NL,1340,MIKQ1NL2026,,64T2,MRN2,,1600,WovFab,500,10183382,2026NL3400188,,20263400188,12,2,2026,18,56,56.5885,-0.13583,19,18,2170,,,2,3.141592654,1,0,EMD,Valeport,19595,8.69,18929,11.3,7083.947993,F,0,78,87,7.67,,,,7.72,35.03,,35.16,42E9,
14539,1610574,12088,12287,12366,1610574,EH,I4537,NL,1340,MIKQ1NL2026,,64T2,MRN2,,1600,WovFab,500,10183377,2026NL3400189,,20263400189,12,2,2026,20,32,56.391,0.19317,21,24,2265,,,2,3.141592654,1,0,EMD,Valeport,20526,8.69,20888,11.3,7420.521383,F,0,81,91,7.56,,,,7.59,35.09,,35.15,41F0,
14539,1610575,12088,12287,12366,1610575,EH,I4537,NL,1340,MIKQ1NL2026,,64T2,MRN2,,1600,WovFab,500,10183347,2026NL3400190,,20263400190,12,2,2026,21,48,56.376,-0.206,21,28,2400,,,2,3.141592654,1,0,EMD,Valeport,20949,8.69,21441,11.3,7573.443557,F,0,79,82,7.7,,,,7.78,35.02,,35.09,41E9,
14539,1610576,12088,12287,12366,1610576,EH,I4537,NL,1340,MIKQ1NL2026,,64T2,MRN2,,1600,WovFab,500,10183432,2026NL3400191,,20263400191,12,2,2026,23,4,56.19633,-0.17433,19,48,2229,,,2,3.141592654,1,0,EMD,Valeport,18745,8.69,19346,11.3,6776.657572,F,0,74,89,7.78,,,,7.79,34.99,,35,41E9,
14539,1610577,12088,12287,12366,1610577,EH,I4537,NL,1340,MIKQ1NL2026,,64T2,MRN2,,1600,WovFab,500,10183430,2026NL3400192,,20263400192,13,2,2026,0,28,56.0945,0.18333,21,55,2296,,,2,3.141592654,1,0,EMD,Valeport,20555,8.69,21340,11.3,7431.005409,F,0,81,84,7.72,,,,7.72,35.03,,35.04,41F0,
14539,1610579,12088,12287,12366,1610579,EH,I4537,NL,1340,MIKQ1NL2026,,64T2,MRN2,,1600,WovFab,500,10183441,2026NL3400194,,20263400194,13,2,2026,3,5,55.7495,-0.34817,18,40,2070,,,2,3.141592654,1,0,EMD,Valeport,19082,8.69,18947,11.3,6898.489186,F,0,65,72,7.74,,,,7.78,34.93,,34.96,40E9,
14539,1610580,12088,12287,12366,1610580,EH,I4537,NL,1340,MIKQ1NL2026,,64T2,MRN2,,1600,WovFab,500,10183422,2026NL3400195,,20263400195,13,2,2026,4,13,55.621,-0.5205,13,5,1355,,,2,3.141592654,1,0,EMD,Valeport,13251,8.69,12967,11.3,4790.4769,F,0,55,65,7.58,,,,7.59,34.79,,34.8,40E9,
14539,1610581,12088,12287,12366,1610581,EH,I4537,NL,1340,MIKQ1NL2026,,64T2,MRN2,,1600,WovFab,500,10183359,2026NL3400196,,20263400196,13,2,2026,5,18,55.612,-0.81883,22,58,2247,,,2,3.141592654,1,0,EMD,Valeport,22004,8.69,22300,11.3,7954.845197,F,0,86,93,7.26,,,,7.75,34.54,,34.72,40E9,
14539,1610583,12088,12287,12366,1610583,EH,I4537,NL,1340,MIKQ1NL2026,,64T2,MRN2,,1600,WovFab,500,10183435,2026NL3400198,,20263400198,13,2,2026,20,58,55.2435,-0.77867,15,53,1837,,,2,3.141592654,1,0,EMD,Valeport,14907,8.69,15452,11.3,5389.150943,F,0,71,82,7.11,,,,7.43,34.32,,34.49,39E9,
14539,1610584,12088,12287,12366,1610584,EH,I4537,NL,1340,MIKQ1NL2026,,64T2,MRN2,,1600,WovFab,500,10183354,2026NL3400199,,20263400199,13,2,2026,22,24,55.41383,-1.18183,18,31,1683,,,2,3.141592654,1,0,EMD,Valeport,15514,8.69,16504,11.3,5608.592455,F,0,85,88,6.81,,,,7.53,34.03,,34.7,39E8,
14539,1610585,12088,12287,12366,1610585,EH,I4537,NL,1340,MIKQ1NL2026,,64T2,MRN2,,1600,WovFab,500,10183381,2026NL3400200,,20263400200,13,2,2026,23,33,55.60167,-1.1765,18,45,1586,,,2,3.141592654,1,0,EMD,Valeport,16440,8.69,17156,11.3,5943.358255,F,0,70,77,6.78,,,,7.85,34.16,,34.89,40E8,
14539,1610586,12088,12287,12366,1610586,EH,I4537,NL,1340,MIKQ1NL2026,,64T2,MRN2,,1600,WovFab,500,10183383,2026NL3400201,,20263400201,14,2,2026,0,45,55.80733,-1.156,17,30,1557,,,2,3.141592654,1,0,EMD,Valeport,15447,8.69,15999,11.3,5584.37074,F,0,73,75,7.2,,,,7.68,34.55,,34.82,40E8,
14539,1610587,12088,12287,12366,1610587,EH,I4537,NL,1340,MIKQ1NL2026,,64T2,MRN2,,1600,WovFab,500,10183374,2026NL3400202,,20263400202,14,2,2026,2,21,56.1005,-1.17283,14,22,1236,,,2,3.141592654,1,0,EMD,Valeport,11918,8.69,12693,11.3,4308.573216,F,0,60,67,7.46,,,,7.53,34.81,,34.84,41E8,
14539,1610588,12088,12287,12366,1610588,EH,I4537,NL,1340,MIKQ1NL2026,,64T2,MRN2,,1600,WovFab,500,10183385,2026NL3400203,,20263400203,14,2,2026,3,39,56.10117,-1.59233,13,19,1213,,,2,3.141592654,1,0,EMD,Valeport,11369,8.69,11986,11.3,4110.099756,F,0,68,75,6.75,,,,7.72,34.24,,34.88,41E8,
14539,1610589,12088,12287,12366,1610589,EH,I4537,NL,1340,MIKQ1NL2026,,64T2,MRN2,,1600,WovFab,500,10183373,2026NL3400204,,20263400204,14,2,2026,5,15,56.09267,-2.1745,14,5,1420,,,2,3.141592654,1,0,EMD,Valeport,12350,8.69,12995,11.3,4464.749054,F,0,57,65,6.4,,,,7.66,34.01,,34.81,41E7,
14539,1610593,12088,12287,12366,1610593,EH,I4537,NL,1340,MIKQ1NL2026,,64T2,MRN2,,1600,WovFab,500,10183427,2026NL3400208,,20263400208,16,2,2026,22,20,55.915,-1.79833,13,58,1420,,,2,3.141592654,1,0,EMD,Valeport,12961,8.69,12737,11.3,4685.636639,F,0,67,70,6.77,,,,7.66,34.35,,34.8,40E8,
14539,1610594,12088,12287,12366,1610594,EH,I4537,NL,1340,MIKQ1NL2026,,64T2,MRN2,,1600,WovFab,500,10183339,2026NL3400209,,20263400209,16,2,2026,23,27,55.772,-1.59717,20,15,2171,,,2,3.141592654,1,,EMD,Valeport,,8.69,,11.3,,D,0,77,81,6.58,,,,7.4,34.1,,34.68,40E8,
14539,1610595,12088,12287,12366,1610595,EH,I4537,NL,1340,MIKQ1NL2026,,64T2,MRN2,,1600,WovFab,500,10183392,2026NL3400210,,20263400210,17,2,2026,18,0,55.1325,-1.15333,21,13,2339,,,2,3.141592654,1,,EMD,Valeport,,8.69,21075,11.3,,D,0,78,87,6.83,,,,6.89,34.2,,34.23,39E8,
14539,1610596,12088,12287,12366,1610596,EH,I4537,NL,1340,MIKQ1NL2026,,64T2,MRN2,,1600,WovFab,500,10183372,2026NL3400211,,20263400211,17,2,2026,19,48,54.9165,-0.83167,15,54,1392,,,2,3.141592654,1,0,EMD,Valeport,14254,8.69,15292,11.3,5153.079596,F,0,63,68,7.06,,,,7.13,34.36,,34.39,38E9,
14539,1610597,12088,12287,12366,1610597,EH,I4537,NL,1340,MIKQ1NL2026,,64T2,MRN2,,1600,WovFab,500,10183771,2026NL3400212,,20263400212,17,2,2026,21,2,54.88867,-0.5405,12,30,1054,,,2,3.141592654,1,0,EMD,Valeport,11010,8.69,11942,11.3,3980.314743,F,0,56,61,7.12,,,,7.13,34.43,,34.43,38E9,
14539,1610598,12088,12287,12366,1610598,EH,I4537,NL,1340,MIKQ1NL2026,,64T2,MRN2,,1600,WovFab,500,10183357,2026NL3400213,,20263400213,17,2,2026,22,5,54.90633,-0.21567,16,24,1560,,,2,3.141592654,1,0,EMD,Valeport,14445,8.69,15747,11.3,5222.129561,F,0,73,84,7.22,,,,7.19,34.5,,34.53,38E9,
14539,1610599,12088,12287,12366,1610599,EH,I4537,NL,1340,MIKQ1NL2026,,64T2,MRN2,,1600,WovFab,500,10183336,2026NL3400214,,20263400214,17,2,2026,23,22,54.915,0.174,17,6,1640,,,2,3.141592654,1,0,EMD,Valeport,15695,8.69,16889,11.3,5674.027239,F,0,68,75,7.21,,,,7.24,34.5,,34.52,38F0,
14539,1610600,12088,12287,12366,1610600,EH,I4537,NL,1340,MIKQ1NL2026,,64T2,MRN2,,1600,WovFab,500,10183436,2026NL3400215,,20263400215,18,2,2026,0,28,54.91,0.49533,18,24,1782,,,2,3.141592654,1,0,EMD,Valeport,16118,8.69,15676,11.3,5826.949413,F,0,75,85,7.35,,,,7.38,34.74,,34.75,38F0,
14539,1610601,12088,12287,12366,1610601,EH,I4537,NL,1340,MIKQ1NL2026,,64T2,MRN2,,1600,WovFab,500,10183405,2026NL3400216,,20263400216,18,2,2026,1,41,55.10667,0.492,19,36,2035,,,2,3.141592654,1,0,EMD,Valeport,17095,8.69,18072,11.3,6180.152638,F,0,75,81,7.37,,,,7.45,34.78,,34.88,39F0,
14539,1610603,12088,12287,12366,1610603,EH,I4537,NL,1340,MIKQ1NL2026,,64T2,MRN2,,1600,WovFab,500,10183352,2026NL3400218,,20263400218,18,2,2026,3,8,55.08883,0.13883,16,42,1747,,,2,3.141592654,1,0,EMD,Valeport,14913,8.69,16143,11.3,5391.320052,F,0,66,74,7.2,,,,7.32,34.56,,34.75,39F0,
14539,1610599,12088,12287,12366,1610599,EH,I4537,NL,1340,MIKQ1NL2026,,64T2,MRN2,,1600,WovFab,500,10183336,2026NL3400214,,20263400214,17,2,2026,23,22,54.915,0.174,17,6,1640,,,2,3.141592654,1,0,EMD,Valeport,15695,8.69,16889,11.3,5674.027239,F,0,68,75,7.21,,,,7.24,34.5,,34.52,38F0,
14539,1610600,12088,12287,12366,1610600,EH,I4537,NL,1340,MIKQ1NL2026,,64T2,MRN2,,1600,WovFab,500,10183436,2026NL3400215,,20263400215,18,2,2026,0,28,54.91,0.49533,18,24,1782,,,2,3.141592654,1,0,EMD,Valeport,16118,8.69,15676,11.3,5826.949413,F,0,75,85,7.35,,,,7.38,34.74,,34.75,38F0,
14539,1610600,12088,12287,12366,1610600,EH,I4537,NL,1340,MIKQ1NL2026,,64T2,MRN2,,1600,WovFab,500,10183436,2026NL3400215,,20263400215,18,2,2026,0,28,54.91,0.49533,18,24,1782,,,2,3.141592654,1,0,EMD,Valeport,16118,8.69,15676,11.3,5826.949413,F,0,75,85,7.35,,,,7.38,34.74,,34.75,38F0,
14539,1610601,12088,12287,12366,1610601,EH,I4537,NL,1340,MIKQ1NL2026,,64T2,MRN2,,1600,WovFab,500,10183405,2026NL3400216,,20263400216,18,2,2026,1,41,55.10667,0.492,19,36,2035,,,2,3.141592654,1,0,EMD,Valeport,17095,8.69,18072,11.3,6180.152638,F,0,75,81,7.37,,,,7.45,34.78,,34.88,39F0,
14539,1610601,12088,12287,12366,1610601,EH,I4537,NL,1340,MIKQ1NL2026,,64T2,MRN2,,1600,WovFab,500,10183405,2026NL3400216,,20263400216,18,2,2026,1,41,55.10667,0.492,19,36,2035,,,2,3.141592654,1,0,EMD,Valeport,17095,8.69,18072,11.3,6180.152638,F,0,75,81,7.37,,,,7.45,34.78,,34.88,39F0,
14539,1610601,12088,12287,12366,1610601,EH,I4537,NL,1340,MIKQ1NL2026,,64T2,MRN2,,1600,WovFab,500,10183405,2026NL3400216,,20263400216,18,2,2026,1,41,55.10667,0.492,19,36,2035,,,2,3.141592654,1,0,EMD,Valeport,17095,8.69,18072,11.3,6180.152638,F,0,75,81,7.37,,,,7.45,34.78,,34.88,39F0,
14539,1610601,12088,12287,12366,1610601,EH,I4537,NL,1340,MIKQ1NL2026,,64T2,MRN2,,1600,WovFab,500,10183405,2026NL3400216,,20263400216,18,2,2026,1,41,55.10667,0.492,19,36,2035,,,2,3.141592654,1,0,EMD,Valeport,17095,8.69,18072,11.3,6180.152638,F,0,75,81,7.37,,,,7.45,34.78,,34.88,39F0,
