tblUploadID,tblHaulID,tblSampleID,tblParamID,tblCodeID_Species,tblCodeID_Stage,ICES_MeasurementID,RecordType,HaulID,Species,ELSampleFlag,IndividualNumber,Length,DevScale,DevStage,Number,RaisingFactor,SpecIdentMethod,OilGlobulesFlag,OilGlobulesNumber,OilGlobulesDiam,PreservationMethod,Notes
14531,1609779,1817834,8966181,12105,4458,8966181,EM,2026SE101,Clupea harengus,LV,,25,,,3,1,,,,,,
14531,1609779,1817835,8966182,12105,4458,8966182,EM,2026SE101,Clupea harengus,LV,,26,,,1,1,,,,,,
14531,1609779,1817836,8966183,12105,4458,8966183,EM,2026SE101,Clupea harengus,LV,,27,,,1,1,,,,,,
14531,1609779,1817837,8966184,12105,4458,8966184,EM,2026SE101,Clupea harengus,LV,,24,,,1,1,,,,,,
14531,1609780,1817838,8966185,12105,4458,8966185,EM,2026SE102,Clupea harengus,LV,,22,,,1,1,,,,,,
14531,1609782,1817839,8966189,12105,4458,8966189,EM,2026SE104,Clupea harengus,LV,,25,,,3,1,,,,,,
14531,1609830,1817840,8966175,12105,4458,8966175,EM,2026SE152,Clupea harengus,LV,,28,,,1,1,,,,,,
14531,1609831,1817841,8966177,12105,4458,8966177,EM,2026SE153,Clupea harengus,LV,,18,,,1,1,,,,,,
14531,1609834,1817842,8966178,12105,4458,8966178,EM,2026SE156,Clupea harengus,LV,,26,,,1,1,,,,,,
14531,1609834,1817843,8966179,12105,4458,8966179,EM,2026SE156,Clupea harengus,LV,,29,,,1,1,,,,,,
14531,1609825,1817844,8966168,12105,4458,8966168,EM,2026SE147,Clupea harengus,LV,,30,,,1,1,,,,,,
14531,1609825,1817845,8966169,12105,4458,8966169,EM,2026SE147,Clupea harengus,LV,,29,,,1,1,,,,,,
14531,1609827,1817846,8966171,12105,4458,8966171,EM,2026SE149,Clupea harengus,LV,,26,,,2,1,,,,,,
14531,1609827,1817847,8966172,12105,4458,8966172,EM,2026SE149,Clupea harengus,LV,,15,,,1,1,,,,,,
14531,1609828,1817848,8966173,12105,4458,8966173,EM,2026SE150,Clupea harengus,LV,,23,,,1,1,,,,,,
14531,1609829,1817849,8966174,12105,4458,8966174,EM,2026SE151,Clupea harengus,LV,,24,,,1,1,,,,,,
14531,1609823,1817850,8966162,12105,4458,8966162,EM,2026SE145,Clupea harengus,LV,,25,,,1,1,,,,,,
14531,1609823,1817851,8966163,12105,4458,8966163,EM,2026SE145,Clupea harengus,LV,,27,,,1,1,,,,,,
14531,1609824,1817852,8966164,12105,4458,8966164,EM,2026SE146,Clupea harengus,LV,,16,,,1,1,,,,,,
14531,1609824,1817853,8966165,12105,4458,8966165,EM,2026SE146,Clupea harengus,LV,,20,,,1,1,,,,,,
14531,1609825,1817854,8966166,12105,4458,8966166,EM,2026SE147,Clupea harengus,LV,,23,,,1,1,,,,,,
14531,1609825,1817855,8966167,12105,4458,8966167,EM,2026SE147,Clupea harengus,LV,,26,,,2,1,,,,,,
14531,1609815,1817856,8966151,12105,4458,8966151,EM,2026SE137,Clupea harengus,LV,,20,,,1,1,,,,,,
14531,1609815,1817857,8966152,12105,4458,8966152,EM,2026SE137,Clupea harengus,LV,,15,,,1,1,,,,,,
14531,1609815,1817858,8966153,12105,4458,8966153,EM,2026SE137,Clupea harengus,LV,,21,,,1,1,,,,,,
14531,1609817,1817859,8966155,12105,4458,8966155,EM,2026SE139,Clupea harengus,LV,,10,,,1,1,,,,,,
14531,1609818,1817860,8966158,12105,4458,8966158,EM,2026SE140,Clupea harengus,LV,,28,,,1,1,,,,,,
14531,1609821,1817861,8966160,12105,4458,8966160,EM,2026SE143,Clupea harengus,LV,,19,,,1,1,,,,,,
14531,1609810,1817862,8966130,12105,4458,8966130,EM,2026SE132,Clupea harengus,LV,,27,,,1,1,,,,,,
14531,1609814,1817863,8966140,12105,4458,8966140,EM,2026SE136,Clupea harengus,LV,,28,,,1,1,,,,,,
14531,1609814,1817864,8966141,12105,4458,8966141,EM,2026SE136,Clupea harengus,LV,,23,,,2,1,,,,,,
14531,1609814,1817865,8966142,12105,4458,8966142,EM,2026SE136,Clupea harengus,LV,,29,,,1,1,,,,,,
14531,1609815,1817866,8966149,12105,4458,8966149,EM,2026SE137,Clupea harengus,LV,,23,,,1,1,,,,,,
14531,1609815,1817867,8966150,12105,4458,8966150,EM,2026SE137,Clupea harengus,LV,,10,,,1,1,,,,,,
14531,1609808,1817868,8966124,12105,4458,8966124,EM,2026SE130,Clupea harengus,LV,,27,,,1,1,,,,,,
14531,1609808,1817869,8966125,12105,4458,8966125,EM,2026SE130,Clupea harengus,LV,,24,,,2,1,,,,,,
14531,1609809,1817870,8966126,12105,4458,8966126,EM,2026SE131,Clupea harengus,LV,,10,,,1,1,,,,,,
14531,1609809,1817871,8966127,12105,4458,8966127,EM,2026SE131,Clupea harengus,LV,,24,,,1,1,,,,,,
14531,1609810,1817872,8966128,12105,4458,8966128,EM,2026SE132,Clupea harengus,LV,,23,,,1,1,,,,,,
14531,1609810,1817873,8966129,12105,4458,8966129,EM,2026SE132,Clupea harengus,LV,,24,,,1,1,,,,,,
14531,1609807,1817874,8966118,12105,4458,8966118,EM,2026SE129,Clupea harengus,LV,,22,,,1,1,,,,,,
14531,1609807,1817875,8966119,12105,4458,8966119,EM,2026SE129,Clupea harengus,LV,,24,,,1,1,,,,,,
14531,1609808,1817876,8966120,12105,4458,8966120,EM,2026SE130,Clupea harengus,LV,,12,,,1,1,,,,,,
14531,1609808,1817877,8966121,12105,4458,8966121,EM,2026SE130,Clupea harengus,LV,,25,,,3,1,,,,,,
14531,1609808,1817878,8966122,12105,4458,8966122,EM,2026SE130,Clupea harengus,LV,,29,,,2,1,,,,,,
14531,1609808,1817879,8966123,12105,4458,8966123,EM,2026SE130,Clupea harengus,LV,,23,,,1,1,,,,,,
14531,1609805,1817880,8966112,12105,4458,8966112,EM,2026SE127,Clupea harengus,LV,,27,,,2,1,,,,,,
14531,1609806,1817881,8966113,12105,4458,8966113,EM,2026SE128,Clupea harengus,LV,,26,,,1,1,,,,,,
14531,1609806,1817882,8966114,12105,4458,8966114,EM,2026SE128,Clupea harengus,LV,,24,,,1,1,,,,,,
14531,1609806,1817883,8966115,12105,4458,8966115,EM,2026SE128,Clupea harengus,LV,,22,,,1,1,,,,,,
14531,1609807,1817884,8966116,12105,4458,8966116,EM,2026SE129,Clupea harengus,LV,,27,,,2,1,,,,,,
14531,1609807,1817885,8966117,12105,4458,8966117,EM,2026SE129,Clupea harengus,LV,,21,,,1,1,,,,,,
14531,1609802,1817886,8966105,12105,4458,8966105,EM,2026SE124,Clupea harengus,LV,,30,,,1,1,,,,,,
14531,1609802,1817887,8966106,12105,4458,8966106,EM,2026SE124,Clupea harengus,LV,,21,,,1,1,,,,,,
14531,1609803,1817888,8966108,12105,4458,8966108,EM,2026SE125,Clupea harengus,LV,,23,,,1,1,,,,,,
14531,1609804,1817889,8966109,12105,4458,8966109,EM,2026SE126,Clupea harengus,LV,,27,,,1,1,,,,,,
14531,1609804,1817890,8966110,12105,4458,8966110,EM,2026SE126,Clupea harengus,LV,,24,,,2,1,,,,,,
14531,1609805,1817891,8966111,12105,4458,8966111,EM,2026SE127,Clupea harengus,LV,,23,,,1,1,,,,,,
14531,1609801,1817892,8966098,12105,4458,8966098,EM,2026SE123,Clupea harengus,LV,,27,,,1,1,,,,,,
14531,1609801,1817893,8966099,12105,4458,8966099,EM,2026SE123,Clupea harengus,LV,,15,,,1,1,,,,,,
14531,1609801,1817894,8966100,12105,4458,8966100,EM,2026SE123,Clupea harengus,LV,,26,,,2,1,,,,,,
14531,1609801,1817895,8966101,12105,4458,8966101,EM,2026SE123,Clupea harengus,LV,,25,,,1,1,,,,,,
14531,1609801,1817896,8966102,12105,4458,8966102,EM,2026SE123,Clupea harengus,LV,,28,,,1,1,,,,,,
14531,1609802,1817897,8966104,12105,4458,8966104,EM,2026SE124,Clupea harengus,LV,,23,,,3,1,,,,,,
14531,1609800,1817898,8966092,12105,4458,8966092,EM,2026SE122,Clupea harengus,LV,,28,,,2,1,,,,,,
14531,1609800,1817899,8966093,12105,4458,8966093,EM,2026SE122,Clupea harengus,LV,,27,,,2,1,,,,,,
14531,1609800,1817900,8966094,12105,4458,8966094,EM,2026SE122,Clupea harengus,LV,,23,,,2,1,,,,,,
14531,1609800,1817901,8966095,12105,4458,8966095,EM,2026SE122,Clupea harengus,LV,,24,,,3,1,,,,,,
14531,1609800,1817902,8966096,12105,4458,8966096,EM,2026SE122,Clupea harengus,LV,,29,,,2,1,,,,,,
14531,1609801,1817903,8966097,12105,4458,8966097,EM,2026SE123,Clupea harengus,LV,,13,,,1,1,,,,,,
14531,1609799,1817904,8966085,12105,4458,8966085,EM,2026SE121,Clupea harengus,LV,,27,,,2,1,,,,,,
14531,1609799,1817905,8966086,12105,4458,8966086,EM,2026SE121,Clupea harengus,LV,,28,,,2,1,,,,,,
14531,1609799,1817906,8966087,12105,4458,8966087,EM,2026SE121,Clupea harengus,LV,,24,,,3,1,,,,,,
14531,1609799,1817907,8966088,12105,4458,8966088,EM,2026SE121,Clupea harengus,LV,,20,,,1,1,,,,,,
14531,1609800,1817908,8966090,12105,4458,8966090,EM,2026SE122,Clupea harengus,LV,,22,,,1,1,,,,,,
14531,1609800,1817909,8966091,12105,4458,8966091,EM,2026SE122,Clupea harengus,LV,,26,,,2,1,,,,,,
14531,1609799,1817910,8966079,12105,4458,8966079,EM,2026SE121,Clupea harengus,LV,,25,,,2,1,,,,,,
14531,1609799,1817911,8966080,12105,4458,8966080,EM,2026SE121,Clupea harengus,LV,,23,,,1,1,,,,,,
14531,1609799,1817912,8966081,12105,4458,8966081,EM,2026SE121,Clupea harengus,LV,,12,,,2,1,,,,,,
14531,1609799,1817913,8966082,12105,4458,8966082,EM,2026SE121,Clupea harengus,LV,,30,,,1,1,,,,,,
14531,1609799,1817914,8966083,12105,4458,8966083,EM,2026SE121,Clupea harengus,LV,,26,,,3,1,,,,,,
14531,1609799,1817915,8966084,12105,4458,8966084,EM,2026SE121,Clupea harengus,LV,,10,,,1,1,,,,,,
14531,1609796,1817916,8966073,12105,4458,8966073,EM,2026SE118,Clupea harengus,LV,,30,,,1,1,,,,,,
14531,1609796,1817917,8966074,12105,4458,8966074,EM,2026SE118,Clupea harengus,LV,,26,,,1,1,,,,,,
14531,1609797,1817918,8966075,12105,4458,8966075,EM,2026SE119,Clupea harengus,LV,,27,,,2,1,,,,,,
14531,1609797,1817919,8966076,12105,4458,8966076,EM,2026SE119,Clupea harengus,LV,,26,,,1,1,,,,,,
14531,1609797,1817920,8966077,12105,4458,8966077,EM,2026SE119,Clupea harengus,LV,,8,,,1,1,,,,,,
14531,1609798,1817921,8966078,12105,4458,8966078,EM,2026SE120,Clupea harengus,LV,,30,,,1,1,,,,,,
14531,1609794,1817922,8966065,12105,4458,8966065,EM,2026SE116,Clupea harengus,LV,,29,,,1,1,,,,,,
14531,1609794,1817923,8966066,12105,4458,8966066,EM,2026SE116,Clupea harengus,LV,,31,,,1,1,,,,,,
14531,1609795,1817924,8966068,12105,4458,8966068,EM,2026SE117,Clupea harengus,LV,,23,,,1,1,,,,,,
14531,1609795,1817925,8966069,12105,4458,8966069,EM,2026SE117,Clupea harengus,LV,,24,,,1,1,,,,,,
14531,1609795,1817926,8966070,12105,4458,8966070,EM,2026SE117,Clupea harengus,LV,,28,,,1,1,,,,,,
14531,1609796,1817927,8966072,12105,4458,8966072,EM,2026SE118,Clupea harengus,LV,,29,,,1,1,,,,,,
14531,1609793,1817928,8966059,12105,4458,8966059,EM,2026SE115,Clupea harengus,LV,,12,,,1,1,,,,,,
14531,1609793,1817929,8966060,12105,4458,8966060,EM,2026SE115,Clupea harengus,LV,,17,,,1,1,,,,,,
14531,1609793,1817930,8966061,12105,4458,8966061,EM,2026SE115,Clupea harengus,LV,,11,,,1,1,,,,,,
14531,1609794,1817931,8966062,12105,4458,8966062,EM,2026SE116,Clupea harengus,LV,,23,,,1,1,,,,,,
14531,1609794,1817932,8966063,12105,4458,8966063,EM,2026SE116,Clupea harengus,LV,,26,,,1,1,,,,,,
14531,1609794,1817933,8966064,12105,4458,8966064,EM,2026SE116,Clupea harengus,LV,,11,,,1,1,,,,,,
14531,1609790,1817934,8966053,12105,4458,8966053,EM,2026SE112,Clupea harengus,LV,,28,,,2,1,,,,,,
14531,1609790,1817935,8966054,12105,4458,8966054,EM,2026SE112,Clupea harengus,LV,,26,,,1,1,,,,,,
14531,1609790,1817936,8966055,12105,4458,8966055,EM,2026SE112,Clupea harengus,LV,,25,,,2,1,,,,,,
14531,1609790,1817937,8966056,12105,4458,8966056,EM,2026SE112,Clupea harengus,LV,,24,,,1,1,,,,,,
14531,1609790,1817938,8966057,12105,4458,8966057,EM,2026SE112,Clupea harengus,LV,,21,,,2,1,,,,,,
14531,1609791,1817939,8966058,12105,4458,8966058,EM,2026SE113,Clupea harengus,LV,,27,,,1,1,,,,,,
14531,1609789,1817940,8966046,12105,4458,8966046,EM,2026SE111,Clupea harengus,LV,,26,,,2,1,,,,,,
14531,1609789,1817941,8966047,12105,4458,8966047,EM,2026SE111,Clupea harengus,LV,,11,,,2,1,,,,,,
14531,1609789,1817942,8966048,12105,4458,8966048,EM,2026SE111,Clupea harengus,LV,,14,,,2,1,,,,,,
14531,1609789,1817943,8966049,12105,4458,8966049,EM,2026SE111,Clupea harengus,LV,,24,,,1,1,,,,,,
14531,1609789,1817944,8966050,12105,4458,8966050,EM,2026SE111,Clupea harengus,LV,,22,,,1,1,,,,,,
14531,1609790,1817945,8966052,12105,4458,8966052,EM,2026SE112,Clupea harengus,LV,,27,,,1,1,,,,,,
14531,1609788,1817946,8966039,12105,4458,8966039,EM,2026SE110,Clupea harengus,LV,,28,,,1,1,,,,,,
14531,1609788,1817947,8966040,12105,4458,8966040,EM,2026SE110,Clupea harengus,LV,,26,,,3,1,,,,,,
14531,1609788,1817948,8966041,12105,4458,8966041,EM,2026SE110,Clupea harengus,LV,,25,,,1,1,,,,,,
14531,1609788,1817949,8966042,12105,4458,8966042,EM,2026SE110,Clupea harengus,LV,,21,,,2,1,,,,,,
14531,1609788,1817950,8966043,12105,4458,8966043,EM,2026SE110,Clupea harengus,LV,,8,,,1,1,,,,,,
14531,1609788,1817951,8966044,12105,4458,8966044,EM,2026SE110,Clupea harengus,LV,,29,,,1,1,,,,,,
14531,1609787,1817952,8966032,12105,4458,8966032,EM,2026SE109,Clupea harengus,LV,,25,,,1,1,,,,,,
14531,1609787,1817953,8966033,12105,4458,8966033,EM,2026SE109,Clupea harengus,LV,,27,,,1,1,,,,,,
14531,1609787,1817954,8966034,12105,4458,8966034,EM,2026SE109,Clupea harengus,LV,,26,,,1,1,,,,,,
14531,1609787,1817955,8966035,12105,4458,8966035,EM,2026SE109,Clupea harengus,LV,,22,,,2,1,,,,,,
14531,1609787,1817956,8966036,12105,4458,8966036,EM,2026SE109,Clupea harengus,LV,,23,,,1,1,,,,,,
14531,1609788,1817957,8966038,12105,4458,8966038,EM,2026SE110,Clupea harengus,LV,,23,,,2,1,,,,,,
14531,1609785,1817958,8966218,12105,4458,8966218,EM,2026SE107,Clupea harengus,LV,,22,,,1,1,,,,,,
14531,1609785,1817959,8966219,12105,4458,8966219,EM,2026SE107,Clupea harengus,LV,,24,,,1,1,,,,,,
14531,1609785,1817960,8966220,12105,4458,8966220,EM,2026SE107,Clupea harengus,LV,,25,,,1,1,,,,,,
14531,1609786,1817961,8966222,12105,4458,8966222,EM,2026SE108,Clupea harengus,LV,,23,,,1,1,,,,,,
14531,1609786,1817962,8966223,12105,4458,8966223,EM,2026SE108,Clupea harengus,LV,,26,,,1,1,,,,,,
14531,1609787,1817963,8966031,12105,4458,8966031,EM,2026SE109,Clupea harengus,LV,,21,,,1,1,,,,,,
14531,1609784,1817964,8966211,12105,4458,8966211,EM,2026SE106,Clupea harengus,LV,,25,,,1,1,,,,,,
14531,1609784,1817965,8966212,12105,4458,8966212,EM,2026SE106,Clupea harengus,LV,,9,,,1,1,,,,,,
14531,1609784,1817966,8966213,12105,4458,8966213,EM,2026SE106,Clupea harengus,LV,,20,,,1,1,,,,,,
14531,1609784,1817967,8966214,12105,4458,8966214,EM,2026SE106,Clupea harengus,LV,,27,,,2,1,,,,,,
14531,1609784,1817968,8966215,12105,4458,8966215,EM,2026SE106,Clupea harengus,LV,,12,,,1,1,,,,,,
14531,1609784,1817969,8966216,12105,4458,8966216,EM,2026SE106,Clupea harengus,LV,,28,,,1,1,,,,,,
14531,1609783,1817970,8966204,12105,4458,8966204,EM,2026SE105,Clupea harengus,LV,,29,,,1,1,,,,,,
14531,1609783,1817971,8966205,12105,4458,8966205,EM,2026SE105,Clupea harengus,LV,,27,,,1,1,,,,,,
14531,1609783,1817972,8966206,12105,4458,8966206,EM,2026SE105,Clupea harengus,LV,,26,,,1,1,,,,,,
14531,1609783,1817973,8966207,12105,4458,8966207,EM,2026SE105,Clupea harengus,LV,,23,,,1,1,,,,,,
14531,1609784,1817974,8966209,12105,4458,8966209,EM,2026SE106,Clupea harengus,LV,,23,,,2,1,,,,,,
14531,1609784,1817975,8966210,12105,4458,8966210,EM,2026SE106,Clupea harengus,LV,,10,,,1,1,,,,,,
14531,1609782,1817976,8966196,12105,4458,8966196,EM,2026SE104,Clupea harengus,LV,,23,,,4,1,,,,,,
14531,1609783,1817977,8966199,12105,4458,8966199,EM,2026SE105,Clupea harengus,LV,,25,,,1,1,,,,,,
14531,1609783,1817978,8966200,12105,4458,8966200,EM,2026SE105,Clupea harengus,LV,,14,,,1,1,,,,,,
14531,1609783,1817979,8966201,12105,4458,8966201,EM,2026SE105,Clupea harengus,LV,,22,,,1,1,,,,,,
14531,1609783,1817980,8966202,12105,4458,8966202,EM,2026SE105,Clupea harengus,LV,,20,,,1,1,,,,,,
14531,1609783,1817981,8966203,12105,4458,8966203,EM,2026SE105,Clupea harengus,LV,,19,,,1,1,,,,,,
14531,1609782,1817982,8966190,12105,4458,8966190,EM,2026SE104,Clupea harengus,LV,,22,,,2,1,,,,,,
14531,1609782,1817983,8966191,12105,4458,8966191,EM,2026SE104,Clupea harengus,LV,,19,,,1,1,,,,,,
14531,1609782,1817984,8966192,12105,4458,8966192,EM,2026SE104,Clupea harengus,LV,,24,,,2,1,,,,,,
14531,1609782,1817985,8966193,12105,4458,8966193,EM,2026SE104,Clupea harengus,LV,,26,,,1,1,,,,,,
14531,1609782,1817986,8966194,12105,4458,8966194,EM,2026SE104,Clupea harengus,LV,,20,,,1,1,,,,,,
14531,1609782,1817987,8966195,12105,4458,8966195,EM,2026SE104,Clupea harengus,LV,,21,,,1,1,,,,,,
14531,1609834,1817988,8966180,12116,4458,8966180,EM,2026SE156,Maurolicus muelleri,LV,,44,,,1,1,,,,,,
14531,1609781,1817989,8966187,12129,4458,8966187,EM,2026SE103,Sardina pilchardus,LV,,26,,,1,1,,,,,,
14531,1609783,1817990,8966208,12129,4458,8966208,EM,2026SE105,Sardina pilchardus,LV,,24,,,1,1,,,,,,
14531,1609784,1817991,8966217,12129,4458,8966217,EM,2026SE106,Sardina pilchardus,LV,,28,,,2,1,,,,,,
14531,1609810,1817992,8966131,12129,4458,8966131,EM,2026SE132,Sardina pilchardus,LV,,14,,,1,1,,,,,,
14531,1609810,1817993,8966132,12129,4458,8966132,EM,2026SE132,Sardina pilchardus,LV,,16,,,1,1,,,,,,
14531,1609810,1817994,8966133,12129,4458,8966133,EM,2026SE132,Sardina pilchardus,LV,,21,,,1,1,,,,,,
14531,1609815,1817995,8966154,12129,4458,8966154,EM,2026SE137,Sardina pilchardus,LV,,22,,,1,1,,,,,,
14531,1609819,1817996,8966159,12129,4458,8966159,EM,2026SE141,Sardina pilchardus,LV,,18,,,1,1,,,,,,
14531,1609830,1817997,8966176,12129,4458,8966176,EM,2026SE152,Sardina pilchardus,LV,,22,,,1,1,,,,,,
14531,1609814,1817998,8966143,12129,4458,8966143,EM,2026SE136,Sardina pilchardus,LV,,22,,,2,1,,,,,,
14531,1609814,1817999,8966144,12129,4458,8966144,EM,2026SE136,Sardina pilchardus,LV,,18,,,2,1,,,,,,
14531,1609814,1818000,8966145,12129,4458,8966145,EM,2026SE136,Sardina pilchardus,LV,,20,,,1,1,,,,,,
14531,1609814,1818001,8966146,12129,4458,8966146,EM,2026SE136,Sardina pilchardus,LV,,19,,,1,1,,,,,,
14531,1609814,1818002,8966147,12129,4458,8966147,EM,2026SE136,Sardina pilchardus,LV,,27,,,1,1,,,,,,
14531,1609814,1818003,8966148,12129,4458,8966148,EM,2026SE136,Sardina pilchardus,LV,,25,,,2,1,,,,,,
14531,1609810,1818004,8966134,12129,4458,8966134,EM,2026SE132,Sardina pilchardus,LV,,18,,,1,1,,,,,,
14531,1609810,1818005,8966135,12129,4458,8966135,EM,2026SE132,Sardina pilchardus,LV,,26,,,1,1,,,,,,
14531,1609810,1818006,8966136,12129,4458,8966136,EM,2026SE132,Sardina pilchardus,LV,,23,,,1,1,,,,,,
14531,1609810,1818007,8966137,12129,4458,8966137,EM,2026SE132,Sardina pilchardus,LV,,25,,,1,1,,,,,,
14531,1609810,1818008,8966138,12129,4458,8966138,EM,2026SE132,Sardina pilchardus,LV,,20,,,1,1,,,,,,
14531,1609810,1818009,8966139,12129,4458,8966139,EM,2026SE132,Sardina pilchardus,LV,,17,,,1,1,,,,,,
14531,1609781,1818010,8966186,12196,4458,8966186,EM,2026SE103,Anguilla anguilla,LV,,70,,,2,1,,,,,,
14531,1609782,1818011,8966188,12196,4458,8966188,EM,2026SE104,Anguilla anguilla,LV,,70,,,7,1,,,,,,
14531,1609783,1818012,8966197,12196,4458,8966197,EM,2026SE105,Anguilla anguilla,LV,,75,,,1,1,,,,,,
14531,1609783,1818013,8966198,12196,4458,8966198,EM,2026SE105,Anguilla anguilla,LV,,70,,,1,1,,,,,,
14531,1609786,1818014,8966221,12196,4458,8966221,EM,2026SE108,Anguilla anguilla,LV,,70,,,2,1,,,,,,
14531,1609787,1818015,8966030,12196,4458,8966030,EM,2026SE109,Anguilla anguilla,LV,,70,,,8,1,,,,,,
14531,1609802,1818016,8966103,12196,4458,8966103,EM,2026SE124,Anguilla anguilla,LV,,70,,,1,1,,,,,,
14531,1609803,1818017,8966107,12196,4458,8966107,EM,2026SE125,Anguilla anguilla,LV,,70,,,2,1,,,,,,
14531,1609818,1818018,8966156,12196,4458,8966156,EM,2026SE140,Anguilla anguilla,LV,,65,,,2,1,,,,,,
14531,1609818,1818019,8966157,12196,4458,8966157,EM,2026SE140,Anguilla anguilla,LV,,70,,,1,1,,,,,,
14531,1609822,1818020,8966161,12196,4458,8966161,EM,2026SE144,Anguilla anguilla,LV,,70,,,1,1,,,,,,
14531,1609827,1818021,8966170,12196,4458,8966170,EM,2026SE149,Anguilla anguilla,LV,,65,,,1,1,,,,,,
14531,1609788,1818022,8966037,12196,4458,8966037,EM,2026SE110,Anguilla anguilla,LV,,70,,,1,1,,,,,,
14531,1609789,1818023,8966045,12196,4458,8966045,EM,2026SE111,Anguilla anguilla,LV,,70,,,1,1,,,,,,
14531,1609790,1818024,8966051,12196,4458,8966051,EM,2026SE112,Anguilla anguilla,LV,,70,,,1,1,,,,,,
14531,1609795,1818025,8966067,12196,4458,8966067,EM,2026SE117,Anguilla anguilla,LV,,75,,,3,1,,,,,,
14531,1609796,1818026,8966071,12196,4458,8966071,EM,2026SE118,Anguilla anguilla,LV,,72,,,1,1,,,,,,
14531,1609800,1818027,8966089,12196,4458,8966089,EM,2026SE122,Anguilla anguilla,LV,,70,,,2,1,,,,,,
14532,1609882,1818028,8966224,12105,4458,8966224,EM,2026DE_012,Clupea harengus,LV,,39,,,1,1,VISO,,,,NON,
14532,1609883,1818029,8966225,12105,4458,8966225,EM,2026DE_013,Clupea harengus,LV,,43,,,1,1,VISO,,,,NON,
14532,1609885,1818030,8966226,12105,4458,8966226,EM,2026DE_021,Clupea harengus,LV,,15,,,5,1,VISO,,,,NON,
14532,1609885,1818031,8966227,12105,4458,8966227,EM,2026DE_021,Clupea harengus,LV,,16,,,36,1,VISO,,,,NON,
14532,1609885,1818032,8966228,12105,4458,8966228,EM,2026DE_021,Clupea harengus,LV,,17,,,15,1,VISO,,,,NON,
14532,1609885,1818033,8966229,12105,4458,8966229,EM,2026DE_021,Clupea harengus,LV,,18,,,16,1,VISO,,,,NON,
14532,1609874,1818034,8966531,12105,4458,8966531,EM,2026DE_217,Clupea harengus,LV,,39,,,2,1,VISO,,,,NON,
14532,1609874,1818035,8966532,12105,4458,8966532,EM,2026DE_217,Clupea harengus,LV,,40,,,1,1,VISO,,,,NON,
14532,1609875,1818036,8966533,12105,4458,8966533,EM,2026DE_218,Clupea harengus,LV,,35,,,1,1,VISO,,,,NON,
14532,1609875,1818037,8966534,12105,4458,8966534,EM,2026DE_218,Clupea harengus,LV,,39,,,1,1,VISO,,,,NON,
14532,1609875,1818038,8966535,12105,4458,8966535,EM,2026DE_218,Clupea harengus,LV,,40,,,1,1,VISO,,,,NON,
14532,1609872,1818039,8966525,12105,4458,8966525,EM,2026DE_215,Clupea harengus,LV,,32,,,2,1,VISO,,,,NON,
14532,1609873,1818040,8966526,12105,4458,8966526,EM,2026DE_216,Clupea harengus,LV,,26,,,1,1,VISO,,,,NON,
14532,1609873,1818041,8966527,12105,4458,8966527,EM,2026DE_216,Clupea harengus,LV,,32,,,1,1,VISO,,,,NON,
14532,1609873,1818042,8966528,12105,4458,8966528,EM,2026DE_216,Clupea harengus,LV,,34,,,1,1,VISO,,,,NON,
14532,1609874,1818043,8966529,12105,4458,8966529,EM,2026DE_217,Clupea harengus,LV,,34,,,1,1,VISO,,,,NON,
14532,1609874,1818044,8966530,12105,4458,8966530,EM,2026DE_217,Clupea harengus,LV,,37,,,3,1,VISO,,,,NON,
14532,1609871,1818045,8966519,12105,4458,8966519,EM,2026DE_214,Clupea harengus,LV,,29,,,2,1,VISO,,,,NON,
14532,1609871,1818046,8966520,12105,4458,8966520,EM,2026DE_214,Clupea harengus,LV,,30,,,5,1,VISO,,,,NON,
14532,1609871,1818047,8966521,12105,4458,8966521,EM,2026DE_214,Clupea harengus,LV,,32,,,4,1,VISO,,,,NON,
14532,1609872,1818048,8966522,12105,4458,8966522,EM,2026DE_215,Clupea harengus,LV,,22,,,1,1,VISO,,,,NON,
14532,1609872,1818049,8966523,12105,4458,8966523,EM,2026DE_215,Clupea harengus,LV,,25,,,2,1,VISO,,,,NON,
14532,1609872,1818050,8966524,12105,4458,8966524,EM,2026DE_215,Clupea harengus,LV,,27,,,3,1,VISO,,,,NON,
14532,1609869,1818051,8966513,12105,4458,8966513,EM,2026DE_204,Clupea harengus,LV,,32,,,1,1,VISO,,,,NON,
14532,1609871,1818052,8966514,12105,4458,8966514,EM,2026DE_214,Clupea harengus,LV,,22,,,1,1,VISO,,,,NON,
14532,1609871,1818053,8966515,12105,4458,8966515,EM,2026DE_214,Clupea harengus,LV,,24,,,1,1,VISO,,,,NON,
14532,1609871,1818054,8966516,12105,4458,8966516,EM,2026DE_214,Clupea harengus,LV,,26,,,2,1,VISO,,,,NON,
14532,1609871,1818055,8966517,12105,4458,8966517,EM,2026DE_214,Clupea harengus,LV,,27,,,1,1,VISO,,,,NON,
14532,1609871,1818056,8966518,12105,4458,8966518,EM,2026DE_214,Clupea harengus,LV,,28,,,3,1,VISO,,,,NON,
14532,1609869,1818057,8966507,12105,4458,8966507,EM,2026DE_204,Clupea harengus,LV,,24,,,1,1,VISO,,,,NON,
14532,1609869,1818058,8966508,12105,4458,8966508,EM,2026DE_204,Clupea harengus,LV,,25,,,1,1,VISO,,,,NON,
14532,1609869,1818059,8966509,12105,4458,8966509,EM,2026DE_204,Clupea harengus,LV,,27,,,1,1,VISO,,,,NON,
14532,1609869,1818060,8966510,12105,4458,8966510,EM,2026DE_204,Clupea harengus,LV,,28,,,3,1,VISO,,,,NON,
14532,1609869,1818061,8966511,12105,4458,8966511,EM,2026DE_204,Clupea harengus,LV,,29,,,3,1,VISO,,,,NON,
14532,1609869,1818062,8966512,12105,4458,8966512,EM,2026DE_204,Clupea harengus,LV,,30,,,1,1,VISO,,,,NON,
14532,1609867,1818063,8966501,12105,4458,8966501,EM,2026DE_202,Clupea harengus,LV,,33,,,2,1,VISO,,,,NON,
14532,1609868,1818064,8966502,12105,4458,8966502,EM,2026DE_203,Clupea harengus,LV,,25,,,3,1,VISO,,,,NON,
14532,1609868,1818065,8966503,12105,4458,8966503,EM,2026DE_203,Clupea harengus,LV,,28,,,2,1,VISO,,,,NON,
14532,1609868,1818066,8966504,12105,4458,8966504,EM,2026DE_203,Clupea harengus,LV,,31,,,1,1,VISO,,,,NON,
14532,1609868,1818067,8966505,12105,4458,8966505,EM,2026DE_203,Clupea harengus,LV,,33,,,3,1,VISO,,,,NON,
14532,1609868,1818068,8966506,12105,4458,8966506,EM,2026DE_203,Clupea harengus,LV,,34,,,1,1,VISO,,,,NON,
14532,1609866,1818069,8966495,12105,4458,8966495,EM,2026DE_201,Clupea harengus,LV,,29,,,2,1,VISO,,,,NON,
14532,1609866,1818070,8966496,12105,4458,8966496,EM,2026DE_201,Clupea harengus,LV,,30,,,2,1,VISO,,,,NON,
14532,1609866,1818071,8966497,12105,4458,8966497,EM,2026DE_201,Clupea harengus,LV,,32,,,6,1,VISO,,,,NON,
14532,1609866,1818072,8966498,12105,4458,8966498,EM,2026DE_201,Clupea harengus,LV,,33,,,4,1,VISO,,,,NON,
14532,1609866,1818073,8966499,12105,4458,8966499,EM,2026DE_201,Clupea harengus,LV,,37,,,4,1,VISO,,,,NON,
14532,1609867,1818074,8966500,12105,4458,8966500,EM,2026DE_202,Clupea harengus,LV,,32,,,1,1,VISO,,,,NON,
14532,1609865,1818075,8966489,12105,4458,8966489,EM,2026DE_200,Clupea harengus,LV,,29,,,2,1,VISO,,,,NON,
14532,1609865,1818076,8966490,12105,4458,8966490,EM,2026DE_200,Clupea harengus,LV,,30,,,3,1,VISO,,,,NON,
14532,1609865,1818077,8966491,12105,4458,8966491,EM,2026DE_200,Clupea harengus,LV,,31,,,4,1,VISO,,,,NON,
14532,1609865,1818078,8966492,12105,4458,8966492,EM,2026DE_200,Clupea harengus,LV,,32,,,1,1,VISO,,,,NON,
14532,1609866,1818079,8966493,12105,4458,8966493,EM,2026DE_201,Clupea harengus,LV,,25,,,1,1,VISO,,,,NON,
14532,1609866,1818080,8966494,12105,4458,8966494,EM,2026DE_201,Clupea harengus,LV,,27,,,1,1,VISO,,,,NON,
14532,1609859,1818081,8966483,12105,4458,8966483,EM,2026DE_185,Clupea harengus,LV,,31,,,2,1,VISO,,,,NON,
14532,1609859,1818082,8966484,12105,4458,8966484,EM,2026DE_185,Clupea harengus,LV,,32,,,1,1,VISO,,,,NON,
14532,1609861,1818083,8966485,12105,4458,8966485,EM,2026DE_187,Clupea harengus,LV,,32,,,1,1,VISO,,,,NON,
14532,1609865,1818084,8966486,12105,4458,8966486,EM,2026DE_200,Clupea harengus,LV,,23,,,1,1,VISO,,,,NON,
14532,1609865,1818085,8966487,12105,4458,8966487,EM,2026DE_200,Clupea harengus,LV,,26,,,1,1,VISO,,,,NON,
14532,1609865,1818086,8966488,12105,4458,8966488,EM,2026DE_200,Clupea harengus,LV,,27,,,5,1,VISO,,,,NON,
14532,1609856,1818087,8966477,12105,4458,8966477,EM,2026DE_174,Clupea harengus,LV,,25,,,1,1,VISO,,,,NON,
14532,1609858,1818088,8966478,12105,4458,8966478,EM,2026DE_184,Clupea harengus,LV,,24,,,1,1,VISO,,,,NON,
14532,1609859,1818089,8966479,12105,4458,8966479,EM,2026DE_185,Clupea harengus,LV,,27,,,1,1,VISO,,,,NON,
14532,1609859,1818090,8966480,12105,4458,8966480,EM,2026DE_185,Clupea harengus,LV,,28,,,1,1,VISO,,,,NON,
14532,1609859,1818091,8966481,12105,4458,8966481,EM,2026DE_185,Clupea harengus,LV,,29,,,1,1,VISO,,,,NON,
14532,1609859,1818092,8966482,12105,4458,8966482,EM,2026DE_185,Clupea harengus,LV,,30,,,1,1,VISO,,,,NON,
14532,1609849,1818093,8966467,12105,4458,8966467,EM,2026DE_161,Clupea harengus,LV,,28,,,1,1,VISO,,,,NON,
14532,1609850,1818094,8966468,12105,4458,8966468,EM,2026DE_168,Clupea harengus,LV,,22,,,1,1,VISO,,,,NON,
14532,1609851,1818095,8966471,12105,4458,8966471,EM,2026DE_169,Clupea harengus,LV,,17,,,1,1,VISO,,,,NON,
14532,1609851,1818096,8966472,12105,4458,8966472,EM,2026DE_169,Clupea harengus,LV,,20,,,1,1,VISO,,,,NON,
14532,1609853,1818097,8966474,12105,4458,8966474,EM,2026DE_171,Clupea harengus,LV,,22,,,1,1,VISO,,,,NON,
14532,1609856,1818098,8966476,12105,4458,8966476,EM,2026DE_174,Clupea harengus,LV,,21,,,2,1,VISO,,,,NON,
14532,1609845,1818099,8966461,12105,4458,8966461,EM,2026DE_157,Clupea harengus,LV,,22,,,1,1,VISO,,,,NON,
14532,1609846,1818100,8966462,12105,4458,8966462,EM,2026DE_158,Clupea harengus,LV,,19,,,1,1,VISO,,,,NON,
14532,1609847,1818101,8966463,12105,4458,8966463,EM,2026DE_159,Clupea harengus,LV,,22,,,3,1,VISO,,,,NON,
14532,1609848,1818102,8966464,12105,4458,8966464,EM,2026DE_160,Clupea harengus,LV,,25,,,1,1,VISO,,,,NON,
14532,1609848,1818103,8966465,12105,4458,8966465,EM,2026DE_160,Clupea harengus,LV,,30,,,4,1,VISO,,,,NON,
14532,1609849,1818104,8966466,12105,4458,8966466,EM,2026DE_161,Clupea harengus,LV,,25,,,1,1,VISO,,,,NON,
14532,1609840,1818105,8966454,12105,4458,8966454,EM,2026DE_144,Clupea harengus,LV,,20,,,7,1,VISO,,,,NON,
14532,1609840,1818106,8966455,12105,4458,8966455,EM,2026DE_144,Clupea harengus,LV,,24,,,1,1,VISO,,,,NON,
14532,1609840,1818107,8966456,12105,4458,8966456,EM,2026DE_144,Clupea harengus,LV,,27,,,1,1,VISO,,,,NON,
14532,1609841,1818108,8966457,12105,4458,8966457,EM,2026DE_145,Clupea harengus,LV,,22,,,2,1,VISO,,,,NON,
14532,1609841,1818109,8966458,12105,4458,8966458,EM,2026DE_145,Clupea harengus,LV,,25,,,2,1,VISO,,,,NON,
14532,1609843,1818110,8966459,12105,4458,8966459,EM,2026DE_155,Clupea harengus,LV,,22,,,1,1,VISO,,,,NON,
14532,1609936,1818111,8966446,12105,4458,8966446,EM,2026DE_120,Clupea harengus,LV,,27,,,3,1,VISO,,,,NON,
14532,1609838,1818112,8966449,12105,4458,8966449,EM,2026DE_142,Clupea harengus,LV,,19,,,1,1,VISO,,,,NON,
14532,1609839,1818113,8966450,12105,4458,8966450,EM,2026DE_143,Clupea harengus,LV,,21,,,3,1,VISO,,,,NON,
14532,1609839,1818114,8966451,12105,4458,8966451,EM,2026DE_143,Clupea harengus,LV,,22,,,2,1,VISO,,,,NON,
14532,1609839,1818115,8966452,12105,4458,8966452,EM,2026DE_143,Clupea harengus,LV,,19,,,3,1,VISO,,,,NON,
14532,1609839,1818116,8966453,12105,4458,8966453,EM,2026DE_143,Clupea harengus,LV,,20,,,1,1,VISO,,,,NON,
14532,1609935,1818117,8966440,12105,4458,8966440,EM,2026DE_119,Clupea harengus,LV,,24,,,7,1,VISO,,,,NON,
14532,1609935,1818118,8966441,12105,4458,8966441,EM,2026DE_119,Clupea harengus,LV,,26,,,3,1,VISO,,,,NON,
14532,1609935,1818119,8966442,12105,4458,8966442,EM,2026DE_119,Clupea harengus,LV,,27,,,3,1,VISO,,,,NON,
14532,1609935,1818120,8966443,12105,4458,8966443,EM,2026DE_119,Clupea harengus,LV,,28,,,3,1,VISO,,,,NON,
14532,1609935,1818121,8966444,12105,4458,8966444,EM,2026DE_119,Clupea harengus,LV,,34,,,1,1,VISO,,,,NON,
14532,1609936,1818122,8966445,12105,4458,8966445,EM,2026DE_120,Clupea harengus,LV,,25,,,3,1,VISO,,,,NON,
14532,1609934,1818123,8966434,12105,4458,8966434,EM,2026DE_118,Clupea harengus,LV,,26,,,1,1,VISO,,,,NON,
14532,1609934,1818124,8966435,12105,4458,8966435,EM,2026DE_118,Clupea harengus,LV,,27,,,1,1,VISO,,,,NON,
14532,1609934,1818125,8966436,12105,4458,8966436,EM,2026DE_118,Clupea harengus,LV,,36,,,1,1,VISO,,,,NON,
14532,1609934,1818126,8966437,12105,4458,8966437,EM,2026DE_118,Clupea harengus,LV,,39,,,1,1,VISO,,,,NON,
14532,1609935,1818127,8966438,12105,4458,8966438,EM,2026DE_119,Clupea harengus,LV,,20,,,6,1,VISO,,,,NON,
14532,1609935,1818128,8966439,12105,4458,8966439,EM,2026DE_119,Clupea harengus,LV,,23,,,6,1,VISO,,,,NON,
14532,1609933,1818129,8966428,12105,4458,8966428,EM,2026DE_117,Clupea harengus,LV,,21,,,1,1,VISO,,,,NON,
14532,1609933,1818130,8966429,12105,4458,8966429,EM,2026DE_117,Clupea harengus,LV,,22,,,3,1,VISO,,,,NON,
14532,1609933,1818131,8966430,12105,4458,8966430,EM,2026DE_117,Clupea harengus,LV,,24,,,3,1,VISO,,,,NON,
14532,1609933,1818132,8966431,12105,4458,8966431,EM,2026DE_117,Clupea harengus,LV,,26,,,1,1,VISO,,,,NON,
14532,1609933,1818133,8966432,12105,4458,8966432,EM,2026DE_117,Clupea harengus,LV,,31,,,1,1,VISO,,,,NON,
14532,1609934,1818134,8966433,12105,4458,8966433,EM,2026DE_118,Clupea harengus,LV,,23,,,4,1,VISO,,,,NON,
14532,1609932,1818135,8966422,12105,4458,8966422,EM,2026DE_116,Clupea harengus,LV,,29,,,2,1,VISO,,,,NON,
14532,1609932,1818136,8966423,12105,4458,8966423,EM,2026DE_116,Clupea harengus,LV,,30,,,1,1,VISO,,,,NON,
14532,1609932,1818137,8966424,12105,4458,8966424,EM,2026DE_116,Clupea harengus,LV,,31,,,2,1,VISO,,,,NON,
14532,1609932,1818138,8966425,12105,4458,8966425,EM,2026DE_116,Clupea harengus,LV,,33,,,1,1,VISO,,,,NON,
14532,1609933,1818139,8966426,12105,4458,8966426,EM,2026DE_117,Clupea harengus,LV,,19,,,2,1,VISO,,,,NON,
14532,1609933,1818140,8966427,12105,4458,8966427,EM,2026DE_117,Clupea harengus,LV,,20,,,4,1,VISO,,,,NON,
14532,1609932,1818141,8966416,12105,4458,8966416,EM,2026DE_116,Clupea harengus,LV,,23,,,1,1,VISO,,,,NON,
14532,1609932,1818142,8966417,12105,4458,8966417,EM,2026DE_116,Clupea harengus,LV,,24,,,2,1,VISO,,,,NON,
14532,1609932,1818143,8966418,12105,4458,8966418,EM,2026DE_116,Clupea harengus,LV,,25,,,1,1,VISO,,,,NON,
14532,1609932,1818144,8966419,12105,4458,8966419,EM,2026DE_116,Clupea harengus,LV,,26,,,3,1,VISO,,,,NON,
14532,1609932,1818145,8966420,12105,4458,8966420,EM,2026DE_116,Clupea harengus,LV,,27,,,10,1,VISO,,,,NON,
14532,1609932,1818146,8966421,12105,4458,8966421,EM,2026DE_116,Clupea harengus,LV,,28,,,5,1,VISO,,,,NON,
14532,1609930,1818147,8966410,12105,4458,8966410,EM,2026DE_114,Clupea harengus,LV,,22,,,1,1,VISO,,,,NON,
14532,1609931,1818148,8966411,12105,4458,8966411,EM,2026DE_115,Clupea harengus,LV,,23,,,1,1,VISO,,,,NON,
14532,1609932,1818149,8966412,12105,4458,8966412,EM,2026DE_116,Clupea harengus,LV,,19,,,1,1,VISO,,,,NON,
14532,1609932,1818150,8966413,12105,4458,8966413,EM,2026DE_116,Clupea harengus,LV,,20,,,4,1,VISO,,,,NON,
14532,1609932,1818151,8966414,12105,4458,8966414,EM,2026DE_116,Clupea harengus,LV,,21,,,2,1,VISO,,,,NON,
14532,1609932,1818152,8966415,12105,4458,8966415,EM,2026DE_116,Clupea harengus,LV,,22,,,3,1,VISO,,,,NON,
14532,1609923,1818153,8966403,12105,4458,8966403,EM,2026DE_103,Clupea harengus,LV,,26,,,5,1,VISO,,,,NON,
14532,1609923,1818154,8966404,12105,4458,8966404,EM,2026DE_103,Clupea harengus,LV,,27,,,2,1,VISO,,,,NON,
14532,1609923,1818155,8966405,12105,4458,8966405,EM,2026DE_103,Clupea harengus,LV,,28,,,4,1,VISO,,,,NON,
14532,1609923,1818156,8966406,12105,4458,8966406,EM,2026DE_103,Clupea harengus,LV,,29,,,1,1,VISO,,,,NON,
14532,1609924,1818157,8966408,12105,4458,8966408,EM,2026DE_104,Clupea harengus,LV,,26,,,2,1,VISO,,,,NON,
14532,1609924,1818158,8966409,12105,4458,8966409,EM,2026DE_104,Clupea harengus,LV,,27,,,2,1,VISO,,,,NON,
14532,1609922,1818159,8966397,12105,4458,8966397,EM,2026DE_094,Clupea harengus,LV,,25,,,1,1,VISO,,,,NON,
14532,1609922,1818160,8966398,12105,4458,8966398,EM,2026DE_094,Clupea harengus,LV,,30,,,2,1,VISO,,,,NON,
14532,1609923,1818161,8966399,12105,4458,8966399,EM,2026DE_103,Clupea harengus,LV,,21,,,1,1,VISO,,,,NON,
14532,1609923,1818162,8966400,12105,4458,8966400,EM,2026DE_103,Clupea harengus,LV,,23,,,2,1,VISO,,,,NON,
14532,1609923,1818163,8966401,12105,4458,8966401,EM,2026DE_103,Clupea harengus,LV,,24,,,2,1,VISO,,,,NON,
14532,1609923,1818164,8966402,12105,4458,8966402,EM,2026DE_103,Clupea harengus,LV,,25,,,1,1,VISO,,,,NON,
14532,1609920,1818165,8966389,12105,4458,8966389,EM,2026DE_092,Clupea harengus,LV,,26,,,1,1,VISO,,,,NON,
14532,1609920,1818166,8966390,12105,4458,8966390,EM,2026DE_092,Clupea harengus,LV,,27,,,1,1,VISO,,,,NON,
14532,1609921,1818167,8966393,12105,4458,8966393,EM,2026DE_093,Clupea harengus,LV,,26,,,1,1,VISO,,,,NON,
14532,1609921,1818168,8966394,12105,4458,8966394,EM,2026DE_093,Clupea harengus,LV,,27,,,1,1,VISO,,,,NON,
14532,1609921,1818169,8966395,12105,4458,8966395,EM,2026DE_093,Clupea harengus,LV,,28,,,1,1,VISO,,,,NON,
14532,1609922,1818170,8966396,12105,4458,8966396,EM,2026DE_094,Clupea harengus,LV,,24,,,3,1,VISO,,,,NON,
14532,1609919,1818171,8966383,12105,4458,8966383,EM,2026DE_091,Clupea harengus,LV,,27,,,3,1,VISO,,,,NON,
14532,1609920,1818172,8966384,12105,4458,8966384,EM,2026DE_092,Clupea harengus,LV,,19,,,2,1,VISO,,,,NON,
14532,1609920,1818173,8966385,12105,4458,8966385,EM,2026DE_092,Clupea harengus,LV,,20,,,1,1,VISO,,,,NON,
14532,1609920,1818174,8966386,12105,4458,8966386,EM,2026DE_092,Clupea harengus,LV,,22,,,1,1,VISO,,,,NON,
14532,1609920,1818175,8966387,12105,4458,8966387,EM,2026DE_092,Clupea harengus,LV,,24,,,3,1,VISO,,,,NON,
14532,1609920,1818176,8966388,12105,4458,8966388,EM,2026DE_092,Clupea harengus,LV,,25,,,1,1,VISO,,,,NON,
14532,1609918,1818177,8966377,12105,4458,8966377,EM,2026DE_090,Clupea harengus,LV,,25,,,3,1,VISO,,,,NON,
14532,1609918,1818178,8966378,12105,4458,8966378,EM,2026DE_090,Clupea harengus,LV,,26,,,2,1,VISO,,,,NON,
14532,1609919,1818179,8966379,12105,4458,8966379,EM,2026DE_091,Clupea harengus,LV,,23,,,1,1,VISO,,,,NON,
14532,1609919,1818180,8966380,12105,4458,8966380,EM,2026DE_091,Clupea harengus,LV,,24,,,3,1,VISO,,,,NON,
14532,1609919,1818181,8966381,12105,4458,8966381,EM,2026DE_091,Clupea harengus,LV,,25,,,1,1,VISO,,,,NON,
14532,1609919,1818182,8966382,12105,4458,8966382,EM,2026DE_091,Clupea harengus,LV,,26,,,1,1,VISO,,,,NON,
14532,1609917,1818183,8966371,12105,4458,8966371,EM,2026DE_081,Clupea harengus,LV,,25,,,3,1,VISO,,,,NON,
14532,1609917,1818184,8966372,12105,4458,8966372,EM,2026DE_081,Clupea harengus,LV,,27,,,1,1,VISO,,,,NON,
14532,1609917,1818185,8966373,12105,4458,8966373,EM,2026DE_081,Clupea harengus,LV,,29,,,3,1,VISO,,,,NON,
14532,1609917,1818186,8966374,12105,4458,8966374,EM,2026DE_081,Clupea harengus,LV,,30,,,3,1,VISO,,,,NON,
14532,1609918,1818187,8966375,12105,4458,8966375,EM,2026DE_090,Clupea harengus,LV,,19,,,1,1,VISO,,,,NON,
14532,1609918,1818188,8966376,12105,4458,8966376,EM,2026DE_090,Clupea harengus,LV,,24,,,2,1,VISO,,,,NON,
14532,1609916,1818189,8966365,12105,4458,8966365,EM,2026DE_080,Clupea harengus,LV,,22,,,1,1,VISO,,,,NON,
14532,1609916,1818190,8966366,12105,4458,8966366,EM,2026DE_080,Clupea harengus,LV,,23,,,5,1,VISO,,,,NON,
14532,1609916,1818191,8966367,12105,4458,8966367,EM,2026DE_080,Clupea harengus,LV,,25,,,2,1,VISO,,,,NON,
14532,1609916,1818192,8966368,12105,4458,8966368,EM,2026DE_080,Clupea harengus,LV,,27,,,1,1,VISO,,,,NON,
14532,1609917,1818193,8966369,12105,4458,8966369,EM,2026DE_081,Clupea harengus,LV,,21,,,3,1,VISO,,,,NON,
14532,1609917,1818194,8966370,12105,4458,8966370,EM,2026DE_081,Clupea harengus,LV,,23,,,1,1,VISO,,,,NON,
14532,1609914,1818195,8966358,12105,4458,8966358,EM,2026DE_078,Clupea harengus,LV,,21,,,1,1,VISO,,,,NON,
14532,1609915,1818196,8966359,12105,4458,8966359,EM,2026DE_079,Clupea harengus,LV,,22,,,1,1,VISO,,,,NON,
14532,1609915,1818197,8966360,12105,4458,8966360,EM,2026DE_079,Clupea harengus,LV,,23,,,1,1,VISO,,,,NON,
14532,1609915,1818198,8966361,12105,4458,8966361,EM,2026DE_079,Clupea harengus,LV,,25,,,1,1,VISO,,,,NON,
14532,1609915,1818199,8966362,12105,4458,8966362,EM,2026DE_079,Clupea harengus,LV,,27,,,1,1,VISO,,,,NON,
14532,1609916,1818200,8966364,12105,4458,8966364,EM,2026DE_080,Clupea harengus,LV,,20,,,2,1,VISO,,,,NON,
14532,1609912,1818201,8966352,12105,4458,8966352,EM,2026DE_076,Clupea harengus,LV,,26,,,1,1,VISO,,,,NON,
14532,1609912,1818202,8966353,12105,4458,8966353,EM,2026DE_076,Clupea harengus,LV,,27,,,2,1,VISO,,,,NON,
14532,1609913,1818203,8966354,12105,4458,8966354,EM,2026DE_077,Clupea harengus,LV,,22,,,2,1,VISO,,,,NON,
14532,1609913,1818204,8966355,12105,4458,8966355,EM,2026DE_077,Clupea harengus,LV,,26,,,1,1,VISO,,,,NON,
14532,1609913,1818205,8966356,12105,4458,8966356,EM,2026DE_077,Clupea harengus,LV,,28,,,1,1,VISO,,,,NON,
14532,1609913,1818206,8966357,12105,4458,8966357,EM,2026DE_077,Clupea harengus,LV,,29,,,1,1,VISO,,,,NON,
14532,1609911,1818207,8966345,12105,4458,8966345,EM,2026DE_075,Clupea harengus,LV,,24,,,2,1,VISO,,,,NON,
14532,1609911,1818208,8966346,12105,4458,8966346,EM,2026DE_075,Clupea harengus,LV,,25,,,5,1,VISO,,,,NON,
14532,1609911,1818209,8966347,12105,4458,8966347,EM,2026DE_075,Clupea harengus,LV,,26,,,4,1,VISO,,,,NON,
14532,1609912,1818210,8966349,12105,4458,8966349,EM,2026DE_076,Clupea harengus,LV,,23,,,1,1,VISO,,,,NON,
14532,1609912,1818211,8966350,12105,4458,8966350,EM,2026DE_076,Clupea harengus,LV,,24,,,2,1,VISO,,,,NON,
14532,1609912,1818212,8966351,12105,4458,8966351,EM,2026DE_076,Clupea harengus,LV,,25,,,2,1,VISO,,,,NON,
14532,1609910,1818213,8966339,12105,4458,8966339,EM,2026DE_068,Clupea harengus,LV,,37,,,2,1,VISO,,,,NON,
14532,1609910,1818214,8966340,12105,4458,8966340,EM,2026DE_068,Clupea harengus,LV,,38,,,3,1,VISO,,,,NON,
14532,1609910,1818215,8966341,12105,4458,8966341,EM,2026DE_068,Clupea harengus,LV,,40,,,3,1,VISO,,,,NON,
14532,1609911,1818216,8966342,12105,4458,8966342,EM,2026DE_075,Clupea harengus,LV,,21,,,2,1,VISO,,,,NON,
14532,1609911,1818217,8966343,12105,4458,8966343,EM,2026DE_075,Clupea harengus,LV,,22,,,3,1,VISO,,,,NON,
14532,1609911,1818218,8966344,12105,4458,8966344,EM,2026DE_075,Clupea harengus,LV,,23,,,2,1,VISO,,,,NON,
14532,1609909,1818219,8966333,12105,4458,8966333,EM,2026DE_067,Clupea harengus,LV,,27,,,3,1,VISO,,,,NON,
14532,1609909,1818220,8966334,12105,4458,8966334,EM,2026DE_067,Clupea harengus,LV,,37,,,1,1,VISO,,,,NON,
14532,1609909,1818221,8966335,12105,4458,8966335,EM,2026DE_067,Clupea harengus,LV,,38,,,1,1,VISO,,,,NON,
14532,1609910,1818222,8966336,12105,4458,8966336,EM,2026DE_068,Clupea harengus,LV,,31,,,2,1,VISO,,,,NON,
14532,1609910,1818223,8966337,12105,4458,8966337,EM,2026DE_068,Clupea harengus,LV,,33,,,1,1,VISO,,,,NON,
14532,1609910,1818224,8966338,12105,4458,8966338,EM,2026DE_068,Clupea harengus,LV,,36,,,3,1,VISO,,,,NON,
14532,1609903,1818225,8966326,12105,4458,8966326,EM,2026DE_053,Clupea harengus,LV,,36,,,2,1,VISO,,,,NON,
14532,1609905,1818226,8966327,12105,4458,8966327,EM,2026DE_063,Clupea harengus,LV,,32,,,1,1,VISO,,,,NON,
14532,1609906,1818227,8966329,12105,4458,8966329,EM,2026DE_064,Clupea harengus,LV,,22,,,1,1,VISO,,,,NON,
14532,1609906,1818228,8966330,12105,4458,8966330,EM,2026DE_064,Clupea harengus,LV,,24,,,1,1,VISO,,,,NON,
14532,1609908,1818229,8966331,12105,4458,8966331,EM,2026DE_066,Clupea harengus,LV,,33,,,1,1,VISO,,,,NON,
14532,1609909,1818230,8966332,12105,4458,8966332,EM,2026DE_067,Clupea harengus,LV,,23,,,1,1,VISO,,,,NON,
14532,1609900,1818231,8966320,12105,4458,8966320,EM,2026DE_050,Clupea harengus,LV,,33,,,2,1,VISO,,,,NON,
14532,1609900,1818232,8966321,12105,4458,8966321,EM,2026DE_050,Clupea harengus,LV,,34,,,4,1,VISO,,,,NON,
14532,1609901,1818233,8966322,12105,4458,8966322,EM,2026DE_051,Clupea harengus,LV,,29,,,1,1,VISO,,,,NON,
14532,1609902,1818234,8966323,12105,4458,8966323,EM,2026DE_052,Clupea harengus,LV,,37,,,1,1,VISO,,,,NON,
14532,1609903,1818235,8966324,12105,4458,8966324,EM,2026DE_053,Clupea harengus,LV,,30,,,1,1,VISO,,,,NON,
14532,1609903,1818236,8966325,12105,4458,8966325,EM,2026DE_053,Clupea harengus,LV,,32,,,4,1,VISO,,,,NON,
14532,1609900,1818237,8966314,12105,4458,8966314,EM,2026DE_050,Clupea harengus,LV,,27,,,3,1,VISO,,,,NON,
14532,1609900,1818238,8966315,12105,4458,8966315,EM,2026DE_050,Clupea harengus,LV,,28,,,1,1,VISO,,,,NON,
14532,1609900,1818239,8966316,12105,4458,8966316,EM,2026DE_050,Clupea harengus,LV,,29,,,7,1,VISO,,,,NON,
14532,1609900,1818240,8966317,12105,4458,8966317,EM,2026DE_050,Clupea harengus,LV,,30,,,9,1,VISO,,,,NON,
14532,1609900,1818241,8966318,12105,4458,8966318,EM,2026DE_050,Clupea harengus,LV,,31,,,10,1,VISO,,,,NON,
14532,1609900,1818242,8966319,12105,4458,8966319,EM,2026DE_050,Clupea harengus,LV,,32,,,13,1,VISO,,,,NON,
14532,1609896,1818243,8966308,12105,4458,8966308,EM,2026DE_038,Clupea harengus,LV,,37,,,1,1,VISO,,,,NON,
14532,1609898,1818244,8966309,12105,4458,8966309,EM,2026DE_040,Clupea harengus,LV,,39,,,1,1,VISO,,,,NON,
14532,1609898,1818245,8966310,12105,4458,8966310,EM,2026DE_040,Clupea harengus,LV,,40,,,1,1,VISO,,,,NON,
14532,1609900,1818246,8966311,12105,4458,8966311,EM,2026DE_050,Clupea harengus,LV,,24,,,3,1,VISO,,,,NON,
14532,1609900,1818247,8966312,12105,4458,8966312,EM,2026DE_050,Clupea harengus,LV,,25,,,1,1,VISO,,,,NON,
14532,1609900,1818248,8966313,12105,4458,8966313,EM,2026DE_050,Clupea harengus,LV,,26,,,3,1,VISO,,,,NON,
14532,1609893,1818249,8966302,12105,4458,8966302,EM,2026DE_035,Clupea harengus,LV,,32,,,1,1,VISO,,,,NON,
14532,1609893,1818250,8966303,12105,4458,8966303,EM,2026DE_035,Clupea harengus,LV,,36,,,1,1,VISO,,,,NON,
14532,1609894,1818251,8966304,12105,4458,8966304,EM,2026DE_036,Clupea harengus,LV,,34,,,3,1,VISO,,,,NON,
14532,1609894,1818252,8966305,12105,4458,8966305,EM,2026DE_036,Clupea harengus,LV,,35,,,2,1,VISO,,,,NON,
14532,1609894,1818253,8966306,12105,4458,8966306,EM,2026DE_036,Clupea harengus,LV,,38,,,1,1,VISO,,,,NON,
14532,1609895,1818254,8966307,12105,4458,8966307,EM,2026DE_037,Clupea harengus,LV,,36,,,1,1,VISO,,,,NON,
14532,1609892,1818255,8966296,12105,4458,8966296,EM,2026DE_034,Clupea harengus,LV,,20,,,5,1,VISO,,,,NON,
14532,1609892,1818256,8966297,12105,4458,8966297,EM,2026DE_034,Clupea harengus,LV,,21,,,8,1,VISO,,,,NON,
14532,1609892,1818257,8966298,12105,4458,8966298,EM,2026DE_034,Clupea harengus,LV,,22,,,4,1,VISO,,,,NON,
14532,1609892,1818258,8966299,12105,4458,8966299,EM,2026DE_034,Clupea harengus,LV,,31,,,1,1,VISO,,,,NON,
14532,1609892,1818259,8966300,12105,4458,8966300,EM,2026DE_034,Clupea harengus,LV,,33,,,1,1,VISO,,,,NON,
14532,1609892,1818260,8966301,12105,4458,8966301,EM,2026DE_034,Clupea harengus,LV,,36,,,1,1,VISO,,,,NON,
14532,1609891,1818261,8966290,12105,4458,8966290,EM,2026DE_027,Clupea harengus,LV,,23,,,15,1,VISO,,,,NON,
14532,1609891,1818262,8966291,12105,4458,8966291,EM,2026DE_027,Clupea harengus,LV,,24,,,4,1,VISO,,,,NON,
14532,1609891,1818263,8966292,12105,4458,8966292,EM,2026DE_027,Clupea harengus,LV,,25,,,5,1,VISO,,,,NON,
14532,1609891,1818264,8966293,12105,4458,8966293,EM,2026DE_027,Clupea harengus,LV,,26,,,1,1,VISO,,,,NON,
14532,1609891,1818265,8966294,12105,4458,8966294,EM,2026DE_027,Clupea harengus,LV,,27,,,1,1,VISO,,,,NON,
14532,1609892,1818266,8966295,12105,4458,8966295,EM,2026DE_034,Clupea harengus,LV,,19,,,13,1,VISO,,,,NON,
14532,1609890,1818267,8966284,12105,4458,8966284,EM,2026DE_026,Clupea harengus,LV,,28,,,1,1,VISO,,,,NON,
14532,1609891,1818268,8966285,12105,4458,8966285,EM,2026DE_027,Clupea harengus,LV,,18,,,4,1,VISO,,,,NON,
14532,1609891,1818269,8966286,12105,4458,8966286,EM,2026DE_027,Clupea harengus,LV,,19,,,1,1,VISO,,,,NON,
14532,1609891,1818270,8966287,12105,4458,8966287,EM,2026DE_027,Clupea harengus,LV,,20,,,6,1,VISO,,,,NON,
14532,1609891,1818271,8966288,12105,4458,8966288,EM,2026DE_027,Clupea harengus,LV,,21,,,5,1,VISO,,,,NON,
14532,1609891,1818272,8966289,12105,4458,8966289,EM,2026DE_027,Clupea harengus,LV,,22,,,6,1,VISO,,,,NON,
14532,1609890,1818273,8966278,12105,4458,8966278,EM,2026DE_026,Clupea harengus,LV,,22,,,12,1,VISO,,,,NON,
14532,1609890,1818274,8966279,12105,4458,8966279,EM,2026DE_026,Clupea harengus,LV,,23,,,11,1,VISO,,,,NON,
14532,1609890,1818275,8966280,12105,4458,8966280,EM,2026DE_026,Clupea harengus,LV,,24,,,5,1,VISO,,,,NON,
14532,1609890,1818276,8966281,12105,4458,8966281,EM,2026DE_026,Clupea harengus,LV,,25,,,6,1,VISO,,,,NON,
14532,1609890,1818277,8966282,12105,4458,8966282,EM,2026DE_026,Clupea harengus,LV,,26,,,4,1,VISO,,,,NON,
14532,1609890,1818278,8966283,12105,4458,8966283,EM,2026DE_026,Clupea harengus,LV,,27,,,1,1,VISO,,,,NON,
14532,1609889,1818279,8966272,12105,4458,8966272,EM,2026DE_025,Clupea harengus,LV,,32,,,1,1,VISO,,,,NON,
14532,1609889,1818280,8966273,12105,4458,8966273,EM,2026DE_025,Clupea harengus,LV,,33,,,1,1,VISO,,,,NON,
14532,1609890,1818281,8966274,12105,4458,8966274,EM,2026DE_026,Clupea harengus,LV,,17,,,2,1,VISO,,,,NON,
14532,1609890,1818282,8966275,12105,4458,8966275,EM,2026DE_026,Clupea harengus,LV,,18,,,2,1,VISO,,,,NON,
14532,1609890,1818283,8966276,12105,4458,8966276,EM,2026DE_026,Clupea harengus,LV,,19,,,5,1,VISO,,,,NON,
14532,1609890,1818284,8966277,12105,4458,8966277,EM,2026DE_026,Clupea harengus,LV,,21,,,2,1,VISO,,,,NON,
14532,1609888,1818285,8966266,12105,4458,8966266,EM,2026DE_024,Clupea harengus,LV,,26,,,1,1,VISO,,,,NON,
14532,1609888,1818286,8966267,12105,4458,8966267,EM,2026DE_024,Clupea harengus,LV,,27,,,2,1,VISO,,,,NON,
14532,1609888,1818287,8966268,12105,4458,8966268,EM,2026DE_024,Clupea harengus,LV,,28,,,1,1,VISO,,,,NON,
14532,1609888,1818288,8966269,12105,4458,8966269,EM,2026DE_024,Clupea harengus,LV,,30,,,1,1,VISO,,,,NON,
14532,1609888,1818289,8966270,12105,4458,8966270,EM,2026DE_024,Clupea harengus,LV,,32,,,1,1,VISO,,,,NON,
14532,1609889,1818290,8966271,12105,4458,8966271,EM,2026DE_025,Clupea harengus,LV,,24,,,1,1,VISO,,,,NON,
14532,1609888,1818291,8966260,12105,4458,8966260,EM,2026DE_024,Clupea harengus,LV,,19,,,16,1,VISO,,,,NON,
14532,1609888,1818292,8966261,12105,4458,8966261,EM,2026DE_024,Clupea harengus,LV,,20,,,17,1,VISO,,,,NON,
14532,1609888,1818293,8966262,12105,4458,8966262,EM,2026DE_024,Clupea harengus,LV,,21,,,17,1,VISO,,,,NON,
14532,1609888,1818294,8966263,12105,4458,8966263,EM,2026DE_024,Clupea harengus,LV,,22,,,19,1,VISO,,,,NON,
14532,1609888,1818295,8966264,12105,4458,8966264,EM,2026DE_024,Clupea harengus,LV,,24,,,3,1,VISO,,,,NON,
14532,1609888,1818296,8966265,12105,4458,8966265,EM,2026DE_024,Clupea harengus,LV,,25,,,2,1,VISO,,,,NON,
14532,1609888,1818297,8966254,12105,4458,8966254,EM,2026DE_024,Clupea harengus,LV,,13,,,2,1,VISO,,,,NON,
14532,1609888,1818298,8966255,12105,4458,8966255,EM,2026DE_024,Clupea harengus,LV,,14,,,13,1,VISO,,,,NON,
14532,1609888,1818299,8966256,12105,4458,8966256,EM,2026DE_024,Clupea harengus,LV,,15,,,23,1,VISO,,,,NON,
14532,1609888,1818300,8966257,12105,4458,8966257,EM,2026DE_024,Clupea harengus,LV,,16,,,41,1,VISO,,,,NON,
14532,1609888,1818301,8966258,12105,4458,8966258,EM,2026DE_024,Clupea harengus,LV,,17,,,101,1,VISO,,,,NON,
14532,1609888,1818302,8966259,12105,4458,8966259,EM,2026DE_024,Clupea harengus,LV,,18,,,34,1,VISO,,,,NON,
14532,1609887,1818303,8966248,12105,4458,8966248,EM,2026DE_023,Clupea harengus,LV,,20,,,2,1,VISO,,,,NON,
14532,1609887,1818304,8966249,12105,4458,8966249,EM,2026DE_023,Clupea harengus,LV,,21,,,1,1,VISO,,,,NON,
14532,1609887,1818305,8966250,12105,4458,8966250,EM,2026DE_023,Clupea harengus,LV,,30,,,1,1,VISO,,,,NON,
14532,1609887,1818306,8966251,12105,4458,8966251,EM,2026DE_023,Clupea harengus,LV,,33,,,1,1,VISO,,,,NON,
14532,1609887,1818307,8966252,12105,4458,8966252,EM,2026DE_023,Clupea harengus,LV,,34,,,1,1,VISO,,,,NON,
14532,1609888,1818308,8966253,12105,4458,8966253,EM,2026DE_024,Clupea harengus,LV,,12,,,1,1,VISO,,,,NON,
14532,1609886,1818309,8966242,12105,4458,8966242,EM,2026DE_022,Clupea harengus,LV,,19,,,24,1,VISO,,,,NON,
14532,1609886,1818310,8966243,12105,4458,8966243,EM,2026DE_022,Clupea harengus,LV,,20,,,27,1,VISO,,,,NON,
14532,1609886,1818311,8966244,12105,4458,8966244,EM,2026DE_022,Clupea harengus,LV,,21,,,34,1,VISO,,,,NON,
14532,1609886,1818312,8966245,12105,4458,8966245,EM,2026DE_022,Clupea harengus,LV,,22,,,26,1,VISO,,,,NON,
14532,1609886,1818313,8966246,12105,4458,8966246,EM,2026DE_022,Clupea harengus,LV,,23,,,5,1,VISO,,,,NON,
14532,1609886,1818314,8966247,12105,4458,8966247,EM,2026DE_022,Clupea harengus,LV,,24,,,9,1,VISO,,,,NON,
14532,1609885,1818315,8966236,12105,4458,8966236,EM,2026DE_021,Clupea harengus,LV,,25,,,2,1,VISO,,,,NON,
14532,1609885,1818316,8966237,12105,4458,8966237,EM,2026DE_021,Clupea harengus,LV,,26,,,3,1,VISO,,,,NON,
14532,1609886,1818317,8966238,12105,4458,8966238,EM,2026DE_022,Clupea harengus,LV,,15,,,2,1,VISO,,,,NON,
14532,1609886,1818318,8966239,12105,4458,8966239,EM,2026DE_022,Clupea harengus,LV,,16,,,19,1,VISO,,,,NON,
14532,1609886,1818319,8966240,12105,4458,8966240,EM,2026DE_022,Clupea harengus,LV,,17,,,17,1,VISO,,,,NON,
14532,1609886,1818320,8966241,12105,4458,8966241,EM,2026DE_022,Clupea harengus,LV,,18,,,23,1,VISO,,,,NON,
14532,1609885,1818321,8966230,12105,4458,8966230,EM,2026DE_021,Clupea harengus,LV,,19,,,23,1,VISO,,,,NON,
14532,1609885,1818322,8966231,12105,4458,8966231,EM,2026DE_021,Clupea harengus,LV,,20,,,14,1,VISO,,,,NON,
14532,1609885,1818323,8966232,12105,4458,8966232,EM,2026DE_021,Clupea harengus,LV,,21,,,23,1,VISO,,,,NON,
14532,1609885,1818324,8966233,12105,4458,8966233,EM,2026DE_021,Clupea harengus,LV,,22,,,13,1,VISO,,,,NON,
14532,1609885,1818325,8966234,12105,4458,8966234,EM,2026DE_021,Clupea harengus,LV,,23,,,4,1,VISO,,,,NON,
14532,1609885,1818326,8966235,12105,4458,8966235,EM,2026DE_021,Clupea harengus,LV,,24,,,8,1,VISO,,,,NON,
14532,1609850,1818327,8966469,12116,4458,8966469,EM,2026DE_168,Maurolicus muelleri,LV,,31,,,1,1,VISO,,,,NON,
14532,1609905,1818328,8966328,12120,4458,8966328,EM,2026DE_063,Microstomus kitt,LV,,11,,,1,1,VISO,,,,NON,
14532,1609911,1818329,8966348,12196,4458,8966348,EM,2026DE_075,Anguilla anguilla,LV,,75,,,1,1,VISO,,,,NON,
14532,1609915,1818330,8966363,12196,4458,8966363,EM,2026DE_079,Anguilla anguilla,LV,,40,,,1,1,VISO,,,,NON,
14532,1609921,1818331,8966391,12196,4458,8966391,EM,2026DE_093,Anguilla anguilla,LV,,71,,,1,1,VISO,,,,NON,
14532,1609921,1818332,8966392,12196,4458,8966392,EM,2026DE_093,Anguilla anguilla,LV,,67,,,1,1,VISO,,,,NON,
14532,1609924,1818333,8966407,12196,4458,8966407,EM,2026DE_104,Anguilla anguilla,LV,,72,,,1,1,VISO,,,,NON,
14532,1609938,1818334,8966447,12196,4458,8966447,EM,2026DE_130,Anguilla anguilla,LV,,72,,,1,1,VISO,,,,NON,
14532,1609939,1818335,8966448,12196,4458,8966448,EM,2026DE_131,Anguilla anguilla,LV,,76,,,1,1,VISO,,,,NON,
14532,1609843,1818336,8966460,12196,4458,8966460,EM,2026DE_155,Anguilla anguilla,LV,,72,,,1,1,VISO,,,,NON,
14532,1609850,1818337,8966470,12196,4458,8966470,EM,2026DE_168,Anguilla anguilla,LV,,68,,,1,1,VISO,,,,NON,
14532,1609851,1818338,8966473,12196,4458,8966473,EM,2026DE_169,Anguilla anguilla,LV,,72,,,1,1,VISO,,,,NON,
14532,1609853,1818339,8966475,12196,4458,8966475,EM,2026DE_171,Anguilla anguilla,LV,,71,,,1,1,VISO,,,,NON,
14533,1609941,1818340,8966664,12105,4458,8966664,EM,2026NO_148,Clupea harengus,LV,,19,,,1,1,,,,,,
14533,1609943,1818341,8966665,12105,4458,8966665,EM,2026NO_150,Clupea harengus,LV,,20,,,1,1,,,,,,
14533,1609944,1818342,8966666,12105,4458,8966666,EM,2026NO_151,Clupea harengus,LV,,19,,,1,1,,,,,,
14533,1609944,1818343,8966667,12105,4458,8966667,EM,2026NO_151,Clupea harengus,LV,,21,,,1,1,,,,,,
14533,1609944,1818344,8966668,12105,4458,8966668,EM,2026NO_151,Clupea harengus,LV,,23,,,1,1,,,,,,
14533,1609945,1818345,8966669,12105,4458,8966669,EM,2026NO_152,Clupea harengus,LV,,24,,,1,1,,,,,,
14533,1610004,1818346,8966606,12105,4458,8966606,EM,2026NO_235,Clupea harengus,LV,,21,,,1,1,,,,,,
14533,1610005,1818347,8966607,12105,4458,8966607,EM,2026NO_240,Clupea harengus,LV,,22,,,1,1,,,,,,
14533,1610005,1818348,8966608,12105,4458,8966608,EM,2026NO_240,Clupea harengus,LV,,26,,,1,1,,,,,,
14533,1610012,1818349,8966609,12105,4458,8966609,EM,2026NO_250,Clupea harengus,LV,,23,,,1,1,,,,,,
14533,1609998,1818350,8966600,12105,4458,8966600,EM,2026NO_229,Clupea harengus,LV,,22,,,1,1,,,,,,
14533,1610000,1818351,8966601,12105,4458,8966601,EM,2026NO_231,Clupea harengus,LV,,20,,,1,1,,,,,,
14533,1610000,1818352,8966602,12105,4458,8966602,EM,2026NO_231,Clupea harengus,LV,,22,,,1,1,,,,,,
14533,1610000,1818353,8966603,12105,4458,8966603,EM,2026NO_231,Clupea harengus,LV,,23,,,2,1,,,,,,
14533,1610002,1818354,8966604,12105,4458,8966604,EM,2026NO_233,Clupea harengus,LV,,21,,,1,1,,,,,,
14533,1610004,1818355,8966605,12105,4458,8966605,EM,2026NO_235,Clupea harengus,LV,,14,,,1,1,,,,,,
14533,1609992,1818356,8966594,12105,4458,8966594,EM,2026NO_221,Clupea harengus,LV,,28,,,1,1,,,,,,
14533,1609993,1818357,8966595,12105,4458,8966595,EM,2026NO_222,Clupea harengus,LV,,21,,,1,1,,,,,,
14533,1609993,1818358,8966596,12105,4458,8966596,EM,2026NO_222,Clupea harengus,LV,,24,,,1,1,,,,,,
14533,1609993,1818359,8966597,12105,4458,8966597,EM,2026NO_222,Clupea harengus,LV,,26,,,1,1,,,,,,
14533,1609994,1818360,8966598,12105,4458,8966598,EM,2026NO_223,Clupea harengus,LV,,21,,,1,1,,,,,,
14533,1609998,1818361,8966599,12105,4458,8966599,EM,2026NO_229,Clupea harengus,LV,,21,,,1,1,,,,,,
14533,1609991,1818362,8966588,12105,4458,8966588,EM,2026NO_220,Clupea harengus,LV,,24,,,2,1,,,,,,
14533,1609992,1818363,8966589,12105,4458,8966589,EM,2026NO_221,Clupea harengus,LV,,18,,,1,1,,,,,,
14533,1609992,1818364,8966590,12105,4458,8966590,EM,2026NO_221,Clupea harengus,LV,,22,,,1,1,,,,,,
14533,1609992,1818365,8966591,12105,4458,8966591,EM,2026NO_221,Clupea harengus,LV,,23,,,2,1,,,,,,
14533,1609992,1818366,8966592,12105,4458,8966592,EM,2026NO_221,Clupea harengus,LV,,24,,,2,1,,,,,,
14533,1609992,1818367,8966593,12105,4458,8966593,EM,2026NO_221,Clupea harengus,LV,,25,,,1,1,,,,,,
14533,1609986,1818368,8966582,12105,4458,8966582,EM,2026NO_213,Clupea harengus,LV,,23,,,2,1,,,,,,
14533,1609986,1818369,8966583,12105,4458,8966583,EM,2026NO_213,Clupea harengus,LV,,24,,,2,1,,,,,,
14533,1609986,1818370,8966584,12105,4458,8966584,EM,2026NO_213,Clupea harengus,LV,,26,,,1,1,,,,,,
14533,1609986,1818371,8966585,12105,4458,8966585,EM,2026NO_213,Clupea harengus,LV,,28,,,1,1,,,,,,
14533,1609987,1818372,8966586,12105,4458,8966586,EM,2026NO_214,Clupea harengus,LV,,24,,,1,1,,,,,,
14533,1609990,1818373,8966587,12105,4458,8966587,EM,2026NO_219,Clupea harengus,LV,,23,,,1,1,,,,,,
14533,1609984,1818374,8966576,12105,4458,8966576,EM,2026NO_211,Clupea harengus,LV,,25,,,1,1,,,,,,
14533,1609984,1818375,8966577,12105,4458,8966577,EM,2026NO_211,Clupea harengus,LV,,26,,,1,1,,,,,,
14533,1609984,1818376,8966578,12105,4458,8966578,EM,2026NO_211,Clupea harengus,LV,,27,,,1,1,,,,,,
14533,1609985,1818377,8966579,12105,4458,8966579,EM,2026NO_212,Clupea harengus,LV,,24,,,1,1,,,,,,
14533,1609985,1818378,8966580,12105,4458,8966580,EM,2026NO_212,Clupea harengus,LV,,27,,,2,1,,,,,,
14533,1609985,1818379,8966581,12105,4458,8966581,EM,2026NO_212,Clupea harengus,LV,,28,,,1,1,,,,,,
14533,1609982,1818380,8966570,12105,4458,8966570,EM,2026NO_202,Clupea harengus,LV,,34,,,2,1,,,,,,
14533,1609982,1818381,8966571,12105,4458,8966571,EM,2026NO_202,Clupea harengus,LV,,35,,,3,1,,,,,,
14533,1609982,1818382,8966572,12105,4458,8966572,EM,2026NO_202,Clupea harengus,LV,,36,,,2,1,,,,,,
14533,1609982,1818383,8966573,12105,4458,8966573,EM,2026NO_202,Clupea harengus,LV,,37,,,2,1,,,,,,
14533,1609982,1818384,8966574,12105,4458,8966574,EM,2026NO_202,Clupea harengus,LV,,38,,,2,1,,,,,,
14533,1609983,1818385,8966575,12105,4458,8966575,EM,2026NO_207,Clupea harengus,LV,,26,,,1,1,,,,,,
14533,1609980,1818386,8966564,12105,4458,8966564,EM,2026NO_200,Clupea harengus,LV,,34,,,2,1,,,,,,
14533,1609980,1818387,8966565,12105,4458,8966565,EM,2026NO_200,Clupea harengus,LV,,36,,,2,1,,,,,,
14533,1609980,1818388,8966566,12105,4458,8966566,EM,2026NO_200,Clupea harengus,LV,,37,,,1,1,,,,,,
14533,1609981,1818389,8966567,12105,4458,8966567,EM,2026NO_201,Clupea harengus,LV,,26,,,1,1,,,,,,
14533,1609981,1818390,8966568,12105,4458,8966568,EM,2026NO_201,Clupea harengus,LV,,32,,,1,1,,,,,,
14533,1609981,1818391,8966569,12105,4458,8966569,EM,2026NO_201,Clupea harengus,LV,,36,,,1,1,,,,,,
14533,1609979,1818392,8966558,12105,4458,8966558,EM,2026NO_199,Clupea harengus,LV,,34,,,4,1,,,,,,
14533,1609979,1818393,8966559,12105,4458,8966559,EM,2026NO_199,Clupea harengus,LV,,35,,,6,1,,,,,,
14533,1609979,1818394,8966560,12105,4458,8966560,EM,2026NO_199,Clupea harengus,LV,,36,,,8,1,,,,,,
14533,1609979,1818395,8966561,12105,4458,8966561,EM,2026NO_199,Clupea harengus,LV,,37,,,7,1,,,,,,
14533,1609979,1818396,8966562,12105,4458,8966562,EM,2026NO_199,Clupea harengus,LV,,38,,,2,1,,,,,,
14533,1609980,1818397,8966563,12105,4458,8966563,EM,2026NO_200,Clupea harengus,LV,,32,,,2,1,,,,,,
14533,1609976,1818398,8966552,12105,4458,8966552,EM,2026NO_194,Clupea harengus,LV,,26,,,2,1,,,,,,
14533,1609976,1818399,8966553,12105,4458,8966553,EM,2026NO_194,Clupea harengus,LV,,27,,,1,1,,,,,,
14533,1609977,1818400,8966554,12105,4458,8966554,EM,2026NO_197,Clupea harengus,LV,,29,,,1,1,,,,,,
14533,1609979,1818401,8966555,12105,4458,8966555,EM,2026NO_199,Clupea harengus,LV,,31,,,2,1,,,,,,
14533,1609979,1818402,8966556,12105,4458,8966556,EM,2026NO_199,Clupea harengus,LV,,32,,,2,1,,,,,,
14533,1609979,1818403,8966557,12105,4458,8966557,EM,2026NO_199,Clupea harengus,LV,,33,,,3,1,,,,,,
14533,1609975,1818404,8966546,12105,4458,8966546,EM,2026NO_193,Clupea harengus,LV,,25,,,1,1,,,,,,
14533,1609975,1818405,8966547,12105,4458,8966547,EM,2026NO_193,Clupea harengus,LV,,26,,,2,1,,,,,,
14533,1609975,1818406,8966548,12105,4458,8966548,EM,2026NO_193,Clupea harengus,LV,,27,,,1,1,,,,,,
14533,1609975,1818407,8966549,12105,4458,8966549,EM,2026NO_193,Clupea harengus,LV,,28,,,1,1,,,,,,
14533,1609976,1818408,8966550,12105,4458,8966550,EM,2026NO_194,Clupea harengus,LV,,22,,,1,1,,,,,,
14533,1609976,1818409,8966551,12105,4458,8966551,EM,2026NO_194,Clupea harengus,LV,,25,,,2,1,,,,,,
14533,1609974,1818410,8966540,12105,4458,8966540,EM,2026NO_192,Clupea harengus,LV,,27,,,1,1,,,,,,
14533,1609974,1818411,8966541,12105,4458,8966541,EM,2026NO_192,Clupea harengus,LV,,29,,,1,1,,,,,,
14533,1609974,1818412,8966542,12105,4458,8966542,EM,2026NO_192,Clupea harengus,LV,,30,,,1,1,,,,,,
14533,1609974,1818413,8966543,12105,4458,8966543,EM,2026NO_192,Clupea harengus,LV,,32,,,1,1,,,,,,
14533,1609975,1818414,8966544,12105,4458,8966544,EM,2026NO_193,Clupea harengus,LV,,23,,,1,1,,,,,,
14533,1609975,1818415,8966545,12105,4458,8966545,EM,2026NO_193,Clupea harengus,LV,,24,,,3,1,,,,,,
14533,1609972,1818416,8966688,12105,4458,8966688,EM,2026NO_190,Clupea harengus,LV,,32,,,1,1,,,,,,
14533,1609972,1818417,8966689,12105,4458,8966689,EM,2026NO_190,Clupea harengus,LV,,33,,,1,1,,,,,,
14533,1609973,1818418,8966536,12105,4458,8966536,EM,2026NO_191,Clupea harengus,LV,,30,,,2,1,,,,,,
14533,1609973,1818419,8966537,12105,4458,8966537,EM,2026NO_191,Clupea harengus,LV,,31,,,1,1,,,,,,
14533,1609973,1818420,8966538,12105,4458,8966538,EM,2026NO_191,Clupea harengus,LV,,32,,,1,1,,,,,,
14533,1609974,1818421,8966539,12105,4458,8966539,EM,2026NO_192,Clupea harengus,LV,,26,,,2,1,,,,,,
14533,1609956,1818422,8966682,12105,4458,8966682,EM,2026NO_169,Clupea harengus,LV,,32,,,1,1,,,,,,
14533,1609956,1818423,8966683,12105,4458,8966683,EM,2026NO_169,Clupea harengus,LV,,35,,,1,1,,,,,,
14533,1609969,1818424,8966684,12105,4458,8966684,EM,2026NO_187,Clupea harengus,LV,,33,,,1,1,,,,,,
14533,1609970,1818425,8966685,12105,4458,8966685,EM,2026NO_188,Clupea harengus,LV,,26,,,1,1,,,,,,
14533,1609970,1818426,8966686,12105,4458,8966686,EM,2026NO_188,Clupea harengus,LV,,30,,,1,1,,,,,,
14533,1609971,1818427,8966687,12105,4458,8966687,EM,2026NO_189,Clupea harengus,LV,,32,,,1,1,,,,,,
14533,1609954,1818428,8966676,12105,4458,8966676,EM,2026NO_167,Clupea harengus,LV,,31,,,2,1,,,,,,
14533,1609954,1818429,8966677,12105,4458,8966677,EM,2026NO_167,Clupea harengus,LV,,32,,,2,1,,,,,,
14533,1609954,1818430,8966678,12105,4458,8966678,EM,2026NO_167,Clupea harengus,LV,,35,,,1,1,,,,,,
14533,1609955,1818431,8966679,12105,4458,8966679,EM,2026NO_168,Clupea harengus,LV,,29,,,1,1,,,,,,
14533,1609956,1818432,8966680,12105,4458,8966680,EM,2026NO_169,Clupea harengus,LV,,27,,,1,1,,,,,,
14533,1609956,1818433,8966681,12105,4458,8966681,EM,2026NO_169,Clupea harengus,LV,,30,,,1,1,,,,,,
14533,1609947,1818434,8966670,12105,4458,8966670,EM,2026NO_157,Clupea harengus,LV,,21,,,1,1,,,,,,
14533,1609948,1818435,8966671,12105,4458,8966671,EM,2026NO_158,Clupea harengus,LV,,20,,,1,1,,,,,,
14533,1609954,1818436,8966672,12105,4458,8966672,EM,2026NO_167,Clupea harengus,LV,,27,,,1,1,,,,,,
14533,1609954,1818437,8966673,12105,4458,8966673,EM,2026NO_167,Clupea harengus,LV,,28,,,2,1,,,,,,
14533,1609954,1818438,8966674,12105,4458,8966674,EM,2026NO_167,Clupea harengus,LV,,29,,,1,1,,,,,,
14533,1609954,1818439,8966675,12105,4458,8966675,EM,2026NO_167,Clupea harengus,LV,,30,,,1,1,,,,,,
14533,1609944,1818440,8966618,12116,4458,8966618,EM,2026NO_151,Maurolicus muelleri,LV,,16,,,1,1,,,,,,
14533,1609947,1818441,8966619,12116,4458,8966619,EM,2026NO_157,Maurolicus muelleri,LV,,17,,,1,1,,,,,,
14533,1609948,1818442,8966620,12116,4458,8966620,EM,2026NO_158,Maurolicus muelleri,LV,,17,,,2,1,,,,,,
14533,1609948,1818443,8966621,12116,4458,8966621,EM,2026NO_158,Maurolicus muelleri,LV,,19,,,1,1,,,,,,
14533,1609948,1818444,8966622,12116,4458,8966622,EM,2026NO_158,Maurolicus muelleri,LV,,24,,,1,1,,,,,,
14533,1609948,1818445,8966623,12116,4458,8966623,EM,2026NO_158,Maurolicus muelleri,LV,,26,,,1,1,,,,,,
14533,1610007,1818446,8966660,12116,4458,8966660,EM,2026NO_242,Maurolicus muelleri,LV,,28,,,1,1,,,,,,
14533,1610007,1818447,8966661,12116,4458,8966661,EM,2026NO_242,Maurolicus muelleri,LV,,29,,,1,1,,,,,,
14533,1610012,1818448,8966662,12116,4458,8966662,EM,2026NO_250,Maurolicus muelleri,LV,,30,,,1,1,,,,,,
14533,1609998,1818449,8966654,12116,4458,8966654,EM,2026NO_229,Maurolicus muelleri,LV,,28,,,1,1,,,,,,
14533,1609998,1818450,8966655,12116,4458,8966655,EM,2026NO_229,Maurolicus muelleri,LV,,29,,,1,1,,,,,,
14533,1609998,1818451,8966656,12116,4458,8966656,EM,2026NO_229,Maurolicus muelleri,LV,,31,,,1,1,,,,,,
14533,1610001,1818452,8966657,12116,4458,8966657,EM,2026NO_232,Maurolicus muelleri,LV,,28,,,1,1,,,,,,
14533,1610004,1818453,8966658,12116,4458,8966658,EM,2026NO_235,Maurolicus muelleri,LV,,13,,,1,1,,,,,,
14533,1610007,1818454,8966659,12116,4458,8966659,EM,2026NO_242,Maurolicus muelleri,LV,,27,,,1,1,,,,,,
14533,1609997,1818455,8966648,12116,4458,8966648,EM,2026NO_228,Maurolicus muelleri,LV,,43,,,1,1,,,,,,
14533,1609998,1818456,8966649,12116,4458,8966649,EM,2026NO_229,Maurolicus muelleri,LV,,20,,,3,1,,,,,,
14533,1609998,1818457,8966650,12116,4458,8966650,EM,2026NO_229,Maurolicus muelleri,LV,,21,,,1,1,,,,,,
14533,1609998,1818458,8966651,12116,4458,8966651,EM,2026NO_229,Maurolicus muelleri,LV,,23,,,1,1,,,,,,
14533,1609998,1818459,8966652,12116,4458,8966652,EM,2026NO_229,Maurolicus muelleri,LV,,26,,,1,1,,,,,,
14533,1609998,1818460,8966653,12116,4458,8966653,EM,2026NO_229,Maurolicus muelleri,LV,,27,,,1,1,,,,,,
14533,1609994,1818461,8966642,12116,4458,8966642,EM,2026NO_223,Maurolicus muelleri,LV,,23,,,1,1,,,,,,
14533,1609995,1818462,8966643,12116,4458,8966643,EM,2026NO_224,Maurolicus muelleri,LV,,17,,,1,1,,,,,,
14533,1609997,1818463,8966644,12116,4458,8966644,EM,2026NO_228,Maurolicus muelleri,LV,,21,,,1,1,,,,,,
14533,1609997,1818464,8966645,12116,4458,8966645,EM,2026NO_228,Maurolicus muelleri,LV,,23,,,1,1,,,,,,
14533,1609997,1818465,8966646,12116,4458,8966646,EM,2026NO_228,Maurolicus muelleri,LV,,27,,,1,1,,,,,,
14533,1609997,1818466,8966647,12116,4458,8966647,EM,2026NO_228,Maurolicus muelleri,LV,,29,,,1,1,,,,,,
14533,1609964,1818467,8966636,12116,4458,8966636,EM,2026NO_179,Maurolicus muelleri,LV,,24,,,1,1,,,,,,
14533,1609965,1818468,8966637,12116,4458,8966637,EM,2026NO_180,Maurolicus muelleri,LV,,33,,,1,1,,,,,,
14533,1609986,1818469,8966638,12116,4458,8966638,EM,2026NO_213,Maurolicus muelleri,LV,,25,,,1,1,,,,,,
14533,1609986,1818470,8966639,12116,4458,8966639,EM,2026NO_213,Maurolicus muelleri,LV,,32,,,1,1,,,,,,
14533,1609989,1818471,8966640,12116,4458,8966640,EM,2026NO_216,Maurolicus muelleri,LV,,28,,,1,1,,,,,,
14533,1609993,1818472,8966641,12116,4458,8966641,EM,2026NO_222,Maurolicus muelleri,LV,,15,,,1,1,,,,,,
14533,1609953,1818473,8966630,12116,4458,8966630,EM,2026NO_163,Maurolicus muelleri,LV,,20,,,2,1,,,,,,
14533,1609958,1818474,8966631,12116,4458,8966631,EM,2026NO_171,Maurolicus muelleri,LV,,25,,,1,1,,,,,,
14533,1609961,1818475,8966632,12116,4458,8966632,EM,2026NO_176,Maurolicus muelleri,LV,,35,,,1,1,,,,,,
14533,1609961,1818476,8966633,12116,4458,8966633,EM,2026NO_176,Maurolicus muelleri,LV,,47,,,1,1,,,,,,
14533,1609962,1818477,8966634,12116,4458,8966634,EM,2026NO_177,Maurolicus muelleri,LV,,20,,,1,1,,,,,,
14533,1609962,1818478,8966635,12116,4458,8966635,EM,2026NO_177,Maurolicus muelleri,LV,,25,,,1,1,,,,,,
14533,1609948,1818479,8966624,12116,4458,8966624,EM,2026NO_158,Maurolicus muelleri,LV,,35,,,1,1,,,,,,
14533,1609948,1818480,8966625,12116,4458,8966625,EM,2026NO_158,Maurolicus muelleri,LV,,43,,,1,1,,,,,,
14533,1609948,1818481,8966626,12116,4458,8966626,EM,2026NO_158,Maurolicus muelleri,LV,,47,,,1,1,,,,,,
14533,1609953,1818482,8966627,12116,4458,8966627,EM,2026NO_163,Maurolicus muelleri,LV,,13,,,1,1,,,,,,
14533,1609953,1818483,8966628,12116,4458,8966628,EM,2026NO_163,Maurolicus muelleri,LV,,15,,,1,1,,,,,,
14533,1609953,1818484,8966629,12116,4458,8966629,EM,2026NO_163,Maurolicus muelleri,LV,,19,,,1,1,,,,,,
14533,1609981,1818485,8966663,12120,4458,8966663,EM,2026NO_201,Microstomus kitt,LV,,20,,,1,1,,,,,,
14533,1609949,1818486,8966610,12196,4458,8966610,EM,2026NO_159,Anguilla anguilla,LV,,72,,,1,1,,,,,,
14533,1609954,1818487,8966611,12196,4458,8966611,EM,2026NO_167,Anguilla anguilla,LV,,80,,,1,1,,,,,,
14533,1609963,1818488,8966612,12196,4458,8966612,EM,2026NO_178,Anguilla anguilla,LV,,72,,,1,1,,,,,,
14533,1609963,1818489,8966613,12196,4458,8966613,EM,2026NO_178,Anguilla anguilla,LV,,80,,,1,1,,,,,,
14533,1609966,1818490,8966614,12196,4458,8966614,EM,2026NO_181,Anguilla anguilla,LV,,75,,,1,1,,,,,,
14533,1609977,1818491,8966615,12196,4458,8966615,EM,2026NO_197,Anguilla anguilla,LV,,73,,,1,1,,,,,,
14533,1609978,1818492,8966616,12196,4458,8966616,EM,2026NO_198,Anguilla anguilla,LV,,73,,,1,1,,,,,,
14533,1609997,1818493,8966617,12196,4458,8966617,EM,2026NO_228,Anguilla anguilla,LV,,75,,,1,1,,,,,,
14534,1610016,1818494,8967187,12105,4458,8967187,EM,2026DK_003,Clupea harengus,LV,,20,,,1,1,VISO,,,,ETH,
14534,1610017,1818495,8967188,12105,4458,8967188,EM,2026DK_004,Clupea harengus,LV,,24,,,1,1,VISO,,,,ETH,
14534,1610018,1818496,8967189,12105,4458,8967189,EM,2026DK_005,Clupea harengus,LV,,28,,,1,1,VISO,,,,ETH,
14534,1610020,1818497,8967190,12105,4458,8967190,EM,2026DK_007,Clupea harengus,LV,,24,,,1,1,VISO,,,,ETH,
14534,1610020,1818498,8967191,12105,4458,8967191,EM,2026DK_007,Clupea harengus,LV,,26,,,1,1,VISO,,,,ETH,
14534,1610020,1818499,8967192,12105,4458,8967192,EM,2026DK_007,Clupea harengus,LV,,31,,,1,1,VISO,,,,ETH,
14534,1610058,1818500,8966928,12105,4458,8966928,EM,2026DK_050,Clupea harengus,LV,,25,,,2,1,VISO,,,,ETH,
14534,1610058,1818501,8966929,12105,4458,8966929,EM,2026DK_050,Clupea harengus,LV,,27,,,1,1,VISO,,,,ETH,
14534,1610058,1818502,8966930,12105,4458,8966930,EM,2026DK_050,Clupea harengus,LV,,28,,,1,1,VISO,,,,ETH,
14534,1610059,1818503,8966931,12105,4458,8966931,EM,2026DK_051,Clupea harengus,LV,,25,,,1,1,VISO,,,,ETH,
14534,1610059,1818504,8966932,12105,4458,8966932,EM,2026DK_051,Clupea harengus,LV,,28,,,1,1,VISO,,,,ETH,
14534,1610058,1818505,8966922,12105,4458,8966922,EM,2026DK_050,Clupea harengus,LV,,19,,,1,1,VISO,,,,ETH,
14534,1610058,1818506,8966923,12105,4458,8966923,EM,2026DK_050,Clupea harengus,LV,,20,,,2,1,VISO,,,,ETH,
14534,1610058,1818507,8966924,12105,4458,8966924,EM,2026DK_050,Clupea harengus,LV,,21,,,3,1,VISO,,,,ETH,
14534,1610058,1818508,8966925,12105,4458,8966925,EM,2026DK_050,Clupea harengus,LV,,22,,,2,1,VISO,,,,ETH,
14534,1610058,1818509,8966926,12105,4458,8966926,EM,2026DK_050,Clupea harengus,LV,,23,,,1,1,VISO,,,,ETH,
14534,1610058,1818510,8966927,12105,4458,8966927,EM,2026DK_050,Clupea harengus,LV,,24,,,1,1,VISO,,,,ETH,
14534,1610057,1818511,8966916,12105,4458,8966916,EM,2026DK_049,Clupea harengus,LV,,28,,,4,1,VISO,,,,ETH,
14534,1610057,1818512,8966917,12105,4458,8966917,EM,2026DK_049,Clupea harengus,LV,,29,,,3,1,VISO,,,,ETH,
14534,1610057,1818513,8966918,12105,4458,8966918,EM,2026DK_049,Clupea harengus,LV,,30,,,3,1,VISO,,,,ETH,
14534,1610057,1818514,8966919,12105,4458,8966919,EM,2026DK_049,Clupea harengus,LV,,31,,,5,1,VISO,,,,ETH,
14534,1610057,1818515,8966920,12105,4458,8966920,EM,2026DK_049,Clupea harengus,LV,,32,,,2,1,VISO,,,,ETH,
14534,1610057,1818516,8966921,12105,4458,8966921,EM,2026DK_049,Clupea harengus,LV,,33,,,1,1,VISO,,,,ETH,
14534,1610056,1818517,8966910,12105,4458,8966910,EM,2026DK_048,Clupea harengus,LV,,25,,,2,1,VISO,,,,ETH,
14534,1610056,1818518,8966911,12105,4458,8966911,EM,2026DK_048,Clupea harengus,LV,,26,,,4,1,VISO,,,,ETH,
14534,1610057,1818519,8966912,12105,4458,8966912,EM,2026DK_049,Clupea harengus,LV,,24,,,3,1,VISO,,,,ETH,
14534,1610057,1818520,8966913,12105,4458,8966913,EM,2026DK_049,Clupea harengus,LV,,25,,,2,1,VISO,,,,ETH,
14534,1610057,1818521,8966914,12105,4458,8966914,EM,2026DK_049,Clupea harengus,LV,,26,,,2,1,VISO,,,,ETH,
14534,1610057,1818522,8966915,12105,4458,8966915,EM,2026DK_049,Clupea harengus,LV,,27,,,3,1,VISO,,,,ETH,
14534,1610055,1818523,8966904,12105,4458,8966904,EM,2026DK_047,Clupea harengus,LV,,29,,,1,1,VISO,,,,ETH,
14534,1610055,1818524,8966905,12105,4458,8966905,EM,2026DK_047,Clupea harengus,LV,,30,,,1,1,VISO,,,,ETH,
14534,1610056,1818525,8966906,12105,4458,8966906,EM,2026DK_048,Clupea harengus,LV,,20,,,1,1,VISO,,,,ETH,
14534,1610056,1818526,8966907,12105,4458,8966907,EM,2026DK_048,Clupea harengus,LV,,21,,,1,1,VISO,,,,ETH,
14534,1610056,1818527,8966908,12105,4458,8966908,EM,2026DK_048,Clupea harengus,LV,,23,,,1,1,VISO,,,,ETH,
14534,1610056,1818528,8966909,12105,4458,8966909,EM,2026DK_048,Clupea harengus,LV,,24,,,2,1,VISO,,,,ETH,
14534,1610055,1818529,8966898,12105,4458,8966898,EM,2026DK_047,Clupea harengus,LV,,23,,,2,1,VISO,,,,ETH,
14534,1610055,1818530,8966899,12105,4458,8966899,EM,2026DK_047,Clupea harengus,LV,,24,,,3,1,VISO,,,,ETH,
14534,1610055,1818531,8966900,12105,4458,8966900,EM,2026DK_047,Clupea harengus,LV,,25,,,4,1,VISO,,,,ETH,
14534,1610055,1818532,8966901,12105,4458,8966901,EM,2026DK_047,Clupea harengus,LV,,26,,,3,1,VISO,,,,ETH,
14534,1610055,1818533,8966902,12105,4458,8966902,EM,2026DK_047,Clupea harengus,LV,,27,,,1,1,VISO,,,,ETH,
14534,1610055,1818534,8966903,12105,4458,8966903,EM,2026DK_047,Clupea harengus,LV,,28,,,1,1,VISO,,,,ETH,
14534,1610054,1818535,8966892,12105,4458,8966892,EM,2026DK_046,Clupea harengus,LV,,27,,,4,1,VISO,,,,ETH,
14534,1610054,1818536,8966893,12105,4458,8966893,EM,2026DK_046,Clupea harengus,LV,,28,,,2,1,VISO,,,,ETH,
14534,1610054,1818537,8966894,12105,4458,8966894,EM,2026DK_046,Clupea harengus,LV,,29,,,5,1,VISO,,,,ETH,
14534,1610054,1818538,8966895,12105,4458,8966895,EM,2026DK_046,Clupea harengus,LV,,30,,,4,1,VISO,,,,ETH,
14534,1610054,1818539,8966896,12105,4458,8966896,EM,2026DK_046,Clupea harengus,LV,,31,,,4,1,VISO,,,,ETH,
14534,1610055,1818540,8966897,12105,4458,8966897,EM,2026DK_047,Clupea harengus,LV,,20,,,1,1,VISO,,,,ETH,
14534,1610054,1818541,8966886,12105,4458,8966886,EM,2026DK_046,Clupea harengus,LV,,21,,,1,1,VISO,,,,ETH,
14534,1610054,1818542,8966887,12105,4458,8966887,EM,2026DK_046,Clupea harengus,LV,,22,,,4,1,VISO,,,,ETH,
14534,1610054,1818543,8966888,12105,4458,8966888,EM,2026DK_046,Clupea harengus,LV,,23,,,5,1,VISO,,,,ETH,
14534,1610054,1818544,8966889,12105,4458,8966889,EM,2026DK_046,Clupea harengus,LV,,24,,,9,1,VISO,,,,ETH,
14534,1610054,1818545,8966890,12105,4458,8966890,EM,2026DK_046,Clupea harengus,LV,,25,,,13,1,VISO,,,,ETH,
14534,1610054,1818546,8966891,12105,4458,8966891,EM,2026DK_046,Clupea harengus,LV,,26,,,10,1,VISO,,,,ETH,
14534,1610053,1818547,8966880,12105,4458,8966880,EM,2026DK_045,Clupea harengus,LV,,29,,,6,1,VISO,,,,ETH,
14534,1610053,1818548,8966881,12105,4458,8966881,EM,2026DK_045,Clupea harengus,LV,,30,,,10,1,VISO,,,,ETH,
14534,1610053,1818549,8966882,12105,4458,8966882,EM,2026DK_045,Clupea harengus,LV,,31,,,6,1,VISO,,,,ETH,
14534,1610053,1818550,8966883,12105,4458,8966883,EM,2026DK_045,Clupea harengus,LV,,32,,,1,1,VISO,,,,ETH,
14534,1610053,1818551,8966884,12105,4458,8966884,EM,2026DK_045,Clupea harengus,LV,,33,,,1,1,VISO,,,,ETH,
14534,1610054,1818552,8966885,12105,4458,8966885,EM,2026DK_046,Clupea harengus,LV,,20,,,1,1,VISO,,,,ETH,
14534,1610053,1818553,8966874,12105,4458,8966874,EM,2026DK_045,Clupea harengus,LV,,23,,,10,1,VISO,,,,ETH,
14534,1610053,1818554,8966875,12105,4458,8966875,EM,2026DK_045,Clupea harengus,LV,,24,,,12,1,VISO,,,,ETH,
14534,1610053,1818555,8966876,12105,4458,8966876,EM,2026DK_045,Clupea harengus,LV,,25,,,12,1,VISO,,,,ETH,
14534,1610053,1818556,8966877,12105,4458,8966877,EM,2026DK_045,Clupea harengus,LV,,26,,,16,1,VISO,,,,ETH,
14534,1610053,1818557,8966878,12105,4458,8966878,EM,2026DK_045,Clupea harengus,LV,,27,,,14,1,VISO,,,,ETH,
14534,1610053,1818558,8966879,12105,4458,8966879,EM,2026DK_045,Clupea harengus,LV,,28,,,6,1,VISO,,,,ETH,
14534,1610052,1818559,8966868,12105,4458,8966868,EM,2026DK_044,Clupea harengus,LV,,26,,,8,1,VISO,,,,ETH,
14534,1610052,1818560,8966869,12105,4458,8966869,EM,2026DK_044,Clupea harengus,LV,,27,,,6,1,VISO,,,,ETH,
14534,1610052,1818561,8966870,12105,4458,8966870,EM,2026DK_044,Clupea harengus,LV,,28,,,3,1,VISO,,,,ETH,
14534,1610052,1818562,8966871,12105,4458,8966871,EM,2026DK_044,Clupea harengus,LV,,29,,,7,1,VISO,,,,ETH,
14534,1610052,1818563,8966872,12105,4458,8966872,EM,2026DK_044,Clupea harengus,LV,,30,,,2,1,VISO,,,,ETH,
14534,1610053,1818564,8966873,12105,4458,8966873,EM,2026DK_045,Clupea harengus,LV,,22,,,1,1,VISO,,,,ETH,
14534,1610052,1818565,8966862,12105,4458,8966862,EM,2026DK_044,Clupea harengus,LV,,20,,,1,1,VISO,,,,ETH,
14534,1610052,1818566,8966863,12105,4458,8966863,EM,2026DK_044,Clupea harengus,LV,,21,,,5,1,VISO,,,,ETH,
14534,1610052,1818567,8966864,12105,4458,8966864,EM,2026DK_044,Clupea harengus,LV,,22,,,5,1,VISO,,,,ETH,
14534,1610052,1818568,8966865,12105,4458,8966865,EM,2026DK_044,Clupea harengus,LV,,23,,,5,1,VISO,,,,ETH,
14534,1610052,1818569,8966866,12105,4458,8966866,EM,2026DK_044,Clupea harengus,LV,,24,,,6,1,VISO,,,,ETH,
14534,1610052,1818570,8966867,12105,4458,8966867,EM,2026DK_044,Clupea harengus,LV,,25,,,6,1,VISO,,,,ETH,
14534,1610051,1818571,8966856,12105,4458,8966856,EM,2026DK_043,Clupea harengus,LV,,20,,,1,1,VISO,,,,ETH,
14534,1610051,1818572,8966857,12105,4458,8966857,EM,2026DK_043,Clupea harengus,LV,,21,,,2,1,VISO,,,,ETH,
14534,1610051,1818573,8966858,12105,4458,8966858,EM,2026DK_043,Clupea harengus,LV,,22,,,2,1,VISO,,,,ETH,
14534,1610051,1818574,8966859,12105,4458,8966859,EM,2026DK_043,Clupea harengus,LV,,23,,,4,1,VISO,,,,ETH,
14534,1610051,1818575,8966860,12105,4458,8966860,EM,2026DK_043,Clupea harengus,LV,,24,,,1,1,VISO,,,,ETH,
14534,1610051,1818576,8966861,12105,4458,8966861,EM,2026DK_043,Clupea harengus,LV,,28,,,1,1,VISO,,,,ETH,
14534,1610050,1818577,8966850,12105,4458,8966850,EM,2026DK_042,Clupea harengus,LV,,24,,,2,1,VISO,,,,ETH,
14534,1610050,1818578,8966851,12105,4458,8966851,EM,2026DK_042,Clupea harengus,LV,,25,,,1,1,VISO,,,,ETH,
14534,1610050,1818579,8966852,12105,4458,8966852,EM,2026DK_042,Clupea harengus,LV,,26,,,1,1,VISO,,,,ETH,
14534,1610050,1818580,8966853,12105,4458,8966853,EM,2026DK_042,Clupea harengus,LV,,28,,,2,1,VISO,,,,ETH,
14534,1610051,1818581,8966854,12105,4458,8966854,EM,2026DK_043,Clupea harengus,LV,,18,,,2,1,VISO,,,,ETH,
14534,1610051,1818582,8966855,12105,4458,8966855,EM,2026DK_043,Clupea harengus,LV,,19,,,2,1,VISO,,,,ETH,
14534,1610049,1818583,8966844,12105,4458,8966844,EM,2026DK_041,Clupea harengus,LV,,23,,,1,1,VISO,,,,ETH,
14534,1610049,1818584,8966845,12105,4458,8966845,EM,2026DK_041,Clupea harengus,LV,,25,,,1,1,VISO,,,,ETH,
14534,1610050,1818585,8966846,12105,4458,8966846,EM,2026DK_042,Clupea harengus,LV,,17,,,1,1,VISO,,,,ETH,
14534,1610050,1818586,8966847,12105,4458,8966847,EM,2026DK_042,Clupea harengus,LV,,21,,,1,1,VISO,,,,ETH,
14534,1610050,1818587,8966848,12105,4458,8966848,EM,2026DK_042,Clupea harengus,LV,,22,,,1,1,VISO,,,,ETH,
14534,1610050,1818588,8966849,12105,4458,8966849,EM,2026DK_042,Clupea harengus,LV,,23,,,2,1,VISO,,,,ETH,
14534,1610048,1818589,8966838,12105,4458,8966838,EM,2026DK_040,Clupea harengus,LV,,26,,,1,1,VISO,,,,ETH,
14534,1610049,1818590,8966839,12105,4458,8966839,EM,2026DK_041,Clupea harengus,LV,,18,,,1,1,VISO,,,,ETH,
14534,1610049,1818591,8966840,12105,4458,8966840,EM,2026DK_041,Clupea harengus,LV,,19,,,2,1,VISO,,,,ETH,
14534,1610049,1818592,8966841,12105,4458,8966841,EM,2026DK_041,Clupea harengus,LV,,20,,,1,1,VISO,,,,ETH,
14534,1610049,1818593,8966842,12105,4458,8966842,EM,2026DK_041,Clupea harengus,LV,,21,,,2,1,VISO,,,,ETH,
14534,1610049,1818594,8966843,12105,4458,8966843,EM,2026DK_041,Clupea harengus,LV,,22,,,2,1,VISO,,,,ETH,
14534,1610047,1818595,8966832,12105,4458,8966832,EM,2026DK_039,Clupea harengus,LV,,24,,,1,1,VISO,,,,ETH,
14534,1610048,1818596,8966833,12105,4458,8966833,EM,2026DK_040,Clupea harengus,LV,,19,,,1,1,VISO,,,,ETH,
14534,1610048,1818597,8966834,12105,4458,8966834,EM,2026DK_040,Clupea harengus,LV,,20,,,1,1,VISO,,,,ETH,
14534,1610048,1818598,8966835,12105,4458,8966835,EM,2026DK_040,Clupea harengus,LV,,22,,,1,1,VISO,,,,ETH,
14534,1610048,1818599,8966836,12105,4458,8966836,EM,2026DK_040,Clupea harengus,LV,,23,,,1,1,VISO,,,,ETH,
14534,1610048,1818600,8966837,12105,4458,8966837,EM,2026DK_040,Clupea harengus,LV,,24,,,2,1,VISO,,,,ETH,
14534,1610045,1818601,8966826,12105,4458,8966826,EM,2026DK_037,Clupea harengus,LV,,26,,,2,1,VISO,,,,ETH,
14534,1610045,1818602,8966827,12105,4458,8966827,EM,2026DK_037,Clupea harengus,LV,,27,,,1,1,VISO,,,,ETH,
14534,1610045,1818603,8966828,12105,4458,8966828,EM,2026DK_037,Clupea harengus,LV,,28,,,1,1,VISO,,,,ETH,
14534,1610046,1818604,8966829,12105,4458,8966829,EM,2026DK_038,Clupea harengus,LV,,23,,,3,1,VISO,,,,ETH,
14534,1610046,1818605,8966830,12105,4458,8966830,EM,2026DK_038,Clupea harengus,LV,,24,,,1,1,VISO,,,,ETH,
14534,1610047,1818606,8966831,12105,4458,8966831,EM,2026DK_039,Clupea harengus,LV,,23,,,1,1,VISO,,,,ETH,
14534,1610045,1818607,8966820,12105,4458,8966820,EM,2026DK_037,Clupea harengus,LV,,20,,,1,1,VISO,,,,ETH,
14534,1610045,1818608,8966821,12105,4458,8966821,EM,2026DK_037,Clupea harengus,LV,,21,,,4,1,VISO,,,,ETH,
14534,1610045,1818609,8966822,12105,4458,8966822,EM,2026DK_037,Clupea harengus,LV,,22,,,6,1,VISO,,,,ETH,
14534,1610045,1818610,8966823,12105,4458,8966823,EM,2026DK_037,Clupea harengus,LV,,23,,,7,1,VISO,,,,ETH,
14534,1610045,1818611,8966824,12105,4458,8966824,EM,2026DK_037,Clupea harengus,LV,,24,,,7,1,VISO,,,,ETH,
14534,1610045,1818612,8966825,12105,4458,8966825,EM,2026DK_037,Clupea harengus,LV,,25,,,6,1,VISO,,,,ETH,
14534,1610044,1818613,8966814,12105,4458,8966814,EM,2026DK_036,Clupea harengus,LV,,23,,,4,1,VISO,,,,ETH,
14534,1610044,1818614,8966815,12105,4458,8966815,EM,2026DK_036,Clupea harengus,LV,,24,,,7,1,VISO,,,,ETH,
14534,1610044,1818615,8966816,12105,4458,8966816,EM,2026DK_036,Clupea harengus,LV,,25,,,6,1,VISO,,,,ETH,
14534,1610044,1818616,8966817,12105,4458,8966817,EM,2026DK_036,Clupea harengus,LV,,26,,,3,1,VISO,,,,ETH,
14534,1610044,1818617,8966818,12105,4458,8966818,EM,2026DK_036,Clupea harengus,LV,,27,,,2,1,VISO,,,,ETH,
14534,1610044,1818618,8966819,12105,4458,8966819,EM,2026DK_036,Clupea harengus,LV,,28,,,1,1,VISO,,,,ETH,
14534,1610043,1818619,8966808,12105,4458,8966808,EM,2026DK_035,Clupea harengus,LV,,24,,,3,1,VISO,,,,ETH,
14534,1610043,1818620,8966809,12105,4458,8966809,EM,2026DK_035,Clupea harengus,LV,,25,,,5,1,VISO,,,,ETH,
14534,1610043,1818621,8966810,12105,4458,8966810,EM,2026DK_035,Clupea harengus,LV,,26,,,7,1,VISO,,,,ETH,
14534,1610043,1818622,8966811,12105,4458,8966811,EM,2026DK_035,Clupea harengus,LV,,27,,,2,1,VISO,,,,ETH,
14534,1610043,1818623,8966812,12105,4458,8966812,EM,2026DK_035,Clupea harengus,LV,,29,,,1,1,VISO,,,,ETH,
14534,1610044,1818624,8966813,12105,4458,8966813,EM,2026DK_036,Clupea harengus,LV,,22,,,1,1,VISO,,,,ETH,
14534,1610042,1818625,8966802,12105,4458,8966802,EM,2026DK_034,Clupea harengus,LV,,29,,,3,1,VISO,,,,ETH,
14534,1610042,1818626,8966803,12105,4458,8966803,EM,2026DK_034,Clupea harengus,LV,,30,,,1,1,VISO,,,,ETH,
14534,1610042,1818627,8966804,12105,4458,8966804,EM,2026DK_034,Clupea harengus,LV,,31,,,5,1,VISO,,,,ETH,
14534,1610042,1818628,8966805,12105,4458,8966805,EM,2026DK_034,Clupea harengus,LV,,32,,,4,1,VISO,,,,ETH,
14534,1610043,1818629,8966806,12105,4458,8966806,EM,2026DK_035,Clupea harengus,LV,,22,,,1,1,VISO,,,,ETH,
14534,1610043,1818630,8966807,12105,4458,8966807,EM,2026DK_035,Clupea harengus,LV,,23,,,1,1,VISO,,,,ETH,
14534,1610042,1818631,8966796,12105,4458,8966796,EM,2026DK_034,Clupea harengus,LV,,21,,,2,1,VISO,,,,ETH,
14534,1610042,1818632,8966797,12105,4458,8966797,EM,2026DK_034,Clupea harengus,LV,,22,,,2,1,VISO,,,,ETH,
14534,1610042,1818633,8966798,12105,4458,8966798,EM,2026DK_034,Clupea harengus,LV,,23,,,2,1,VISO,,,,ETH,
14534,1610042,1818634,8966799,12105,4458,8966799,EM,2026DK_034,Clupea harengus,LV,,24,,,2,1,VISO,,,,ETH,
14534,1610042,1818635,8966800,12105,4458,8966800,EM,2026DK_034,Clupea harengus,LV,,26,,,1,1,VISO,,,,ETH,
14534,1610042,1818636,8966801,12105,4458,8966801,EM,2026DK_034,Clupea harengus,LV,,28,,,3,1,VISO,,,,ETH,
14534,1610041,1818637,8966790,12105,4458,8966790,EM,2026DK_033,Clupea harengus,LV,,30,,,5,1,VISO,,,,ETH,
14534,1610041,1818638,8966791,12105,4458,8966791,EM,2026DK_033,Clupea harengus,LV,,31,,,3,1,VISO,,,,ETH,
14534,1610041,1818639,8966792,12105,4458,8966792,EM,2026DK_033,Clupea harengus,LV,,32,,,1,1,VISO,,,,ETH,
14534,1610041,1818640,8966793,12105,4458,8966793,EM,2026DK_033,Clupea harengus,LV,,33,,,1,1,VISO,,,,ETH,
14534,1610042,1818641,8966794,12105,4458,8966794,EM,2026DK_034,Clupea harengus,LV,,19,,,1,1,VISO,,,,ETH,
14534,1610042,1818642,8966795,12105,4458,8966795,EM,2026DK_034,Clupea harengus,LV,,20,,,2,1,VISO,,,,ETH,
14534,1610041,1818643,8966784,12105,4458,8966784,EM,2026DK_033,Clupea harengus,LV,,24,,,20,1,VISO,,,,ETH,
14534,1610041,1818644,8966785,12105,4458,8966785,EM,2026DK_033,Clupea harengus,LV,,25,,,27,1,VISO,,,,ETH,
14534,1610041,1818645,8966786,12105,4458,8966786,EM,2026DK_033,Clupea harengus,LV,,26,,,16,1,VISO,,,,ETH,
14534,1610041,1818646,8966787,12105,4458,8966787,EM,2026DK_033,Clupea harengus,LV,,27,,,5,1,VISO,,,,ETH,
14534,1610041,1818647,8966788,12105,4458,8966788,EM,2026DK_033,Clupea harengus,LV,,28,,,8,1,VISO,,,,ETH,
14534,1610041,1818648,8966789,12105,4458,8966789,EM,2026DK_033,Clupea harengus,LV,,29,,,9,1,VISO,,,,ETH,
14534,1610040,1818649,8966778,12105,4458,8966778,EM,2026DK_032,Clupea harengus,LV,,31,,,1,1,VISO,,,,ETH,
14534,1610041,1818650,8966779,12105,4458,8966779,EM,2026DK_033,Clupea harengus,LV,,19,,,3,1,VISO,,,,ETH,
14534,1610041,1818651,8966780,12105,4458,8966780,EM,2026DK_033,Clupea harengus,LV,,20,,,11,1,VISO,,,,ETH,
14534,1610041,1818652,8966781,12105,4458,8966781,EM,2026DK_033,Clupea harengus,LV,,21,,,13,1,VISO,,,,ETH,
14534,1610041,1818653,8966782,12105,4458,8966782,EM,2026DK_033,Clupea harengus,LV,,22,,,18,1,VISO,,,,ETH,
14534,1610041,1818654,8966783,12105,4458,8966783,EM,2026DK_033,Clupea harengus,LV,,23,,,18,1,VISO,,,,ETH,
14534,1610040,1818655,8966772,12105,4458,8966772,EM,2026DK_032,Clupea harengus,LV,,23,,,6,1,VISO,,,,ETH,
14534,1610040,1818656,8966773,12105,4458,8966773,EM,2026DK_032,Clupea harengus,LV,,24,,,6,1,VISO,,,,ETH,
14534,1610040,1818657,8966774,12105,4458,8966774,EM,2026DK_032,Clupea harengus,LV,,25,,,11,1,VISO,,,,ETH,
14534,1610040,1818658,8966775,12105,4458,8966775,EM,2026DK_032,Clupea harengus,LV,,26,,,5,1,VISO,,,,ETH,
14534,1610040,1818659,8966776,12105,4458,8966776,EM,2026DK_032,Clupea harengus,LV,,27,,,1,1,VISO,,,,ETH,
14534,1610040,1818660,8966777,12105,4458,8966777,EM,2026DK_032,Clupea harengus,LV,,30,,,2,1,VISO,,,,ETH,
14534,1610039,1818661,8966766,12105,4458,8966766,EM,2026DK_031,Clupea harengus,LV,,32,,,2,1,VISO,,,,ETH,
14534,1610039,1818662,8966767,12105,4458,8966767,EM,2026DK_031,Clupea harengus,LV,,33,,,1,1,VISO,,,,ETH,
14534,1610039,1818663,8966768,12105,4458,8966768,EM,2026DK_031,Clupea harengus,LV,,34,,,1,1,VISO,,,,ETH,
14534,1610040,1818664,8966769,12105,4458,8966769,EM,2026DK_032,Clupea harengus,LV,,19,,,1,1,VISO,,,,ETH,
14534,1610040,1818665,8966770,12105,4458,8966770,EM,2026DK_032,Clupea harengus,LV,,20,,,1,1,VISO,,,,ETH,
14534,1610040,1818666,8966771,12105,4458,8966771,EM,2026DK_032,Clupea harengus,LV,,22,,,4,1,VISO,,,,ETH,
14534,1610039,1818667,8966760,12105,4458,8966760,EM,2026DK_031,Clupea harengus,LV,,26,,,6,1,VISO,,,,ETH,
14534,1610039,1818668,8966761,12105,4458,8966761,EM,2026DK_031,Clupea harengus,LV,,27,,,5,1,VISO,,,,ETH,
14534,1610039,1818669,8966762,12105,4458,8966762,EM,2026DK_031,Clupea harengus,LV,,28,,,5,1,VISO,,,,ETH,
14534,1610039,1818670,8966763,12105,4458,8966763,EM,2026DK_031,Clupea harengus,LV,,29,,,5,1,VISO,,,,ETH,
14534,1610039,1818671,8966764,12105,4458,8966764,EM,2026DK_031,Clupea harengus,LV,,30,,,5,1,VISO,,,,ETH,
14534,1610039,1818672,8966765,12105,4458,8966765,EM,2026DK_031,Clupea harengus,LV,,31,,,3,1,VISO,,,,ETH,
14534,1610039,1818673,8966754,12105,4458,8966754,EM,2026DK_031,Clupea harengus,LV,,20,,,2,1,VISO,,,,ETH,
14534,1610039,1818674,8966755,12105,4458,8966755,EM,2026DK_031,Clupea harengus,LV,,21,,,3,1,VISO,,,,ETH,
14534,1610039,1818675,8966756,12105,4458,8966756,EM,2026DK_031,Clupea harengus,LV,,22,,,10,1,VISO,,,,ETH,
14534,1610039,1818676,8966757,12105,4458,8966757,EM,2026DK_031,Clupea harengus,LV,,23,,,13,1,VISO,,,,ETH,
14534,1610039,1818677,8966758,12105,4458,8966758,EM,2026DK_031,Clupea harengus,LV,,24,,,7,1,VISO,,,,ETH,
14534,1610039,1818678,8966759,12105,4458,8966759,EM,2026DK_031,Clupea harengus,LV,,25,,,7,1,VISO,,,,ETH,
14534,1610038,1818679,8966748,12105,4458,8966748,EM,2026DK_030,Clupea harengus,LV,,29,,,4,1,VISO,,,,ETH,
14534,1610038,1818680,8966749,12105,4458,8966749,EM,2026DK_030,Clupea harengus,LV,,30,,,7,1,VISO,,,,ETH,
14534,1610038,1818681,8966750,12105,4458,8966750,EM,2026DK_030,Clupea harengus,LV,,31,,,4,1,VISO,,,,ETH,
14534,1610038,1818682,8966751,12105,4458,8966751,EM,2026DK_030,Clupea harengus,LV,,32,,,4,1,VISO,,,,ETH,
14534,1610038,1818683,8966752,12105,4458,8966752,EM,2026DK_030,Clupea harengus,LV,,34,,,1,1,VISO,,,,ETH,
14534,1610039,1818684,8966753,12105,4458,8966753,EM,2026DK_031,Clupea harengus,LV,,19,,,1,1,VISO,,,,ETH,
14534,1610038,1818685,8966742,12105,4458,8966742,EM,2026DK_030,Clupea harengus,LV,,23,,,1,1,VISO,,,,ETH,
14534,1610038,1818686,8966743,12105,4458,8966743,EM,2026DK_030,Clupea harengus,LV,,24,,,2,1,VISO,,,,ETH,
14534,1610038,1818687,8966744,12105,4458,8966744,EM,2026DK_030,Clupea harengus,LV,,25,,,2,1,VISO,,,,ETH,
14534,1610038,1818688,8966745,12105,4458,8966745,EM,2026DK_030,Clupea harengus,LV,,26,,,5,1,VISO,,,,ETH,
14534,1610038,1818689,8966746,12105,4458,8966746,EM,2026DK_030,Clupea harengus,LV,,27,,,11,1,VISO,,,,ETH,
14534,1610038,1818690,8966747,12105,4458,8966747,EM,2026DK_030,Clupea harengus,LV,,28,,,6,1,VISO,,,,ETH,
14534,1610037,1818691,8966736,12105,4458,8966736,EM,2026DK_029,Clupea harengus,LV,,29,,,4,1,VISO,,,,ETH,
14534,1610037,1818692,8966737,12105,4458,8966737,EM,2026DK_029,Clupea harengus,LV,,30,,,5,1,VISO,,,,ETH,
14534,1610037,1818693,8966738,12105,4458,8966738,EM,2026DK_029,Clupea harengus,LV,,31,,,4,1,VISO,,,,ETH,
14534,1610037,1818694,8966739,12105,4458,8966739,EM,2026DK_029,Clupea harengus,LV,,32,,,4,1,VISO,,,,ETH,
14534,1610037,1818695,8966740,12105,4458,8966740,EM,2026DK_029,Clupea harengus,LV,,33,,,3,1,VISO,,,,ETH,
14534,1610038,1818696,8966741,12105,4458,8966741,EM,2026DK_030,Clupea harengus,LV,,21,,,1,1,VISO,,,,ETH,
14534,1610036,1818697,8966730,12105,4458,8966730,EM,2026DK_028,Clupea harengus,LV,,29,,,2,1,VISO,,,,ETH,
14534,1610036,1818698,8966731,12105,4458,8966731,EM,2026DK_028,Clupea harengus,LV,,32,,,1,1,VISO,,,,ETH,
14534,1610037,1818699,8966732,12105,4458,8966732,EM,2026DK_029,Clupea harengus,LV,,22,,,1,1,VISO,,,,ETH,
14534,1610037,1818700,8966733,12105,4458,8966733,EM,2026DK_029,Clupea harengus,LV,,25,,,2,1,VISO,,,,ETH,
14534,1610037,1818701,8966734,12105,4458,8966734,EM,2026DK_029,Clupea harengus,LV,,27,,,2,1,VISO,,,,ETH,
14534,1610037,1818702,8966735,12105,4458,8966735,EM,2026DK_029,Clupea harengus,LV,,28,,,3,1,VISO,,,,ETH,
14534,1610034,1818703,8966724,12105,4458,8966724,EM,2026DK_026,Clupea harengus,LV,,29,,,2,1,VISO,,,,ETH,
14534,1610034,1818704,8966725,12105,4458,8966725,EM,2026DK_026,Clupea harengus,LV,,30,,,2,1,VISO,,,,ETH,
14534,1610034,1818705,8966726,12105,4458,8966726,EM,2026DK_026,Clupea harengus,LV,,31,,,5,1,VISO,,,,ETH,
14534,1610034,1818706,8966727,12105,4458,8966727,EM,2026DK_026,Clupea harengus,LV,,32,,,1,1,VISO,,,,ETH,
14534,1610034,1818707,8966728,12105,4458,8966728,EM,2026DK_026,Clupea harengus,LV,,34,,,1,1,VISO,,,,ETH,
14534,1610036,1818708,8966729,12105,4458,8966729,EM,2026DK_028,Clupea harengus,LV,,28,,,1,1,VISO,,,,ETH,
14534,1610034,1818709,8966718,12105,4458,8966718,EM,2026DK_026,Clupea harengus,LV,,23,,,1,1,VISO,,,,ETH,
14534,1610034,1818710,8966719,12105,4458,8966719,EM,2026DK_026,Clupea harengus,LV,,24,,,2,1,VISO,,,,ETH,
14534,1610034,1818711,8966720,12105,4458,8966720,EM,2026DK_026,Clupea harengus,LV,,25,,,3,1,VISO,,,,ETH,
14534,1610034,1818712,8966721,12105,4458,8966721,EM,2026DK_026,Clupea harengus,LV,,26,,,3,1,VISO,,,,ETH,
14534,1610034,1818713,8966722,12105,4458,8966722,EM,2026DK_026,Clupea harengus,LV,,27,,,2,1,VISO,,,,ETH,
14534,1610034,1818714,8966723,12105,4458,8966723,EM,2026DK_026,Clupea harengus,LV,,28,,,3,1,VISO,,,,ETH,
14534,1610033,1818715,8966712,12105,4458,8966712,EM,2026DK_025,Clupea harengus,LV,,28,,,3,1,VISO,,,,ETH,
14534,1610033,1818716,8966713,12105,4458,8966713,EM,2026DK_025,Clupea harengus,LV,,29,,,2,1,VISO,,,,ETH,
14534,1610033,1818717,8966714,12105,4458,8966714,EM,2026DK_025,Clupea harengus,LV,,30,,,3,1,VISO,,,,ETH,
14534,1610033,1818718,8966715,12105,4458,8966715,EM,2026DK_025,Clupea harengus,LV,,31,,,3,1,VISO,,,,ETH,
14534,1610033,1818719,8966716,12105,4458,8966716,EM,2026DK_025,Clupea harengus,LV,,32,,,4,1,VISO,,,,ETH,
14534,1610033,1818720,8966717,12105,4458,8966717,EM,2026DK_025,Clupea harengus,LV,,33,,,1,1,VISO,,,,ETH,
14534,1610032,1818721,8966706,12105,4458,8966706,EM,2026DK_024,Clupea harengus,LV,,33,,,1,1,VISO,,,,ETH,
14534,1610033,1818722,8966707,12105,4458,8966707,EM,2026DK_025,Clupea harengus,LV,,23,,,2,1,VISO,,,,ETH,
14534,1610033,1818723,8966708,12105,4458,8966708,EM,2026DK_025,Clupea harengus,LV,,24,,,3,1,VISO,,,,ETH,
14534,1610033,1818724,8966709,12105,4458,8966709,EM,2026DK_025,Clupea harengus,LV,,25,,,4,1,VISO,,,,ETH,
14534,1610033,1818725,8966710,12105,4458,8966710,EM,2026DK_025,Clupea harengus,LV,,26,,,4,1,VISO,,,,ETH,
14534,1610033,1818726,8966711,12105,4458,8966711,EM,2026DK_025,Clupea harengus,LV,,27,,,4,1,VISO,,,,ETH,
14534,1610032,1818727,8966700,12105,4458,8966700,EM,2026DK_024,Clupea harengus,LV,,26,,,3,1,VISO,,,,ETH,
14534,1610032,1818728,8966701,12105,4458,8966701,EM,2026DK_024,Clupea harengus,LV,,27,,,4,1,VISO,,,,ETH,
14534,1610032,1818729,8966702,12105,4458,8966702,EM,2026DK_024,Clupea harengus,LV,,28,,,9,1,VISO,,,,ETH,
14534,1610032,1818730,8966703,12105,4458,8966703,EM,2026DK_024,Clupea harengus,LV,,29,,,5,1,VISO,,,,ETH,
14534,1610032,1818731,8966704,12105,4458,8966704,EM,2026DK_024,Clupea harengus,LV,,30,,,4,1,VISO,,,,ETH,
14534,1610032,1818732,8966705,12105,4458,8966705,EM,2026DK_024,Clupea harengus,LV,,32,,,1,1,VISO,,,,ETH,
14534,1610030,1818733,8966694,12105,4458,8966694,EM,2026DK_022,Clupea harengus,LV,,22,,,1,1,VISO,,,,ETH,
14534,1610030,1818734,8966695,12105,4458,8966695,EM,2026DK_022,Clupea harengus,LV,,28,,,3,1,VISO,,,,ETH,
14534,1610030,1818735,8966696,12105,4458,8966696,EM,2026DK_022,Clupea harengus,LV,,29,,,1,1,VISO,,,,ETH,
14534,1610030,1818736,8966697,12105,4458,8966697,EM,2026DK_022,Clupea harengus,LV,,30,,,1,1,VISO,,,,ETH,
14534,1610030,1818737,8966698,12105,4458,8966698,EM,2026DK_022,Clupea harengus,LV,,31,,,3,1,VISO,,,,ETH,
14534,1610031,1818738,8966699,12105,4458,8966699,EM,2026DK_023,Clupea harengus,LV,,30,,,1,1,VISO,,,,ETH,
14534,1610028,1818739,8967220,12105,4458,8967220,EM,2026DK_020,Clupea harengus,LV,,27,,,3,1,VISO,,,,ETH,
14534,1610028,1818740,8967221,12105,4458,8967221,EM,2026DK_020,Clupea harengus,LV,,28,,,1,1,VISO,,,,ETH,
14534,1610028,1818741,8966690,12105,4458,8966690,EM,2026DK_020,Clupea harengus,LV,,29,,,1,1,VISO,,,,ETH,
14534,1610028,1818742,8966691,12105,4458,8966691,EM,2026DK_020,Clupea harengus,LV,,30,,,3,1,VISO,,,,ETH,
14534,1610029,1818743,8966692,12105,4458,8966692,EM,2026DK_021,Clupea harengus,LV,,25,,,1,1,VISO,,,,ETH,
14534,1610029,1818744,8966693,12105,4458,8966693,EM,2026DK_021,Clupea harengus,LV,,29,,,1,1,VISO,,,,ETH,
14534,1610071,1818745,8966983,12105,4458,8966983,EM,2026DK_063,Clupea harengus,LV,,34,,,1,1,VISO,,,,ETH,
14534,1610027,1818746,8967215,12105,4458,8967215,EM,2026DK_019,Clupea harengus,LV,,30,,,1,1,VISO,,,,ETH,
14534,1610027,1818747,8967216,12105,4458,8967216,EM,2026DK_019,Clupea harengus,LV,,31,,,1,1,VISO,,,,ETH,
14534,1610028,1818748,8967217,12105,4458,8967217,EM,2026DK_020,Clupea harengus,LV,,22,,,1,1,VISO,,,,ETH,
14534,1610028,1818749,8967218,12105,4458,8967218,EM,2026DK_020,Clupea harengus,LV,,25,,,1,1,VISO,,,,ETH,
14534,1610028,1818750,8967219,12105,4458,8967219,EM,2026DK_020,Clupea harengus,LV,,26,,,1,1,VISO,,,,ETH,
14534,1610070,1818751,8966977,12105,4458,8966977,EM,2026DK_062,Clupea harengus,LV,,34,,,1,1,VISO,,,,ETH,
14534,1610071,1818752,8966978,12105,4458,8966978,EM,2026DK_063,Clupea harengus,LV,,29,,,3,1,VISO,,,,ETH,
14534,1610071,1818753,8966979,12105,4458,8966979,EM,2026DK_063,Clupea harengus,LV,,30,,,7,1,VISO,,,,ETH,
14534,1610071,1818754,8966980,12105,4458,8966980,EM,2026DK_063,Clupea harengus,LV,,31,,,8,1,VISO,,,,ETH,
14534,1610071,1818755,8966981,12105,4458,8966981,EM,2026DK_063,Clupea harengus,LV,,32,,,2,1,VISO,,,,ETH,
14534,1610071,1818756,8966982,12105,4458,8966982,EM,2026DK_063,Clupea harengus,LV,,33,,,2,1,VISO,,,,ETH,
14534,1610069,1818757,8966971,12105,4458,8966971,EM,2026DK_061,Clupea harengus,LV,,35,,,1,1,VISO,,,,ETH,
14534,1610070,1818758,8966972,12105,4458,8966972,EM,2026DK_062,Clupea harengus,LV,,24,,,1,1,VISO,,,,ETH,
14534,1610070,1818759,8966973,12105,4458,8966973,EM,2026DK_062,Clupea harengus,LV,,30,,,2,1,VISO,,,,ETH,
14534,1610070,1818760,8966974,12105,4458,8966974,EM,2026DK_062,Clupea harengus,LV,,31,,,1,1,VISO,,,,ETH,
14534,1610070,1818761,8966975,12105,4458,8966975,EM,2026DK_062,Clupea harengus,LV,,32,,,1,1,VISO,,,,ETH,
14534,1610070,1818762,8966976,12105,4458,8966976,EM,2026DK_062,Clupea harengus,LV,,33,,,1,1,VISO,,,,ETH,
14534,1610069,1818763,8966965,12105,4458,8966965,EM,2026DK_061,Clupea harengus,LV,,28,,,3,1,VISO,,,,ETH,
14534,1610069,1818764,8966966,12105,4458,8966966,EM,2026DK_061,Clupea harengus,LV,,29,,,3,1,VISO,,,,ETH,
14534,1610069,1818765,8966967,12105,4458,8966967,EM,2026DK_061,Clupea harengus,LV,,30,,,3,1,VISO,,,,ETH,
14534,1610069,1818766,8966968,12105,4458,8966968,EM,2026DK_061,Clupea harengus,LV,,32,,,2,1,VISO,,,,ETH,
14534,1610069,1818767,8966969,12105,4458,8966969,EM,2026DK_061,Clupea harengus,LV,,33,,,3,1,VISO,,,,ETH,
14534,1610069,1818768,8966970,12105,4458,8966970,EM,2026DK_061,Clupea harengus,LV,,34,,,1,1,VISO,,,,ETH,
14534,1610066,1818769,8966959,12105,4458,8966959,EM,2026DK_058,Clupea harengus,LV,,35,,,1,1,VISO,,,,ETH,
14534,1610067,1818770,8966960,12105,4458,8966960,EM,2026DK_059,Clupea harengus,LV,,31,,,1,1,VISO,,,,ETH,
14534,1610067,1818771,8966961,12105,4458,8966961,EM,2026DK_059,Clupea harengus,LV,,32,,,1,1,VISO,,,,ETH,
14534,1610068,1818772,8966962,12105,4458,8966962,EM,2026DK_060,Clupea harengus,LV,,29,,,1,1,VISO,,,,ETH,
14534,1610069,1818773,8966963,12105,4458,8966963,EM,2026DK_061,Clupea harengus,LV,,26,,,1,1,VISO,,,,ETH,
14534,1610069,1818774,8966964,12105,4458,8966964,EM,2026DK_061,Clupea harengus,LV,,27,,,2,1,VISO,,,,ETH,
14534,1610063,1818775,8966953,12105,4458,8966953,EM,2026DK_055,Clupea harengus,LV,,32,,,1,1,VISO,,,,ETH,
14534,1610063,1818776,8966954,12105,4458,8966954,EM,2026DK_055,Clupea harengus,LV,,33,,,2,1,VISO,,,,ETH,
14534,1610064,1818777,8966955,12105,4458,8966955,EM,2026DK_056,Clupea harengus,LV,,34,,,1,1,VISO,,,,ETH,
14534,1610066,1818778,8966956,12105,4458,8966956,EM,2026DK_058,Clupea harengus,LV,,31,,,2,1,VISO,,,,ETH,
14534,1610066,1818779,8966957,12105,4458,8966957,EM,2026DK_058,Clupea harengus,LV,,32,,,1,1,VISO,,,,ETH,
14534,1610066,1818780,8966958,12105,4458,8966958,EM,2026DK_058,Clupea harengus,LV,,33,,,1,1,VISO,,,,ETH,
14534,1610062,1818781,8966947,12105,4458,8966947,EM,2026DK_054,Clupea harengus,LV,,27,,,1,1,VISO,,,,ETH,
14534,1610062,1818782,8966948,12105,4458,8966948,EM,2026DK_054,Clupea harengus,LV,,30,,,2,1,VISO,,,,ETH,
14534,1610062,1818783,8966949,12105,4458,8966949,EM,2026DK_054,Clupea harengus,LV,,31,,,1,1,VISO,,,,ETH,
14534,1610062,1818784,8966950,12105,4458,8966950,EM,2026DK_054,Clupea harengus,LV,,32,,,1,1,VISO,,,,ETH,
14534,1610063,1818785,8966951,12105,4458,8966951,EM,2026DK_055,Clupea harengus,LV,,30,,,1,1,VISO,,,,ETH,
14534,1610063,1818786,8966952,12105,4458,8966952,EM,2026DK_055,Clupea harengus,LV,,31,,,1,1,VISO,,,,ETH,
14534,1610060,1818787,8966941,12105,4458,8966941,EM,2026DK_052,Clupea harengus,LV,,27,,,7,1,VISO,,,,ETH,
14534,1610060,1818788,8966942,12105,4458,8966942,EM,2026DK_052,Clupea harengus,LV,,28,,,7,1,VISO,,,,ETH,
14534,1610060,1818789,8966943,12105,4458,8966943,EM,2026DK_052,Clupea harengus,LV,,29,,,3,1,VISO,,,,ETH,
14534,1610061,1818790,8966944,12105,4458,8966944,EM,2026DK_053,Clupea harengus,LV,,19,,,1,1,VISO,,,,ETH,
14534,1610061,1818791,8966945,12105,4458,8966945,EM,2026DK_053,Clupea harengus,LV,,22,,,1,1,VISO,,,,ETH,
14534,1610061,1818792,8966946,12105,4458,8966946,EM,2026DK_053,Clupea harengus,LV,,27,,,1,1,VISO,,,,ETH,
14534,1610060,1818793,8966935,12105,4458,8966935,EM,2026DK_052,Clupea harengus,LV,,21,,,1,1,VISO,,,,ETH,
14534,1610060,1818794,8966936,12105,4458,8966936,EM,2026DK_052,Clupea harengus,LV,,22,,,1,1,VISO,,,,ETH,
14534,1610060,1818795,8966937,12105,4458,8966937,EM,2026DK_052,Clupea harengus,LV,,23,,,2,1,VISO,,,,ETH,
14534,1610060,1818796,8966938,12105,4458,8966938,EM,2026DK_052,Clupea harengus,LV,,24,,,3,1,VISO,,,,ETH,
14534,1610060,1818797,8966939,12105,4458,8966939,EM,2026DK_052,Clupea harengus,LV,,25,,,3,1,VISO,,,,ETH,
14534,1610060,1818798,8966940,12105,4458,8966940,EM,2026DK_052,Clupea harengus,LV,,26,,,3,1,VISO,,,,ETH,
14534,1610027,1818799,8967211,12105,4458,8967211,EM,2026DK_019,Clupea harengus,LV,,23,,,1,1,VISO,,,,ETH,
14534,1610027,1818800,8967212,12105,4458,8967212,EM,2026DK_019,Clupea harengus,LV,,24,,,1,1,VISO,,,,ETH,
14534,1610027,1818801,8967213,12105,4458,8967213,EM,2026DK_019,Clupea harengus,LV,,26,,,1,1,VISO,,,,ETH,
14534,1610027,1818802,8967214,12105,4458,8967214,EM,2026DK_019,Clupea harengus,LV,,27,,,1,1,VISO,,,,ETH,
14534,1610059,1818803,8966933,12105,4458,8966933,EM,2026DK_051,Clupea harengus,LV,,30,,,1,1,VISO,,,,ETH,
14534,1610060,1818804,8966934,12105,4458,8966934,EM,2026DK_052,Clupea harengus,LV,,20,,,1,1,VISO,,,,ETH,
14534,1610026,1818805,8967205,12105,4458,8967205,EM,2026DK_018,Clupea harengus,LV,,23,,,1,1,VISO,,,,ETH,
14534,1610026,1818806,8967206,12105,4458,8967206,EM,2026DK_018,Clupea harengus,LV,,24,,,1,1,VISO,,,,ETH,
14534,1610026,1818807,8967207,12105,4458,8967207,EM,2026DK_018,Clupea harengus,LV,,25,,,1,1,VISO,,,,ETH,
14534,1610026,1818808,8967208,12105,4458,8967208,EM,2026DK_018,Clupea harengus,LV,,26,,,1,1,VISO,,,,ETH,
14534,1610026,1818809,8967209,12105,4458,8967209,EM,2026DK_018,Clupea harengus,LV,,29,,,3,1,VISO,,,,ETH,
14534,1610026,1818810,8967210,12105,4458,8967210,EM,2026DK_018,Clupea harengus,LV,,31,,,1,1,VISO,,,,ETH,
14534,1610077,1818811,8967199,12105,4458,8967199,EM,2026DK_015,Clupea harengus,LV,,34,,,1,1,VISO,,,,ETH,
14534,1610025,1818812,8967200,12105,4458,8967200,EM,2026DK_017,Clupea harengus,LV,,28,,,3,1,VISO,,,,ETH,
14534,1610025,1818813,8967201,12105,4458,8967201,EM,2026DK_017,Clupea harengus,LV,,29,,,1,1,VISO,,,,ETH,
14534,1610025,1818814,8967202,12105,4458,8967202,EM,2026DK_017,Clupea harengus,LV,,30,,,2,1,VISO,,,,ETH,
14534,1610025,1818815,8967203,12105,4458,8967203,EM,2026DK_017,Clupea harengus,LV,,31,,,1,1,VISO,,,,ETH,
14534,1610025,1818816,8967204,12105,4458,8967204,EM,2026DK_017,Clupea harengus,LV,,33,,,1,1,VISO,,,,ETH,
14534,1610021,1818817,8967193,12105,4458,8967193,EM,2026DK_008,Clupea harengus,LV,,25,,,1,1,VISO,,,,ETH,
14534,1610021,1818818,8967194,12105,4458,8967194,EM,2026DK_008,Clupea harengus,LV,,28,,,1,1,VISO,,,,ETH,
14534,1610022,1818819,8967195,12105,4458,8967195,EM,2026DK_009,Clupea harengus,LV,,26,,,1,1,VISO,,,,ETH,
14534,1610023,1818820,8967196,12105,4458,8967196,EM,2026DK_010,Clupea harengus,LV,,27,,,1,1,VISO,,,,ETH,
14534,1610073,1818821,8967197,12105,4458,8967197,EM,2026DK_011,Clupea harengus,LV,,29,,,1,1,VISO,,,,ETH,
14534,1610076,1818822,8967198,12105,4458,8967198,EM,2026DK_014,Clupea harengus,LV,,33,,,1,1,VISO,,,,ETH,
14534,1610021,1818823,8967159,12120,4458,8967159,EM,2026DK_008,Microstomus kitt,LV,,10,,,1,1,VISO,,,,ETH,
14534,1610021,1818824,8967160,12120,4458,8967160,EM,2026DK_008,Microstomus kitt,LV,,18,,,1,1,VISO,,,,ETH,
14534,1610052,1818825,8967161,12120,4458,8967161,EM,2026DK_044,Microstomus kitt,LV,,22,,,1,1,VISO,,,,ETH,
14534,1610053,1818826,8967162,12120,4458,8967162,EM,2026DK_045,Microstomus kitt,LV,,20,,,1,1,VISO,,,,ETH,
14534,1610055,1818827,8967163,12120,4458,8967163,EM,2026DK_047,Microstomus kitt,LV,,22,,,1,1,VISO,,,,ETH,
14534,1610056,1818828,8967164,12120,4458,8967164,EM,2026DK_048,Microstomus kitt,LV,,21,,,1,1,VISO,,,,ETH,
14534,1610018,1818829,8966984,12129,4458,8966984,EM,2026DK_005,Sardina pilchardus,LV,,17,,,1,1,VISO,,,,ETH,
14534,1610018,1818830,8966985,12129,4458,8966985,EM,2026DK_005,Sardina pilchardus,LV,,25,,,1,1,VISO,,,,ETH,
14534,1610018,1818831,8966986,12129,4458,8966986,EM,2026DK_005,Sardina pilchardus,LV,,26,,,1,1,VISO,,,,ETH,
14534,1610019,1818832,8966987,12129,4893,8966987,EM,2026DK_006,Sardina pilchardus,JV,,75,,,1,1,VISO,,,,ETH,
14534,1610020,1818833,8966988,12129,4458,8966988,EM,2026DK_007,Sardina pilchardus,LV,,16,,,1,1,VISO,,,,ETH,
14534,1610020,1818834,8966989,12129,4458,8966989,EM,2026DK_007,Sardina pilchardus,LV,,32,,,1,1,VISO,,,,ETH,
14534,1610071,1818835,8967146,12129,4458,8967146,EM,2026DK_063,Sardina pilchardus,LV,,27,,,1,1,VISO,,,,ETH,
14534,1610070,1818836,8967140,12129,4458,8967140,EM,2026DK_062,Sardina pilchardus,LV,,27,,,1,1,VISO,,,,ETH,
14534,1610071,1818837,8967141,12129,4458,8967141,EM,2026DK_063,Sardina pilchardus,LV,,19,,,2,1,VISO,,,,ETH,
14534,1610071,1818838,8967142,12129,4458,8967142,EM,2026DK_063,Sardina pilchardus,LV,,20,,,1,1,VISO,,,,ETH,
14534,1610071,1818839,8967143,12129,4458,8967143,EM,2026DK_063,Sardina pilchardus,LV,,21,,,1,1,VISO,,,,ETH,
14534,1610071,1818840,8967144,12129,4458,8967144,EM,2026DK_063,Sardina pilchardus,LV,,23,,,1,1,VISO,,,,ETH,
14534,1610071,1818841,8967145,12129,4458,8967145,EM,2026DK_063,Sardina pilchardus,LV,,24,,,1,1,VISO,,,,ETH,
14534,1610069,1818842,8967134,12129,4458,8967134,EM,2026DK_061,Sardina pilchardus,LV,,25,,,1,1,VISO,,,,ETH,
14534,1610069,1818843,8967135,12129,4458,8967135,EM,2026DK_061,Sardina pilchardus,LV,,27,,,3,1,VISO,,,,ETH,
14534,1610069,1818844,8967136,12129,4458,8967136,EM,2026DK_061,Sardina pilchardus,LV,,28,,,2,1,VISO,,,,ETH,
14534,1610069,1818845,8967137,12129,4458,8967137,EM,2026DK_061,Sardina pilchardus,LV,,29,,,1,1,VISO,,,,ETH,
14534,1610069,1818846,8967138,12129,4458,8967138,EM,2026DK_061,Sardina pilchardus,LV,,30,,,1,1,VISO,,,,ETH,
14534,1610070,1818847,8967139,12129,4458,8967139,EM,2026DK_062,Sardina pilchardus,LV,,21,,,2,1,VISO,,,,ETH,
14534,1610063,1818848,8967128,12129,4458,8967128,EM,2026DK_055,Sardina pilchardus,LV,,29,,,3,1,VISO,,,,ETH,
14534,1610063,1818849,8967129,12129,4458,8967129,EM,2026DK_055,Sardina pilchardus,LV,,30,,,3,1,VISO,,,,ETH,
14534,1610063,1818850,8967130,12129,4458,8967130,EM,2026DK_055,Sardina pilchardus,LV,,31,,,3,1,VISO,,,,ETH,
14534,1610063,1818851,8967131,12129,4458,8967131,EM,2026DK_055,Sardina pilchardus,LV,,32,,,1,1,VISO,,,,ETH,
14534,1610068,1818852,8967132,12129,4458,8967132,EM,2026DK_060,Sardina pilchardus,LV,,22,,,1,1,VISO,,,,ETH,
14534,1610068,1818853,8967133,12129,4458,8967133,EM,2026DK_060,Sardina pilchardus,LV,,24,,,2,1,VISO,,,,ETH,
14534,1610063,1818854,8967122,12129,4458,8967122,EM,2026DK_055,Sardina pilchardus,LV,,23,,,1,1,VISO,,,,ETH,
14534,1610063,1818855,8967123,12129,4458,8967123,EM,2026DK_055,Sardina pilchardus,LV,,24,,,4,1,VISO,,,,ETH,
14534,1610063,1818856,8967124,12129,4458,8967124,EM,2026DK_055,Sardina pilchardus,LV,,25,,,5,1,VISO,,,,ETH,
14534,1610063,1818857,8967125,12129,4458,8967125,EM,2026DK_055,Sardina pilchardus,LV,,26,,,3,1,VISO,,,,ETH,
14534,1610063,1818858,8967126,12129,4458,8967126,EM,2026DK_055,Sardina pilchardus,LV,,27,,,1,1,VISO,,,,ETH,
14534,1610063,1818859,8967127,12129,4458,8967127,EM,2026DK_055,Sardina pilchardus,LV,,28,,,2,1,VISO,,,,ETH,
14534,1610063,1818860,8967116,12129,4458,8967116,EM,2026DK_055,Sardina pilchardus,LV,,16,,,2,1,VISO,,,,ETH,
14534,1610063,1818861,8967117,12129,4458,8967117,EM,2026DK_055,Sardina pilchardus,LV,,17,,,1,1,VISO,,,,ETH,
14534,1610063,1818862,8967118,12129,4458,8967118,EM,2026DK_055,Sardina pilchardus,LV,,18,,,1,1,VISO,,,,ETH,
14534,1610063,1818863,8967119,12129,4458,8967119,EM,2026DK_055,Sardina pilchardus,LV,,19,,,1,1,VISO,,,,ETH,
14534,1610063,1818864,8967120,12129,4458,8967120,EM,2026DK_055,Sardina pilchardus,LV,,20,,,1,1,VISO,,,,ETH,
14534,1610063,1818865,8967121,12129,4458,8967121,EM,2026DK_055,Sardina pilchardus,LV,,21,,,1,1,VISO,,,,ETH,
14534,1610062,1818866,8967110,12129,4458,8967110,EM,2026DK_054,Sardina pilchardus,LV,,25,,,1,1,VISO,,,,ETH,
14534,1610062,1818867,8967111,12129,4458,8967111,EM,2026DK_054,Sardina pilchardus,LV,,27,,,2,1,VISO,,,,ETH,
14534,1610062,1818868,8967112,12129,4458,8967112,EM,2026DK_054,Sardina pilchardus,LV,,28,,,2,1,VISO,,,,ETH,
14534,1610062,1818869,8967113,12129,4458,8967113,EM,2026DK_054,Sardina pilchardus,LV,,29,,,3,1,VISO,,,,ETH,
14534,1610062,1818870,8967114,12129,4458,8967114,EM,2026DK_054,Sardina pilchardus,LV,,30,,,2,1,VISO,,,,ETH,
14534,1610062,1818871,8967115,12129,4458,8967115,EM,2026DK_054,Sardina pilchardus,LV,,31,,,1,1,VISO,,,,ETH,
14534,1610062,1818872,8967104,12129,4458,8967104,EM,2026DK_054,Sardina pilchardus,LV,,19,,,2,1,VISO,,,,ETH,
14534,1610062,1818873,8967105,12129,4458,8967105,EM,2026DK_054,Sardina pilchardus,LV,,20,,,2,1,VISO,,,,ETH,
14534,1610062,1818874,8967106,12129,4458,8967106,EM,2026DK_054,Sardina pilchardus,LV,,21,,,2,1,VISO,,,,ETH,
14534,1610062,1818875,8967107,12129,4458,8967107,EM,2026DK_054,Sardina pilchardus,LV,,22,,,4,1,VISO,,,,ETH,
14534,1610062,1818876,8967108,12129,4458,8967108,EM,2026DK_054,Sardina pilchardus,LV,,23,,,5,1,VISO,,,,ETH,
14534,1610062,1818877,8967109,12129,4458,8967109,EM,2026DK_054,Sardina pilchardus,LV,,24,,,7,1,VISO,,,,ETH,
14534,1610040,1818878,8967098,12129,4458,8967098,EM,2026DK_032,Sardina pilchardus,LV,,26,,,1,1,VISO,,,,ETH,
14534,1610044,1818879,8967099,12129,4458,8967099,EM,2026DK_036,Sardina pilchardus,LV,,24,,,1,1,VISO,,,,ETH,
14534,1610046,1818880,8967100,12129,4458,8967100,EM,2026DK_038,Sardina pilchardus,LV,,25,,,1,1,VISO,,,,ETH,
14534,1610055,1818881,8967101,12129,4458,8967101,EM,2026DK_047,Sardina pilchardus,LV,,21,,,1,1,VISO,,,,ETH,
14534,1610062,1818882,8967102,12129,4458,8967102,EM,2026DK_054,Sardina pilchardus,LV,,16,,,1,1,VISO,,,,ETH,
14534,1610062,1818883,8967103,12129,4458,8967103,EM,2026DK_054,Sardina pilchardus,LV,,18,,,1,1,VISO,,,,ETH,
14534,1610034,1818884,8967092,12129,4458,8967092,EM,2026DK_026,Sardina pilchardus,LV,,28,,,1,1,VISO,,,,ETH,
14534,1610034,1818885,8967093,12129,4458,8967093,EM,2026DK_026,Sardina pilchardus,LV,,29,,,1,1,VISO,,,,ETH,
14534,1610034,1818886,8967094,12129,4458,8967094,EM,2026DK_026,Sardina pilchardus,LV,,31,,,1,1,VISO,,,,ETH,
14534,1610034,1818887,8967095,12129,4458,8967095,EM,2026DK_026,Sardina pilchardus,LV,,32,,,1,1,VISO,,,,ETH,
14534,1610036,1818888,8967096,12129,4458,8967096,EM,2026DK_028,Sardina pilchardus,LV,,32,,,1,1,VISO,,,,ETH,
14534,1610038,1818889,8967097,12129,4458,8967097,EM,2026DK_030,Sardina pilchardus,LV,,27,,,1,1,VISO,,,,ETH,
14534,1610033,1818890,8967086,12129,4458,8967086,EM,2026DK_025,Sardina pilchardus,LV,,18,,,1,1,VISO,,,,ETH,
14534,1610033,1818891,8967087,12129,4458,8967087,EM,2026DK_025,Sardina pilchardus,LV,,23,,,1,1,VISO,,,,ETH,
14534,1610033,1818892,8967088,12129,4458,8967088,EM,2026DK_025,Sardina pilchardus,LV,,24,,,1,1,VISO,,,,ETH,
14534,1610033,1818893,8967089,12129,4458,8967089,EM,2026DK_025,Sardina pilchardus,LV,,25,,,3,1,VISO,,,,ETH,
14534,1610033,1818894,8967090,12129,4458,8967090,EM,2026DK_025,Sardina pilchardus,LV,,26,,,1,1,VISO,,,,ETH,
14534,1610033,1818895,8967091,12129,4458,8967091,EM,2026DK_025,Sardina pilchardus,LV,,27,,,1,1,VISO,,,,ETH,
14534,1610032,1818896,8967080,12129,4458,8967080,EM,2026DK_024,Sardina pilchardus,LV,,24,,,2,1,VISO,,,,ETH,
14534,1610032,1818897,8967081,12129,4458,8967081,EM,2026DK_024,Sardina pilchardus,LV,,25,,,3,1,VISO,,,,ETH,
14534,1610032,1818898,8967082,12129,4458,8967082,EM,2026DK_024,Sardina pilchardus,LV,,26,,,3,1,VISO,,,,ETH,
14534,1610032,1818899,8967083,12129,4458,8967083,EM,2026DK_024,Sardina pilchardus,LV,,27,,,2,1,VISO,,,,ETH,
14534,1610032,1818900,8967084,12129,4458,8967084,EM,2026DK_024,Sardina pilchardus,LV,,28,,,1,1,VISO,,,,ETH,
14534,1610032,1818901,8967085,12129,4458,8967085,EM,2026DK_024,Sardina pilchardus,LV,,29,,,1,1,VISO,,,,ETH,
14534,1610031,1818902,8967074,12129,4458,8967074,EM,2026DK_023,Sardina pilchardus,LV,,27,,,1,1,VISO,,,,ETH,
14534,1610031,1818903,8967075,12129,4458,8967075,EM,2026DK_023,Sardina pilchardus,LV,,31,,,1,1,VISO,,,,ETH,
14534,1610032,1818904,8967076,12129,4458,8967076,EM,2026DK_024,Sardina pilchardus,LV,,17,,,1,1,VISO,,,,ETH,
14534,1610032,1818905,8967077,12129,4458,8967077,EM,2026DK_024,Sardina pilchardus,LV,,18,,,1,1,VISO,,,,ETH,
14534,1610032,1818906,8967078,12129,4458,8967078,EM,2026DK_024,Sardina pilchardus,LV,,19,,,1,1,VISO,,,,ETH,
14534,1610032,1818907,8967079,12129,4458,8967079,EM,2026DK_024,Sardina pilchardus,LV,,22,,,2,1,VISO,,,,ETH,
14534,1610030,1818908,8967068,12129,4458,8967068,EM,2026DK_022,Sardina pilchardus,LV,,30,,,4,1,VISO,,,,ETH,
14534,1610030,1818909,8967069,12129,4458,8967069,EM,2026DK_022,Sardina pilchardus,LV,,31,,,2,1,VISO,,,,ETH,
14534,1610030,1818910,8967070,12129,4458,8967070,EM,2026DK_022,Sardina pilchardus,LV,,33,,,1,1,VISO,,,,ETH,
14534,1610031,1818911,8967071,12129,4458,8967071,EM,2026DK_023,Sardina pilchardus,LV,,19,,,1,1,VISO,,,,ETH,
14534,1610031,1818912,8967072,12129,4458,8967072,EM,2026DK_023,Sardina pilchardus,LV,,21,,,1,1,VISO,,,,ETH,
14534,1610031,1818913,8967073,12129,4458,8967073,EM,2026DK_023,Sardina pilchardus,LV,,22,,,1,1,VISO,,,,ETH,
14534,1610030,1818914,8967062,12129,4458,8967062,EM,2026DK_022,Sardina pilchardus,LV,,24,,,12,1,VISO,,,,ETH,
14534,1610030,1818915,8967063,12129,4458,8967063,EM,2026DK_022,Sardina pilchardus,LV,,25,,,2,1,VISO,,,,ETH,
14534,1610030,1818916,8967064,12129,4458,8967064,EM,2026DK_022,Sardina pilchardus,LV,,26,,,3,1,VISO,,,,ETH,
14534,1610030,1818917,8967065,12129,4458,8967065,EM,2026DK_022,Sardina pilchardus,LV,,27,,,1,1,VISO,,,,ETH,
14534,1610030,1818918,8967066,12129,4458,8967066,EM,2026DK_022,Sardina pilchardus,LV,,28,,,1,1,VISO,,,,ETH,
14534,1610030,1818919,8967067,12129,4458,8967067,EM,2026DK_022,Sardina pilchardus,LV,,29,,,3,1,VISO,,,,ETH,
14534,1610029,1818920,8967056,12129,4458,8967056,EM,2026DK_021,Sardina pilchardus,LV,,29,,,1,1,VISO,,,,ETH,
14534,1610030,1818921,8967057,12129,4458,8967057,EM,2026DK_022,Sardina pilchardus,LV,,19,,,2,1,VISO,,,,ETH,
14534,1610030,1818922,8967058,12129,4458,8967058,EM,2026DK_022,Sardina pilchardus,LV,,20,,,2,1,VISO,,,,ETH,
14534,1610030,1818923,8967059,12129,4458,8967059,EM,2026DK_022,Sardina pilchardus,LV,,21,,,5,1,VISO,,,,ETH,
14534,1610030,1818924,8967060,12129,4458,8967060,EM,2026DK_022,Sardina pilchardus,LV,,22,,,4,1,VISO,,,,ETH,
14534,1610030,1818925,8967061,12129,4458,8967061,EM,2026DK_022,Sardina pilchardus,LV,,23,,,12,1,VISO,,,,ETH,
14534,1610029,1818926,8967050,12129,4458,8967050,EM,2026DK_021,Sardina pilchardus,LV,,23,,,2,1,VISO,,,,ETH,
14534,1610029,1818927,8967051,12129,4458,8967051,EM,2026DK_021,Sardina pilchardus,LV,,24,,,3,1,VISO,,,,ETH,
14534,1610029,1818928,8967052,12129,4458,8967052,EM,2026DK_021,Sardina pilchardus,LV,,25,,,7,1,VISO,,,,ETH,
14534,1610029,1818929,8967053,12129,4458,8967053,EM,2026DK_021,Sardina pilchardus,LV,,26,,,3,1,VISO,,,,ETH,
14534,1610029,1818930,8967054,12129,4458,8967054,EM,2026DK_021,Sardina pilchardus,LV,,27,,,3,1,VISO,,,,ETH,
14534,1610029,1818931,8967055,12129,4458,8967055,EM,2026DK_021,Sardina pilchardus,LV,,28,,,3,1,VISO,,,,ETH,
14534,1610027,1818932,8967044,12129,4458,8967044,EM,2026DK_019,Sardina pilchardus,LV,,26,,,1,1,VISO,,,,ETH,
14534,1610027,1818933,8967045,12129,4458,8967045,EM,2026DK_019,Sardina pilchardus,LV,,27,,,1,1,VISO,,,,ETH,
14534,1610027,1818934,8967046,12129,4458,8967046,EM,2026DK_019,Sardina pilchardus,LV,,28,,,1,1,VISO,,,,ETH,
14534,1610028,1818935,8967047,12129,4458,8967047,EM,2026DK_020,Sardina pilchardus,LV,,27,,,1,1,VISO,,,,ETH,
14534,1610029,1818936,8967048,12129,4458,8967048,EM,2026DK_021,Sardina pilchardus,LV,,21,,,3,1,VISO,,,,ETH,
14534,1610029,1818937,8967049,12129,4458,8967049,EM,2026DK_021,Sardina pilchardus,LV,,22,,,3,1,VISO,,,,ETH,
14534,1610027,1818938,8967038,12129,4458,8967038,EM,2026DK_019,Sardina pilchardus,LV,,20,,,2,1,VISO,,,,ETH,
14534,1610027,1818939,8967039,12129,4458,8967039,EM,2026DK_019,Sardina pilchardus,LV,,21,,,4,1,VISO,,,,ETH,
14534,1610027,1818940,8967040,12129,4458,8967040,EM,2026DK_019,Sardina pilchardus,LV,,22,,,4,1,VISO,,,,ETH,
14534,1610027,1818941,8967041,12129,4458,8967041,EM,2026DK_019,Sardina pilchardus,LV,,23,,,4,1,VISO,,,,ETH,
14534,1610027,1818942,8967042,12129,4458,8967042,EM,2026DK_019,Sardina pilchardus,LV,,24,,,1,1,VISO,,,,ETH,
14534,1610027,1818943,8967043,12129,4458,8967043,EM,2026DK_019,Sardina pilchardus,LV,,25,,,1,1,VISO,,,,ETH,
14534,1610026,1818944,8967032,12129,4458,8967032,EM,2026DK_018,Sardina pilchardus,LV,,28,,,4,1,VISO,,,,ETH,
14534,1610026,1818945,8967033,12129,4458,8967033,EM,2026DK_018,Sardina pilchardus,LV,,29,,,1,1,VISO,,,,ETH,
14534,1610026,1818946,8967034,12129,4458,8967034,EM,2026DK_018,Sardina pilchardus,LV,,30,,,4,1,VISO,,,,ETH,
14534,1610027,1818947,8967035,12129,4458,8967035,EM,2026DK_019,Sardina pilchardus,LV,,17,,,1,1,VISO,,,,ETH,
14534,1610027,1818948,8967036,12129,4458,8967036,EM,2026DK_019,Sardina pilchardus,LV,,18,,,2,1,VISO,,,,ETH,
14534,1610027,1818949,8967037,12129,4458,8967037,EM,2026DK_019,Sardina pilchardus,LV,,19,,,2,1,VISO,,,,ETH,
14534,1610026,1818950,8967026,12129,4458,8967026,EM,2026DK_018,Sardina pilchardus,LV,,22,,,1,1,VISO,,,,ETH,
14534,1610026,1818951,8967027,12129,4458,8967027,EM,2026DK_018,Sardina pilchardus,LV,,23,,,3,1,VISO,,,,ETH,
14534,1610026,1818952,8967028,12129,4458,8967028,EM,2026DK_018,Sardina pilchardus,LV,,24,,,4,1,VISO,,,,ETH,
14534,1610026,1818953,8967029,12129,4458,8967029,EM,2026DK_018,Sardina pilchardus,LV,,25,,,4,1,VISO,,,,ETH,
14534,1610026,1818954,8967030,12129,4458,8967030,EM,2026DK_018,Sardina pilchardus,LV,,26,,,6,1,VISO,,,,ETH,
14534,1610026,1818955,8967031,12129,4458,8967031,EM,2026DK_018,Sardina pilchardus,LV,,27,,,3,1,VISO,,,,ETH,
14534,1610025,1818956,8967020,12129,4458,8967020,EM,2026DK_017,Sardina pilchardus,LV,,28,,,2,1,VISO,,,,ETH,
14534,1610025,1818957,8967021,12129,4458,8967021,EM,2026DK_017,Sardina pilchardus,LV,,29,,,2,1,VISO,,,,ETH,
14534,1610025,1818958,8967022,12129,4458,8967022,EM,2026DK_017,Sardina pilchardus,LV,,30,,,3,1,VISO,,,,ETH,
14534,1610026,1818959,8967023,12129,4458,8967023,EM,2026DK_018,Sardina pilchardus,LV,,19,,,1,1,VISO,,,,ETH,
14534,1610026,1818960,8967024,12129,4458,8967024,EM,2026DK_018,Sardina pilchardus,LV,,20,,,1,1,VISO,,,,ETH,
14534,1610026,1818961,8967025,12129,4458,8967025,EM,2026DK_018,Sardina pilchardus,LV,,21,,,1,1,VISO,,,,ETH,
14534,1610025,1818962,8967014,12129,4458,8967014,EM,2026DK_017,Sardina pilchardus,LV,,22,,,2,1,VISO,,,,ETH,
14534,1610025,1818963,8967015,12129,4458,8967015,EM,2026DK_017,Sardina pilchardus,LV,,23,,,2,1,VISO,,,,ETH,
14534,1610025,1818964,8967016,12129,4458,8967016,EM,2026DK_017,Sardina pilchardus,LV,,24,,,4,1,VISO,,,,ETH,
14534,1610025,1818965,8967017,12129,4458,8967017,EM,2026DK_017,Sardina pilchardus,LV,,25,,,5,1,VISO,,,,ETH,
14534,1610025,1818966,8967018,12129,4458,8967018,EM,2026DK_017,Sardina pilchardus,LV,,26,,,3,1,VISO,,,,ETH,
14534,1610025,1818967,8967019,12129,4458,8967019,EM,2026DK_017,Sardina pilchardus,LV,,27,,,2,1,VISO,,,,ETH,
14534,1610073,1818968,8967008,12129,4458,8967008,EM,2026DK_011,Sardina pilchardus,LV,,26,,,1,1,VISO,,,,ETH,
14534,1610024,1818969,8967009,12129,4458,8967009,EM,2026DK_016,Sardina pilchardus,LV,,21,,,1,1,VISO,,,,ETH,
14534,1610024,1818970,8967010,12129,4458,8967010,EM,2026DK_016,Sardina pilchardus,LV,,23,,,2,1,VISO,,,,ETH,
14534,1610025,1818971,8967011,12129,4458,8967011,EM,2026DK_017,Sardina pilchardus,LV,,19,,,2,1,VISO,,,,ETH,
14534,1610025,1818972,8967012,12129,4458,8967012,EM,2026DK_017,Sardina pilchardus,LV,,20,,,1,1,VISO,,,,ETH,
14534,1610025,1818973,8967013,12129,4458,8967013,EM,2026DK_017,Sardina pilchardus,LV,,21,,,2,1,VISO,,,,ETH,
14534,1610022,1818974,8967002,12129,4458,8967002,EM,2026DK_009,Sardina pilchardus,LV,,16,,,2,1,VISO,,,,ETH,
14534,1610022,1818975,8967003,12129,4458,8967003,EM,2026DK_009,Sardina pilchardus,LV,,18,,,1,1,VISO,,,,ETH,
14534,1610022,1818976,8967004,12129,4458,8967004,EM,2026DK_009,Sardina pilchardus,LV,,23,,,1,1,VISO,,,,ETH,
14534,1610073,1818977,8967005,12129,4458,8967005,EM,2026DK_011,Sardina pilchardus,LV,,16,,,1,1,VISO,,,,ETH,
14534,1610073,1818978,8967006,12129,4458,8967006,EM,2026DK_011,Sardina pilchardus,LV,,18,,,3,1,VISO,,,,ETH,
14534,1610073,1818979,8967007,12129,4458,8967007,EM,2026DK_011,Sardina pilchardus,LV,,19,,,1,1,VISO,,,,ETH,
14534,1610021,1818980,8966996,12129,4458,8966996,EM,2026DK_008,Sardina pilchardus,LV,,21,,,2,1,VISO,,,,ETH,
14534,1610021,1818981,8966997,12129,4458,8966997,EM,2026DK_008,Sardina pilchardus,LV,,22,,,2,1,VISO,,,,ETH,
14534,1610021,1818982,8966998,12129,4458,8966998,EM,2026DK_008,Sardina pilchardus,LV,,23,,,2,1,VISO,,,,ETH,
14534,1610021,1818983,8966999,12129,4458,8966999,EM,2026DK_008,Sardina pilchardus,LV,,28,,,1,1,VISO,,,,ETH,
14534,1610022,1818984,8967000,12129,4458,8967000,EM,2026DK_009,Sardina pilchardus,LV,,14,,,2,1,VISO,,,,ETH,
14534,1610022,1818985,8967001,12129,4458,8967001,EM,2026DK_009,Sardina pilchardus,LV,,15,,,2,1,VISO,,,,ETH,
14534,1610021,1818986,8966990,12129,4458,8966990,EM,2026DK_008,Sardina pilchardus,LV,,12,,,1,1,VISO,,,,ETH,
14534,1610021,1818987,8966991,12129,4458,8966991,EM,2026DK_008,Sardina pilchardus,LV,,16,,,1,1,VISO,,,,ETH,
14534,1610021,1818988,8966992,12129,4458,8966992,EM,2026DK_008,Sardina pilchardus,LV,,17,,,6,1,VISO,,,,ETH,
14534,1610021,1818989,8966993,12129,4458,8966993,EM,2026DK_008,Sardina pilchardus,LV,,18,,,3,1,VISO,,,,ETH,
14534,1610021,1818990,8966994,12129,4458,8966994,EM,2026DK_008,Sardina pilchardus,LV,,19,,,2,1,VISO,,,,ETH,
14534,1610021,1818991,8966995,12129,4458,8966995,EM,2026DK_008,Sardina pilchardus,LV,,20,,,2,1,VISO,,,,ETH,
14534,1610014,1818992,8967165,12134,4893,8967165,EM,2026DK_001,Sprattus sprattus,JV,,56,,,1,1,VISO,,,,NON,
14534,1610014,1818993,8967166,12134,4893,8967166,EM,2026DK_001,Sprattus sprattus,JV,,69,,,1,1,VISO,,,,NON,
14534,1610014,1818994,8967167,12134,4893,8967167,EM,2026DK_001,Sprattus sprattus,JV,,90,,,1,1,VISO,,,,NON,
14534,1610074,1818995,8967168,12134,4893,8967168,EM,2026DK_012,Sprattus sprattus,JV,,99,,,1,1,VISO,,,,NON,
14534,1610076,1818996,8967169,12134,4893,8967169,EM,2026DK_014,Sprattus sprattus,JV,,69,,,1,1,VISO,,,,NON,
14534,1610076,1818997,8967170,12134,4893,8967170,EM,2026DK_014,Sprattus sprattus,JV,,98,,,1,1,VISO,,,,NON,
14534,1610027,1818998,8967183,12134,4893,8967183,EM,2026DK_019,Sprattus sprattus,JV,,71,,,1,1,VISO,,,,NON,
14534,1610062,1818999,8967184,12134,4893,8967184,EM,2026DK_054,Sprattus sprattus,JV,,105,,,1,1,VISO,,,,NON,
14534,1610072,1819000,8967185,12134,4893,8967185,EM,2026DK_064,Sprattus sprattus,JV,,57,,,1,1,VISO,,,,NON,
14534,1610072,1819001,8967186,12134,4893,8967186,EM,2026DK_064,Sprattus sprattus,JV,,65,,,1,1,VISO,,,,NON,
14534,1610026,1819002,8967177,12134,4893,8967177,EM,2026DK_018,Sprattus sprattus,JV,,70,,,3,1,VISO,,,,NON,
14534,1610026,1819003,8967178,12134,4893,8967178,EM,2026DK_018,Sprattus sprattus,JV,,73,,,1,1,VISO,,,,NON,
14534,1610026,1819004,8967179,12134,4893,8967179,EM,2026DK_018,Sprattus sprattus,JV,,74,,,3,1,VISO,,,,NON,
14534,1610026,1819005,8967180,12134,4893,8967180,EM,2026DK_018,Sprattus sprattus,JV,,75,,,1,1,VISO,,,,NON,
14534,1610026,1819006,8967181,12134,4893,8967181,EM,2026DK_018,Sprattus sprattus,JV,,77,,,1,1,VISO,,,,NON,
14534,1610026,1819007,8967182,12134,4893,8967182,EM,2026DK_018,Sprattus sprattus,JV,,79,,,1,1,VISO,,,,NON,
14534,1610026,1819008,8967171,12134,4893,8967171,EM,2026DK_018,Sprattus sprattus,JV,,62,,,1,1,VISO,,,,NON,
14534,1610026,1819009,8967172,12134,4893,8967172,EM,2026DK_018,Sprattus sprattus,JV,,63,,,1,1,VISO,,,,NON,
14534,1610026,1819010,8967173,12134,4893,8967173,EM,2026DK_018,Sprattus sprattus,JV,,64,,,2,1,VISO,,,,NON,
14534,1610026,1819011,8967174,12134,4893,8967174,EM,2026DK_018,Sprattus sprattus,JV,,66,,,1,1,VISO,,,,NON,
14534,1610026,1819012,8967175,12134,4893,8967175,EM,2026DK_018,Sprattus sprattus,JV,,67,,,2,1,VISO,,,,NON,
14534,1610026,1819013,8967176,12134,4893,8967176,EM,2026DK_018,Sprattus sprattus,JV,,69,,,1,1,VISO,,,,NON,
14534,1610014,1819014,8967147,12196,4458,8967147,EM,2026DK_001,Anguilla anguilla,LV,,61,,,1,1,VISO,,,,ETH,
14534,1610014,1819015,8967148,12196,4458,8967148,EM,2026DK_001,Anguilla anguilla,LV,,66,,,1,1,VISO,,,,ETH,
14534,1610014,1819016,8967149,12196,4458,8967149,EM,2026DK_001,Anguilla anguilla,LV,,67,,,1,1,VISO,,,,ETH,
14534,1610014,1819017,8967150,12196,4458,8967150,EM,2026DK_001,Anguilla anguilla,LV,,69,,,4,1,VISO,,,,ETH,
14534,1610014,1819018,8967151,12196,4458,8967151,EM,2026DK_001,Anguilla anguilla,LV,,70,,,3,1,VISO,,,,ETH,
14534,1610014,1819019,8967152,12196,4458,8967152,EM,2026DK_001,Anguilla anguilla,LV,,71,,,1,1,VISO,,,,ETH,
14534,1610014,1819020,8967153,12196,4458,8967153,EM,2026DK_001,Anguilla anguilla,LV,,73,,,2,1,VISO,,,,ETH,
14534,1610014,1819021,8967154,12196,4458,8967154,EM,2026DK_001,Anguilla anguilla,LV,,74,,,3,1,VISO,,,,ETH,
14534,1610014,1819022,8967155,12196,4458,8967155,EM,2026DK_001,Anguilla anguilla,LV,,75,,,1,1,VISO,,,,ETH,
14534,1610015,1819023,8967156,12196,4458,8967156,EM,2026DK_002,Anguilla anguilla,LV,,71,,,2,1,VISO,,,,ETH,
14534,1610016,1819024,8967157,12196,4458,8967157,EM,2026DK_003,Anguilla anguilla,LV,,73,,,1,1,VISO,,,,ETH,
14534,1610035,1819025,8967158,12196,4458,8967158,EM,2026DK_027,Anguilla anguilla,LV,,76,,,1,1,VISO,,,,ETH,
14538,1610400,1821375,8970372,12105,4458,8970372,EM,2026FR_001,Clupea harengus,LV,,15,,,1,1,VISO,,,,FOR,
14538,1610400,1821376,8970373,12105,4458,8970373,EM,2026FR_001,Clupea harengus,LV,,17,,,2,1,VISO,,,,FOR,
14538,1610400,1821377,8970374,12105,4458,8970374,EM,2026FR_001,Clupea harengus,LV,,10,,,31,4.056338028169,VISO,,,,FOR,
14538,1610400,1821378,8970375,12105,4458,8970375,EM,2026FR_001,Clupea harengus,LV,,11,,,9,4.056338028169,VISO,,,,FOR,
14538,1610400,1821379,8970376,12105,4458,8970376,EM,2026FR_001,Clupea harengus,LV,,8,,,80,4.056338028169,VISO,,,,FOR,
14538,1610400,1821380,8970377,12105,4458,8970377,EM,2026FR_001,Clupea harengus,LV,,7,,,28,4.056338028169,VISO,,,,FOR,
14538,1610489,1821381,8970368,12105,4458,8970368,EM,2026FR_090,Clupea harengus,LV,,9,,,5,2.46341463414634,VISO,,,,FOR,
14538,1610489,1821382,8970369,12105,4458,8970369,EM,2026FR_090,Clupea harengus,LV,,12,,,9,2.46341463414634,VISO,,,,FOR,
14538,1610489,1821383,8970362,12105,4458,8970362,EM,2026FR_090,Clupea harengus,LV,,13,,,9,2.46341463414634,VISO,,,,FOR,
14538,1610489,1821384,8970363,12105,4458,8970363,EM,2026FR_090,Clupea harengus,LV,,11,,,10,2.46341463414634,VISO,,,,FOR,
14538,1610489,1821385,8970364,12105,4458,8970364,EM,2026FR_090,Clupea harengus,LV,,15,,,5,2.46341463414634,VISO,,,,FOR,
14538,1610489,1821386,8970365,12105,4458,8970365,EM,2026FR_090,Clupea harengus,LV,,8,,,3,2.46341463414634,VISO,,,,FOR,
14538,1610489,1821387,8970366,12105,4458,8970366,EM,2026FR_090,Clupea harengus,LV,,7,,,4,2.46341463414634,VISO,,,,FOR,
14538,1610489,1821388,8970367,12105,4458,8970367,EM,2026FR_090,Clupea harengus,LV,,6,,,2,2.46341463414634,VISO,,,,FOR,
14538,1610489,1821389,8970356,12105,4458,8970356,EM,2026FR_090,Clupea harengus,LV,,23,,,4,1,VISO,,,,FOR,
14538,1610489,1821390,8970357,12105,4458,8970357,EM,2026FR_090,Clupea harengus,LV,,24,,,1,1,VISO,,,,FOR,
14538,1610489,1821391,8970358,12105,4458,8970358,EM,2026FR_090,Clupea harengus,LV,,17,,,5,2.46341463414634,VISO,,,,FOR,
14538,1610489,1821392,8970359,12105,4458,8970359,EM,2026FR_090,Clupea harengus,LV,,16,,,11,2.46341463414634,VISO,,,,FOR,
14538,1610489,1821393,8970360,12105,4458,8970360,EM,2026FR_090,Clupea harengus,LV,,10,,,13,2.46341463414634,VISO,,,,FOR,
14538,1610489,1821394,8970361,12105,4458,8970361,EM,2026FR_090,Clupea harengus,LV,,14,,,6,2.46341463414634,VISO,,,,FOR,
14538,1610489,1821395,8970350,12105,4458,8970350,EM,2026FR_090,Clupea harengus,LV,,18,,,4,1,VISO,,,,FOR,
14538,1610489,1821396,8970351,12105,4458,8970351,EM,2026FR_090,Clupea harengus,LV,,19,,,2,1,VISO,,,,FOR,
14538,1610489,1821397,8970352,12105,4458,8970352,EM,2026FR_090,Clupea harengus,LV,,25,,,1,1,VISO,,,,FOR,
14538,1610489,1821398,8970353,12105,4458,8970353,EM,2026FR_090,Clupea harengus,LV,,20,,,11,1,VISO,,,,FOR,
14538,1610489,1821399,8970354,12105,4458,8970354,EM,2026FR_090,Clupea harengus,LV,,21,,,9,1,VISO,,,,FOR,
14538,1610489,1821400,8970355,12105,4458,8970355,EM,2026FR_090,Clupea harengus,LV,,22,,,3,1,VISO,,,,FOR,
14538,1610484,1821401,8970338,12105,4458,8970338,EM,2026FR_085,Clupea harengus,LV,,12,,,1,1.10204081632653,VISO,,,,FOR,
14538,1610484,1821402,8970339,12105,4458,8970339,EM,2026FR_085,Clupea harengus,LV,,6,,,2,1.10204081632653,VISO,,,,FOR,
14538,1610484,1821403,8970340,12105,4458,8970340,EM,2026FR_085,Clupea harengus,LV,,11,,,7,1.10204081632653,VISO,,,,FOR,
14538,1610484,1821404,8970341,12105,4458,8970341,EM,2026FR_085,Clupea harengus,LV,,10,,,9,1.10204081632653,VISO,,,,FOR,
14538,1610484,1821405,8970342,12105,4458,8970342,EM,2026FR_085,Clupea harengus,LV,,7,,,7,1.10204081632653,VISO,,,,FOR,
14538,1610486,1821406,8970345,12105,4458,8970345,EM,2026FR_087,Clupea harengus,LV,,15,,,1,1,VISO,,,,FOR,
14538,1610483,1821407,8970330,12105,4458,8970330,EM,2026FR_084,Clupea harengus,LV,,12,,,6,1.63414634146341,VISO,,,,FOR,
14538,1610483,1821408,8970331,12105,4458,8970331,EM,2026FR_084,Clupea harengus,LV,,13,,,3,1.63414634146341,VISO,,,,FOR,
14538,1610483,1821409,8970332,12105,4458,8970332,EM,2026FR_084,Clupea harengus,LV,,9,,,9,1.63414634146341,VISO,,,,FOR,
14538,1610483,1821410,8970333,12105,4458,8970333,EM,2026FR_084,Clupea harengus,LV,,11,,,11,1.63414634146341,VISO,,,,FOR,
14538,1610484,1821411,8970336,12105,4458,8970336,EM,2026FR_085,Clupea harengus,LV,,8,,,12,1.10204081632653,VISO,,,,FOR,
14538,1610484,1821412,8970337,12105,4458,8970337,EM,2026FR_085,Clupea harengus,LV,,9,,,11,1.10204081632653,VISO,,,,FOR,
14538,1610482,1821413,8970321,12105,4458,8970321,EM,2026FR_083,Clupea harengus,LV,,24,,,1,1.05263157894737,VISO,,,,FOR,
14538,1610482,1821414,8970322,12105,4458,8970322,EM,2026FR_083,Clupea harengus,LV,,10,,,11,1.05263157894737,VISO,,,,FOR,
14538,1610482,1821415,8970323,12105,4458,8970323,EM,2026FR_083,Clupea harengus,LV,,21,,,2,1.05263157894737,VISO,,,,FOR,
14538,1610482,1821416,8970324,12105,4458,8970324,EM,2026FR_083,Clupea harengus,LV,,7,,,2,1.05263157894737,VISO,,,,FOR,
14538,1610483,1821417,8970328,12105,4458,8970328,EM,2026FR_084,Clupea harengus,LV,,14,,,1,1.63414634146341,VISO,,,,FOR,
14538,1610483,1821418,8970329,12105,4458,8970329,EM,2026FR_084,Clupea harengus,LV,,10,,,11,1.63414634146341,VISO,,,,FOR,
14538,1610482,1821419,8970315,12105,4458,8970315,EM,2026FR_083,Clupea harengus,LV,,12,,,14,1.05263157894737,VISO,,,,FOR,
14538,1610482,1821420,8970316,12105,4458,8970316,EM,2026FR_083,Clupea harengus,LV,,11,,,13,1.05263157894737,VISO,,,,FOR,
14538,1610482,1821421,8970317,12105,4458,8970317,EM,2026FR_083,Clupea harengus,LV,,9,,,3,1.05263157894737,VISO,,,,FOR,
14538,1610482,1821422,8970318,12105,4458,8970318,EM,2026FR_083,Clupea harengus,LV,,13,,,7,1.05263157894737,VISO,,,,FOR,
14538,1610482,1821423,8970319,12105,4458,8970319,EM,2026FR_083,Clupea harengus,LV,,8,,,1,1.05263157894737,VISO,,,,FOR,
14538,1610482,1821424,8970320,12105,4458,8970320,EM,2026FR_083,Clupea harengus,LV,,15,,,1,1.05263157894737,VISO,,,,FOR,
14538,1610481,1821425,8970305,12105,4458,8970305,EM,2026FR_082,Clupea harengus,LV,,12,,,11,1.04225352112676,VISO,,,,FOR,
14538,1610481,1821426,8970306,12105,4458,8970306,EM,2026FR_082,Clupea harengus,LV,,10,,,14,1.04225352112676,VISO,,,,FOR,
14538,1610481,1821427,8970307,12105,4458,8970307,EM,2026FR_082,Clupea harengus,LV,,6,,,1,1.04225352112676,VISO,,,,FOR,
14538,1610481,1821428,8970308,12105,4458,8970308,EM,2026FR_082,Clupea harengus,LV,,22,,,1,1.04225352112676,VISO,,,,FOR,
14538,1610481,1821429,8970309,12105,4458,8970309,EM,2026FR_082,Clupea harengus,LV,,7,,,1,1.04225352112676,VISO,,,,FOR,
14538,1610482,1821430,8970314,12105,4458,8970314,EM,2026FR_083,Clupea harengus,LV,,14,,,2,1.05263157894737,VISO,,,,FOR,
14538,1610481,1821431,8970299,12105,4458,8970299,EM,2026FR_082,Clupea harengus,LV,,18,,,1,1.04225352112676,VISO,,,,FOR,
14538,1610481,1821432,8970300,12105,4458,8970300,EM,2026FR_082,Clupea harengus,LV,,14,,,1,1.04225352112676,VISO,,,,FOR,
14538,1610481,1821433,8970301,12105,4458,8970301,EM,2026FR_082,Clupea harengus,LV,,13,,,11,1.04225352112676,VISO,,,,FOR,
14538,1610481,1821434,8970302,12105,4458,8970302,EM,2026FR_082,Clupea harengus,LV,,20,,,1,1.04225352112676,VISO,,,,FOR,
14538,1610481,1821435,8970303,12105,4458,8970303,EM,2026FR_082,Clupea harengus,LV,,11,,,14,1.04225352112676,VISO,,,,FOR,
14538,1610481,1821436,8970304,12105,4458,8970304,EM,2026FR_082,Clupea harengus,LV,,9,,,12,1.04225352112676,VISO,,,,FOR,
14538,1610480,1821437,8970289,12105,4458,8970289,EM,2026FR_081,Clupea harengus,LV,,13,,,10,1.13333333333333,VISO,,,,FOR,
14538,1610480,1821438,8970290,12105,4458,8970290,EM,2026FR_081,Clupea harengus,LV,,12,,,9,1.13333333333333,VISO,,,,FOR,
14538,1610480,1821439,8970291,12105,4458,8970291,EM,2026FR_081,Clupea harengus,LV,,14,,,1,1.13333333333333,VISO,,,,FOR,
14538,1610480,1821440,8970292,12105,4458,8970292,EM,2026FR_081,Clupea harengus,LV,,10,,,15,1.13333333333333,VISO,,,,FOR,
14538,1610481,1821441,8970297,12105,4458,8970297,EM,2026FR_082,Clupea harengus,LV,,17,,,1,1.04225352112676,VISO,,,,FOR,
14538,1610481,1821442,8970298,12105,4458,8970298,EM,2026FR_082,Clupea harengus,LV,,8,,,2,1.04225352112676,VISO,,,,FOR,
14538,1610479,1821443,8970283,12105,4458,8970283,EM,2026FR_080,Clupea harengus,LV,,7,,,3,2.18947368421052,VISO,,,,FOR,
14538,1610479,1821444,8970284,12105,4458,8970284,EM,2026FR_080,Clupea harengus,LV,,8,,,4,2.18947368421052,VISO,,,,FOR,
14538,1610479,1821445,8970285,12105,4458,8970285,EM,2026FR_080,Clupea harengus,LV,,9,,,11,2.18947368421052,VISO,,,,FOR,
14538,1610480,1821446,8970286,12105,4458,8970286,EM,2026FR_081,Clupea harengus,LV,,11,,,21,1.13333333333333,VISO,,,,FOR,
14538,1610480,1821447,8970287,12105,4458,8970287,EM,2026FR_081,Clupea harengus,LV,,8,,,10,1.13333333333333,VISO,,,,FOR,
14538,1610480,1821448,8970288,12105,4458,8970288,EM,2026FR_081,Clupea harengus,LV,,9,,,9,1.13333333333333,VISO,,,,FOR,
14538,1610479,1821449,8970277,12105,4458,8970277,EM,2026FR_080,Clupea harengus,LV,,15,,,1,2.18947368421052,VISO,,,,FOR,
14538,1610479,1821450,8970278,12105,4458,8970278,EM,2026FR_080,Clupea harengus,LV,,13,,,6,2.18947368421052,VISO,,,,FOR,
14538,1610479,1821451,8970279,12105,4458,8970279,EM,2026FR_080,Clupea harengus,LV,,12,,,16,2.18947368421052,VISO,,,,FOR,
14538,1610479,1821452,8970280,12105,4458,8970280,EM,2026FR_080,Clupea harengus,LV,,14,,,2,2.18947368421052,VISO,,,,FOR,
14538,1610479,1821453,8970281,12105,4458,8970281,EM,2026FR_080,Clupea harengus,LV,,6,,,1,2.18947368421052,VISO,,,,FOR,
14538,1610479,1821454,8970282,12105,4458,8970282,EM,2026FR_080,Clupea harengus,LV,,11,,,20,2.18947368421052,VISO,,,,FOR,
14538,1610471,1821455,8970268,12105,4458,8970268,EM,2026FR_072,Clupea harengus,LV,,27,,,1,1,VISO,,,,FOR,
14538,1610475,1821456,8970272,12105,4458,8970272,EM,2026FR_076,Clupea harengus,LV,,21,,,1,1,VISO,,,,FOR,
14538,1610475,1821457,8970273,12105,4458,8970273,EM,2026FR_076,Clupea harengus,LV,,24,,,2,1,VISO,,,,FOR,
14538,1610475,1821458,8970274,12105,4458,8970274,EM,2026FR_076,Clupea harengus,LV,,25,,,1,1,VISO,,,,FOR,
14538,1610475,1821459,8970275,12105,4458,8970275,EM,2026FR_076,Clupea harengus,LV,,23,,,1,1,VISO,,,,FOR,
14538,1610479,1821460,8970276,12105,4458,8970276,EM,2026FR_080,Clupea harengus,LV,,10,,,31,2.18947368421052,VISO,,,,FOR,
14538,1610471,1821461,8970262,12105,4458,8970262,EM,2026FR_072,Clupea harengus,LV,,22,,,1,1,VISO,,,,FOR,
14538,1610471,1821462,8970263,12105,4458,8970263,EM,2026FR_072,Clupea harengus,LV,,30,,,2,1,VISO,,,,FOR,
14538,1610471,1821463,8970264,12105,4458,8970264,EM,2026FR_072,Clupea harengus,LV,,29,,,1,1,VISO,,,,FOR,
14538,1610471,1821464,8970265,12105,4458,8970265,EM,2026FR_072,Clupea harengus,LV,,28,,,3,1,VISO,,,,FOR,
14538,1610471,1821465,8970266,12105,4458,8970266,EM,2026FR_072,Clupea harengus,LV,,20,,,1,1,VISO,,,,FOR,
14538,1610471,1821466,8970267,12105,4458,8970267,EM,2026FR_072,Clupea harengus,LV,,21,,,2,1,VISO,,,,FOR,
14538,1610469,1821467,8970255,12105,4458,8970255,EM,2026FR_070,Clupea harengus,LV,,27,,,3,1,VISO,,,,FOR,
14538,1610469,1821468,8970256,12105,4458,8970256,EM,2026FR_070,Clupea harengus,LV,,26,,,1,1,VISO,,,,FOR,
14538,1610471,1821469,8970258,12105,4458,8970258,EM,2026FR_072,Clupea harengus,LV,,26,,,5,1,VISO,,,,FOR,
14538,1610471,1821470,8970259,12105,4458,8970259,EM,2026FR_072,Clupea harengus,LV,,25,,,5,1,VISO,,,,FOR,
14538,1610471,1821471,8970260,12105,4458,8970260,EM,2026FR_072,Clupea harengus,LV,,24,,,1,1,VISO,,,,FOR,
14538,1610471,1821472,8970261,12105,4458,8970261,EM,2026FR_072,Clupea harengus,LV,,23,,,1,1,VISO,,,,FOR,
14538,1610469,1821473,8970249,12105,4458,8970249,EM,2026FR_070,Clupea harengus,LV,,30,,,2,1,VISO,,,,FOR,
14538,1610469,1821474,8970250,12105,4458,8970250,EM,2026FR_070,Clupea harengus,LV,,28,,,1,1,VISO,,,,FOR,
14538,1610469,1821475,8970251,12105,4458,8970251,EM,2026FR_070,Clupea harengus,LV,,31,,,2,1,VISO,,,,FOR,
14538,1610469,1821476,8970252,12105,4458,8970252,EM,2026FR_070,Clupea harengus,LV,,23,,,1,1,VISO,,,,FOR,
14538,1610469,1821477,8970253,12105,4458,8970253,EM,2026FR_070,Clupea harengus,LV,,8,,,1,1,VISO,,,,FOR,
14538,1610469,1821478,8970254,12105,4458,8970254,EM,2026FR_070,Clupea harengus,LV,,29,,,1,1,VISO,,,,FOR,
14538,1610468,1821479,8970243,12105,4458,8970243,EM,2026FR_069,Clupea harengus,LV,,31,,,1,1,VISO,,,,FOR,
14538,1610468,1821480,8970244,12105,4458,8970244,EM,2026FR_069,Clupea harengus,LV,,24,,,2,1,VISO,,,,FOR,
14538,1610468,1821481,8970245,12105,4458,8970245,EM,2026FR_069,Clupea harengus,LV,,8,,,1,1,VISO,,,,FOR,
14538,1610468,1821482,8970246,12105,4458,8970246,EM,2026FR_069,Clupea harengus,LV,,22,,,4,1,VISO,,,,FOR,
14538,1610468,1821483,8970247,12105,4458,8970247,EM,2026FR_069,Clupea harengus,LV,,23,,,6,1,VISO,,,,FOR,
14538,1610468,1821484,8970248,12105,4458,8970248,EM,2026FR_069,Clupea harengus,LV,,27,,,8,1,VISO,,,,FOR,
14538,1610467,1821485,8970237,12105,4458,8970237,EM,2026FR_068,Clupea harengus,LV,,22,,,1,1,VISO,,,,FOR,
14538,1610468,1821486,8970238,12105,4458,8970238,EM,2026FR_069,Clupea harengus,LV,,25,,,8,1,VISO,,,,FOR,
14538,1610468,1821487,8970239,12105,4458,8970239,EM,2026FR_069,Clupea harengus,LV,,28,,,7,1,VISO,,,,FOR,
14538,1610468,1821488,8970240,12105,4458,8970240,EM,2026FR_069,Clupea harengus,LV,,26,,,4,1,VISO,,,,FOR,
14538,1610468,1821489,8970241,12105,4458,8970241,EM,2026FR_069,Clupea harengus,LV,,30,,,7,1,VISO,,,,FOR,
14538,1610468,1821490,8970242,12105,4458,8970242,EM,2026FR_069,Clupea harengus,LV,,29,,,3,1,VISO,,,,FOR,
14538,1610466,1821491,8970231,12105,4458,8970231,EM,2026FR_067,Clupea harengus,LV,,23,,,3,1,VISO,,,,FOR,
14538,1610466,1821492,8970232,12105,4458,8970232,EM,2026FR_067,Clupea harengus,LV,,22,,,1,1,VISO,,,,FOR,
14538,1610466,1821493,8970233,12105,4458,8970233,EM,2026FR_067,Clupea harengus,LV,,21,,,2,1,VISO,,,,FOR,
14538,1610467,1821494,8970234,12105,4458,8970234,EM,2026FR_068,Clupea harengus,LV,,23,,,1,1,VISO,,,,FOR,
14538,1610467,1821495,8970235,12105,4458,8970235,EM,2026FR_068,Clupea harengus,LV,,30,,,1,1,VISO,,,,FOR,
14538,1610467,1821496,8970236,12105,4458,8970236,EM,2026FR_068,Clupea harengus,LV,,31,,,1,1,VISO,,,,FOR,
14538,1610466,1821497,8970225,12105,4458,8970225,EM,2026FR_067,Clupea harengus,LV,,29,,,1,1,VISO,,,,FOR,
14538,1610466,1821498,8970226,12105,4458,8970226,EM,2026FR_067,Clupea harengus,LV,,26,,,2,1,VISO,,,,FOR,
14538,1610466,1821499,8970227,12105,4458,8970227,EM,2026FR_067,Clupea harengus,LV,,24,,,4,1,VISO,,,,FOR,
14538,1610466,1821500,8970228,12105,4458,8970228,EM,2026FR_067,Clupea harengus,LV,,11,,,1,1,VISO,,,,FOR,
14538,1610466,1821501,8970229,12105,4458,8970229,EM,2026FR_067,Clupea harengus,LV,,25,,,1,1,VISO,,,,FOR,
14538,1610466,1821502,8970230,12105,4458,8970230,EM,2026FR_067,Clupea harengus,LV,,27,,,5,1,VISO,,,,FOR,
14538,1610463,1821503,8970219,12105,4458,8970219,EM,2026FR_064,Clupea harengus,LV,,22,,,13,1,VISO,,,,FOR,
14538,1610463,1821504,8970220,12105,4458,8970220,EM,2026FR_064,Clupea harengus,LV,,24,,,15,1,VISO,,,,FOR,
14538,1610463,1821505,8970221,12105,4458,8970221,EM,2026FR_064,Clupea harengus,LV,,26,,,4,1,VISO,,,,FOR,
14538,1610463,1821506,8970222,12105,4458,8970222,EM,2026FR_064,Clupea harengus,LV,,29,,,1,1,VISO,,,,FOR,
14538,1610464,1821507,8970223,12105,4458,8970223,EM,2026FR_065,Clupea harengus,LV,,24,,,1,1,VISO,,,,FOR,
14538,1610466,1821508,8970224,12105,4458,8970224,EM,2026FR_067,Clupea harengus,LV,,30,,,1,1,VISO,,,,FOR,
14538,1610462,1821509,8970213,12105,4458,8970213,EM,2026FR_063,Clupea harengus,LV,,25,,,1,1,VISO,,,,FOR,
14538,1610463,1821510,8970214,12105,4458,8970214,EM,2026FR_064,Clupea harengus,LV,,21,,,3,1,VISO,,,,FOR,
14538,1610463,1821511,8970215,12105,4458,8970215,EM,2026FR_064,Clupea harengus,LV,,20,,,6,1,VISO,,,,FOR,
14538,1610463,1821512,8970216,12105,4458,8970216,EM,2026FR_064,Clupea harengus,LV,,25,,,9,1,VISO,,,,FOR,
14538,1610463,1821513,8970217,12105,4458,8970217,EM,2026FR_064,Clupea harengus,LV,,30,,,1,1,VISO,,,,FOR,
14538,1610463,1821514,8970218,12105,4458,8970218,EM,2026FR_064,Clupea harengus,LV,,23,,,4,1,VISO,,,,FOR,
14538,1610460,1821515,8970207,12105,4458,8970207,EM,2026FR_061,Clupea harengus,LV,,23,,,1,1,VISO,,,,FOR,
14538,1610460,1821516,8970208,12105,4458,8970208,EM,2026FR_061,Clupea harengus,LV,,26,,,1,1,VISO,,,,FOR,
14538,1610460,1821517,8970209,12105,4458,8970209,EM,2026FR_061,Clupea harengus,LV,,25,,,3,1,VISO,,,,FOR,
14538,1610461,1821518,8970210,12105,4458,8970210,EM,2026FR_062,Clupea harengus,LV,,22,,,1,1,VISO,,,,FOR,
14538,1610461,1821519,8970211,12105,4458,8970211,EM,2026FR_062,Clupea harengus,LV,,25,,,3,1,VISO,,,,FOR,
14538,1610461,1821520,8970212,12105,4458,8970212,EM,2026FR_062,Clupea harengus,LV,,24,,,3,1,VISO,,,,FOR,
14538,1610459,1821521,8970201,12105,4458,8970201,EM,2026FR_060,Clupea harengus,LV,,23,,,3,1,VISO,,,,FOR,
14538,1610459,1821522,8970202,12105,4458,8970202,EM,2026FR_060,Clupea harengus,LV,,26,,,4,1,VISO,,,,FOR,
14538,1610460,1821523,8970203,12105,4458,8970203,EM,2026FR_061,Clupea harengus,LV,,30,,,1,1,VISO,,,,FOR,
14538,1610460,1821524,8970204,12105,4458,8970204,EM,2026FR_061,Clupea harengus,LV,,18,,,1,1,VISO,,,,FOR,
14538,1610460,1821525,8970205,12105,4458,8970205,EM,2026FR_061,Clupea harengus,LV,,21,,,1,1,VISO,,,,FOR,
14538,1610460,1821526,8970206,12105,4458,8970206,EM,2026FR_061,Clupea harengus,LV,,20,,,2,1,VISO,,,,FOR,
14538,1610459,1821527,8970195,12105,4458,8970195,EM,2026FR_060,Clupea harengus,LV,,28,,,4,1,VISO,,,,FOR,
14538,1610459,1821528,8970196,12105,4458,8970196,EM,2026FR_060,Clupea harengus,LV,,25,,,3,1,VISO,,,,FOR,
14538,1610459,1821529,8970197,12105,4458,8970197,EM,2026FR_060,Clupea harengus,LV,,21,,,1,1,VISO,,,,FOR,
14538,1610459,1821530,8970198,12105,4458,8970198,EM,2026FR_060,Clupea harengus,LV,,32,,,1,1,VISO,,,,FOR,
14538,1610459,1821531,8970199,12105,4458,8970199,EM,2026FR_060,Clupea harengus,LV,,24,,,2,1,VISO,,,,FOR,
14538,1610459,1821532,8970200,12105,4458,8970200,EM,2026FR_060,Clupea harengus,LV,,27,,,4,1,VISO,,,,FOR,
14538,1610458,1821533,8970189,12105,4458,8970189,EM,2026FR_059,Clupea harengus,LV,,23,,,1,1,VISO,,,,FOR,
14538,1610458,1821534,8970190,12105,4458,8970190,EM,2026FR_059,Clupea harengus,LV,,27,,,1,1,VISO,,,,FOR,
14538,1610458,1821535,8970191,12105,4458,8970191,EM,2026FR_059,Clupea harengus,LV,,31,,,2,1,VISO,,,,FOR,
14538,1610459,1821536,8970192,12105,4458,8970192,EM,2026FR_060,Clupea harengus,LV,,22,,,5,1,VISO,,,,FOR,
14538,1610459,1821537,8970193,12105,4458,8970193,EM,2026FR_060,Clupea harengus,LV,,31,,,1,1,VISO,,,,FOR,
14538,1610459,1821538,8970194,12105,4458,8970194,EM,2026FR_060,Clupea harengus,LV,,30,,,6,1,VISO,,,,FOR,
14538,1610456,1821539,8970183,12105,4458,8970183,EM,2026FR_057,Clupea harengus,LV,,20,,,3,1,VISO,,,,FOR,
14538,1610456,1821540,8970184,12105,4458,8970184,EM,2026FR_057,Clupea harengus,LV,,29,,,1,1,VISO,,,,FOR,
14538,1610456,1821541,8970185,12105,4458,8970185,EM,2026FR_057,Clupea harengus,LV,,25,,,2,1,VISO,,,,FOR,
14538,1610456,1821542,8970186,12105,4458,8970186,EM,2026FR_057,Clupea harengus,LV,,26,,,6,1,VISO,,,,FOR,
14538,1610457,1821543,8970187,12105,4458,8970187,EM,2026FR_058,Clupea harengus,LV,,30,,,1,1,VISO,,,,FOR,
14538,1610457,1821544,8970188,12105,4458,8970188,EM,2026FR_058,Clupea harengus,LV,,25,,,1,1,VISO,,,,FOR,
14538,1610456,1821545,8970177,12105,4458,8970177,EM,2026FR_057,Clupea harengus,LV,,28,,,5,1,VISO,,,,FOR,
14538,1610456,1821546,8970178,12105,4458,8970178,EM,2026FR_057,Clupea harengus,LV,,24,,,5,1,VISO,,,,FOR,
14538,1610456,1821547,8970179,12105,4458,8970179,EM,2026FR_057,Clupea harengus,LV,,21,,,5,1,VISO,,,,FOR,
14538,1610456,1821548,8970180,12105,4458,8970180,EM,2026FR_057,Clupea harengus,LV,,19,,,1,1,VISO,,,,FOR,
14538,1610456,1821549,8970181,12105,4458,8970181,EM,2026FR_057,Clupea harengus,LV,,16,,,1,1,VISO,,,,FOR,
14538,1610456,1821550,8970182,12105,4458,8970182,EM,2026FR_057,Clupea harengus,LV,,30,,,2,1,VISO,,,,FOR,
14538,1610455,1821551,8970170,12105,4458,8970170,EM,2026FR_056,Clupea harengus,LV,,26,,,2,1,VISO,,,,FOR,
14538,1610455,1821552,8970171,12105,4458,8970171,EM,2026FR_056,Clupea harengus,LV,,30,,,1,1,VISO,,,,FOR,
14538,1610455,1821553,8970172,12105,4458,8970172,EM,2026FR_056,Clupea harengus,LV,,24,,,1,1,VISO,,,,FOR,
14538,1610456,1821554,8970174,12105,4458,8970174,EM,2026FR_057,Clupea harengus,LV,,17,,,1,1,VISO,,,,FOR,
14538,1610456,1821555,8970175,12105,4458,8970175,EM,2026FR_057,Clupea harengus,LV,,22,,,4,1,VISO,,,,FOR,
14538,1610456,1821556,8970176,12105,4458,8970176,EM,2026FR_057,Clupea harengus,LV,,27,,,6,1,VISO,,,,FOR,
14538,1610454,1821557,8970164,12105,4458,8970164,EM,2026FR_055,Clupea harengus,LV,,23,,,3,1,VISO,,,,FOR,
14538,1610455,1821558,8970165,12105,4458,8970165,EM,2026FR_056,Clupea harengus,LV,,22,,,3,1,VISO,,,,FOR,
14538,1610455,1821559,8970166,12105,4458,8970166,EM,2026FR_056,Clupea harengus,LV,,28,,,1,1,VISO,,,,FOR,
14538,1610455,1821560,8970167,12105,4458,8970167,EM,2026FR_056,Clupea harengus,LV,,27,,,3,1,VISO,,,,FOR,
14538,1610455,1821561,8970168,12105,4458,8970168,EM,2026FR_056,Clupea harengus,LV,,17,,,1,1,VISO,,,,FOR,
14538,1610455,1821562,8970169,12105,4458,8970169,EM,2026FR_056,Clupea harengus,LV,,25,,,4,1,VISO,,,,FOR,
14538,1610454,1821563,8970158,12105,4458,8970158,EM,2026FR_055,Clupea harengus,LV,,29,,,1,1,VISO,,,,FOR,
14538,1610454,1821564,8970159,12105,4458,8970159,EM,2026FR_055,Clupea harengus,LV,,20,,,2,1,VISO,,,,FOR,
14538,1610454,1821565,8970160,12105,4458,8970160,EM,2026FR_055,Clupea harengus,LV,,16,,,1,1,VISO,,,,FOR,
14538,1610454,1821566,8970161,12105,4458,8970161,EM,2026FR_055,Clupea harengus,LV,,28,,,3,1,VISO,,,,FOR,
14538,1610454,1821567,8970162,12105,4458,8970162,EM,2026FR_055,Clupea harengus,LV,,22,,,1,1,VISO,,,,FOR,
14538,1610454,1821568,8970163,12105,4458,8970163,EM,2026FR_055,Clupea harengus,LV,,24,,,2,1,VISO,,,,FOR,
14538,1610454,1821569,8970152,12105,4458,8970152,EM,2026FR_055,Clupea harengus,LV,,33,,,1,1,VISO,,,,FOR,
14538,1610454,1821570,8970153,12105,4458,8970153,EM,2026FR_055,Clupea harengus,LV,,25,,,2,1,VISO,,,,FOR,
14538,1610454,1821571,8970154,12105,4458,8970154,EM,2026FR_055,Clupea harengus,LV,,32,,,2,1,VISO,,,,FOR,
14538,1610454,1821572,8970155,12105,4458,8970155,EM,2026FR_055,Clupea harengus,LV,,31,,,7,1,VISO,,,,FOR,
14538,1610454,1821573,8970156,12105,4458,8970156,EM,2026FR_055,Clupea harengus,LV,,30,,,4,1,VISO,,,,FOR,
14538,1610454,1821574,8970157,12105,4458,8970157,EM,2026FR_055,Clupea harengus,LV,,27,,,1,1,VISO,,,,FOR,
14538,1610453,1821575,8970146,12105,4458,8970146,EM,2026FR_054,Clupea harengus,LV,,24,,,4,1,VISO,,,,FOR,
14538,1610453,1821576,8970147,12105,4458,8970147,EM,2026FR_054,Clupea harengus,LV,,31,,,1,1,VISO,,,,FOR,
14538,1610453,1821577,8970148,12105,4458,8970148,EM,2026FR_054,Clupea harengus,LV,,30,,,6,1,VISO,,,,FOR,
14538,1610453,1821578,8970149,12105,4458,8970149,EM,2026FR_054,Clupea harengus,LV,,29,,,2,1,VISO,,,,FOR,
14538,1610453,1821579,8970150,12105,4458,8970150,EM,2026FR_054,Clupea harengus,LV,,21,,,1,1,VISO,,,,FOR,
14538,1610453,1821580,8970151,12105,4458,8970151,EM,2026FR_054,Clupea harengus,LV,,26,,,2,1,VISO,,,,FOR,
14538,1610453,1821581,8970140,12105,4458,8970140,EM,2026FR_054,Clupea harengus,LV,,32,,,2,1,VISO,,,,FOR,
14538,1610453,1821582,8970141,12105,4458,8970141,EM,2026FR_054,Clupea harengus,LV,,28,,,2,1,VISO,,,,FOR,
14538,1610453,1821583,8970142,12105,4458,8970142,EM,2026FR_054,Clupea harengus,LV,,25,,,3,1,VISO,,,,FOR,
14538,1610453,1821584,8970143,12105,4458,8970143,EM,2026FR_054,Clupea harengus,LV,,23,,,1,1,VISO,,,,FOR,
14538,1610453,1821585,8970144,12105,4458,8970144,EM,2026FR_054,Clupea harengus,LV,,22,,,2,1,VISO,,,,FOR,
14538,1610453,1821586,8970145,12105,4458,8970145,EM,2026FR_054,Clupea harengus,LV,,27,,,2,1,VISO,,,,FOR,
14538,1610452,1821587,8970134,12105,4458,8970134,EM,2026FR_053,Clupea harengus,LV,,31,,,2,1,VISO,,,,FOR,
14538,1610452,1821588,8970135,12105,4458,8970135,EM,2026FR_053,Clupea harengus,LV,,25,,,12,1,VISO,,,,FOR,
14538,1610452,1821589,8970136,12105,4458,8970136,EM,2026FR_053,Clupea harengus,LV,,19,,,1,1,VISO,,,,FOR,
14538,1610452,1821590,8970137,12105,4458,8970137,EM,2026FR_053,Clupea harengus,LV,,18,,,2,1,VISO,,,,FOR,
14538,1610452,1821591,8970138,12105,4458,8970138,EM,2026FR_053,Clupea harengus,LV,,33,,,1,1,VISO,,,,FOR,
14538,1610452,1821592,8970139,12105,4458,8970139,EM,2026FR_053,Clupea harengus,LV,,24,,,4,1,VISO,,,,FOR,
14538,1610452,1821593,8970128,12105,4458,8970128,EM,2026FR_053,Clupea harengus,LV,,23,,,8,1,VISO,,,,FOR,
14538,1610452,1821594,8970129,12105,4458,8970129,EM,2026FR_053,Clupea harengus,LV,,21,,,2,1,VISO,,,,FOR,
14538,1610452,1821595,8970130,12105,4458,8970130,EM,2026FR_053,Clupea harengus,LV,,22,,,13,1,VISO,,,,FOR,
14538,1610452,1821596,8970131,12105,4458,8970131,EM,2026FR_053,Clupea harengus,LV,,20,,,4,1,VISO,,,,FOR,
14538,1610452,1821597,8970132,12105,4458,8970132,EM,2026FR_053,Clupea harengus,LV,,26,,,9,1,VISO,,,,FOR,
14538,1610452,1821598,8970133,12105,4458,8970133,EM,2026FR_053,Clupea harengus,LV,,32,,,2,1,VISO,,,,FOR,
14538,1610451,1821599,8970122,12105,4458,8970122,EM,2026FR_052,Clupea harengus,LV,,21,,,1,1,VISO,,,,FOR,
14538,1610451,1821600,8970123,12105,4458,8970123,EM,2026FR_052,Clupea harengus,LV,,25,,,3,1,VISO,,,,FOR,
14538,1610451,1821601,8970124,12105,4458,8970124,EM,2026FR_052,Clupea harengus,LV,,29,,,1,1,VISO,,,,FOR,
14538,1610452,1821602,8970125,12105,4458,8970125,EM,2026FR_053,Clupea harengus,LV,,30,,,7,1,VISO,,,,FOR,
14538,1610452,1821603,8970126,12105,4458,8970126,EM,2026FR_053,Clupea harengus,LV,,28,,,2,1,VISO,,,,FOR,
14538,1610452,1821604,8970127,12105,4458,8970127,EM,2026FR_053,Clupea harengus,LV,,27,,,5,1,VISO,,,,FOR,
14538,1610451,1821605,8970116,12105,4458,8970116,EM,2026FR_052,Clupea harengus,LV,,28,,,1,1,VISO,,,,FOR,
14538,1610451,1821606,8970117,12105,4458,8970117,EM,2026FR_052,Clupea harengus,LV,,32,,,1,1,VISO,,,,FOR,
14538,1610451,1821607,8970118,12105,4458,8970118,EM,2026FR_052,Clupea harengus,LV,,24,,,3,1,VISO,,,,FOR,
14538,1610451,1821608,8970119,12105,4458,8970119,EM,2026FR_052,Clupea harengus,LV,,23,,,1,1,VISO,,,,FOR,
14538,1610451,1821609,8970120,12105,4458,8970120,EM,2026FR_052,Clupea harengus,LV,,22,,,1,1,VISO,,,,FOR,
14538,1610451,1821610,8970121,12105,4458,8970121,EM,2026FR_052,Clupea harengus,LV,,20,,,1,1,VISO,,,,FOR,
14538,1610450,1821611,8970110,12105,4458,8970110,EM,2026FR_051,Clupea harengus,LV,,23,,,2,1,VISO,,,,FOR,
14538,1610450,1821612,8970111,12105,4458,8970111,EM,2026FR_051,Clupea harengus,LV,,25,,,2,1,VISO,,,,FOR,
14538,1610451,1821613,8970112,12105,4458,8970112,EM,2026FR_052,Clupea harengus,LV,,26,,,1,1,VISO,,,,FOR,
14538,1610451,1821614,8970113,12105,4458,8970113,EM,2026FR_052,Clupea harengus,LV,,31,,,1,1,VISO,,,,FOR,
14538,1610451,1821615,8970114,12105,4458,8970114,EM,2026FR_052,Clupea harengus,LV,,30,,,1,1,VISO,,,,FOR,
14538,1610451,1821616,8970115,12105,4458,8970115,EM,2026FR_052,Clupea harengus,LV,,27,,,1,1,VISO,,,,FOR,
14538,1610449,1821617,8970104,12105,4458,8970104,EM,2026FR_050,Clupea harengus,LV,,22,,,1,1,VISO,,,,FOR,
14538,1610449,1821618,8970105,12105,4458,8970105,EM,2026FR_050,Clupea harengus,LV,,25,,,2,1,VISO,,,,FOR,
14538,1610450,1821619,8970106,12105,4458,8970106,EM,2026FR_051,Clupea harengus,LV,,22,,,1,1,VISO,,,,FOR,
14538,1610450,1821620,8970107,12105,4458,8970107,EM,2026FR_051,Clupea harengus,LV,,28,,,1,1,VISO,,,,FOR,
14538,1610450,1821621,8970108,12105,4458,8970108,EM,2026FR_051,Clupea harengus,LV,,24,,,1,1,VISO,,,,FOR,
14538,1610450,1821622,8970109,12105,4458,8970109,EM,2026FR_051,Clupea harengus,LV,,26,,,1,1,VISO,,,,FOR,
14538,1610448,1821623,8970096,12105,4458,8970096,EM,2026FR_049,Clupea harengus,LV,,22,,,1,1,VISO,,,,FOR,
14538,1610448,1821624,8970097,12105,4458,8970097,EM,2026FR_049,Clupea harengus,LV,,29,,,1,1,VISO,,,,FOR,
14538,1610449,1821625,8970100,12105,4458,8970100,EM,2026FR_050,Clupea harengus,LV,,20,,,1,1,VISO,,,,FOR,
14538,1610449,1821626,8970101,12105,4458,8970101,EM,2026FR_050,Clupea harengus,LV,,21,,,1,1,VISO,,,,FOR,
14538,1610449,1821627,8970102,12105,4458,8970102,EM,2026FR_050,Clupea harengus,LV,,26,,,1,1,VISO,,,,FOR,
14538,1610449,1821628,8970103,12105,4458,8970103,EM,2026FR_050,Clupea harengus,LV,,27,,,1,1,VISO,,,,FOR,
14538,1610446,1821629,8970090,12105,4458,8970090,EM,2026FR_047,Clupea harengus,LV,,28,,,1,1,VISO,,,,FOR,
14538,1610446,1821630,8970091,12105,4458,8970091,EM,2026FR_047,Clupea harengus,LV,,25,,,4,1,VISO,,,,FOR,
14538,1610447,1821631,8970092,12105,4458,8970092,EM,2026FR_048,Clupea harengus,LV,,17,,,1,1,VISO,,,,FOR,
14538,1610448,1821632,8970093,12105,4458,8970093,EM,2026FR_049,Clupea harengus,LV,,30,,,2,1,VISO,,,,FOR,
14538,1610448,1821633,8970094,12105,4458,8970094,EM,2026FR_049,Clupea harengus,LV,,28,,,1,1,VISO,,,,FOR,
14538,1610448,1821634,8970095,12105,4458,8970095,EM,2026FR_049,Clupea harengus,LV,,26,,,1,1,VISO,,,,FOR,
14538,1610446,1821635,8970084,12105,4458,8970084,EM,2026FR_047,Clupea harengus,LV,,20,,,1,1,VISO,,,,FOR,
14538,1610446,1821636,8970085,12105,4458,8970085,EM,2026FR_047,Clupea harengus,LV,,26,,,3,1,VISO,,,,FOR,
14538,1610446,1821637,8970086,12105,4458,8970086,EM,2026FR_047,Clupea harengus,LV,,22,,,2,1,VISO,,,,FOR,
14538,1610446,1821638,8970087,12105,4458,8970087,EM,2026FR_047,Clupea harengus,LV,,24,,,3,1,VISO,,,,FOR,
14538,1610446,1821639,8970088,12105,4458,8970088,EM,2026FR_047,Clupea harengus,LV,,29,,,2,1,VISO,,,,FOR,
14538,1610446,1821640,8970089,12105,4458,8970089,EM,2026FR_047,Clupea harengus,LV,,15,,,1,1,VISO,,,,FOR,
14538,1610445,1821641,8970078,12105,4458,8970078,EM,2026FR_046,Clupea harengus,LV,,26,,,1,1,VISO,,,,FOR,
14538,1610445,1821642,8970079,12105,4458,8970079,EM,2026FR_046,Clupea harengus,LV,,22,,,2,1,VISO,,,,FOR,
14538,1610445,1821643,8970080,12105,4458,8970080,EM,2026FR_046,Clupea harengus,LV,,25,,,1,1,VISO,,,,FOR,
14538,1610445,1821644,8970081,12105,4458,8970081,EM,2026FR_046,Clupea harengus,LV,,24,,,2,1,VISO,,,,FOR,
14538,1610446,1821645,8970082,12105,4458,8970082,EM,2026FR_047,Clupea harengus,LV,,23,,,2,1,VISO,,,,FOR,
14538,1610446,1821646,8970083,12105,4458,8970083,EM,2026FR_047,Clupea harengus,LV,,21,,,4,1,VISO,,,,FOR,
14538,1610444,1821647,8970072,12105,4458,8970072,EM,2026FR_045,Clupea harengus,LV,,36,,,1,1,VISO,,,,FOR,
14538,1610444,1821648,8970073,12105,4458,8970073,EM,2026FR_045,Clupea harengus,LV,,25,,,1,1,VISO,,,,FOR,
14538,1610444,1821649,8970074,12105,4458,8970074,EM,2026FR_045,Clupea harengus,LV,,24,,,1,1,VISO,,,,FOR,
14538,1610444,1821650,8970075,12105,4458,8970075,EM,2026FR_045,Clupea harengus,LV,,30,,,2,1,VISO,,,,FOR,
14538,1610444,1821651,8970076,12105,4458,8970076,EM,2026FR_045,Clupea harengus,LV,,29,,,1,1,VISO,,,,FOR,
14538,1610445,1821652,8970077,12105,4458,8970077,EM,2026FR_046,Clupea harengus,LV,,21,,,1,1,VISO,,,,FOR,
14538,1610444,1821653,8970066,12105,4458,8970066,EM,2026FR_045,Clupea harengus,LV,,28,,,6,1,VISO,,,,FOR,
14538,1610444,1821654,8970067,12105,4458,8970067,EM,2026FR_045,Clupea harengus,LV,,23,,,3,1,VISO,,,,FOR,
14538,1610444,1821655,8970068,12105,4458,8970068,EM,2026FR_045,Clupea harengus,LV,,22,,,1,1,VISO,,,,FOR,
14538,1610444,1821656,8970069,12105,4458,8970069,EM,2026FR_045,Clupea harengus,LV,,26,,,7,1,VISO,,,,FOR,
14538,1610444,1821657,8970070,12105,4458,8970070,EM,2026FR_045,Clupea harengus,LV,,19,,,1,1,VISO,,,,FOR,
14538,1610444,1821658,8970071,12105,4458,8970071,EM,2026FR_045,Clupea harengus,LV,,20,,,2,1,VISO,,,,FOR,
14538,1610440,1821659,8970053,12105,4458,8970053,EM,2026FR_041,Clupea harengus,LV,,12,,,2,1.10752688172043,VISO,,,,FOR,
14538,1610440,1821660,8970054,12105,4458,8970054,EM,2026FR_041,Clupea harengus,LV,,18,,,7,1.10752688172043,VISO,,,,FOR,
14538,1610440,1821661,8970055,12105,4458,8970055,EM,2026FR_041,Clupea harengus,LV,,22,,,1,1.10752688172043,VISO,,,,FOR,
14538,1610443,1821662,8970063,12105,4458,8970063,EM,2026FR_044,Clupea harengus,LV,,30,,,2,1,VISO,,,,FOR,
14538,1610444,1821663,8970064,12105,4458,8970064,EM,2026FR_045,Clupea harengus,LV,,27,,,5,1,VISO,,,,FOR,
14538,1610444,1821664,8970065,12105,4458,8970065,EM,2026FR_045,Clupea harengus,LV,,31,,,1,1,VISO,,,,FOR,
14538,1610440,1821665,8970047,12105,4458,8970047,EM,2026FR_041,Clupea harengus,LV,,17,,,7,1.10752688172043,VISO,,,,FOR,
14538,1610440,1821666,8970048,12105,4458,8970048,EM,2026FR_041,Clupea harengus,LV,,20,,,6,1.10752688172043,VISO,,,,FOR,
14538,1610440,1821667,8970049,12105,4458,8970049,EM,2026FR_041,Clupea harengus,LV,,21,,,3,1.10752688172043,VISO,,,,FOR,
14538,1610440,1821668,8970050,12105,4458,8970050,EM,2026FR_041,Clupea harengus,LV,,13,,,3,1.10752688172043,VISO,,,,FOR,
14538,1610440,1821669,8970051,12105,4458,8970051,EM,2026FR_041,Clupea harengus,LV,,33,,,1,1.10752688172043,VISO,,,,FOR,
14538,1610440,1821670,8970052,12105,4458,8970052,EM,2026FR_041,Clupea harengus,LV,,37,,,1,1.10752688172043,VISO,,,,FOR,
14538,1610440,1821671,8970041,12105,4458,8970041,EM,2026FR_041,Clupea harengus,LV,,11,,,3,1.10752688172043,VISO,,,,FOR,
14538,1610440,1821672,8970042,12105,4458,8970042,EM,2026FR_041,Clupea harengus,LV,,16,,,18,1.10752688172043,VISO,,,,FOR,
14538,1610440,1821673,8970043,12105,4458,8970043,EM,2026FR_041,Clupea harengus,LV,,15,,,23,1.10752688172043,VISO,,,,FOR,
14538,1610440,1821674,8970044,12105,4458,8970044,EM,2026FR_041,Clupea harengus,LV,,14,,,8,1.10752688172043,VISO,,,,FOR,
14538,1610440,1821675,8970045,12105,4458,8970045,EM,2026FR_041,Clupea harengus,LV,,34,,,1,1.10752688172043,VISO,,,,FOR,
14538,1610440,1821676,8970046,12105,4458,8970046,EM,2026FR_041,Clupea harengus,LV,,19,,,9,1.10752688172043,VISO,,,,FOR,
14538,1610439,1821677,8970035,12105,4458,8970035,EM,2026FR_040,Clupea harengus,LV,,19,,,9,8.05369127516776,VISO,,,,FOR,
14538,1610439,1821678,8970036,12105,4458,8970036,EM,2026FR_040,Clupea harengus,LV,,21,,,11,8.05369127516776,VISO,,,,FOR,
14538,1610439,1821679,8970037,12105,4458,8970037,EM,2026FR_040,Clupea harengus,LV,,22,,,11,8.05369127516776,VISO,,,,FOR,
14538,1610439,1821680,8970038,12105,4458,8970038,EM,2026FR_040,Clupea harengus,LV,,23,,,9,8.05369127516776,VISO,,,,FOR,
14538,1610439,1821681,8970039,12105,4458,8970039,EM,2026FR_040,Clupea harengus,LV,,9,,,1,8.05369127516776,VISO,,,,FOR,
14538,1610439,1821682,8970040,12105,4458,8970040,EM,2026FR_040,Clupea harengus,LV,,11,,,1,8.05369127516776,VISO,,,,FOR,
14538,1610439,1821683,8970029,12105,4458,8970029,EM,2026FR_040,Clupea harengus,LV,,12,,,5,8.05369127516776,VISO,,,,FOR,
14538,1610439,1821684,8970030,12105,4458,8970030,EM,2026FR_040,Clupea harengus,LV,,10,,,1,8.05369127516776,VISO,,,,FOR,
14538,1610439,1821685,8970031,12105,4458,8970031,EM,2026FR_040,Clupea harengus,LV,,14,,,10,8.05369127516776,VISO,,,,FOR,
14538,1610439,1821686,8970032,12105,4458,8970032,EM,2026FR_040,Clupea harengus,LV,,15,,,18,8.05369127516776,VISO,,,,FOR,
14538,1610439,1821687,8970033,12105,4458,8970033,EM,2026FR_040,Clupea harengus,LV,,16,,,19,8.05369127516776,VISO,,,,FOR,
14538,1610439,1821688,8970034,12105,4458,8970034,EM,2026FR_040,Clupea harengus,LV,,18,,,17,8.05369127516776,VISO,,,,FOR,
14538,1610439,1821689,8970023,12105,4458,8970023,EM,2026FR_040,Clupea harengus,LV,,27,,,1,8.05369127516776,VISO,,,,FOR,
14538,1610439,1821690,8970024,12105,4458,8970024,EM,2026FR_040,Clupea harengus,LV,,17,,,18,8.05369127516776,VISO,,,,FOR,
14538,1610439,1821691,8970025,12105,4458,8970025,EM,2026FR_040,Clupea harengus,LV,,20,,,11,8.05369127516776,VISO,,,,FOR,
14538,1610439,1821692,8970026,12105,4458,8970026,EM,2026FR_040,Clupea harengus,LV,,13,,,2,8.05369127516776,VISO,,,,FOR,
14538,1610439,1821693,8970027,12105,4458,8970027,EM,2026FR_040,Clupea harengus,LV,,25,,,4,8.05369127516776,VISO,,,,FOR,
14538,1610439,1821694,8970028,12105,4458,8970028,EM,2026FR_040,Clupea harengus,LV,,24,,,1,8.05369127516776,VISO,,,,FOR,
14538,1610438,1821695,8970017,12105,4458,8970017,EM,2026FR_039,Clupea harengus,LV,,15,,,18,9.4867256637168,VISO,,,,FOR,
14538,1610438,1821696,8970018,12105,4458,8970018,EM,2026FR_039,Clupea harengus,LV,,10,,,2,9.4867256637168,VISO,,,,FOR,
14538,1610438,1821697,8970019,12105,4458,8970019,EM,2026FR_039,Clupea harengus,LV,,14,,,18,9.4867256637168,VISO,,,,FOR,
14538,1610438,1821698,8970020,12105,4458,8970020,EM,2026FR_039,Clupea harengus,LV,,13,,,12,9.4867256637168,VISO,,,,FOR,
14538,1610438,1821699,8970021,12105,4458,8970021,EM,2026FR_039,Clupea harengus,LV,,8,,,1,9.4867256637168,VISO,,,,FOR,
14538,1610438,1821700,8970022,12105,4458,8970022,EM,2026FR_039,Clupea harengus,LV,,12,,,15,9.4867256637168,VISO,,,,FOR,
14538,1610438,1821701,8970011,12105,4458,8970011,EM,2026FR_039,Clupea harengus,LV,,17,,,9,9.4867256637168,VISO,,,,FOR,
14538,1610438,1821702,8970012,12105,4458,8970012,EM,2026FR_039,Clupea harengus,LV,,11,,,1,9.4867256637168,VISO,,,,FOR,
14538,1610438,1821703,8970013,12105,4458,8970013,EM,2026FR_039,Clupea harengus,LV,,16,,,13,9.4867256637168,VISO,,,,FOR,
14538,1610438,1821704,8970014,12105,4458,8970014,EM,2026FR_039,Clupea harengus,LV,,21,,,4,9.4867256637168,VISO,,,,FOR,
14538,1610438,1821705,8970015,12105,4458,8970015,EM,2026FR_039,Clupea harengus,LV,,19,,,7,9.4867256637168,VISO,,,,FOR,
14538,1610438,1821706,8970016,12105,4458,8970016,EM,2026FR_039,Clupea harengus,LV,,20,,,4,9.4867256637168,VISO,,,,FOR,
14538,1610437,1821707,8969999,12105,4458,8969999,EM,2026FR_038,Clupea harengus,LV,,11,,,4,8,VISO,,,,FOR,
14538,1610437,1821708,8970000,12105,4458,8970000,EM,2026FR_038,Clupea harengus,LV,,14,,,5,8,VISO,,,,FOR,
14538,1610437,1821709,8970001,12105,4458,8970001,EM,2026FR_038,Clupea harengus,LV,,16,,,23,8,VISO,,,,FOR,
14538,1610437,1821710,8970002,12105,4458,8970002,EM,2026FR_038,Clupea harengus,LV,,15,,,21,8,VISO,,,,FOR,
14538,1610438,1821711,8970009,12105,4458,8970009,EM,2026FR_039,Clupea harengus,LV,,23,,,1,9.4867256637168,VISO,,,,FOR,
14538,1610438,1821712,8970010,12105,4458,8970010,EM,2026FR_039,Clupea harengus,LV,,18,,,8,9.4867256637168,VISO,,,,FOR,
14538,1610437,1821713,8969993,12105,4458,8969993,EM,2026FR_038,Clupea harengus,LV,,17,,,14,8,VISO,,,,FOR,
14538,1610437,1821714,8969994,12105,4458,8969994,EM,2026FR_038,Clupea harengus,LV,,7,,,2,8,VISO,,,,FOR,
14538,1610437,1821715,8969995,12105,4458,8969995,EM,2026FR_038,Clupea harengus,LV,,8,,,2,8,VISO,,,,FOR,
14538,1610437,1821716,8969996,12105,4458,8969996,EM,2026FR_038,Clupea harengus,LV,,13,,,8,8,VISO,,,,FOR,
14538,1610437,1821717,8969997,12105,4458,8969997,EM,2026FR_038,Clupea harengus,LV,,18,,,14,8,VISO,,,,FOR,
14538,1610437,1821718,8969998,12105,4458,8969998,EM,2026FR_038,Clupea harengus,LV,,10,,,5,8,VISO,,,,FOR,
14538,1610437,1821719,8969987,12105,4458,8969987,EM,2026FR_038,Clupea harengus,LV,,24,,,11,2.02898550724638,VISO,,,,FOR,
14538,1610437,1821720,8969988,12105,4458,8969988,EM,2026FR_038,Clupea harengus,LV,,21,,,4,2.02898550724638,VISO,,,,FOR,
14538,1610437,1821721,8969989,12105,4458,8969989,EM,2026FR_038,Clupea harengus,LV,,31,,,1,2.02898550724638,VISO,,,,FOR,
14538,1610437,1821722,8969990,12105,4458,8969990,EM,2026FR_038,Clupea harengus,LV,,19,,,4,8,VISO,,,,FOR,
14538,1610437,1821723,8969991,12105,4458,8969991,EM,2026FR_038,Clupea harengus,LV,,20,,,14,8,VISO,,,,FOR,
14538,1610437,1821724,8969992,12105,4458,8969992,EM,2026FR_038,Clupea harengus,LV,,12,,,3,8,VISO,,,,FOR,
14538,1610437,1821725,8969981,12105,4458,8969981,EM,2026FR_038,Clupea harengus,LV,,23,,,18,2.02898550724638,VISO,,,,FOR,
14538,1610437,1821726,8969982,12105,4458,8969982,EM,2026FR_038,Clupea harengus,LV,,29,,,2,2.02898550724638,VISO,,,,FOR,
14538,1610437,1821727,8969983,12105,4458,8969983,EM,2026FR_038,Clupea harengus,LV,,26,,,3,2.02898550724638,VISO,,,,FOR,
14538,1610437,1821728,8969984,12105,4458,8969984,EM,2026FR_038,Clupea harengus,LV,,30,,,1,2.02898550724638,VISO,,,,FOR,
14538,1610437,1821729,8969985,12105,4458,8969985,EM,2026FR_038,Clupea harengus,LV,,22,,,15,2.02898550724638,VISO,,,,FOR,
14538,1610437,1821730,8969986,12105,4458,8969986,EM,2026FR_038,Clupea harengus,LV,,27,,,4,2.02898550724638,VISO,,,,FOR,
14538,1610436,1821731,8969964,12105,4458,8969964,EM,2026FR_037,Clupea harengus,LV,,24,,,2,8.17518248175184,VISO,,,,FOR,
14538,1610436,1821732,8969965,12105,4458,8969965,EM,2026FR_037,Clupea harengus,LV,,20,,,17,8.17518248175184,VISO,,,,FOR,
14538,1610436,1821733,8969966,12105,4458,8969966,EM,2026FR_037,Clupea harengus,LV,,16,,,9,8.17518248175184,VISO,,,,FOR,
14538,1610436,1821734,8969967,12105,4458,8969967,EM,2026FR_037,Clupea harengus,LV,,18,,,22,8.17518248175184,VISO,,,,FOR,
14538,1610436,1821735,8969968,12105,4458,8969968,EM,2026FR_037,Clupea harengus,LV,,17,,,27,8.17518248175184,VISO,,,,FOR,
14538,1610437,1821736,8969980,12105,4458,8969980,EM,2026FR_038,Clupea harengus,LV,,25,,,10,2.02898550724638,VISO,,,,FOR,
14538,1610436,1821737,8969958,12105,4458,8969958,EM,2026FR_037,Clupea harengus,LV,,15,,,17,8.17518248175184,VISO,,,,FOR,
14538,1610436,1821738,8969959,12105,4458,8969959,EM,2026FR_037,Clupea harengus,LV,,10,,,1,8.17518248175184,VISO,,,,FOR,
14538,1610436,1821739,8969960,12105,4458,8969960,EM,2026FR_037,Clupea harengus,LV,,11,,,2,8.17518248175184,VISO,,,,FOR,
14538,1610436,1821740,8969961,12105,4458,8969961,EM,2026FR_037,Clupea harengus,LV,,22,,,3,8.17518248175184,VISO,,,,FOR,
14538,1610436,1821741,8969962,12105,4458,8969962,EM,2026FR_037,Clupea harengus,LV,,14,,,1,8.17518248175184,VISO,,,,FOR,
14538,1610436,1821742,8969963,12105,4458,8969963,EM,2026FR_037,Clupea harengus,LV,,25,,,4,8.17518248175184,VISO,,,,FOR,
14538,1610433,1821743,8969947,12105,4458,8969947,EM,2026FR_034,Clupea harengus,LV,,25,,,1,1,VISO,,,,FOR,
14538,1610436,1821744,8969953,12105,4458,8969953,EM,2026FR_037,Clupea harengus,LV,,23,,,1,8.17518248175184,VISO,,,,FOR,
14538,1610436,1821745,8969954,12105,4458,8969954,EM,2026FR_037,Clupea harengus,LV,,21,,,6,8.17518248175184,VISO,,,,FOR,
14538,1610436,1821746,8969955,12105,4458,8969955,EM,2026FR_037,Clupea harengus,LV,,19,,,15,8.17518248175184,VISO,,,,FOR,
14538,1610436,1821747,8969956,12105,4458,8969956,EM,2026FR_037,Clupea harengus,LV,,12,,,3,8.17518248175184,VISO,,,,FOR,
14538,1610436,1821748,8969957,12105,4458,8969957,EM,2026FR_037,Clupea harengus,LV,,13,,,7,8.17518248175184,VISO,,,,FOR,
14538,1610432,1821749,8969941,12105,4458,8969941,EM,2026FR_033,Clupea harengus,LV,,23,,,1,1,VISO,,,,FOR,
14538,1610433,1821750,8969942,12105,4458,8969942,EM,2026FR_034,Clupea harengus,LV,,30,,,2,1,VISO,,,,FOR,
14538,1610433,1821751,8969943,12105,4458,8969943,EM,2026FR_034,Clupea harengus,LV,,33,,,2,1,VISO,,,,FOR,
14538,1610433,1821752,8969944,12105,4458,8969944,EM,2026FR_034,Clupea harengus,LV,,31,,,1,1,VISO,,,,FOR,
14538,1610433,1821753,8969945,12105,4458,8969945,EM,2026FR_034,Clupea harengus,LV,,32,,,1,1,VISO,,,,FOR,
14538,1610433,1821754,8969946,12105,4458,8969946,EM,2026FR_034,Clupea harengus,LV,,28,,,1,1,VISO,,,,FOR,
14538,1610431,1821755,8969926,12105,4458,8969926,EM,2026FR_032,Clupea harengus,LV,,21,,,3,1,VISO,,,,FOR,
14538,1610431,1821756,8969927,12105,4458,8969927,EM,2026FR_032,Clupea harengus,LV,,20,,,2,1,VISO,,,,FOR,
14538,1610431,1821757,8969928,12105,4458,8969928,EM,2026FR_032,Clupea harengus,LV,,19,,,1,1,VISO,,,,FOR,
14538,1610431,1821758,8969929,12105,4458,8969929,EM,2026FR_032,Clupea harengus,LV,,18,,,1,1,VISO,,,,FOR,
14538,1610431,1821759,8969930,12105,4458,8969930,EM,2026FR_032,Clupea harengus,LV,,26,,,1,1,VISO,,,,FOR,
14538,1610432,1821760,8969940,12105,4458,8969940,EM,2026FR_033,Clupea harengus,LV,,20,,,1,1,VISO,,,,FOR,
14538,1610430,1821761,8969918,12105,4458,8969918,EM,2026FR_031,Clupea harengus,LV,,22,,,1,1,VISO,,,,FOR,
14538,1610430,1821762,8969919,12105,4458,8969919,EM,2026FR_031,Clupea harengus,LV,,33,,,2,1,VISO,,,,FOR,
14538,1610431,1821763,8969922,12105,4458,8969922,EM,2026FR_032,Clupea harengus,LV,,22,,,4,1,VISO,,,,FOR,
14538,1610431,1821764,8969923,12105,4458,8969923,EM,2026FR_032,Clupea harengus,LV,,25,,,2,1,VISO,,,,FOR,
14538,1610431,1821765,8969924,12105,4458,8969924,EM,2026FR_032,Clupea harengus,LV,,24,,,4,1,VISO,,,,FOR,
14538,1610431,1821766,8969925,12105,4458,8969925,EM,2026FR_032,Clupea harengus,LV,,23,,,4,1,VISO,,,,FOR,
14538,1610430,1821767,8969912,12105,4458,8969912,EM,2026FR_031,Clupea harengus,LV,,28,,,1,1,VISO,,,,FOR,
14538,1610430,1821768,8969913,12105,4458,8969913,EM,2026FR_031,Clupea harengus,LV,,30,,,1,1,VISO,,,,FOR,
14538,1610430,1821769,8969914,12105,4458,8969914,EM,2026FR_031,Clupea harengus,LV,,31,,,1,1,VISO,,,,FOR,
14538,1610430,1821770,8969915,12105,4458,8969915,EM,2026FR_031,Clupea harengus,LV,,27,,,1,1,VISO,,,,FOR,
14538,1610430,1821771,8969916,12105,4458,8969916,EM,2026FR_031,Clupea harengus,LV,,24,,,1,1,VISO,,,,FOR,
14538,1610430,1821772,8969917,12105,4458,8969917,EM,2026FR_031,Clupea harengus,LV,,23,,,1,1,VISO,,,,FOR,
14538,1610429,1821773,8969906,12105,4458,8969906,EM,2026FR_030,Clupea harengus,LV,,18,,,3,1,VISO,,,,FOR,
14538,1610429,1821774,8969907,12105,4458,8969907,EM,2026FR_030,Clupea harengus,LV,,22,,,1,1,VISO,,,,FOR,
14538,1610429,1821775,8969908,12105,4458,8969908,EM,2026FR_030,Clupea harengus,LV,,19,,,3,1,VISO,,,,FOR,
14538,1610429,1821776,8969909,12105,4458,8969909,EM,2026FR_030,Clupea harengus,LV,,20,,,1,1,VISO,,,,FOR,
14538,1610429,1821777,8969910,12105,4458,8969910,EM,2026FR_030,Clupea harengus,LV,,21,,,1,1,VISO,,,,FOR,
14538,1610429,1821778,8969911,12105,4458,8969911,EM,2026FR_030,Clupea harengus,LV,,24,,,1,1,VISO,,,,FOR,
14538,1610426,1821779,8969895,12105,4458,8969895,EM,2026FR_027,Clupea harengus,LV,,13,,,1,1,VISO,,,,FOR,
14538,1610426,1821780,8969896,12105,4458,8969896,EM,2026FR_027,Clupea harengus,LV,,23,,,1,1,VISO,,,,FOR,
14538,1610426,1821781,8969897,12105,4458,8969897,EM,2026FR_027,Clupea harengus,LV,,22,,,5,1,VISO,,,,FOR,
14538,1610429,1821782,8969903,12105,4458,8969903,EM,2026FR_030,Clupea harengus,LV,,17,,,3,1,VISO,,,,FOR,
14538,1610429,1821783,8969904,12105,4458,8969904,EM,2026FR_030,Clupea harengus,LV,,16,,,5,1,VISO,,,,FOR,
14538,1610429,1821784,8969905,12105,4458,8969905,EM,2026FR_030,Clupea harengus,LV,,15,,,2,1,VISO,,,,FOR,
14538,1610426,1821785,8969889,12105,4458,8969889,EM,2026FR_027,Clupea harengus,LV,,11,,,1,1,VISO,,,,FOR,
14538,1610426,1821786,8969890,12105,4458,8969890,EM,2026FR_027,Clupea harengus,LV,,19,,,4,1,VISO,,,,FOR,
14538,1610426,1821787,8969891,12105,4458,8969891,EM,2026FR_027,Clupea harengus,LV,,17,,,5,1,VISO,,,,FOR,
14538,1610426,1821788,8969892,12105,4458,8969892,EM,2026FR_027,Clupea harengus,LV,,21,,,2,1,VISO,,,,FOR,
14538,1610426,1821789,8969893,12105,4458,8969893,EM,2026FR_027,Clupea harengus,LV,,20,,,7,1,VISO,,,,FOR,
14538,1610426,1821790,8969894,12105,4458,8969894,EM,2026FR_027,Clupea harengus,LV,,18,,,4,1,VISO,,,,FOR,
14538,1610425,1821791,8969878,12105,4458,8969878,EM,2026FR_026,Clupea harengus,LV,,16,,,2,8,VISO,,,,FOR,
14538,1610425,1821792,8969879,12105,4458,8969879,EM,2026FR_026,Clupea harengus,LV,,15,,,4,8,VISO,,,,FOR,
14538,1610425,1821793,8969880,12105,4458,8969880,EM,2026FR_026,Clupea harengus,LV,,14,,,4,8,VISO,,,,FOR,
14538,1610426,1821794,8969886,12105,4458,8969886,EM,2026FR_027,Clupea harengus,LV,,16,,,5,1,VISO,,,,FOR,
14538,1610426,1821795,8969887,12105,4458,8969887,EM,2026FR_027,Clupea harengus,LV,,15,,,2,1,VISO,,,,FOR,
14538,1610426,1821796,8969888,12105,4458,8969888,EM,2026FR_027,Clupea harengus,LV,,14,,,2,1,VISO,,,,FOR,
14538,1610425,1821797,8969872,12105,4458,8969872,EM,2026FR_026,Clupea harengus,LV,,13,,,7,8,VISO,,,,FOR,
14538,1610425,1821798,8969873,12105,4458,8969873,EM,2026FR_026,Clupea harengus,LV,,11,,,8,8,VISO,,,,FOR,
14538,1610425,1821799,8969874,12105,4458,8969874,EM,2026FR_026,Clupea harengus,LV,,10,,,29,8,VISO,,,,FOR,
14538,1610425,1821800,8969875,12105,4458,8969875,EM,2026FR_026,Clupea harengus,LV,,7,,,2,8,VISO,,,,FOR,
14538,1610425,1821801,8969876,12105,4458,8969876,EM,2026FR_026,Clupea harengus,LV,,8,,,17,8,VISO,,,,FOR,
14538,1610425,1821802,8969877,12105,4458,8969877,EM,2026FR_026,Clupea harengus,LV,,17,,,2,8,VISO,,,,FOR,
14538,1610424,1821803,8969857,12105,4458,8969857,EM,2026FR_025,Clupea harengus,LV,,17,,,3,1.04,VISO,,,,FOR,
14538,1610424,1821804,8969858,12105,4458,8969858,EM,2026FR_025,Clupea harengus,LV,,13,,,4,1.04,VISO,,,,FOR,
14538,1610424,1821805,8969859,12105,4458,8969859,EM,2026FR_025,Clupea harengus,LV,,12,,,9,1.04,VISO,,,,FOR,
14538,1610425,1821806,8969869,12105,4458,8969869,EM,2026FR_026,Clupea harengus,LV,,20,,,1,1,VISO,,,,FOR,
14538,1610425,1821807,8969870,12105,4458,8969870,EM,2026FR_026,Clupea harengus,LV,,12,,,5,8,VISO,,,,FOR,
14538,1610425,1821808,8969871,12105,4458,8969871,EM,2026FR_026,Clupea harengus,LV,,9,,,25,8,VISO,,,,FOR,
14538,1610424,1821809,8969851,12105,4458,8969851,EM,2026FR_025,Clupea harengus,LV,,26,,,1,1.04,VISO,,,,FOR,
14538,1610424,1821810,8969852,12105,4458,8969852,EM,2026FR_025,Clupea harengus,LV,,16,,,2,1.04,VISO,,,,FOR,
14538,1610424,1821811,8969853,12105,4458,8969853,EM,2026FR_025,Clupea harengus,LV,,18,,,3,1.04,VISO,,,,FOR,
14538,1610424,1821812,8969854,12105,4458,8969854,EM,2026FR_025,Clupea harengus,LV,,19,,,1,1.04,VISO,,,,FOR,
14538,1610424,1821813,8969855,12105,4458,8969855,EM,2026FR_025,Clupea harengus,LV,,21,,,2,1.04,VISO,,,,FOR,
14538,1610424,1821814,8969856,12105,4458,8969856,EM,2026FR_025,Clupea harengus,LV,,20,,,2,1.04,VISO,,,,FOR,
14538,1610424,1821815,8969845,12105,4458,8969845,EM,2026FR_025,Clupea harengus,LV,,24,,,1,1.04,VISO,,,,FOR,
14538,1610424,1821816,8969846,12105,4458,8969846,EM,2026FR_025,Clupea harengus,LV,,15,,,7,1.04,VISO,,,,FOR,
14538,1610424,1821817,8969847,12105,4458,8969847,EM,2026FR_025,Clupea harengus,LV,,9,,,2,1.04,VISO,,,,FOR,
14538,1610424,1821818,8969848,12105,4458,8969848,EM,2026FR_025,Clupea harengus,LV,,10,,,9,1.04,VISO,,,,FOR,
14538,1610424,1821819,8969849,12105,4458,8969849,EM,2026FR_025,Clupea harengus,LV,,28,,,1,1.04,VISO,,,,FOR,
14538,1610424,1821820,8969850,12105,4458,8969850,EM,2026FR_025,Clupea harengus,LV,,14,,,5,1.04,VISO,,,,FOR,
14538,1610423,1821821,8969827,12105,4458,8969827,EM,2026FR_024,Clupea harengus,LV,,14,,,5,8,VISO,,,,FOR,
14538,1610423,1821822,8969828,12105,4458,8969828,EM,2026FR_024,Clupea harengus,LV,,11,,,16,8,VISO,,,,FOR,
14538,1610423,1821823,8969829,12105,4458,8969829,EM,2026FR_024,Clupea harengus,LV,,7,,,1,8,VISO,,,,FOR,
14538,1610423,1821824,8969830,12105,4458,8969830,EM,2026FR_024,Clupea harengus,LV,,12,,,6,8,VISO,,,,FOR,
14538,1610423,1821825,8969831,12105,4458,8969831,EM,2026FR_024,Clupea harengus,LV,,9,,,16,8,VISO,,,,FOR,
14538,1610424,1821826,8969844,12105,4458,8969844,EM,2026FR_025,Clupea harengus,LV,,11,,,23,1.04,VISO,,,,FOR,
14538,1610423,1821827,8969821,12105,4458,8969821,EM,2026FR_024,Clupea harengus,LV,,20,,,8,1,VISO,,,,FOR,
14538,1610423,1821828,8969822,12105,4458,8969822,EM,2026FR_024,Clupea harengus,LV,,15,,,12,8,VISO,,,,FOR,
14538,1610423,1821829,8969823,12105,4458,8969823,EM,2026FR_024,Clupea harengus,LV,,13,,,8,8,VISO,,,,FOR,
14538,1610423,1821830,8969824,12105,4458,8969824,EM,2026FR_024,Clupea harengus,LV,,10,,,32,8,VISO,,,,FOR,
14538,1610423,1821831,8969825,12105,4458,8969825,EM,2026FR_024,Clupea harengus,LV,,16,,,2,8,VISO,,,,FOR,
14538,1610423,1821832,8969826,12105,4458,8969826,EM,2026FR_024,Clupea harengus,LV,,8,,,3,8,VISO,,,,FOR,
14538,1610423,1821833,8969815,12105,4458,8969815,EM,2026FR_024,Clupea harengus,LV,,17,,,5,1,VISO,,,,FOR,
14538,1610423,1821834,8969816,12105,4458,8969816,EM,2026FR_024,Clupea harengus,LV,,18,,,6,1,VISO,,,,FOR,
14538,1610423,1821835,8969817,12105,4458,8969817,EM,2026FR_024,Clupea harengus,LV,,19,,,4,1,VISO,,,,FOR,
14538,1610423,1821836,8969818,12105,4458,8969818,EM,2026FR_024,Clupea harengus,LV,,21,,,4,1,VISO,,,,FOR,
14538,1610423,1821837,8969819,12105,4458,8969819,EM,2026FR_024,Clupea harengus,LV,,24,,,1,1,VISO,,,,FOR,
14538,1610423,1821838,8969820,12105,4458,8969820,EM,2026FR_024,Clupea harengus,LV,,26,,,1,1,VISO,,,,FOR,
14538,1610422,1821839,8969797,12105,4458,8969797,EM,2026FR_023,Clupea harengus,LV,,13,,,7,17.2903225806451,VISO,,,,FOR,
14538,1610422,1821840,8969798,12105,4458,8969798,EM,2026FR_023,Clupea harengus,LV,,12,,,6,17.2903225806451,VISO,,,,FOR,
14538,1610422,1821841,8969799,12105,4458,8969799,EM,2026FR_023,Clupea harengus,LV,,15,,,18,17.2903225806451,VISO,,,,FOR,
14538,1610422,1821842,8969800,12105,4458,8969800,EM,2026FR_023,Clupea harengus,LV,,19,,,4,17.2903225806451,VISO,,,,FOR,
14538,1610422,1821843,8969801,12105,4458,8969801,EM,2026FR_023,Clupea harengus,LV,,17,,,2,17.2903225806451,VISO,,,,FOR,
14538,1610422,1821844,8969802,12105,4458,8969802,EM,2026FR_023,Clupea harengus,LV,,14,,,14,17.2903225806451,VISO,,,,FOR,
14538,1610422,1821845,8969791,12105,4458,8969791,EM,2026FR_023,Clupea harengus,LV,,11,,,14,17.2903225806451,VISO,,,,FOR,
14538,1610422,1821846,8969792,12105,4458,8969792,EM,2026FR_023,Clupea harengus,LV,,10,,,14,17.2903225806451,VISO,,,,FOR,
14538,1610422,1821847,8969793,12105,4458,8969793,EM,2026FR_023,Clupea harengus,LV,,7,,,9,17.2903225806451,VISO,,,,FOR,
14538,1610422,1821848,8969794,12105,4458,8969794,EM,2026FR_023,Clupea harengus,LV,,18,,,4,17.2903225806451,VISO,,,,FOR,
14538,1610422,1821849,8969795,12105,4458,8969795,EM,2026FR_023,Clupea harengus,LV,,16,,,5,17.2903225806451,VISO,,,,FOR,
14538,1610422,1821850,8969796,12105,4458,8969796,EM,2026FR_023,Clupea harengus,LV,,9,,,17,17.2903225806451,VISO,,,,FOR,
14538,1610422,1821851,8969785,12105,4458,8969785,EM,2026FR_023,Clupea harengus,LV,,21,,,5,1.02083333333333,VISO,,,,FOR,
14538,1610422,1821852,8969786,12105,4458,8969786,EM,2026FR_023,Clupea harengus,LV,,25,,,7,1.02083333333333,VISO,,,,FOR,
14538,1610422,1821853,8969787,12105,4458,8969787,EM,2026FR_023,Clupea harengus,LV,,27,,,1,1.02083333333333,VISO,,,,FOR,
14538,1610422,1821854,8969788,12105,4458,8969788,EM,2026FR_023,Clupea harengus,LV,,23,,,9,1.02083333333333,VISO,,,,FOR,
14538,1610422,1821855,8969789,12105,4458,8969789,EM,2026FR_023,Clupea harengus,LV,,20,,,6,1.02083333333333,VISO,,,,FOR,
14538,1610422,1821856,8969790,12105,4458,8969790,EM,2026FR_023,Clupea harengus,LV,,8,,,10,17.2903225806451,VISO,,,,FOR,
14538,1610421,1821857,8969773,12105,4458,8969773,EM,2026FR_022,Clupea harengus,LV,,26,,,1,16.2051282051282,VISO,,,,FOR,
14538,1610421,1821858,8969774,12105,4458,8969774,EM,2026FR_022,Clupea harengus,LV,,15,,,23,16.2051282051282,VISO,,,,FOR,
14538,1610421,1821859,8969775,12105,4458,8969775,EM,2026FR_022,Clupea harengus,LV,,24,,,2,16.2051282051282,VISO,,,,FOR,
14538,1610422,1821860,8969782,12105,4458,8969782,EM,2026FR_023,Clupea harengus,LV,,22,,,4,1.02083333333333,VISO,,,,FOR,
14538,1610422,1821861,8969783,12105,4458,8969783,EM,2026FR_023,Clupea harengus,LV,,26,,,5,1.02083333333333,VISO,,,,FOR,
14538,1610422,1821862,8969784,12105,4458,8969784,EM,2026FR_023,Clupea harengus,LV,,24,,,11,1.02083333333333,VISO,,,,FOR,
14538,1610421,1821863,8969767,12105,4458,8969767,EM,2026FR_022,Clupea harengus,LV,,16,,,20,16.2051282051282,VISO,,,,FOR,
14538,1610421,1821864,8969768,12105,4458,8969768,EM,2026FR_022,Clupea harengus,LV,,22,,,3,16.2051282051282,VISO,,,,FOR,
14538,1610421,1821865,8969769,12105,4458,8969769,EM,2026FR_022,Clupea harengus,LV,,14,,,16,16.2051282051282,VISO,,,,FOR,
14538,1610421,1821866,8969770,12105,4458,8969770,EM,2026FR_022,Clupea harengus,LV,,11,,,4,16.2051282051282,VISO,,,,FOR,
14538,1610421,1821867,8969771,12105,4458,8969771,EM,2026FR_022,Clupea harengus,LV,,23,,,3,16.2051282051282,VISO,,,,FOR,
14538,1610421,1821868,8969772,12105,4458,8969772,EM,2026FR_022,Clupea harengus,LV,,25,,,1,16.2051282051282,VISO,,,,FOR,
14538,1610421,1821869,8969761,12105,4458,8969761,EM,2026FR_022,Clupea harengus,LV,,7,,,3,16.2051282051282,VISO,,,,FOR,
14538,1610421,1821870,8969762,12105,4458,8969762,EM,2026FR_022,Clupea harengus,LV,,19,,,11,16.2051282051282,VISO,,,,FOR,
14538,1610421,1821871,8969763,12105,4458,8969763,EM,2026FR_022,Clupea harengus,LV,,17,,,15,16.2051282051282,VISO,,,,FOR,
14538,1610421,1821872,8969764,12105,4458,8969764,EM,2026FR_022,Clupea harengus,LV,,18,,,7,16.2051282051282,VISO,,,,FOR,
14538,1610421,1821873,8969765,12105,4458,8969765,EM,2026FR_022,Clupea harengus,LV,,13,,,2,16.2051282051282,VISO,,,,FOR,
14538,1610421,1821874,8969766,12105,4458,8969766,EM,2026FR_022,Clupea harengus,LV,,21,,,5,16.2051282051282,VISO,,,,FOR,
14538,1610420,1821875,8969754,12105,4458,8969754,EM,2026FR_021,Clupea harengus,LV,,22,,,18,4.03921568627452,VISO,,,,FOR,
14538,1610421,1821876,8969756,12105,4458,8969756,EM,2026FR_022,Clupea harengus,LV,,10,,,12,16.2051282051282,VISO,,,,FOR,
14538,1610421,1821877,8969757,12105,4458,8969757,EM,2026FR_022,Clupea harengus,LV,,8,,,3,16.2051282051282,VISO,,,,FOR,
14538,1610421,1821878,8969758,12105,4458,8969758,EM,2026FR_022,Clupea harengus,LV,,9,,,11,16.2051282051282,VISO,,,,FOR,
14538,1610421,1821879,8969759,12105,4458,8969759,EM,2026FR_022,Clupea harengus,LV,,12,,,4,16.2051282051282,VISO,,,,FOR,
14538,1610421,1821880,8969760,12105,4458,8969760,EM,2026FR_022,Clupea harengus,LV,,20,,,10,16.2051282051282,VISO,,,,FOR,
14538,1610420,1821881,8969748,12105,4458,8969748,EM,2026FR_021,Clupea harengus,LV,,25,,,15,4.03921568627452,VISO,,,,FOR,
14538,1610420,1821882,8969749,12105,4458,8969749,EM,2026FR_021,Clupea harengus,LV,,24,,,18,4.03921568627452,VISO,,,,FOR,
14538,1610420,1821883,8969750,12105,4458,8969750,EM,2026FR_021,Clupea harengus,LV,,21,,,14,4.03921568627452,VISO,,,,FOR,
14538,1610420,1821884,8969751,12105,4458,8969751,EM,2026FR_021,Clupea harengus,LV,,27,,,2,4.03921568627452,VISO,,,,FOR,
14538,1610420,1821885,8969752,12105,4458,8969752,EM,2026FR_021,Clupea harengus,LV,,20,,,14,4.03921568627452,VISO,,,,FOR,
14538,1610420,1821886,8969753,12105,4458,8969753,EM,2026FR_021,Clupea harengus,LV,,26,,,5,4.03921568627452,VISO,,,,FOR,
14538,1610420,1821887,8969742,12105,4458,8969742,EM,2026FR_021,Clupea harengus,LV,,10,,,5,32,VISO,,,,FOR,
14538,1610420,1821888,8969743,12105,4458,8969743,EM,2026FR_021,Clupea harengus,LV,,18,,,13,32,VISO,,,,FOR,
14538,1610420,1821889,8969744,12105,4458,8969744,EM,2026FR_021,Clupea harengus,LV,,12,,,10,32,VISO,,,,FOR,
14538,1610420,1821890,8969745,12105,4458,8969745,EM,2026FR_021,Clupea harengus,LV,,13,,,9,32,VISO,,,,FOR,
14538,1610420,1821891,8969746,12105,4458,8969746,EM,2026FR_021,Clupea harengus,LV,,14,,,13,32,VISO,,,,FOR,
14538,1610420,1821892,8969747,12105,4458,8969747,EM,2026FR_021,Clupea harengus,LV,,23,,,16,4.03921568627452,VISO,,,,FOR,
14538,1610419,1821893,8969733,12105,4458,8969733,EM,2026FR_020,Clupea harengus,LV,,9,,,27,17.1972789115646,VISO,,,,FOR,
14538,1610420,1821894,8969737,12105,4458,8969737,EM,2026FR_021,Clupea harengus,LV,,19,,,5,32,VISO,,,,FOR,
14538,1610420,1821895,8969738,12105,4458,8969738,EM,2026FR_021,Clupea harengus,LV,,15,,,14,32,VISO,,,,FOR,
14538,1610420,1821896,8969739,12105,4458,8969739,EM,2026FR_021,Clupea harengus,LV,,17,,,13,32,VISO,,,,FOR,
14538,1610420,1821897,8969740,12105,4458,8969740,EM,2026FR_021,Clupea harengus,LV,,11,,,5,32,VISO,,,,FOR,
14538,1610420,1821898,8969741,12105,4458,8969741,EM,2026FR_021,Clupea harengus,LV,,16,,,14,32,VISO,,,,FOR,
14538,1610419,1821899,8969727,12105,4458,8969727,EM,2026FR_020,Clupea harengus,LV,,15,,,2,17.1972789115646,VISO,,,,FOR,
14538,1610419,1821900,8969728,12105,4458,8969728,EM,2026FR_020,Clupea harengus,LV,,11,,,34,17.1972789115646,VISO,,,,FOR,
14538,1610419,1821901,8969729,12105,4458,8969729,EM,2026FR_020,Clupea harengus,LV,,13,,,3,17.1972789115646,VISO,,,,FOR,
14538,1610419,1821902,8969730,12105,4458,8969730,EM,2026FR_020,Clupea harengus,LV,,8,,,9,17.1972789115646,VISO,,,,FOR,
14538,1610419,1821903,8969731,12105,4458,8969731,EM,2026FR_020,Clupea harengus,LV,,7,,,1,17.1972789115646,VISO,,,,FOR,
14538,1610419,1821904,8969732,12105,4458,8969732,EM,2026FR_020,Clupea harengus,LV,,10,,,61,17.1972789115646,VISO,,,,FOR,
14538,1610418,1821905,8969718,12105,4458,8969718,EM,2026FR_019,Clupea harengus,LV,,5,,,1,4.14925373134328,VISO,,,,FOR,
14538,1610419,1821906,8969722,12105,4458,8969722,EM,2026FR_020,Clupea harengus,LV,,20,,,1,1,VISO,,,,FOR,
14538,1610419,1821907,8969723,12105,4458,8969723,EM,2026FR_020,Clupea harengus,LV,,18,,,2,1,VISO,,,,FOR,
14538,1610419,1821908,8969724,12105,4458,8969724,EM,2026FR_020,Clupea harengus,LV,,17,,,1,1,VISO,,,,FOR,
14538,1610419,1821909,8969725,12105,4458,8969725,EM,2026FR_020,Clupea harengus,LV,,16,,,2,1,VISO,,,,FOR,
14538,1610419,1821910,8969726,12105,4458,8969726,EM,2026FR_020,Clupea harengus,LV,,12,,,10,17.1972789115646,VISO,,,,FOR,
14538,1610418,1821911,8969712,12105,4458,8969712,EM,2026FR_019,Clupea harengus,LV,,10,,,55,4.14925373134328,VISO,,,,FOR,
14538,1610418,1821912,8969713,12105,4458,8969713,EM,2026FR_019,Clupea harengus,LV,,9,,,30,4.14925373134328,VISO,,,,FOR,
14538,1610418,1821913,8969714,12105,4458,8969714,EM,2026FR_019,Clupea harengus,LV,,11,,,25,4.14925373134328,VISO,,,,FOR,
14538,1610418,1821914,8969715,12105,4458,8969715,EM,2026FR_019,Clupea harengus,LV,,7,,,3,4.14925373134328,VISO,,,,FOR,
14538,1610418,1821915,8969716,12105,4458,8969716,EM,2026FR_019,Clupea harengus,LV,,14,,,1,4.14925373134328,VISO,,,,FOR,
14538,1610418,1821916,8969717,12105,4458,8969717,EM,2026FR_019,Clupea harengus,LV,,6,,,1,4.14925373134328,VISO,,,,FOR,
14538,1610417,1821917,8969704,12105,4458,8969704,EM,2026FR_018,Clupea harengus,LV,,8,,,20,16.8080808080808,VISO,,,,FOR,
14538,1610418,1821918,8969707,12105,4458,8969707,EM,2026FR_019,Clupea harengus,LV,,18,,,1,1,VISO,,,,FOR,
14538,1610418,1821919,8969708,12105,4458,8969708,EM,2026FR_019,Clupea harengus,LV,,19,,,1,1,VISO,,,,FOR,
14538,1610418,1821920,8969709,12105,4458,8969709,EM,2026FR_019,Clupea harengus,LV,,20,,,1,1,VISO,,,,FOR,
14538,1610418,1821921,8969710,12105,4458,8969710,EM,2026FR_019,Clupea harengus,LV,,8,,,16,4.14925373134328,VISO,,,,FOR,
14538,1610418,1821922,8969711,12105,4458,8969711,EM,2026FR_019,Clupea harengus,LV,,12,,,2,4.14925373134328,VISO,,,,FOR,
14538,1610417,1821923,8969698,12105,4458,8969698,EM,2026FR_018,Clupea harengus,LV,,12,,,4,16.8080808080808,VISO,,,,FOR,
14538,1610417,1821924,8969699,12105,4458,8969699,EM,2026FR_018,Clupea harengus,LV,,6,,,2,16.8080808080808,VISO,,,,FOR,
14538,1610417,1821925,8969700,12105,4458,8969700,EM,2026FR_018,Clupea harengus,LV,,5,,,1,16.8080808080808,VISO,,,,FOR,
14538,1610417,1821926,8969701,12105,4458,8969701,EM,2026FR_018,Clupea harengus,LV,,13,,,1,16.8080808080808,VISO,,,,FOR,
14538,1610417,1821927,8969702,12105,4458,8969702,EM,2026FR_018,Clupea harengus,LV,,7,,,10,16.8080808080808,VISO,,,,FOR,
14538,1610417,1821928,8969703,12105,4458,8969703,EM,2026FR_018,Clupea harengus,LV,,9,,,20,16.8080808080808,VISO,,,,FOR,
14538,1610417,1821929,8969692,12105,4458,8969692,EM,2026FR_018,Clupea harengus,LV,,20,,,1,1,VISO,,,,FOR,
14538,1610417,1821930,8969693,12105,4458,8969693,EM,2026FR_018,Clupea harengus,LV,,17,,,1,1,VISO,,,,FOR,
14538,1610417,1821931,8969694,12105,4458,8969694,EM,2026FR_018,Clupea harengus,LV,,16,,,2,1,VISO,,,,FOR,
14538,1610417,1821932,8969695,12105,4458,8969695,EM,2026FR_018,Clupea harengus,LV,,18,,,1,1,VISO,,,,FOR,
14538,1610417,1821933,8969696,12105,4458,8969696,EM,2026FR_018,Clupea harengus,LV,,11,,,12,16.8080808080808,VISO,,,,FOR,
14538,1610417,1821934,8969697,12105,4458,8969697,EM,2026FR_018,Clupea harengus,LV,,10,,,29,16.8080808080808,VISO,,,,FOR,
14538,1610416,1821935,8969685,12105,4458,8969685,EM,2026FR_017,Clupea harengus,LV,,9,,,13,11.52,VISO,,,,FOR,
14538,1610416,1821936,8969686,12105,4458,8969686,EM,2026FR_017,Clupea harengus,LV,,8,,,8,11.52,VISO,,,,FOR,
14538,1610416,1821937,8969687,12105,4458,8969687,EM,2026FR_017,Clupea harengus,LV,,12,,,3,11.52,VISO,,,,FOR,
14538,1610416,1821938,8969688,12105,4458,8969688,EM,2026FR_017,Clupea harengus,LV,,10,,,17,11.52,VISO,,,,FOR,
14538,1610416,1821939,8969689,12105,4458,8969689,EM,2026FR_017,Clupea harengus,LV,,14,,,1,11.52,VISO,,,,FOR,
14538,1610416,1821940,8969690,12105,4458,8969690,EM,2026FR_017,Clupea harengus,LV,,11,,,7,11.52,VISO,,,,FOR,
14538,1610416,1821941,8969679,12105,4458,8969679,EM,2026FR_017,Clupea harengus,LV,,20,,,2,1,VISO,,,,FOR,
14538,1610416,1821942,8969680,12105,4458,8969680,EM,2026FR_017,Clupea harengus,LV,,19,,,1,1,VISO,,,,FOR,
14538,1610416,1821943,8969681,12105,4458,8969681,EM,2026FR_017,Clupea harengus,LV,,18,,,1,1,VISO,,,,FOR,
14538,1610416,1821944,8969682,12105,4458,8969682,EM,2026FR_017,Clupea harengus,LV,,17,,,1,1,VISO,,,,FOR,
14538,1610416,1821945,8969683,12105,4458,8969683,EM,2026FR_017,Clupea harengus,LV,,16,,,1,1,VISO,,,,FOR,
14538,1610416,1821946,8969684,12105,4458,8969684,EM,2026FR_017,Clupea harengus,LV,,7,,,1,11.52,VISO,,,,FOR,
14538,1610415,1821947,8969673,12105,4458,8969673,EM,2026FR_016,Clupea harengus,LV,,15,,,1,2.3,VISO,,,,FOR,
14538,1610415,1821948,8969674,12105,4458,8969674,EM,2026FR_016,Clupea harengus,LV,,11,,,3,2.3,VISO,,,,FOR,
14538,1610415,1821949,8969675,12105,4458,8969675,EM,2026FR_016,Clupea harengus,LV,,16,,,2,2.3,VISO,,,,FOR,
14538,1610415,1821950,8969676,12105,4458,8969676,EM,2026FR_016,Clupea harengus,LV,,12,,,2,2.3,VISO,,,,FOR,
14538,1610415,1821951,8969677,12105,4458,8969677,EM,2026FR_016,Clupea harengus,LV,,8,,,7,2.3,VISO,,,,FOR,
14538,1610415,1821952,8969678,12105,4458,8969678,EM,2026FR_016,Clupea harengus,LV,,10,,,20,2.3,VISO,,,,FOR,
14538,1610414,1821953,8969666,12105,4458,8969666,EM,2026FR_015,Clupea harengus,LV,,15,,,2,13.6923076923077,VISO,,,,FOR,
14538,1610414,1821954,8969667,12105,4458,8969667,EM,2026FR_015,Clupea harengus,LV,,9,,,19,13.6923076923077,VISO,,,,FOR,
14538,1610414,1821955,8969668,12105,4458,8969668,EM,2026FR_015,Clupea harengus,LV,,10,,,42,13.6923076923077,VISO,,,,FOR,
14538,1610414,1821956,8969669,12105,4458,8969669,EM,2026FR_015,Clupea harengus,LV,,11,,,29,13.6923076923077,VISO,,,,FOR,
14538,1610415,1821957,8969671,12105,4458,8969671,EM,2026FR_016,Clupea harengus,LV,,9,,,14,2.3,VISO,,,,FOR,
14538,1610415,1821958,8969672,12105,4458,8969672,EM,2026FR_016,Clupea harengus,LV,,14,,,1,2.3,VISO,,,,FOR,
14538,1610414,1821959,8969660,12105,4458,8969660,EM,2026FR_015,Clupea harengus,LV,,17,,,2,13.6923076923077,VISO,,,,FOR,
14538,1610414,1821960,8969661,12105,4458,8969661,EM,2026FR_015,Clupea harengus,LV,,12,,,3,13.6923076923077,VISO,,,,FOR,
14538,1610414,1821961,8969662,12105,4458,8969662,EM,2026FR_015,Clupea harengus,LV,,16,,,2,13.6923076923077,VISO,,,,FOR,
14538,1610414,1821962,8969663,12105,4458,8969663,EM,2026FR_015,Clupea harengus,LV,,14,,,1,13.6923076923077,VISO,,,,FOR,
14538,1610414,1821963,8969664,12105,4458,8969664,EM,2026FR_015,Clupea harengus,LV,,8,,,2,13.6923076923077,VISO,,,,FOR,
14538,1610414,1821964,8969665,12105,4458,8969665,EM,2026FR_015,Clupea harengus,LV,,18,,,2,13.6923076923077,VISO,,,,FOR,
14538,1610408,1821965,8969651,12105,4458,8969651,EM,2026FR_009,Clupea harengus,LV,,9,,,24,8.29629629629632,VISO,,,,FOR,
14538,1610408,1821966,8969652,12105,4458,8969652,EM,2026FR_009,Clupea harengus,LV,,18,,,1,8.29629629629632,VISO,,,,FOR,
14538,1610408,1821967,8969653,12105,4458,8969653,EM,2026FR_009,Clupea harengus,LV,,16,,,1,8.29629629629632,VISO,,,,FOR,
14538,1610408,1821968,8969654,12105,4458,8969654,EM,2026FR_009,Clupea harengus,LV,,8,,,24,8.29629629629632,VISO,,,,FOR,
14538,1610414,1821969,8969658,12105,4458,8969658,EM,2026FR_015,Clupea harengus,LV,,22,,,1,1,VISO,,,,FOR,
14538,1610414,1821970,8969659,12105,4458,8969659,EM,2026FR_015,Clupea harengus,LV,,20,,,3,1,VISO,,,,FOR,
14538,1610407,1821971,8969645,12105,4458,8969645,EM,2026FR_008,Clupea harengus,LV,,11,,,12,16.9411764705882,VISO,,,,FOR,
14538,1610407,1821972,8969646,12105,4458,8969646,EM,2026FR_008,Clupea harengus,LV,,9,,,14,16.9411764705882,VISO,,,,FOR,
14538,1610407,1821973,8969647,12105,4458,8969647,EM,2026FR_008,Clupea harengus,LV,,10,,,72,16.9411764705882,VISO,,,,FOR,
14538,1610408,1821974,8969648,12105,4458,8969648,EM,2026FR_009,Clupea harengus,LV,,10,,,46,8.29629629629632,VISO,,,,FOR,
14538,1610408,1821975,8969649,12105,4458,8969649,EM,2026FR_009,Clupea harengus,LV,,7,,,10,8.29629629629632,VISO,,,,FOR,
14538,1610408,1821976,8969650,12105,4458,8969650,EM,2026FR_009,Clupea harengus,LV,,11,,,2,8.29629629629632,VISO,,,,FOR,
14538,1610406,1821977,8969639,12105,4458,8969639,EM,2026FR_007,Clupea harengus,LV,,13,,,1,1.05,VISO,,,,FOR,
14538,1610406,1821978,8969640,12105,4458,8969640,EM,2026FR_007,Clupea harengus,LV,,15,,,4,1.05,VISO,,,,FOR,
14538,1610407,1821979,8969641,12105,4458,8969641,EM,2026FR_008,Clupea harengus,LV,,18,,,2,1,VISO,,,,FOR,
14538,1610407,1821980,8969642,12105,4458,8969642,EM,2026FR_008,Clupea harengus,LV,,16,,,2,1,VISO,,,,FOR,
14538,1610407,1821981,8969643,12105,4458,8969643,EM,2026FR_008,Clupea harengus,LV,,15,,,3,1,VISO,,,,FOR,
14538,1610407,1821982,8969644,12105,4458,8969644,EM,2026FR_008,Clupea harengus,LV,,8,,,4,16.9411764705882,VISO,,,,FOR,
14538,1610406,1821983,8969633,12105,4458,8969633,EM,2026FR_007,Clupea harengus,LV,,9,,,7,1.05,VISO,,,,FOR,
14538,1610406,1821984,8969634,12105,4458,8969634,EM,2026FR_007,Clupea harengus,LV,,16,,,1,1.05,VISO,,,,FOR,
14538,1610406,1821985,8969635,12105,4458,8969635,EM,2026FR_007,Clupea harengus,LV,,10,,,40,1.05,VISO,,,,FOR,
14538,1610406,1821986,8969636,12105,4458,8969636,EM,2026FR_007,Clupea harengus,LV,,11,,,32,1.05,VISO,,,,FOR,
14538,1610406,1821987,8969637,12105,4458,8969637,EM,2026FR_007,Clupea harengus,LV,,19,,,2,1.05,VISO,,,,FOR,
14538,1610406,1821988,8969638,12105,4458,8969638,EM,2026FR_007,Clupea harengus,LV,,17,,,1,1.05,VISO,,,,FOR,
14538,1610405,1821989,8969623,12105,4458,8969623,EM,2026FR_006,Clupea harengus,LV,,18,,,2,1,VISO,,,,FOR,
14538,1610405,1821990,8969624,12105,4458,8969624,EM,2026FR_006,Clupea harengus,LV,,15,,,1,1,VISO,,,,FOR,
14538,1610406,1821991,8969629,12105,4458,8969629,EM,2026FR_007,Clupea harengus,LV,,8,,,1,1.05,VISO,,,,FOR,
14538,1610406,1821992,8969630,12105,4458,8969630,EM,2026FR_007,Clupea harengus,LV,,12,,,6,1.05,VISO,,,,FOR,
14538,1610406,1821993,8969631,12105,4458,8969631,EM,2026FR_007,Clupea harengus,LV,,14,,,1,1.05,VISO,,,,FOR,
14538,1610406,1821994,8969632,12105,4458,8969632,EM,2026FR_007,Clupea harengus,LV,,18,,,4,1.05,VISO,,,,FOR,
14538,1610404,1821995,8969608,12105,4458,8969608,EM,2026FR_005,Clupea harengus,LV,,11,,,1,1,VISO,,,,FOR,
14538,1610404,1821996,8969609,12105,4458,8969609,EM,2026FR_005,Clupea harengus,LV,,15,,,1,1,VISO,,,,FOR,
14538,1610404,1821997,8969610,12105,4458,8969610,EM,2026FR_005,Clupea harengus,LV,,16,,,1,1,VISO,,,,FOR,
14538,1610404,1821998,8969611,12105,4458,8969611,EM,2026FR_005,Clupea harengus,LV,,17,,,1,1,VISO,,,,FOR,
14538,1610404,1821999,8969612,12105,4458,8969612,EM,2026FR_005,Clupea harengus,LV,,19,,,1,1,VISO,,,,FOR,
14538,1610405,1822000,8969622,12105,4458,8969622,EM,2026FR_006,Clupea harengus,LV,,21,,,1,1,VISO,,,,FOR,
14538,1610403,1822001,8969600,12105,4458,8969600,EM,2026FR_004,Clupea harengus,LV,,7,,,2,2.0576923076923,VISO,,,,FOR,
14538,1610403,1822002,8969601,12105,4458,8969601,EM,2026FR_004,Clupea harengus,LV,,11,,,14,2.0576923076923,VISO,,,,FOR,
14538,1610403,1822003,8969602,12105,4458,8969602,EM,2026FR_004,Clupea harengus,LV,,9,,,34,2.0576923076923,VISO,,,,FOR,
14538,1610403,1822004,8969603,12105,4458,8969603,EM,2026FR_004,Clupea harengus,LV,,10,,,30,2.0576923076923,VISO,,,,FOR,
14538,1610404,1822005,8969606,12105,4458,8969606,EM,2026FR_005,Clupea harengus,LV,,9,,,2,1,VISO,,,,FOR,
14538,1610404,1822006,8969607,12105,4458,8969607,EM,2026FR_005,Clupea harengus,LV,,10,,,9,1,VISO,,,,FOR,
14538,1610403,1822007,8969594,12105,4458,8969594,EM,2026FR_004,Clupea harengus,LV,,17,,,3,1,VISO,,,,FOR,
14538,1610403,1822008,8969595,12105,4458,8969595,EM,2026FR_004,Clupea harengus,LV,,16,,,3,1,VISO,,,,FOR,
14538,1610403,1822009,8969596,12105,4458,8969596,EM,2026FR_004,Clupea harengus,LV,,15,,,1,1,VISO,,,,FOR,
14538,1610403,1822010,8969597,12105,4458,8969597,EM,2026FR_004,Clupea harengus,LV,,14,,,2,1,VISO,,,,FOR,
14538,1610403,1822011,8969598,12105,4458,8969598,EM,2026FR_004,Clupea harengus,LV,,8,,,22,2.0576923076923,VISO,,,,FOR,
14538,1610403,1822012,8969599,12105,4458,8969599,EM,2026FR_004,Clupea harengus,LV,,12,,,2,2.0576923076923,VISO,,,,FOR,
14538,1610402,1822013,8969586,12105,4458,8969586,EM,2026FR_003,Clupea harengus,LV,,9,,,30,2.06896551724138,VISO,,,,FOR,
14538,1610402,1822014,8969587,12105,4458,8969587,EM,2026FR_003,Clupea harengus,LV,,11,,,14,2.06896551724138,VISO,,,,FOR,
14538,1610402,1822015,8969588,12105,4458,8969588,EM,2026FR_003,Clupea harengus,LV,,10,,,50,2.06896551724138,VISO,,,,FOR,
14538,1610402,1822016,8969589,12105,4458,8969589,EM,2026FR_003,Clupea harengus,LV,,8,,,20,2.06896551724138,VISO,,,,FOR,
14538,1610403,1822017,8969592,12105,4458,8969592,EM,2026FR_004,Clupea harengus,LV,,19,,,1,1,VISO,,,,FOR,
14538,1610403,1822018,8969593,12105,4458,8969593,EM,2026FR_004,Clupea harengus,LV,,18,,,1,1,VISO,,,,FOR,
14538,1610402,1822019,8969580,12105,4458,8969580,EM,2026FR_003,Clupea harengus,LV,,16,,,2,1,VISO,,,,FOR,
14538,1610402,1822020,8969581,12105,4458,8969581,EM,2026FR_003,Clupea harengus,LV,,17,,,4,1,VISO,,,,FOR,
14538,1610402,1822021,8969582,12105,4458,8969582,EM,2026FR_003,Clupea harengus,LV,,20,,,1,1,VISO,,,,FOR,
14538,1610402,1822022,8969583,12105,4458,8969583,EM,2026FR_003,Clupea harengus,LV,,18,,,3,1,VISO,,,,FOR,
14538,1610402,1822023,8969584,12105,4458,8969584,EM,2026FR_003,Clupea harengus,LV,,19,,,3,1,VISO,,,,FOR,
14538,1610402,1822024,8969585,12105,4458,8969585,EM,2026FR_003,Clupea harengus,LV,,12,,,2,2.06896551724138,VISO,,,,FOR,
14538,1610401,1822025,8969574,12105,4458,8969574,EM,2026FR_002,Clupea harengus,LV,,15,,,2,1,VISO,,,,FOR,
14538,1610401,1822026,8969575,12105,4458,8969575,EM,2026FR_002,Clupea harengus,LV,,21,,,1,1,VISO,,,,FOR,
14538,1610401,1822027,8969576,12105,4458,8969576,EM,2026FR_002,Clupea harengus,LV,,9,,,44,8.24242424242424,VISO,,,,FOR,
14538,1610401,1822028,8969577,12105,4458,8969577,EM,2026FR_002,Clupea harengus,LV,,11,,,24,8.24242424242424,VISO,,,,FOR,
14538,1610401,1822029,8969578,12105,4458,8969578,EM,2026FR_002,Clupea harengus,LV,,8,,,6,8.24242424242424,VISO,,,,FOR,
14538,1610401,1822030,8969579,12105,4458,8969579,EM,2026FR_002,Clupea harengus,LV,,10,,,58,8.24242424242424,VISO,,,,FOR,
14538,1610400,1822031,8970378,12105,4458,8970378,EM,2026FR_001,Clupea harengus,LV,,9,,,65,4.056338028169,VISO,,,,FOR,
14538,1610401,1822032,8970379,12105,4458,8970379,EM,2026FR_002,Clupea harengus,LV,,19,,,1,1,VISO,,,,FOR,
14538,1610401,1822033,8970380,12105,4458,8970380,EM,2026FR_002,Clupea harengus,LV,,20,,,2,1,VISO,,,,FOR,
14538,1610401,1822034,8969571,12105,4458,8969571,EM,2026FR_002,Clupea harengus,LV,,18,,,4,1,VISO,,,,FOR,
14538,1610401,1822035,8969572,12105,4458,8969572,EM,2026FR_002,Clupea harengus,LV,,17,,,1,1,VISO,,,,FOR,
14538,1610401,1822036,8969573,12105,4458,8969573,EM,2026FR_002,Clupea harengus,LV,,16,,,2,1,VISO,,,,FOR,
14538,1610437,1822037,8970370,12120,4458,8970370,EM,2026FR_038,Microstomus kitt,LV,,11,,,1,1,VISO,,,,FOR,
14538,1610463,1822038,8970371,12120,4458,8970371,EM,2026FR_064,Microstomus kitt,LV,,23,,,1,1,VISO,,,,FOR,
14538,1610402,1822039,8969590,12129,4458,8969590,EM,2026FR_003,Sardina pilchardus,LV,,24,,,1,1,VISO,,,,FOR,
14538,1610402,1822040,8969591,12129,4458,8969591,EM,2026FR_003,Sardina pilchardus,LV,,20,,,1,1,VISO,,,,FOR,
14538,1610403,1822041,8969604,12129,4458,8969604,EM,2026FR_004,Sardina pilchardus,LV,,22,,,1,1,VISO,,,,FOR,
14538,1610403,1822042,8969605,12129,4458,8969605,EM,2026FR_004,Sardina pilchardus,LV,,21,,,1,1,VISO,,,,FOR,
14538,1610404,1822043,8969613,12129,4458,8969613,EM,2026FR_005,Sardina pilchardus,LV,,27,,,1,1,VISO,,,,FOR,
14538,1610404,1822044,8969614,12129,4458,8969614,EM,2026FR_005,Sardina pilchardus,LV,,20,,,1,1,VISO,,,,FOR,
14538,1610487,1822045,8970349,12129,4458,8970349,EM,2026FR_088,Sardina pilchardus,LV,,30,,,1,1,VISO,,,,FOR,
14538,1610483,1822046,8970335,12129,4458,8970335,EM,2026FR_084,Sardina pilchardus,LV,,28,,,1,1,VISO,,,,FOR,
14538,1610484,1822047,8970343,12129,4458,8970343,EM,2026FR_085,Sardina pilchardus,LV,,26,,,1,1,VISO,,,,FOR,
14538,1610484,1822048,8970344,12129,4458,8970344,EM,2026FR_085,Sardina pilchardus,LV,,18,,,1,1,VISO,,,,FOR,
14538,1610486,1822049,8970346,12129,4458,8970346,EM,2026FR_087,Sardina pilchardus,LV,,28,,,1,1,VISO,,,,FOR,
14538,1610486,1822050,8970347,12129,4458,8970347,EM,2026FR_087,Sardina pilchardus,LV,,25,,,2,1,VISO,,,,FOR,
14538,1610486,1822051,8970348,12129,4458,8970348,EM,2026FR_087,Sardina pilchardus,LV,,22,,,1,1,VISO,,,,FOR,
14538,1610481,1822052,8970312,12129,4458,8970312,EM,2026FR_082,Sardina pilchardus,LV,,31,,,1,1,VISO,,,,FOR,
14538,1610481,1822053,8970313,12129,4458,8970313,EM,2026FR_082,Sardina pilchardus,LV,,30,,,1,1,VISO,,,,FOR,
14538,1610482,1822054,8970325,12129,4458,8970325,EM,2026FR_083,Sardina pilchardus,LV,,21,,,1,1,VISO,,,,FOR,
14538,1610482,1822055,8970326,12129,4458,8970326,EM,2026FR_083,Sardina pilchardus,LV,,28,,,1,1,VISO,,,,FOR,
14538,1610482,1822056,8970327,12129,4458,8970327,EM,2026FR_083,Sardina pilchardus,LV,,20,,,1,1,VISO,,,,FOR,
14538,1610483,1822057,8970334,12129,4458,8970334,EM,2026FR_084,Sardina pilchardus,LV,,20,,,1,1,VISO,,,,FOR,
14538,1610480,1822058,8970293,12129,4458,8970293,EM,2026FR_081,Sardina pilchardus,LV,,30,,,2,1,VISO,,,,FOR,
14538,1610480,1822059,8970294,12129,4458,8970294,EM,2026FR_081,Sardina pilchardus,LV,,33,,,1,1,VISO,,,,FOR,
14538,1610480,1822060,8970295,12129,4458,8970295,EM,2026FR_081,Sardina pilchardus,LV,,23,,,1,1,VISO,,,,FOR,
14538,1610480,1822061,8970296,12129,4458,8970296,EM,2026FR_081,Sardina pilchardus,LV,,25,,,2,1,VISO,,,,FOR,
14538,1610481,1822062,8970310,12129,4458,8970310,EM,2026FR_082,Sardina pilchardus,LV,,26,,,1,1,VISO,,,,FOR,
14538,1610481,1822063,8970311,12129,4458,8970311,EM,2026FR_082,Sardina pilchardus,LV,,22,,,4,1,VISO,,,,FOR,
14538,1610448,1822064,8970098,12129,4458,8970098,EM,2026FR_049,Sardina pilchardus,LV,,26,,,1,1,VISO,,,,FOR,
14538,1610455,1822065,8970173,12129,4458,8970173,EM,2026FR_056,Sardina pilchardus,LV,,25,,,1,1,VISO,,,,FOR,
14538,1610469,1822066,8970257,12129,4458,8970257,EM,2026FR_070,Sardina pilchardus,LV,,24,,,1,1,VISO,,,,FOR,
14538,1610471,1822067,8970269,12129,4458,8970269,EM,2026FR_072,Sardina pilchardus,LV,,21,,,1,1,VISO,,,,FOR,
14538,1610471,1822068,8970270,12129,4458,8970270,EM,2026FR_072,Sardina pilchardus,LV,,23,,,1,1,VISO,,,,FOR,
14538,1610471,1822069,8970271,12129,4458,8970271,EM,2026FR_072,Sardina pilchardus,LV,,22,,,2,1,VISO,,,,FOR,
14538,1610441,1822070,8970057,12129,4458,8970057,EM,2026FR_042,Sardina pilchardus,LV,,29,,,1,1,VISO,,,,FOR,
14538,1610441,1822071,8970058,12129,4458,8970058,EM,2026FR_042,Sardina pilchardus,LV,,31,,,1,1,VISO,,,,FOR,
14538,1610441,1822072,8970059,12129,4458,8970059,EM,2026FR_042,Sardina pilchardus,LV,,23,,,1,1,VISO,,,,FOR,
14538,1610442,1822073,8970060,12129,4458,8970060,EM,2026FR_043,Sardina pilchardus,LV,,13,,,1,1,VISO,,,,FOR,
14538,1610442,1822074,8970061,12129,4458,8970061,EM,2026FR_043,Sardina pilchardus,LV,,29,,,1,1,VISO,,,,FOR,
14538,1610442,1822075,8970062,12129,4458,8970062,EM,2026FR_043,Sardina pilchardus,LV,,31,,,1,1,VISO,,,,FOR,
14538,1610437,1822076,8970004,12129,4458,8970004,EM,2026FR_038,Sardina pilchardus,LV,,21,,,1,1,VISO,,,,FOR,
14538,1610437,1822077,8970005,12129,4458,8970005,EM,2026FR_038,Sardina pilchardus,LV,,22,,,1,1,VISO,,,,FOR,
14538,1610437,1822078,8970006,12129,4458,8970006,EM,2026FR_038,Sardina pilchardus,LV,,23,,,1,1,VISO,,,,FOR,
14538,1610437,1822079,8970007,12129,4458,8970007,EM,2026FR_038,Sardina pilchardus,LV,,25,,,1,1,VISO,,,,FOR,
14538,1610437,1822080,8970008,12129,4458,8970008,EM,2026FR_038,Sardina pilchardus,LV,,24,,,2,1,VISO,,,,FOR,
14538,1610441,1822081,8970056,12129,4458,8970056,EM,2026FR_042,Sardina pilchardus,LV,,21,,,1,1,VISO,,,,FOR,
14538,1610436,1822082,8969975,12129,4458,8969975,EM,2026FR_037,Sardina pilchardus,LV,,22,,,2,1,VISO,,,,FOR,
14538,1610436,1822083,8969976,12129,4458,8969976,EM,2026FR_037,Sardina pilchardus,LV,,27,,,1,1,VISO,,,,FOR,
14538,1610436,1822084,8969977,12129,4458,8969977,EM,2026FR_037,Sardina pilchardus,LV,,26,,,1,1,VISO,,,,FOR,
14538,1610436,1822085,8969978,12129,4458,8969978,EM,2026FR_037,Sardina pilchardus,LV,,25,,,2,1,VISO,,,,FOR,
14538,1610436,1822086,8969979,12129,4458,8969979,EM,2026FR_037,Sardina pilchardus,LV,,24,,,2,1,VISO,,,,FOR,
14538,1610437,1822087,8970003,12129,4458,8970003,EM,2026FR_038,Sardina pilchardus,LV,,34,,,1,1,VISO,,,,FOR,
14538,1610436,1822088,8969969,12129,4458,8969969,EM,2026FR_037,Sardina pilchardus,LV,,20,,,1,1,VISO,,,,FOR,
14538,1610436,1822089,8969970,12129,4458,8969970,EM,2026FR_037,Sardina pilchardus,LV,,30,,,2,1,VISO,,,,FOR,
14538,1610436,1822090,8969971,12129,4458,8969971,EM,2026FR_037,Sardina pilchardus,LV,,28,,,2,1,VISO,,,,FOR,
14538,1610436,1822091,8969972,12129,4458,8969972,EM,2026FR_037,Sardina pilchardus,LV,,29,,,1,1,VISO,,,,FOR,
14538,1610436,1822092,8969973,12129,4458,8969973,EM,2026FR_037,Sardina pilchardus,LV,,23,,,2,1,VISO,,,,FOR,
14538,1610436,1822093,8969974,12129,4458,8969974,EM,2026FR_037,Sardina pilchardus,LV,,21,,,1,1,VISO,,,,FOR,
14538,1610431,1822094,8969939,12129,4458,8969939,EM,2026FR_032,Sardina pilchardus,LV,,26,,,1,1,VISO,,,,FOR,
14538,1610435,1822095,8969948,12129,4458,8969948,EM,2026FR_036,Sardina pilchardus,LV,,31,,,2,1,VISO,,,,FOR,
14538,1610435,1822096,8969949,12129,4458,8969949,EM,2026FR_036,Sardina pilchardus,LV,,22,,,1,1,VISO,,,,FOR,
14538,1610435,1822097,8969950,12129,4458,8969950,EM,2026FR_036,Sardina pilchardus,LV,,20,,,1,1,VISO,,,,FOR,
14538,1610435,1822098,8969951,12129,4458,8969951,EM,2026FR_036,Sardina pilchardus,LV,,23,,,1,1,VISO,,,,FOR,
14538,1610435,1822099,8969952,12129,4458,8969952,EM,2026FR_036,Sardina pilchardus,LV,,26,,,1,1,VISO,,,,FOR,
14538,1610431,1822100,8969933,12129,4458,8969933,EM,2026FR_032,Sardina pilchardus,LV,,29,,,1,1,VISO,,,,FOR,
14538,1610431,1822101,8969934,12129,4458,8969934,EM,2026FR_032,Sardina pilchardus,LV,,23,,,3,1,VISO,,,,FOR,
14538,1610431,1822102,8969935,12129,4458,8969935,EM,2026FR_032,Sardina pilchardus,LV,,22,,,2,1,VISO,,,,FOR,
14538,1610431,1822103,8969936,12129,4458,8969936,EM,2026FR_032,Sardina pilchardus,LV,,24,,,3,1,VISO,,,,FOR,
14538,1610431,1822104,8969937,12129,4458,8969937,EM,2026FR_032,Sardina pilchardus,LV,,21,,,1,1,VISO,,,,FOR,
14538,1610431,1822105,8969938,12129,4458,8969938,EM,2026FR_032,Sardina pilchardus,LV,,28,,,1,1,VISO,,,,FOR,
14538,1610428,1822106,8969901,12129,4458,8969901,EM,2026FR_029,Sardina pilchardus,LV,,36,,,1,1,VISO,,,,FOR,
14538,1610428,1822107,8969902,12129,4458,8969902,EM,2026FR_029,Sardina pilchardus,LV,,34,,,1,1,VISO,,,,FOR,
14538,1610430,1822108,8969920,12129,4458,8969920,EM,2026FR_031,Sardina pilchardus,LV,,32,,,1,1,VISO,,,,FOR,
14538,1610430,1822109,8969921,12129,4458,8969921,EM,2026FR_031,Sardina pilchardus,LV,,36,,,1,1,VISO,,,,FOR,
14538,1610431,1822110,8969931,12129,4458,8969931,EM,2026FR_032,Sardina pilchardus,LV,,27,,,1,1,VISO,,,,FOR,
14538,1610431,1822111,8969932,12129,4458,8969932,EM,2026FR_032,Sardina pilchardus,LV,,25,,,1,1,VISO,,,,FOR,
14538,1610425,1822112,8969883,12129,4458,8969883,EM,2026FR_026,Sardina pilchardus,LV,,27,,,1,1,VISO,,,,FOR,
14538,1610425,1822113,8969884,12129,4458,8969884,EM,2026FR_026,Sardina pilchardus,LV,,23,,,1,1,VISO,,,,FOR,
14538,1610425,1822114,8969885,12129,4458,8969885,EM,2026FR_026,Sardina pilchardus,LV,,21,,,1,1,VISO,,,,FOR,
14538,1610427,1822115,8969898,12129,4458,8969898,EM,2026FR_028,Sardina pilchardus,LV,,32,,,1,1,VISO,,,,FOR,
14538,1610427,1822116,8969899,12129,4458,8969899,EM,2026FR_028,Sardina pilchardus,LV,,34,,,1,1,VISO,,,,FOR,
14538,1610427,1822117,8969900,12129,4458,8969900,EM,2026FR_028,Sardina pilchardus,LV,,36,,,1,1,VISO,,,,FOR,
14538,1610424,1822118,8969865,12129,4458,8969865,EM,2026FR_025,Sardina pilchardus,LV,,23,,,2,1,VISO,,,,FOR,
14538,1610424,1822119,8969866,12129,4458,8969866,EM,2026FR_025,Sardina pilchardus,LV,,26,,,3,1,VISO,,,,FOR,
14538,1610424,1822120,8969867,12129,4458,8969867,EM,2026FR_025,Sardina pilchardus,LV,,29,,,1,1,VISO,,,,FOR,
14538,1610424,1822121,8969868,12129,4458,8969868,EM,2026FR_025,Sardina pilchardus,LV,,30,,,1,1,VISO,,,,FOR,
14538,1610425,1822122,8969881,12129,4458,8969881,EM,2026FR_026,Sardina pilchardus,LV,,31,,,1,1,VISO,,,,FOR,
14538,1610425,1822123,8969882,12129,4458,8969882,EM,2026FR_026,Sardina pilchardus,LV,,30,,,1,1,VISO,,,,FOR,
14538,1610423,1822124,8969843,12129,4458,8969843,EM,2026FR_024,Sardina pilchardus,LV,,17,,,1,1,VISO,,,,FOR,
14538,1610424,1822125,8969860,12129,4458,8969860,EM,2026FR_025,Sardina pilchardus,LV,,25,,,1,1,VISO,,,,FOR,
14538,1610424,1822126,8969861,12129,4458,8969861,EM,2026FR_025,Sardina pilchardus,LV,,19,,,1,1,VISO,,,,FOR,
14538,1610424,1822127,8969862,12129,4458,8969862,EM,2026FR_025,Sardina pilchardus,LV,,27,,,2,1,VISO,,,,FOR,
14538,1610424,1822128,8969863,12129,4458,8969863,EM,2026FR_025,Sardina pilchardus,LV,,20,,,1,1,VISO,,,,FOR,
14538,1610424,1822129,8969864,12129,4458,8969864,EM,2026FR_025,Sardina pilchardus,LV,,21,,,1,1,VISO,,,,FOR,
14538,1610423,1822130,8969837,12129,4458,8969837,EM,2026FR_024,Sardina pilchardus,LV,,25,,,1,1,VISO,,,,FOR,
14538,1610423,1822131,8969838,12129,4458,8969838,EM,2026FR_024,Sardina pilchardus,LV,,26,,,3,1,VISO,,,,FOR,
14538,1610423,1822132,8969839,12129,4458,8969839,EM,2026FR_024,Sardina pilchardus,LV,,27,,,3,1,VISO,,,,FOR,
14538,1610423,1822133,8969840,12129,4458,8969840,EM,2026FR_024,Sardina pilchardus,LV,,29,,,3,1,VISO,,,,FOR,
14538,1610423,1822134,8969841,12129,4458,8969841,EM,2026FR_024,Sardina pilchardus,LV,,20,,,1,1,VISO,,,,FOR,
14538,1610423,1822135,8969842,12129,4458,8969842,EM,2026FR_024,Sardina pilchardus,LV,,21,,,3,1,VISO,,,,FOR,
14538,1610422,1822136,8969814,12129,4458,8969814,EM,2026FR_023,Sardina pilchardus,LV,,22,,,13,1,VISO,,,,FOR,
14538,1610423,1822137,8969832,12129,4458,8969832,EM,2026FR_024,Sardina pilchardus,LV,,28,,,1,1,VISO,,,,FOR,
14538,1610423,1822138,8969833,12129,4458,8969833,EM,2026FR_024,Sardina pilchardus,LV,,22,,,3,1,VISO,,,,FOR,
14538,1610423,1822139,8969834,12129,4458,8969834,EM,2026FR_024,Sardina pilchardus,LV,,18,,,1,1,VISO,,,,FOR,
14538,1610423,1822140,8969835,12129,4458,8969835,EM,2026FR_024,Sardina pilchardus,LV,,23,,,3,1,VISO,,,,FOR,
14538,1610423,1822141,8969836,12129,4458,8969836,EM,2026FR_024,Sardina pilchardus,LV,,24,,,5,1,VISO,,,,FOR,
14538,1610422,1822142,8969808,12129,4458,8969808,EM,2026FR_023,Sardina pilchardus,LV,,25,,,28,1,VISO,,,,FOR,
14538,1610422,1822143,8969809,12129,4458,8969809,EM,2026FR_023,Sardina pilchardus,LV,,26,,,8,1,VISO,,,,FOR,
14538,1610422,1822144,8969810,12129,4458,8969810,EM,2026FR_023,Sardina pilchardus,LV,,27,,,1,1,VISO,,,,FOR,
14538,1610422,1822145,8969811,12129,4458,8969811,EM,2026FR_023,Sardina pilchardus,LV,,28,,,1,1,VISO,,,,FOR,
14538,1610422,1822146,8969812,12129,4458,8969812,EM,2026FR_023,Sardina pilchardus,LV,,17,,,1,1,VISO,,,,FOR,
14538,1610422,1822147,8969813,12129,4458,8969813,EM,2026FR_023,Sardina pilchardus,LV,,21,,,8,1,VISO,,,,FOR,
14538,1610421,1822148,8969781,12129,4458,8969781,EM,2026FR_022,Sardina pilchardus,LV,,24,,,2,2,VISO,,,,FOR,
14538,1610422,1822149,8969803,12129,4458,8969803,EM,2026FR_023,Sardina pilchardus,LV,,19,,,3,1,VISO,,,,FOR,
14538,1610422,1822150,8969804,12129,4458,8969804,EM,2026FR_023,Sardina pilchardus,LV,,24,,,11,1,VISO,,,,FOR,
14538,1610422,1822151,8969805,12129,4458,8969805,EM,2026FR_023,Sardina pilchardus,LV,,18,,,1,1,VISO,,,,FOR,
14538,1610422,1822152,8969806,12129,4458,8969806,EM,2026FR_023,Sardina pilchardus,LV,,20,,,10,1,VISO,,,,FOR,
14538,1610422,1822153,8969807,12129,4458,8969807,EM,2026FR_023,Sardina pilchardus,LV,,23,,,16,1,VISO,,,,FOR,
14538,1610420,1822154,8969755,12129,4458,8969755,EM,2026FR_021,Sardina pilchardus,LV,,22,,,1,1,VISO,,,,FOR,
14538,1610421,1822155,8969776,12129,4458,8969776,EM,2026FR_022,Sardina pilchardus,LV,,20,,,3,2,VISO,,,,FOR,
14538,1610421,1822156,8969777,12129,4458,8969777,EM,2026FR_022,Sardina pilchardus,LV,,22,,,1,2,VISO,,,,FOR,
14538,1610421,1822157,8969778,12129,4458,8969778,EM,2026FR_022,Sardina pilchardus,LV,,25,,,1,2,VISO,,,,FOR,
14538,1610421,1822158,8969779,12129,4458,8969779,EM,2026FR_022,Sardina pilchardus,LV,,27,,,1,2,VISO,,,,FOR,
14538,1610421,1822159,8969780,12129,4458,8969780,EM,2026FR_022,Sardina pilchardus,LV,,26,,,1,2,VISO,,,,FOR,
14538,1610418,1822160,8969719,12129,4458,8969719,EM,2026FR_019,Sardina pilchardus,LV,,27,,,1,1,VISO,,,,FOR,
14538,1610418,1822161,8969720,12129,4458,8969720,EM,2026FR_019,Sardina pilchardus,LV,,28,,,1,1,VISO,,,,FOR,
14538,1610418,1822162,8969721,12129,4458,8969721,EM,2026FR_019,Sardina pilchardus,LV,,30,,,1,1,VISO,,,,FOR,
14538,1610419,1822163,8969734,12129,4458,8969734,EM,2026FR_020,Sardina pilchardus,LV,,30,,,2,1,VISO,,,,FOR,
14538,1610419,1822164,8969735,12129,4458,8969735,EM,2026FR_020,Sardina pilchardus,LV,,28,,,1,1,VISO,,,,FOR,
14538,1610419,1822165,8969736,12129,4458,8969736,EM,2026FR_020,Sardina pilchardus,LV,,27,,,1,1,VISO,,,,FOR,
14538,1610409,1822166,8969656,12129,4458,8969656,EM,2026FR_010,Sardina pilchardus,LV,,26,,,3,1,VISO,,,,FOR,
14538,1610410,1822167,8969657,12129,4458,8969657,EM,2026FR_011,Sardina pilchardus,LV,,27,,,1,1,VISO,,,,FOR,
14538,1610414,1822168,8969670,12129,4458,8969670,EM,2026FR_015,Sardina pilchardus,LV,,22,,,1,1,VISO,,,,FOR,
14538,1610416,1822169,8969691,12129,4458,8969691,EM,2026FR_017,Sardina pilchardus,LV,,21,,,1,1,VISO,,,,FOR,
14538,1610417,1822170,8969705,12129,4458,8969705,EM,2026FR_018,Sardina pilchardus,LV,,24,,,1,1,VISO,,,,FOR,
14538,1610417,1822171,8969706,12129,4458,8969706,EM,2026FR_018,Sardina pilchardus,LV,,22,,,1,1,VISO,,,,FOR,
14538,1610404,1822172,8969621,12129,4458,8969621,EM,2026FR_005,Sardina pilchardus,LV,,34,,,1,1,VISO,,,,FOR,
14538,1610405,1822173,8969625,12129,4458,8969625,EM,2026FR_006,Sardina pilchardus,LV,,27,,,1,1,VISO,,,,FOR,
14538,1610405,1822174,8969626,12129,4458,8969626,EM,2026FR_006,Sardina pilchardus,LV,,28,,,2,1,VISO,,,,FOR,
14538,1610405,1822175,8969627,12129,4458,8969627,EM,2026FR_006,Sardina pilchardus,LV,,26,,,1,1,VISO,,,,FOR,
14538,1610405,1822176,8969628,12129,4458,8969628,EM,2026FR_006,Sardina pilchardus,LV,,32,,,1,1,VISO,,,,FOR,
14538,1610409,1822177,8969655,12129,4458,8969655,EM,2026FR_010,Sardina pilchardus,LV,,24,,,1,1,VISO,,,,FOR,
14538,1610404,1822178,8969615,12129,4458,8969615,EM,2026FR_005,Sardina pilchardus,LV,,31,,,2,1,VISO,,,,FOR,
14538,1610404,1822179,8969616,12129,4458,8969616,EM,2026FR_005,Sardina pilchardus,LV,,32,,,1,1,VISO,,,,FOR,
14538,1610404,1822180,8969617,12129,4458,8969617,EM,2026FR_005,Sardina pilchardus,LV,,26,,,1,1,VISO,,,,FOR,
14538,1610404,1822181,8969618,12129,4458,8969618,EM,2026FR_005,Sardina pilchardus,LV,,24,,,1,1,VISO,,,,FOR,
14538,1610404,1822182,8969619,12129,4458,8969619,EM,2026FR_005,Sardina pilchardus,LV,,23,,,1,1,VISO,,,,FOR,
14538,1610404,1822183,8969620,12129,4458,8969620,EM,2026FR_005,Sardina pilchardus,LV,,22,,,1,1,VISO,,,,FOR,
14538,1610449,1822184,8970099,12196,4458,8970099,EM,2026FR_050,Anguilla anguilla,LV,,71,,,1,1,VISO,,,,FOR,
14539,1610490,1822185,8970381,12105,4458,8970381,EM,2026NL3400101,Clupea harengus,LV,,11,MN1,c,1,4.72,VISO,N,,,F4B,
14539,1610490,1822186,8970382,12105,4458,8970382,EM,2026NL3400101,Clupea harengus,LV,,12,MN1,c,4,4.72,VISO,N,,,F4B,
14539,1610490,1822187,8970383,12105,4458,8970383,EM,2026NL3400101,Clupea harengus,LV,,13,MN1,c,4,4.72,VISO,N,,,F4B,
14539,1610490,1822188,8970384,12105,4458,8970384,EM,2026NL3400101,Clupea harengus,LV,,14,MN1,c,12,4.72,VISO,N,,,F4B,
14539,1610490,1822189,8970385,12105,4458,8970385,EM,2026NL3400101,Clupea harengus,LV,,15,MN1,c,18,4.72,VISO,N,,,F4B,
14539,1610490,1822190,8970386,12105,4458,8970386,EM,2026NL3400101,Clupea harengus,LV,,16,MN1,d,11,4.72,VISO,N,,,F4B,
14539,1610509,1822191,8970546,12105,4458,8970546,EM,2026NL3400124,Clupea harengus,LV,,21,MN1,d,1,1,VISO,N,,,F4B,
14539,1610510,1822192,8970547,12105,4458,8970547,EM,2026NL3400125,Clupea harengus,LV,,12,MN1,c,1,1,VISO,N,,,F4B,
14539,1610510,1822193,8970548,12105,4458,8970548,EM,2026NL3400125,Clupea harengus,LV,,16,MN1,d,1,1,VISO,N,,,F4B,
14539,1610510,1822194,8970549,12105,4458,8970549,EM,2026NL3400125,Clupea harengus,LV,,17,MN1,d,1,1,VISO,N,,,F4B,
14539,1610508,1822195,8970540,12105,4458,8970540,EM,2026NL3400123,Clupea harengus,LV,,,MN1,c,1,1,VISO,N,,,F4B,Larvae too damaged to measure
14539,1610509,1822196,8970541,12105,4458,8970541,EM,2026NL3400124,Clupea harengus,LV,,11,MN1,c,1,1,VISO,N,,,F4B,
14539,1610509,1822197,8970542,12105,4458,8970542,EM,2026NL3400124,Clupea harengus,LV,,12,MN1,c,1,1,VISO,N,,,F4B,
14539,1610509,1822198,8970543,12105,4458,8970543,EM,2026NL3400124,Clupea harengus,LV,,15,MN1,c,2,1,VISO,N,,,F4B,
14539,1610509,1822199,8970544,12105,4458,8970544,EM,2026NL3400124,Clupea harengus,LV,,16,MN1,d,2,1,VISO,N,,,F4B,
14539,1610509,1822200,8970545,12105,4458,8970545,EM,2026NL3400124,Clupea harengus,LV,,20,MN1,d,3,1,VISO,N,,,F4B,
14539,1610502,1822201,8970533,12105,4458,8970533,EM,2026NL3400117,Clupea harengus,LV,,,MN1,c,1,1,VISO,N,,,F4B,Larvae too damaged to measure
14539,1610503,1822202,8970534,12105,4458,8970534,EM,2026NL3400118,Clupea harengus,LV,,30,MN1,d,1,1,VISO,N,,,F4B,
14539,1610503,1822203,8970535,12105,4458,8970535,EM,2026NL3400118,Clupea harengus,LV,,31,MN1,d,1,1,VISO,N,,,F4B,
14539,1610503,1822204,8970536,12105,4458,8970536,EM,2026NL3400118,Clupea harengus,LV,,33,MN1,d,1,1,VISO,N,,,F4B,
14539,1610506,1822205,8970538,12105,4458,8970538,EM,2026NL3400121,Clupea harengus,LV,,19,MN1,d,1,1,VISO,N,,,F4B,
14539,1610506,1822206,8970539,12105,4458,8970539,EM,2026NL3400121,Clupea harengus,LV,,19,MN1,d,1,1,VISO,N,,,F4B,
14539,1610497,1822207,8970514,12105,4458,8970514,EM,2026NL3400108,Clupea harengus,LV,,31,MN1,d,1,1,VISO,N,,,F4B,
14539,1610497,1822208,8970515,12105,4458,8970515,EM,2026NL3400108,Clupea harengus,LV,,32,MN1,d,1,1,VISO,N,,,F4B,
14539,1610498,1822209,8970526,12105,4458,8970526,EM,2026NL3400113,Clupea harengus,LV,,30,MN1,d,1,1,VISO,N,,,F4B,
14539,1610499,1822210,8970529,12105,4458,8970529,EM,2026NL3400114,Clupea harengus,LV,,22,MN1,d,1,1,VISO,N,,,F4B,
14539,1610499,1822211,8970530,12105,4458,8970530,EM,2026NL3400114,Clupea harengus,LV,,22,MN1,d,1,1,VISO,N,,,F4B,
14539,1610501,1822212,8970532,12105,4458,8970532,EM,2026NL3400116,Clupea harengus,LV,,33,MN1,d,2,1,VISO,N,,,F4B,
14539,1610601,1822213,8971178,12105,4458,8971178,EM,2026NL3400216,Clupea harengus,LV,,27,MN1,d,1,1,VISO,N,,,F4B,
14539,1610601,1822214,8971179,12105,4458,8971179,EM,2026NL3400216,Clupea harengus,LV,,29,MN1,d,1,1,VISO,N,,,F4B,
14539,1610603,1822215,8971180,12105,4458,8971180,EM,2026NL3400218,Clupea harengus,LV,,30,MN1,d,1,1,VISO,N,,,F4B,
14539,1610497,1822216,8970511,12105,4458,8970511,EM,2026NL3400108,Clupea harengus,LV,,26,MN1,d,1,1,VISO,N,,,F4B,
14539,1610497,1822217,8970512,12105,4458,8970512,EM,2026NL3400108,Clupea harengus,LV,,28,MN1,d,2,1,VISO,N,,,F4B,
14539,1610497,1822218,8970513,12105,4458,8970513,EM,2026NL3400108,Clupea harengus,LV,,30,MN1,d,1,1,VISO,N,,,F4B,
14539,1610600,1822219,8971172,12105,4458,8971172,EM,2026NL3400215,Clupea harengus,LV,,23,MN1,d,2,1,VISO,N,,,F4B,
14539,1610600,1822220,8971173,12105,4458,8971173,EM,2026NL3400215,Clupea harengus,LV,,25,MN1,d,1,1,VISO,N,,,F4B,
14539,1610600,1822221,8971174,12105,4458,8971174,EM,2026NL3400215,Clupea harengus,LV,,31,MN1,d,1,1,VISO,N,,,F4B,
14539,1610601,1822222,8971175,12105,4458,8971175,EM,2026NL3400216,Clupea harengus,LV,,23,MN1,d,3,1,VISO,N,,,F4B,
14539,1610601,1822223,8971176,12105,4458,8971176,EM,2026NL3400216,Clupea harengus,LV,,25,MN1,d,1,1,VISO,N,,,F4B,
14539,1610601,1822224,8971177,12105,4458,8971177,EM,2026NL3400216,Clupea harengus,LV,,26,MN1,d,1,1,VISO,N,,,F4B,
14539,1610599,1822225,8971166,12105,4458,8971166,EM,2026NL3400214,Clupea harengus,LV,,26,MN1,d,2,1,VISO,N,,,F4B,
14539,1610599,1822226,8971167,12105,4458,8971167,EM,2026NL3400214,Clupea harengus,LV,,27,MN1,d,3,1,VISO,N,,,F4B,
14539,1610599,1822227,8971168,12105,4458,8971168,EM,2026NL3400214,Clupea harengus,LV,,28,MN1,d,5,1,VISO,N,,,F4B,
14539,1610599,1822228,8971169,12105,4458,8971169,EM,2026NL3400214,Clupea harengus,LV,,29,MN1,d,2,1,VISO,N,,,F4B,
14539,1610599,1822229,8971170,12105,4458,8971170,EM,2026NL3400214,Clupea harengus,LV,,30,MN1,d,1,1,VISO,N,,,F4B,
14539,1610599,1822230,8971171,12105,4458,8971171,EM,2026NL3400214,Clupea harengus,LV,,31,MN1,d,1,1,VISO,N,,,F4B,
14539,1610598,1822231,8971159,12105,4458,8971159,EM,2026NL3400213,Clupea harengus,LV,,27,MN1,d,2,1,VISO,N,,,F4B,
14539,1610598,1822232,8971160,12105,4458,8971160,EM,2026NL3400213,Clupea harengus,LV,,29,MN1,d,2,1,VISO,N,,,F4B,
14539,1610598,1822233,8971161,12105,4458,8971161,EM,2026NL3400213,Clupea harengus,LV,,30,MN1,d,1,1,VISO,N,,,F4B,
14539,1610599,1822234,8971163,12105,4458,8971163,EM,2026NL3400214,Clupea harengus,LV,,22,MN1,d,2,1,VISO,N,,,F4B,
14539,1610599,1822235,8971164,12105,4458,8971164,EM,2026NL3400214,Clupea harengus,LV,,24,MN1,d,1,1,VISO,N,,,F4B,
14539,1610599,1822236,8971165,12105,4458,8971165,EM,2026NL3400214,Clupea harengus,LV,,25,MN1,d,2,1,VISO,N,,,F4B,
14539,1610597,1822237,8971153,12105,4458,8971153,EM,2026NL3400212,Clupea harengus,LV,,34,MN1,d,1,1,VISO,N,,,F4B,
14539,1610598,1822238,8971154,12105,4458,8971154,EM,2026NL3400213,Clupea harengus,LV,,21,MN1,d,2,1,VISO,N,,,F4B,
14539,1610598,1822239,8971155,12105,4458,8971155,EM,2026NL3400213,Clupea harengus,LV,,22,MN1,d,1,1,VISO,N,,,F4B,
14539,1610598,1822240,8971156,12105,4458,8971156,EM,2026NL3400213,Clupea harengus,LV,,24,MN1,d,1,1,VISO,N,,,F4B,
14539,1610598,1822241,8971157,12105,4458,8971157,EM,2026NL3400213,Clupea harengus,LV,,25,MN1,d,3,1,VISO,N,,,F4B,
14539,1610598,1822242,8971158,12105,4458,8971158,EM,2026NL3400213,Clupea harengus,LV,,26,MN1,d,1,1,VISO,N,,,F4B,
14539,1610597,1822243,8971147,12105,4458,8971147,EM,2026NL3400212,Clupea harengus,LV,,24,MN1,d,1,1,VISO,N,,,F4B,
14539,1610597,1822244,8971148,12105,4458,8971148,EM,2026NL3400212,Clupea harengus,LV,,25,MN1,d,1,1,VISO,N,,,F4B,
14539,1610597,1822245,8971149,12105,4458,8971149,EM,2026NL3400212,Clupea harengus,LV,,28,MN1,d,3,1,VISO,N,,,F4B,
14539,1610597,1822246,8971150,12105,4458,8971150,EM,2026NL3400212,Clupea harengus,LV,,29,MN1,d,3,1,VISO,N,,,F4B,
14539,1610597,1822247,8971151,12105,4458,8971151,EM,2026NL3400212,Clupea harengus,LV,,30,MN1,d,1,1,VISO,N,,,F4B,
14539,1610597,1822248,8971152,12105,4458,8971152,EM,2026NL3400212,Clupea harengus,LV,,32,MN1,d,2,1,VISO,N,,,F4B,
14539,1610596,1822249,8971140,12105,4458,8971140,EM,2026NL3400211,Clupea harengus,LV,,24,MN1,d,1,1,VISO,N,,,F4B,
14539,1610596,1822250,8971141,12105,4458,8971141,EM,2026NL3400211,Clupea harengus,LV,,25,MN1,d,1,1,VISO,N,,,F4B,
14539,1610596,1822251,8971142,12105,4458,8971142,EM,2026NL3400211,Clupea harengus,LV,,26,MN1,d,1,1,VISO,N,,,F4B,
14539,1610596,1822252,8971143,12105,4458,8971143,EM,2026NL3400211,Clupea harengus,LV,,28,MN1,d,1,1,VISO,N,,,F4B,
14539,1610596,1822253,8971144,12105,4458,8971144,EM,2026NL3400211,Clupea harengus,LV,,29,MN1,d,1,1,VISO,N,,,F4B,
14539,1610597,1822254,8971146,12105,4458,8971146,EM,2026NL3400212,Clupea harengus,LV,,23,MN1,d,1,1,VISO,N,,,F4B,
14539,1610595,1822255,8971134,12105,4458,8971134,EM,2026NL3400210,Clupea harengus,LV,,27,MN1,d,3,1,VISO,N,,,F4B,
14539,1610595,1822256,8971135,12105,4458,8971135,EM,2026NL3400210,Clupea harengus,LV,,28,MN1,d,4,1,VISO,N,,,F4B,
14539,1610595,1822257,8971136,12105,4458,8971136,EM,2026NL3400210,Clupea harengus,LV,,29,MN1,d,2,1,VISO,N,,,F4B,
14539,1610595,1822258,8971137,12105,4458,8971137,EM,2026NL3400210,Clupea harengus,LV,,30,MN1,d,2,1,VISO,N,,,F4B,
14539,1610595,1822259,8971138,12105,4458,8971138,EM,2026NL3400210,Clupea harengus,LV,,31,MN1,d,1,1,VISO,N,,,F4B,
14539,1610596,1822260,8971139,12105,4458,8971139,EM,2026NL3400211,Clupea harengus,LV,,19,MN1,d,1,1,VISO,N,,,F4B,
14539,1610595,1822261,8971128,12105,4458,8971128,EM,2026NL3400210,Clupea harengus,LV,,26,MN1,d,2,1,VISO,N,,,F4B,
14539,1610595,1822262,8971129,12105,4458,8971129,EM,2026NL3400210,Clupea harengus,LV,,20,MN1,d,1,1,VISO,N,,,F4B,
14539,1610595,1822263,8971130,12105,4458,8971130,EM,2026NL3400210,Clupea harengus,LV,,21,MN1,d,1,1,VISO,N,,,F4B,
14539,1610595,1822264,8971131,12105,4458,8971131,EM,2026NL3400210,Clupea harengus,LV,,22,MN1,d,2,1,VISO,N,,,F4B,
14539,1610595,1822265,8971132,12105,4458,8971132,EM,2026NL3400210,Clupea harengus,LV,,24,MN1,d,3,1,VISO,N,,,F4B,
14539,1610595,1822266,8971133,12105,4458,8971133,EM,2026NL3400210,Clupea harengus,LV,,26,MN1,d,3,1,VISO,N,,,F4B,
14539,1610593,1822267,8971122,12105,4458,8971122,EM,2026NL3400208,Clupea harengus,LV,,29,MN1,d,1,1,VISO,N,,,F4B,
14539,1610593,1822268,8971123,12105,4458,8971123,EM,2026NL3400208,Clupea harengus,LV,,30,MN1,d,1,1,VISO,N,,,F4B,
14539,1610593,1822269,8971124,12105,4458,8971124,EM,2026NL3400208,Clupea harengus,LV,,31,MN1,d,1,1,VISO,N,,,F4B,
14539,1610594,1822270,8971125,12105,4458,8971125,EM,2026NL3400209,Clupea harengus,LV,,28,MN1,d,1,1,VISO,N,,,F4B,
14539,1610594,1822271,8971126,12105,4458,8971126,EM,2026NL3400209,Clupea harengus,LV,,23,MN1,d,1,1,VISO,N,,,F4B,
14539,1610594,1822272,8971127,12105,4458,8971127,EM,2026NL3400209,Clupea harengus,LV,,33,MN1,d,1,1,VISO,N,,,F4B,
14539,1610593,1822273,8971116,12105,4458,8971116,EM,2026NL3400208,Clupea harengus,LV,,23,MN1,d,1,1,VISO,N,,,F4B,
14539,1610593,1822274,8971117,12105,4458,8971117,EM,2026NL3400208,Clupea harengus,LV,,24,MN1,d,3,1,VISO,N,,,F4B,
14539,1610593,1822275,8971118,12105,4458,8971118,EM,2026NL3400208,Clupea harengus,LV,,25,MN1,d,2,1,VISO,N,,,F4B,
14539,1610593,1822276,8971119,12105,4458,8971119,EM,2026NL3400208,Clupea harengus,LV,,26,MN1,d,2,1,VISO,N,,,F4B,
14539,1610593,1822277,8971120,12105,4458,8971120,EM,2026NL3400208,Clupea harengus,LV,,27,MN1,d,4,1,VISO,N,,,F4B,
14539,1610593,1822278,8971121,12105,4458,8971121,EM,2026NL3400208,Clupea harengus,LV,,28,MN1,d,2,1,VISO,N,,,F4B,
14539,1610589,1822279,8971110,12105,4458,8971110,EM,2026NL3400204,Clupea harengus,LV,,23,MN1,d,1,1,VISO,N,,,F4B,
14539,1610589,1822280,8971111,12105,4458,8971111,EM,2026NL3400204,Clupea harengus,LV,,25,MN1,d,3,1,VISO,N,,,F4B,
14539,1610589,1822281,8971112,12105,4458,8971112,EM,2026NL3400204,Clupea harengus,LV,,26,MN1,d,2,1,VISO,N,,,F4B,
14539,1610589,1822282,8971113,12105,4458,8971113,EM,2026NL3400204,Clupea harengus,LV,,28,MN1,d,1,1,VISO,N,,,F4B,
14539,1610593,1822283,8971114,12105,4458,8971114,EM,2026NL3400208,Clupea harengus,LV,,26,MN1,d,2,1,VISO,N,,,F4B,
14539,1610593,1822284,8971115,12105,4458,8971115,EM,2026NL3400208,Clupea harengus,LV,,22,MN1,d,3,1,VISO,N,,,F4B,
14539,1610588,1822285,8971104,12105,4458,8971104,EM,2026NL3400203,Clupea harengus,LV,,22,MN1,d,1,1,VISO,N,,,F4B,
14539,1610588,1822286,8971105,12105,4458,8971105,EM,2026NL3400203,Clupea harengus,LV,,23,MN1,d,2,1,VISO,N,,,F4B,
14539,1610588,1822287,8971106,12105,4458,8971106,EM,2026NL3400203,Clupea harengus,LV,,25,MN1,d,2,1,VISO,N,,,F4B,
14539,1610589,1822288,8971107,12105,4458,8971107,EM,2026NL3400204,Clupea harengus,LV,,24,MN1,d,2,1,VISO,N,,,F4B,
14539,1610589,1822289,8971108,12105,4458,8971108,EM,2026NL3400204,Clupea harengus,LV,,20,MN1,d,1,1,VISO,N,,,F4B,
14539,1610589,1822290,8971109,12105,4458,8971109,EM,2026NL3400204,Clupea harengus,LV,,22,MN1,d,1,1,VISO,N,,,F4B,
14539,1610587,1822291,8971098,12105,4458,8971098,EM,2026NL3400202,Clupea harengus,LV,,23,MN1,d,1,1,VISO,N,,,F4B,
14539,1610587,1822292,8971099,12105,4458,8971099,EM,2026NL3400202,Clupea harengus,LV,,24,MN1,d,1,1,VISO,N,,,F4B,
14539,1610587,1822293,8971100,12105,4458,8971100,EM,2026NL3400202,Clupea harengus,LV,,25,MN1,d,1,1,VISO,N,,,F4B,
14539,1610587,1822294,8971101,12105,4458,8971101,EM,2026NL3400202,Clupea harengus,LV,,26,MN1,d,1,1,VISO,N,,,F4B,
14539,1610587,1822295,8971102,12105,4458,8971102,EM,2026NL3400202,Clupea harengus,LV,,28,MN1,d,1,1,VISO,N,,,F4B,
14539,1610588,1822296,8971103,12105,4458,8971103,EM,2026NL3400203,Clupea harengus,LV,,24,MN1,d,1,1,VISO,N,,,F4B,
14539,1610586,1822297,8971092,12105,4458,8971092,EM,2026NL3400201,Clupea harengus,LV,,26,MN1,d,2,1,VISO,N,,,F4B,
14539,1610586,1822298,8971093,12105,4458,8971093,EM,2026NL3400201,Clupea harengus,LV,,27,MN1,d,5,1,VISO,N,,,F4B,
14539,1610586,1822299,8971094,12105,4458,8971094,EM,2026NL3400201,Clupea harengus,LV,,28,MN1,d,3,1,VISO,N,,,F4B,
14539,1610586,1822300,8971095,12105,4458,8971095,EM,2026NL3400201,Clupea harengus,LV,,29,MN1,d,1,1,VISO,N,,,F4B,
14539,1610586,1822301,8971096,12105,4458,8971096,EM,2026NL3400201,Clupea harengus,LV,,30,MN1,d,1,1,VISO,N,,,F4B,
14539,1610587,1822302,8971097,12105,4458,8971097,EM,2026NL3400202,Clupea harengus,LV,,25,MN1,d,3,1,VISO,N,,,F4B,
14539,1610585,1822303,8971086,12105,4458,8971086,EM,2026NL3400200,Clupea harengus,LV,,24,MN1,d,1,1,VISO,N,,,F4B,
14539,1610586,1822304,8971087,12105,4458,8971087,EM,2026NL3400201,Clupea harengus,LV,,25,MN1,d,4,1,VISO,N,,,F4B,
14539,1610586,1822305,8971088,12105,4458,8971088,EM,2026NL3400201,Clupea harengus,LV,,20,MN1,d,3,1,VISO,N,,,F4B,
14539,1610586,1822306,8971089,12105,4458,8971089,EM,2026NL3400201,Clupea harengus,LV,,21,MN1,d,1,1,VISO,N,,,F4B,
14539,1610586,1822307,8971090,12105,4458,8971090,EM,2026NL3400201,Clupea harengus,LV,,23,MN1,d,1,1,VISO,N,,,F4B,
14539,1610586,1822308,8971091,12105,4458,8971091,EM,2026NL3400201,Clupea harengus,LV,,24,MN1,d,5,1,VISO,N,,,F4B,
14539,1610585,1822309,8971080,12105,4458,8971080,EM,2026NL3400200,Clupea harengus,LV,,18,MN1,d,7,1,VISO,N,,,F4B,
14539,1610585,1822310,8971081,12105,4458,8971081,EM,2026NL3400200,Clupea harengus,LV,,19,MN1,d,7,1,VISO,N,,,F4B,
14539,1610585,1822311,8971082,12105,4458,8971082,EM,2026NL3400200,Clupea harengus,LV,,20,MN1,d,8,1,VISO,N,,,F4B,
14539,1610585,1822312,8971083,12105,4458,8971083,EM,2026NL3400200,Clupea harengus,LV,,21,MN1,d,3,1,VISO,N,,,F4B,
14539,1610585,1822313,8971084,12105,4458,8971084,EM,2026NL3400200,Clupea harengus,LV,,22,MN1,d,1,1,VISO,N,,,F4B,
14539,1610585,1822314,8971085,12105,4458,8971085,EM,2026NL3400200,Clupea harengus,LV,,23,MN1,d,3,1,VISO,N,,,F4B,
14539,1610584,1822315,8971074,12105,4458,8971074,EM,2026NL3400199,Clupea harengus,LV,,22,MN1,d,1,1,VISO,N,,,F4B,
14539,1610584,1822316,8971075,12105,4458,8971075,EM,2026NL3400199,Clupea harengus,LV,,23,MN1,d,2,1,VISO,N,,,F4B,
14539,1610584,1822317,8971076,12105,4458,8971076,EM,2026NL3400199,Clupea harengus,LV,,24,MN1,d,2,1,VISO,N,,,F4B,
14539,1610585,1822318,8971077,12105,4458,8971077,EM,2026NL3400200,Clupea harengus,LV,,20,MN1,d,4,1,VISO,N,,,F4B,
14539,1610585,1822319,8971078,12105,4458,8971078,EM,2026NL3400200,Clupea harengus,LV,,16,MN1,d,1,1,VISO,N,,,F4B,
14539,1610585,1822320,8971079,12105,4458,8971079,EM,2026NL3400200,Clupea harengus,LV,,17,MN1,d,2,1,VISO,N,,,F4B,
14539,1610583,1822321,8971067,12105,4458,8971067,EM,2026NL3400198,Clupea harengus,LV,,26,MN1,d,2,1,VISO,N,,,F4B,
14539,1610583,1822322,8971068,12105,4458,8971068,EM,2026NL3400198,Clupea harengus,LV,,27,MN1,d,2,1,VISO,N,,,F4B,
14539,1610583,1822323,8971069,12105,4458,8971069,EM,2026NL3400198,Clupea harengus,LV,,28,MN1,d,5,1,VISO,N,,,F4B,
14539,1610583,1822324,8971070,12105,4458,8971070,EM,2026NL3400198,Clupea harengus,LV,,29,MN1,d,5,1,VISO,N,,,F4B,
14539,1610583,1822325,8971071,12105,4458,8971071,EM,2026NL3400198,Clupea harengus,LV,,30,MN1,d,3,1,VISO,N,,,F4B,
14539,1610584,1822326,8971073,12105,4458,8971073,EM,2026NL3400199,Clupea harengus,LV,,20,MN1,d,4,1,VISO,N,,,F4B,
14539,1610581,1822327,8971061,12105,4458,8971061,EM,2026NL3400196,Clupea harengus,LV,,29,MN1,d,1,1,VISO,N,,,F4B,
14539,1610581,1822328,8971062,12105,4458,8971062,EM,2026NL3400196,Clupea harengus,LV,,30,MN1,d,2,1,VISO,N,,,F4B,
14539,1610583,1822329,8971063,12105,4458,8971063,EM,2026NL3400198,Clupea harengus,LV,,27,MN1,d,1,1,VISO,N,,,F4B,
14539,1610583,1822330,8971064,12105,4458,8971064,EM,2026NL3400198,Clupea harengus,LV,,23,MN1,d,1,1,VISO,N,,,F4B,
14539,1610583,1822331,8971065,12105,4458,8971065,EM,2026NL3400198,Clupea harengus,LV,,24,MN1,d,2,1,VISO,N,,,F4B,
14539,1610583,1822332,8971066,12105,4458,8971066,EM,2026NL3400198,Clupea harengus,LV,,25,MN1,d,3,1,VISO,N,,,F4B,
14539,1610579,1822333,8971055,12105,4458,8971055,EM,2026NL3400194,Clupea harengus,LV,,18,MN1,d,2,1,VISO,N,,,F4B,
14539,1610579,1822334,8971056,12105,4458,8971056,EM,2026NL3400194,Clupea harengus,LV,,19,MN1,d,4,1,VISO,N,,,F4B,
14539,1610579,1822335,8971057,12105,4458,8971057,EM,2026NL3400194,Clupea harengus,LV,,20,MN1,d,4,1,VISO,N,,,F4B,
14539,1610580,1822336,8971058,12105,4458,8971058,EM,2026NL3400195,Clupea harengus,LV,,25,MN1,d,1,1,VISO,N,,,F4B,
14539,1610580,1822337,8971059,12105,4458,8971059,EM,2026NL3400195,Clupea harengus,LV,,25,MN1,d,2,1,VISO,N,,,F4B,
14539,1610581,1822338,8971060,12105,4458,8971060,EM,2026NL3400196,Clupea harengus,LV,,24,MN1,d,1,1,VISO,N,,,F4B,
14539,1610577,1822339,8971049,12105,4458,8971049,EM,2026NL3400192,Clupea harengus,LV,,25,MN1,d,3,1,VISO,N,,,F4B,
14539,1610577,1822340,8971050,12105,4458,8971050,EM,2026NL3400192,Clupea harengus,LV,,26,MN1,d,1,1,VISO,N,,,F4B,
14539,1610577,1822341,8971051,12105,4458,8971051,EM,2026NL3400192,Clupea harengus,LV,,27,MN1,d,1,1,VISO,N,,,F4B,
14539,1610577,1822342,8971052,12105,4458,8971052,EM,2026NL3400192,Clupea harengus,LV,,25,MN1,c,2,1,VISO,N,,,F4B,
14539,1610579,1822343,8971053,12105,4458,8971053,EM,2026NL3400194,Clupea harengus,LV,,19,MN1,d,1,1,VISO,N,,,F4B,
14539,1610579,1822344,8971054,12105,4458,8971054,EM,2026NL3400194,Clupea harengus,LV,,17,MN1,d,1,1,VISO,N,,,F4B,
14539,1610576,1822345,8971043,12105,4458,8971043,EM,2026NL3400191,Clupea harengus,LV,,24,MN1,d,1,1,VISO,N,,,F4B,
14539,1610576,1822346,8971044,12105,4458,8971044,EM,2026NL3400191,Clupea harengus,LV,,25,MN1,d,1,1,VISO,N,,,F4B,
14539,1610576,1822347,8971045,12105,4458,8971045,EM,2026NL3400191,Clupea harengus,LV,,28,MN1,d,1,1,VISO,N,,,F4B,
14539,1610577,1822348,8971046,12105,4458,8971046,EM,2026NL3400192,Clupea harengus,LV,,19,MN1,d,1,1,VISO,N,,,F4B,
14539,1610577,1822349,8971047,12105,4458,8971047,EM,2026NL3400192,Clupea harengus,LV,,23,MN1,d,2,1,VISO,N,,,F4B,
14539,1610577,1822350,8971048,12105,4458,8971048,EM,2026NL3400192,Clupea harengus,LV,,24,MN1,d,2,1,VISO,N,,,F4B,
14539,1610575,1822351,8971037,12105,4458,8971037,EM,2026NL3400190,Clupea harengus,LV,,26,MN1,d,2,1,VISO,N,,,F4B,
14539,1610575,1822352,8971038,12105,4458,8971038,EM,2026NL3400190,Clupea harengus,LV,,27,MN1,d,1,1,VISO,N,,,F4B,
14539,1610576,1822353,8971039,12105,4458,8971039,EM,2026NL3400191,Clupea harengus,LV,,24,MN1,d,3,1,VISO,N,,,F4B,
14539,1610576,1822354,8971040,12105,4458,8971040,EM,2026NL3400191,Clupea harengus,LV,,19,MN1,d,1,1,VISO,N,,,F4B,
14539,1610576,1822355,8971041,12105,4458,8971041,EM,2026NL3400191,Clupea harengus,LV,,22,MN1,d,1,1,VISO,N,,,F4B,
14539,1610576,1822356,8971042,12105,4458,8971042,EM,2026NL3400191,Clupea harengus,LV,,23,MN1,d,1,1,VISO,N,,,F4B,
14539,1610575,1822357,8971031,12105,4458,8971031,EM,2026NL3400190,Clupea harengus,LV,,24,MN1,d,2,1,VISO,N,,,F4B,
14539,1610575,1822358,8971032,12105,4458,8971032,EM,2026NL3400190,Clupea harengus,LV,,20,MN1,d,1,1,VISO,N,,,F4B,
14539,1610575,1822359,8971033,12105,4458,8971033,EM,2026NL3400190,Clupea harengus,LV,,21,MN1,d,1,1,VISO,N,,,F4B,
14539,1610575,1822360,8971034,12105,4458,8971034,EM,2026NL3400190,Clupea harengus,LV,,22,MN1,d,1,1,VISO,N,,,F4B,
14539,1610575,1822361,8971035,12105,4458,8971035,EM,2026NL3400190,Clupea harengus,LV,,24,MN1,d,1,1,VISO,N,,,F4B,
14539,1610575,1822362,8971036,12105,4458,8971036,EM,2026NL3400190,Clupea harengus,LV,,25,MN1,d,1,1,VISO,N,,,F4B,
14539,1610574,1822363,8971025,12105,4458,8971025,EM,2026NL3400189,Clupea harengus,LV,,22,MN1,d,1,1,VISO,N,,,F4B,
14539,1610574,1822364,8971026,12105,4458,8971026,EM,2026NL3400189,Clupea harengus,LV,,18,MN1,d,2,1,VISO,N,,,F4B,
14539,1610574,1822365,8971027,12105,4458,8971027,EM,2026NL3400189,Clupea harengus,LV,,22,MN1,d,2,1,VISO,N,,,F4B,
14539,1610574,1822366,8971028,12105,4458,8971028,EM,2026NL3400189,Clupea harengus,LV,,23,MN1,d,1,1,VISO,N,,,F4B,
14539,1610574,1822367,8971029,12105,4458,8971029,EM,2026NL3400189,Clupea harengus,LV,,24,MN1,d,1,1,VISO,N,,,F4B,
14539,1610574,1822368,8971030,12105,4458,8971030,EM,2026NL3400189,Clupea harengus,LV,,25,MN1,d,2,1,VISO,N,,,F4B,
14539,1610571,1822369,8971019,12105,4458,8971019,EM,2026NL3400186,Clupea harengus,LV,,24,MN1,d,2,1,VISO,N,,,F4B,
14539,1610571,1822370,8971020,12105,4458,8971020,EM,2026NL3400186,Clupea harengus,LV,,26,MN1,d,6,1,VISO,N,,,F4B,
14539,1610571,1822371,8971021,12105,4458,8971021,EM,2026NL3400186,Clupea harengus,LV,,27,MN1,d,1,1,VISO,N,,,F4B,
14539,1610572,1822372,8971022,12105,4458,8971022,EM,2026NL3400187,Clupea harengus,LV,,,MN1,c,1,1,VISO,N,,,F4B,Larvae too damaged to measure
14539,1610573,1822373,8971023,12105,4458,8971023,EM,2026NL3400188,Clupea harengus,LV,,17,MN1,d,1,1,VISO,N,,,F4B,
14539,1610573,1822374,8971024,12105,4458,8971024,EM,2026NL3400188,Clupea harengus,LV,,25,MN1,d,1,1,VISO,N,,,F4B,
14539,1610570,1822375,8971013,12105,4458,8971013,EM,2026NL3400185,Clupea harengus,LV,,18,MN1,d,1,1,VISO,N,,,F4B,
14539,1610570,1822376,8971014,12105,4458,8971014,EM,2026NL3400185,Clupea harengus,LV,,20,MN1,d,1,1,VISO,N,,,F4B,
14539,1610570,1822377,8971015,12105,4458,8971015,EM,2026NL3400185,Clupea harengus,LV,,22,MN1,d,2,1,VISO,N,,,F4B,
14539,1610570,1822378,8971016,12105,4458,8971016,EM,2026NL3400185,Clupea harengus,LV,,23,MN1,d,1,1,VISO,N,,,F4B,
14539,1610570,1822379,8971017,12105,4458,8971017,EM,2026NL3400185,Clupea harengus,LV,,24,MN1,d,2,1,VISO,N,,,F4B,
14539,1610570,1822380,8971018,12105,4458,8971018,EM,2026NL3400185,Clupea harengus,LV,,26,MN1,d,1,1,VISO,N,,,F4B,
14539,1610569,1822381,8971007,12105,4458,8971007,EM,2026NL3400184,Clupea harengus,LV,,19,MN1,d,1,1,VISO,N,,,F4B,
14539,1610569,1822382,8971008,12105,4458,8971008,EM,2026NL3400184,Clupea harengus,LV,,20,MN1,d,2,1,VISO,N,,,F4B,
14539,1610569,1822383,8971009,12105,4458,8971009,EM,2026NL3400184,Clupea harengus,LV,,23,MN1,d,1,1,VISO,N,,,F4B,
14539,1610569,1822384,8971010,12105,4458,8971010,EM,2026NL3400184,Clupea harengus,LV,,24,MN1,d,2,1,VISO,N,,,F4B,
14539,1610569,1822385,8971011,12105,4458,8971011,EM,2026NL3400184,Clupea harengus,LV,,25,MN1,d,1,1,VISO,N,,,F4B,
14539,1610569,1822386,8971012,12105,4458,8971012,EM,2026NL3400184,Clupea harengus,LV,,26,MN1,d,1,1,VISO,N,,,F4B,
14539,1610568,1822387,8971001,12105,4458,8971001,EM,2026NL3400183,Clupea harengus,LV,,19,MN1,d,1,1,VISO,N,,,F4B,
14539,1610568,1822388,8971002,12105,4458,8971002,EM,2026NL3400183,Clupea harengus,LV,,20,MN1,d,1,1,VISO,N,,,F4B,
14539,1610568,1822389,8971003,12105,4458,8971003,EM,2026NL3400183,Clupea harengus,LV,,22,MN1,d,2,1,VISO,N,,,F4B,
14539,1610568,1822390,8971004,12105,4458,8971004,EM,2026NL3400183,Clupea harengus,LV,,23,MN1,d,2,1,VISO,N,,,F4B,
14539,1610568,1822391,8971005,12105,4458,8971005,EM,2026NL3400183,Clupea harengus,LV,,24,MN1,d,4,1,VISO,N,,,F4B,
14539,1610568,1822392,8971006,12105,4458,8971006,EM,2026NL3400183,Clupea harengus,LV,,27,MN1,d,1,1,VISO,N,,,F4B,
14539,1610567,1822393,8970995,12105,4458,8970995,EM,2026NL3400182,Clupea harengus,LV,,20,MN1,d,2,1,VISO,N,,,F4B,
14539,1610567,1822394,8970996,12105,4458,8970996,EM,2026NL3400182,Clupea harengus,LV,,21,MN1,d,1,1,VISO,N,,,F4B,
14539,1610567,1822395,8970997,12105,4458,8970997,EM,2026NL3400182,Clupea harengus,LV,,22,MN1,d,1,1,VISO,N,,,F4B,
14539,1610567,1822396,8970998,12105,4458,8970998,EM,2026NL3400182,Clupea harengus,LV,,23,MN1,d,1,1,VISO,N,,,F4B,
14539,1610567,1822397,8970999,12105,4458,8970999,EM,2026NL3400182,Clupea harengus,LV,,28,MN1,d,1,1,VISO,N,,,F4B,
14539,1610568,1822398,8971000,12105,4458,8971000,EM,2026NL3400183,Clupea harengus,LV,,23,MN1,d,1,1,VISO,N,,,F4B,
14539,1610565,1822399,8970989,12105,4458,8970989,EM,2026NL3400180,Clupea harengus,LV,,24,MN1,d,1,1,VISO,N,,,F4B,
14539,1610565,1822400,8970990,12105,4458,8970990,EM,2026NL3400180,Clupea harengus,LV,,26,MN1,d,1,1,VISO,N,,,F4B,
14539,1610565,1822401,8970991,12105,4458,8970991,EM,2026NL3400180,Clupea harengus,LV,,27,MN1,d,1,1,VISO,N,,,F4B,
14539,1610566,1822402,8970992,12105,4458,8970992,EM,2026NL3400181,Clupea harengus,LV,,21,MN1,d,1,1,VISO,N,,,F4B,
14539,1610566,1822403,8970993,12105,4458,8970993,EM,2026NL3400181,Clupea harengus,LV,,22,MN1,d,3,1,VISO,N,,,F4B,
14539,1610566,1822404,8970994,12105,4458,8970994,EM,2026NL3400181,Clupea harengus,LV,,23,MN1,d,1,1,VISO,N,,,F4B,
14539,1610564,1822405,8970983,12105,4458,8970983,EM,2026NL3400179,Clupea harengus,LV,,21,MN1,d,1,1,VISO,N,,,F4B,
14539,1610564,1822406,8970984,12105,4458,8970984,EM,2026NL3400179,Clupea harengus,LV,,22,MN1,d,1,1,VISO,N,,,F4B,
14539,1610564,1822407,8970985,12105,4458,8970985,EM,2026NL3400179,Clupea harengus,LV,,23,MN1,d,1,1,VISO,N,,,F4B,
14539,1610564,1822408,8970986,12105,4458,8970986,EM,2026NL3400179,Clupea harengus,LV,,24,MN1,d,6,1,VISO,N,,,F4B,
14539,1610564,1822409,8970987,12105,4458,8970987,EM,2026NL3400179,Clupea harengus,LV,,27,MN1,d,3,1,VISO,N,,,F4B,
14539,1610565,1822410,8970988,12105,4458,8970988,EM,2026NL3400180,Clupea harengus,LV,,21,MN1,d,2,1,VISO,N,,,F4B,
14539,1610563,1822411,8970977,12105,4458,8970977,EM,2026NL3400178,Clupea harengus,LV,,30,MN1,d,8,2.20754717,VISO,N,,,F4B,
14539,1610563,1822412,8970978,12105,4458,8970978,EM,2026NL3400178,Clupea harengus,LV,,31,MN1,d,4,2.20754717,VISO,N,,,F4B,
14539,1610563,1822413,8970979,12105,4458,8970979,EM,2026NL3400178,Clupea harengus,LV,,32,MN1,d,2,2.20754717,VISO,N,,,F4B,
14539,1610563,1822414,8970980,12105,4458,8970980,EM,2026NL3400178,Clupea harengus,LV,,33,MN1,d,1,2.20754717,VISO,N,,,F4B,
14539,1610563,1822415,8970981,12105,4458,8970981,EM,2026NL3400178,Clupea harengus,LV,,34,MN1,d,1,2.20754717,VISO,N,,,F4B,
14539,1610564,1822416,8970982,12105,4458,8970982,EM,2026NL3400179,Clupea harengus,LV,,24,MN1,d,1,1,VISO,N,,,F4B,
14539,1610563,1822417,8970971,12105,4458,8970971,EM,2026NL3400178,Clupea harengus,LV,,24,MN1,d,3,2.20754717,VISO,N,,,F4B,
14539,1610563,1822418,8970972,12105,4458,8970972,EM,2026NL3400178,Clupea harengus,LV,,25,MN1,d,2,2.20754717,VISO,N,,,F4B,
14539,1610563,1822419,8970973,12105,4458,8970973,EM,2026NL3400178,Clupea harengus,LV,,26,MN1,d,6,2.20754717,VISO,N,,,F4B,
14539,1610563,1822420,8970974,12105,4458,8970974,EM,2026NL3400178,Clupea harengus,LV,,27,MN1,d,8,2.20754717,VISO,N,,,F4B,
14539,1610563,1822421,8970975,12105,4458,8970975,EM,2026NL3400178,Clupea harengus,LV,,28,MN1,d,9,2.20754717,VISO,N,,,F4B,
14539,1610563,1822422,8970976,12105,4458,8970976,EM,2026NL3400178,Clupea harengus,LV,,29,MN1,d,6,2.20754717,VISO,N,,,F4B,
14539,1610562,1822423,8970965,12105,4458,8970965,EM,2026NL3400177,Clupea harengus,LV,,31,MN1,d,2,1,VISO,N,,,F4B,
14539,1610562,1822424,8970966,12105,4458,8970966,EM,2026NL3400177,Clupea harengus,LV,,32,MN1,d,1,1,VISO,N,,,F4B,
14539,1610562,1822425,8970967,12105,4458,8970967,EM,2026NL3400177,Clupea harengus,LV,,34,MN1,d,1,1,VISO,N,,,F4B,
14539,1610562,1822426,8970968,12105,4458,8970968,EM,2026NL3400177,Clupea harengus,LV,,35,MN1,d,1,1,VISO,N,,,F4B,
14539,1610563,1822427,8970969,12105,4458,8970969,EM,2026NL3400178,Clupea harengus,LV,,28,MN1,d,2,2.20754717,VISO,N,,,F4B,
14539,1610563,1822428,8970970,12105,4458,8970970,EM,2026NL3400178,Clupea harengus,LV,,21,MN1,d,1,2.20754717,VISO,N,,,F4B,
14539,1610562,1822429,8970959,12105,4458,8970959,EM,2026NL3400177,Clupea harengus,LV,,25,MN1,d,1,1,VISO,N,,,F4B,
14539,1610562,1822430,8970960,12105,4458,8970960,EM,2026NL3400177,Clupea harengus,LV,,26,MN1,d,1,1,VISO,N,,,F4B,
14539,1610562,1822431,8970961,12105,4458,8970961,EM,2026NL3400177,Clupea harengus,LV,,27,MN1,d,2,1,VISO,N,,,F4B,
14539,1610562,1822432,8970962,12105,4458,8970962,EM,2026NL3400177,Clupea harengus,LV,,28,MN1,d,5,1,VISO,N,,,F4B,
14539,1610562,1822433,8970963,12105,4458,8970963,EM,2026NL3400177,Clupea harengus,LV,,29,MN1,d,1,1,VISO,N,,,F4B,
14539,1610562,1822434,8970964,12105,4458,8970964,EM,2026NL3400177,Clupea harengus,LV,,30,MN1,d,2,1,VISO,N,,,F4B,
14539,1610561,1822435,8970951,12105,4458,8970951,EM,2026NL3400176,Clupea harengus,LV,,34,MN1,d,3,1.14,VISO,N,,,F4B,
14539,1610561,1822436,8970952,12105,4458,8970952,EM,2026NL3400176,Clupea harengus,LV,,35,MN1,d,3,1.14,VISO,N,,,F4B,
14539,1610561,1822437,8970953,12105,4458,8970953,EM,2026NL3400176,Clupea harengus,LV,,36,MN1,d,1,1.14,VISO,N,,,F4B,
14539,1610561,1822438,8970954,12105,4458,8970954,EM,2026NL3400176,Clupea harengus,LV,,37,MN1,d,1,1.14,VISO,N,,,F4B,
14539,1610562,1822439,8970957,12105,4458,8970957,EM,2026NL3400177,Clupea harengus,LV,,29,MN1,d,1,1,VISO,N,,,F4B,
14539,1610562,1822440,8970958,12105,4458,8970958,EM,2026NL3400177,Clupea harengus,LV,,24,MN1,d,2,1,VISO,N,,,F4B,
14539,1610561,1822441,8970945,12105,4458,8970945,EM,2026NL3400176,Clupea harengus,LV,,28,MN1,d,6,1.14,VISO,N,,,F4B,
14539,1610561,1822442,8970946,12105,4458,8970946,EM,2026NL3400176,Clupea harengus,LV,,29,MN1,d,4,1.14,VISO,N,,,F4B,
14539,1610561,1822443,8970947,12105,4458,8970947,EM,2026NL3400176,Clupea harengus,LV,,30,MN1,d,9,1.14,VISO,N,,,F4B,
14539,1610561,1822444,8970948,12105,4458,8970948,EM,2026NL3400176,Clupea harengus,LV,,31,MN1,d,6,1.14,VISO,N,,,F4B,
14539,1610561,1822445,8970949,12105,4458,8970949,EM,2026NL3400176,Clupea harengus,LV,,32,MN1,d,5,1.14,VISO,N,,,F4B,
14539,1610561,1822446,8970950,12105,4458,8970950,EM,2026NL3400176,Clupea harengus,LV,,33,MN1,d,3,1.14,VISO,N,,,F4B,
14539,1610560,1822447,8970937,12105,4458,8970937,EM,2026NL3400175,Clupea harengus,LV,,34,MN1,d,2,1,VISO,N,,,F4B,
14539,1610560,1822448,8970938,12105,4458,8970938,EM,2026NL3400175,Clupea harengus,LV,,,MN1,c,1,1,VISO,N,,,F4B,Larvae too damaged to measure
14539,1610561,1822449,8970941,12105,4458,8970941,EM,2026NL3400176,Clupea harengus,LV,,23,MN1,d,1,1.14,VISO,N,,,F4B,
14539,1610561,1822450,8970942,12105,4458,8970942,EM,2026NL3400176,Clupea harengus,LV,,25,MN1,d,1,1.14,VISO,N,,,F4B,
14539,1610561,1822451,8970943,12105,4458,8970943,EM,2026NL3400176,Clupea harengus,LV,,26,MN1,d,2,1.14,VISO,N,,,F4B,
14539,1610561,1822452,8970944,12105,4458,8970944,EM,2026NL3400176,Clupea harengus,LV,,27,MN1,d,3,1.14,VISO,N,,,F4B,
14539,1610559,1822453,8970930,12105,4458,8970930,EM,2026NL3400174,Clupea harengus,LV,,36,MN1,d,1,1,VISO,N,,,F4B,
14539,1610560,1822454,8970932,12105,4458,8970932,EM,2026NL3400175,Clupea harengus,LV,,23,MN1,d,1,1,VISO,N,,,F4B,
14539,1610560,1822455,8970933,12105,4458,8970933,EM,2026NL3400175,Clupea harengus,LV,,26,MN1,d,1,1,VISO,N,,,F4B,
14539,1610560,1822456,8970934,12105,4458,8970934,EM,2026NL3400175,Clupea harengus,LV,,28,MN1,d,2,1,VISO,N,,,F4B,
14539,1610560,1822457,8970935,12105,4458,8970935,EM,2026NL3400175,Clupea harengus,LV,,29,MN1,d,3,1,VISO,N,,,F4B,
14539,1610560,1822458,8970936,12105,4458,8970936,EM,2026NL3400175,Clupea harengus,LV,,32,MN1,d,1,1,VISO,N,,,F4B,
14539,1610559,1822459,8970924,12105,4458,8970924,EM,2026NL3400174,Clupea harengus,LV,,26,MN1,d,1,1,VISO,N,,,F4B,
14539,1610559,1822460,8970925,12105,4458,8970925,EM,2026NL3400174,Clupea harengus,LV,,28,MN1,d,1,1,VISO,N,,,F4B,
14539,1610559,1822461,8970926,12105,4458,8970926,EM,2026NL3400174,Clupea harengus,LV,,29,MN1,d,2,1,VISO,N,,,F4B,
14539,1610559,1822462,8970927,12105,4458,8970927,EM,2026NL3400174,Clupea harengus,LV,,30,MN1,d,3,1,VISO,N,,,F4B,
14539,1610559,1822463,8970928,12105,4458,8970928,EM,2026NL3400174,Clupea harengus,LV,,32,MN1,d,2,1,VISO,N,,,F4B,
14539,1610559,1822464,8970929,12105,4458,8970929,EM,2026NL3400174,Clupea harengus,LV,,34,MN1,d,1,1,VISO,N,,,F4B,
14539,1610557,1822465,8970918,12105,4458,8970918,EM,2026NL3400172,Clupea harengus,LV,,31,MN1,d,1,1,VISO,N,,,F4B,
14539,1610557,1822466,8970919,12105,4458,8970919,EM,2026NL3400172,Clupea harengus,LV,,32,MN1,d,1,1,VISO,N,,,F4B,
14539,1610557,1822467,8970920,12105,4458,8970920,EM,2026NL3400172,Clupea harengus,LV,,33,MN1,d,1,1,VISO,N,,,F4B,
14539,1610558,1822468,8970921,12105,4458,8970921,EM,2026NL3400173,Clupea harengus,LV,,24,MN1,d,1,1,VISO,N,,,F4B,
14539,1610558,1822469,8970922,12105,4458,8970922,EM,2026NL3400173,Clupea harengus,LV,,28,MN1,d,1,1,VISO,N,,,F4B,
14539,1610558,1822470,8970923,12105,4458,8970923,EM,2026NL3400173,Clupea harengus,LV,,32,MN1,d,1,1,VISO,N,,,F4B,
14539,1610556,1822471,8970910,12105,4458,8970910,EM,2026NL3400171,Clupea harengus,LV,,28,MN1,d,2,1,VISO,N,,,F4B,
14539,1610556,1822472,8970911,12105,4458,8970911,EM,2026NL3400171,Clupea harengus,LV,,29,MN1,d,1,1,VISO,N,,,F4B,
14539,1610557,1822473,8970914,12105,4458,8970914,EM,2026NL3400172,Clupea harengus,LV,,26,MN1,d,1,1,VISO,N,,,F4B,
14539,1610557,1822474,8970915,12105,4458,8970915,EM,2026NL3400172,Clupea harengus,LV,,27,MN1,d,2,1,VISO,N,,,F4B,
14539,1610557,1822475,8970916,12105,4458,8970916,EM,2026NL3400172,Clupea harengus,LV,,28,MN1,d,1,1,VISO,N,,,F4B,
14539,1610557,1822476,8970917,12105,4458,8970917,EM,2026NL3400172,Clupea harengus,LV,,29,MN1,d,1,1,VISO,N,,,F4B,
14539,1610556,1822477,8970904,12105,4458,8970904,EM,2026NL3400171,Clupea harengus,LV,,21,MN1,d,2,1,VISO,N,,,F4B,
14539,1610556,1822478,8970905,12105,4458,8970905,EM,2026NL3400171,Clupea harengus,LV,,22,MN1,d,2,1,VISO,N,,,F4B,
14539,1610556,1822479,8970906,12105,4458,8970906,EM,2026NL3400171,Clupea harengus,LV,,23,MN1,d,3,1,VISO,N,,,F4B,
14539,1610556,1822480,8970907,12105,4458,8970907,EM,2026NL3400171,Clupea harengus,LV,,25,MN1,d,2,1,VISO,N,,,F4B,
14539,1610556,1822481,8970908,12105,4458,8970908,EM,2026NL3400171,Clupea harengus,LV,,26,MN1,d,2,1,VISO,N,,,F4B,
14539,1610556,1822482,8970909,12105,4458,8970909,EM,2026NL3400171,Clupea harengus,LV,,27,MN1,d,4,1,VISO,N,,,F4B,
14539,1610554,1822483,8970897,12105,4458,8970897,EM,2026NL3400169,Clupea harengus,LV,,29,MN1,d,3,1,VISO,N,,,F4B,
14539,1610554,1822484,8970898,12105,4458,8970898,EM,2026NL3400169,Clupea harengus,LV,,31,MN1,d,1,1,VISO,N,,,F4B,
14539,1610555,1822485,8970900,12105,4458,8970900,EM,2026NL3400170,Clupea harengus,LV,,26,MN1,d,1,1,VISO,N,,,F4B,
14539,1610555,1822486,8970901,12105,4458,8970901,EM,2026NL3400170,Clupea harengus,LV,,27,MN1,d,2,1,VISO,N,,,F4B,
14539,1610555,1822487,8970902,12105,4458,8970902,EM,2026NL3400170,Clupea harengus,LV,,27,MN1,d,1,1,VISO,N,,,F4B,
14539,1610556,1822488,8970903,12105,4458,8970903,EM,2026NL3400171,Clupea harengus,LV,,25,MN1,d,2,1,VISO,N,,,F4B,
14539,1610554,1822489,8970891,12105,4458,8970891,EM,2026NL3400169,Clupea harengus,LV,,21,MN1,d,1,1,VISO,N,,,F4B,
14539,1610554,1822490,8970892,12105,4458,8970892,EM,2026NL3400169,Clupea harengus,LV,,22,MN1,d,1,1,VISO,N,,,F4B,
14539,1610554,1822491,8970893,12105,4458,8970893,EM,2026NL3400169,Clupea harengus,LV,,23,MN1,d,1,1,VISO,N,,,F4B,
14539,1610554,1822492,8970894,12105,4458,8970894,EM,2026NL3400169,Clupea harengus,LV,,24,MN1,d,2,1,VISO,N,,,F4B,
14539,1610554,1822493,8970895,12105,4458,8970895,EM,2026NL3400169,Clupea harengus,LV,,27,MN1,d,2,1,VISO,N,,,F4B,
14539,1610554,1822494,8970896,12105,4458,8970896,EM,2026NL3400169,Clupea harengus,LV,,28,MN1,d,1,1,VISO,N,,,F4B,
14539,1610553,1822495,8970885,12105,4458,8970885,EM,2026NL3400168,Clupea harengus,LV,,23,MN1,d,1,1,VISO,N,,,F4B,
14539,1610553,1822496,8970886,12105,4458,8970886,EM,2026NL3400168,Clupea harengus,LV,,24,MN1,d,1,1,VISO,N,,,F4B,
14539,1610554,1822497,8970887,12105,4458,8970887,EM,2026NL3400169,Clupea harengus,LV,,24,MN1,d,2,1,VISO,N,,,F4B,
14539,1610554,1822498,8970888,12105,4458,8970888,EM,2026NL3400169,Clupea harengus,LV,,13,MN1,d,1,1,VISO,N,,,F4B,
14539,1610554,1822499,8970889,12105,4458,8970889,EM,2026NL3400169,Clupea harengus,LV,,19,MN1,d,1,1,VISO,N,,,F4B,
14539,1610554,1822500,8970890,12105,4458,8970890,EM,2026NL3400169,Clupea harengus,LV,,20,MN1,d,1,1,VISO,N,,,F4B,
14539,1610552,1822501,8970879,12105,4458,8970879,EM,2026NL3400167,Clupea harengus,LV,,19,MN1,d,1,1,VISO,N,,,F4B,
14539,1610552,1822502,8970880,12105,4458,8970880,EM,2026NL3400167,Clupea harengus,LV,,20,MN1,d,1,1,VISO,N,,,F4B,
14539,1610553,1822503,8970881,12105,4458,8970881,EM,2026NL3400168,Clupea harengus,LV,,19,MN1,d,17,1,VISO,N,,,F4B,
14539,1610553,1822504,8970882,12105,4458,8970882,EM,2026NL3400168,Clupea harengus,LV,,16,MN1,d,1,1,VISO,N,,,F4B,
14539,1610553,1822505,8970883,12105,4458,8970883,EM,2026NL3400168,Clupea harengus,LV,,17,MN1,d,2,1,VISO,N,,,F4B,
14539,1610553,1822506,8970884,12105,4458,8970884,EM,2026NL3400168,Clupea harengus,LV,,19,MN1,d,1,1,VISO,N,,,F4B,
14539,1610552,1822507,8970873,12105,4458,8970873,EM,2026NL3400167,Clupea harengus,LV,,10,MN1,c,1,1,VISO,N,,,F4B,
14539,1610552,1822508,8970874,12105,4458,8970874,EM,2026NL3400167,Clupea harengus,LV,,12,MN1,c,2,1,VISO,N,,,F4B,
14539,1610552,1822509,8970875,12105,4458,8970875,EM,2026NL3400167,Clupea harengus,LV,,13,MN1,c,2,1,VISO,N,,,F4B,
14539,1610552,1822510,8970876,12105,4458,8970876,EM,2026NL3400167,Clupea harengus,LV,,15,MN1,c,4,1,VISO,N,,,F4B,
14539,1610552,1822511,8970877,12105,4458,8970877,EM,2026NL3400167,Clupea harengus,LV,,16,MN1,d,2,1,VISO,N,,,F4B,
14539,1610552,1822512,8970878,12105,4458,8970878,EM,2026NL3400167,Clupea harengus,LV,,18,MN1,d,3,1,VISO,N,,,F4B,
14539,1610551,1822513,8970865,12105,4458,8970865,EM,2026NL3400166,Clupea harengus,LV,,10,MN1,c,13,1.4,VISO,N,,,F4B,
14539,1610551,1822514,8970866,12105,4458,8970866,EM,2026NL3400166,Clupea harengus,LV,,11,MN1,c,4,1.4,VISO,N,,,F4B,
14539,1610551,1822515,8970867,12105,4458,8970867,EM,2026NL3400166,Clupea harengus,LV,,12,MN1,c,2,1.4,VISO,N,,,F4B,
14539,1610551,1822516,8970868,12105,4458,8970868,EM,2026NL3400166,Clupea harengus,LV,,13,MN1,c,2,1.4,VISO,N,,,F4B,
14539,1610551,1822517,8970869,12105,4458,8970869,EM,2026NL3400166,Clupea harengus,LV,,14,MN1,c,1,1.4,VISO,N,,,F4B,
14539,1610552,1822518,8970872,12105,4458,8970872,EM,2026NL3400167,Clupea harengus,LV,,15,MN1,c,3,1,VISO,N,,,F4B,
14539,1610550,1822519,8970859,12105,4458,8970859,EM,2026NL3400165,Clupea harengus,LV,,10,MN1,c,13,1,VISO,N,,,F4B,
14539,1610550,1822520,8970860,12105,4458,8970860,EM,2026NL3400165,Clupea harengus,LV,,11,MN1,c,6,1,VISO,N,,,F4B,
14539,1610550,1822521,8970861,12105,4458,8970861,EM,2026NL3400165,Clupea harengus,LV,,13,MN1,c,1,1,VISO,N,,,F4B,
14539,1610551,1822522,8970862,12105,4458,8970862,EM,2026NL3400166,Clupea harengus,LV,,10,MN1,c,19,1.4,VISO,N,,,F4B,
14539,1610551,1822523,8970863,12105,4458,8970863,EM,2026NL3400166,Clupea harengus,LV,,8,MN1,c,1,1.4,VISO,N,,,F4B,
14539,1610551,1822524,8970864,12105,4458,8970864,EM,2026NL3400166,Clupea harengus,LV,,9,MN1,c,5,1.4,VISO,N,,,F4B,
14539,1610546,1822525,8970853,12105,4458,8970853,EM,2026NL3400161,Clupea harengus,LV,,24,MN1,d,1,1,VISO,N,,,F4B,
14539,1610546,1822526,8970854,12105,4458,8970854,EM,2026NL3400161,Clupea harengus,LV,,17,MN1,d,1,1,VISO,N,,,F4B,
14539,1610547,1822527,8970855,12105,4458,8970855,EM,2026NL3400162,Clupea harengus,LV,,24,MN1,d,1,1,VISO,N,,,F4B,
14539,1610550,1822528,8970856,12105,4458,8970856,EM,2026NL3400165,Clupea harengus,LV,,10,MN1,c,8,1,VISO,N,,,F4B,
14539,1610550,1822529,8970857,12105,4458,8970857,EM,2026NL3400165,Clupea harengus,LV,,8,MN1,c,1,1,VISO,N,,,F4B,
14539,1610550,1822530,8970858,12105,4458,8970858,EM,2026NL3400165,Clupea harengus,LV,,9,MN1,c,6,1,VISO,N,,,F4B,
14539,1610543,1822531,8970847,12105,4458,8970847,EM,2026NL3400158,Clupea harengus,LV,,25,MN1,d,1,1,VISO,N,,,F4B,
14539,1610544,1822532,8970848,12105,4458,8970848,EM,2026NL3400159,Clupea harengus,LV,,21,MN1,d,1,1,VISO,N,,,F4B,
14539,1610544,1822533,8970849,12105,4458,8970849,EM,2026NL3400159,Clupea harengus,LV,,23,MN1,d,1,1,VISO,N,,,F4B,
14539,1610544,1822534,8970850,12105,4458,8970850,EM,2026NL3400159,Clupea harengus,LV,,23,MN1,d,1,1,VISO,N,,,F4B,
14539,1610544,1822535,8970851,12105,4458,8970851,EM,2026NL3400159,Clupea harengus,LV,,24,MN1,d,2,1,VISO,N,,,F4B,
14539,1610545,1822536,8970852,12105,4458,8970852,EM,2026NL3400160,Clupea harengus,LV,,25,MN1,d,1,1,VISO,N,,,F4B,
14539,1610542,1822537,8970841,12105,4458,8970841,EM,2026NL3400157,Clupea harengus,LV,,21,MN1,d,1,1,VISO,N,,,F4B,
14539,1610542,1822538,8970842,12105,4458,8970842,EM,2026NL3400157,Clupea harengus,LV,,22,MN1,d,1,1,VISO,N,,,F4B,
14539,1610542,1822539,8970843,12105,4458,8970843,EM,2026NL3400157,Clupea harengus,LV,,23,MN1,d,2,1,VISO,N,,,F4B,
14539,1610542,1822540,8970844,12105,4458,8970844,EM,2026NL3400157,Clupea harengus,LV,,24,MN1,d,2,1,VISO,N,,,F4B,
14539,1610542,1822541,8970845,12105,4458,8970845,EM,2026NL3400157,Clupea harengus,LV,,25,MN1,d,2,1,VISO,N,,,F4B,
14539,1610543,1822542,8970846,12105,4458,8970846,EM,2026NL3400158,Clupea harengus,LV,,25,MN1,d,2,1,VISO,N,,,F4B,
14539,1610541,1822543,8970835,12105,4458,8970835,EM,2026NL3400156,Clupea harengus,LV,,30,MN1,d,1,1,VISO,N,,,F4B,
14539,1610541,1822544,8970836,12105,4458,8970836,EM,2026NL3400156,Clupea harengus,LV,,21,MN1,d,2,1,VISO,N,,,F4B,
14539,1610541,1822545,8970837,12105,4458,8970837,EM,2026NL3400156,Clupea harengus,LV,,22,MN1,d,2,1,VISO,N,,,F4B,
14539,1610541,1822546,8970838,12105,4458,8970838,EM,2026NL3400156,Clupea harengus,LV,,23,MN1,d,1,1,VISO,N,,,F4B,
14539,1610541,1822547,8970839,12105,4458,8970839,EM,2026NL3400156,Clupea harengus,LV,,24,MN1,d,1,1,VISO,N,,,F4B,
14539,1610542,1822548,8970840,12105,4458,8970840,EM,2026NL3400157,Clupea harengus,LV,,23,MN1,d,2,1,VISO,N,,,F4B,
14539,1610540,1822549,8970829,12105,4458,8970829,EM,2026NL3400155,Clupea harengus,LV,,19,MN1,d,1,1.338709677,VISO,N,,,F4B,
14539,1610541,1822550,8970830,12105,4458,8970830,EM,2026NL3400156,Clupea harengus,LV,,24,MN1,d,1,1,VISO,N,,,F4B,
14539,1610541,1822551,8970831,12105,4458,8970831,EM,2026NL3400156,Clupea harengus,LV,,20,MN1,d,1,1,VISO,N,,,F4B,
14539,1610541,1822552,8970832,12105,4458,8970832,EM,2026NL3400156,Clupea harengus,LV,,24,MN1,d,1,1,VISO,N,,,F4B,
14539,1610541,1822553,8970833,12105,4458,8970833,EM,2026NL3400156,Clupea harengus,LV,,29,MN1,d,1,1,VISO,N,,,F4B,
14539,1610541,1822554,8970834,12105,4458,8970834,EM,2026NL3400156,Clupea harengus,LV,,25,MN1,d,1,1,VISO,N,,,F4B,
14539,1610540,1822555,8970823,12105,4458,8970823,EM,2026NL3400155,Clupea harengus,LV,,26,MN1,d,3,1.338709677,VISO,N,,,F4B,
14539,1610540,1822556,8970824,12105,4458,8970824,EM,2026NL3400155,Clupea harengus,LV,,27,MN1,d,4,1.338709677,VISO,N,,,F4B,
14539,1610540,1822557,8970825,12105,4458,8970825,EM,2026NL3400155,Clupea harengus,LV,,28,MN1,d,7,1.338709677,VISO,N,,,F4B,
14539,1610540,1822558,8970826,12105,4458,8970826,EM,2026NL3400155,Clupea harengus,LV,,29,MN1,d,1,1.338709677,VISO,N,,,F4B,
14539,1610540,1822559,8970827,12105,4458,8970827,EM,2026NL3400155,Clupea harengus,LV,,30,MN1,d,3,1.338709677,VISO,N,,,F4B,
14539,1610540,1822560,8970828,12105,4458,8970828,EM,2026NL3400155,Clupea harengus,LV,,34,MN1,d,1,1.338709677,VISO,N,,,F4B,
14539,1610540,1822561,8970817,12105,4458,8970817,EM,2026NL3400155,Clupea harengus,LV,,20,MN1,d,1,1.338709677,VISO,N,,,F4B,
14539,1610540,1822562,8970818,12105,4458,8970818,EM,2026NL3400155,Clupea harengus,LV,,21,MN1,d,5,1.338709677,VISO,N,,,F4B,
14539,1610540,1822563,8970819,12105,4458,8970819,EM,2026NL3400155,Clupea harengus,LV,,22,MN1,d,8,1.338709677,VISO,N,,,F4B,
14539,1610540,1822564,8970820,12105,4458,8970820,EM,2026NL3400155,Clupea harengus,LV,,23,MN1,d,8,1.338709677,VISO,N,,,F4B,
14539,1610540,1822565,8970821,12105,4458,8970821,EM,2026NL3400155,Clupea harengus,LV,,24,MN1,d,9,1.338709677,VISO,N,,,F4B,
14539,1610540,1822566,8970822,12105,4458,8970822,EM,2026NL3400155,Clupea harengus,LV,,25,MN1,d,10,1.338709677,VISO,N,,,F4B,
14539,1610539,1822567,8970811,12105,4458,8970811,EM,2026NL3400154,Clupea harengus,LV,,27,MN1,d,3,1,VISO,N,,,F4B,
14539,1610539,1822568,8970812,12105,4458,8970812,EM,2026NL3400154,Clupea harengus,LV,,28,MN1,d,2,1,VISO,N,,,F4B,
14539,1610539,1822569,8970813,12105,4458,8970813,EM,2026NL3400154,Clupea harengus,LV,,29,MN1,d,1,1,VISO,N,,,F4B,
14539,1610539,1822570,8970814,12105,4458,8970814,EM,2026NL3400154,Clupea harengus,LV,,30,MN1,d,2,1,VISO,N,,,F4B,
14539,1610539,1822571,8970815,12105,4458,8970815,EM,2026NL3400154,Clupea harengus,LV,,32,MN1,d,1,1,VISO,N,,,F4B,
14539,1610540,1822572,8970816,12105,4458,8970816,EM,2026NL3400155,Clupea harengus,LV,,25,MN1,d,1,1.338709677,VISO,N,,,F4B,
14539,1610538,1822573,8970804,12105,4458,8970804,EM,2026NL3400153,Clupea harengus,LV,,28,MN1,d,1,1,VISO,N,,,F4B,
14539,1610538,1822574,8970805,12105,4458,8970805,EM,2026NL3400153,Clupea harengus,LV,,31,MN1,d,2,1,VISO,N,,,F4B,
14539,1610539,1822575,8970807,12105,4458,8970807,EM,2026NL3400154,Clupea harengus,LV,,28,MN1,d,3,1,VISO,N,,,F4B,
14539,1610539,1822576,8970808,12105,4458,8970808,EM,2026NL3400154,Clupea harengus,LV,,20,MN1,d,1,1,VISO,N,,,F4B,
14539,1610539,1822577,8970809,12105,4458,8970809,EM,2026NL3400154,Clupea harengus,LV,,23,MN1,d,3,1,VISO,N,,,F4B,
14539,1610539,1822578,8970810,12105,4458,8970810,EM,2026NL3400154,Clupea harengus,LV,,26,MN1,d,1,1,VISO,N,,,F4B,
14539,1610538,1822579,8970798,12105,4458,8970798,EM,2026NL3400153,Clupea harengus,LV,,17,MN1,d,1,1,VISO,N,,,F4B,
14539,1610538,1822580,8970799,12105,4458,8970799,EM,2026NL3400153,Clupea harengus,LV,,18,MN1,d,1,1,VISO,N,,,F4B,
14539,1610538,1822581,8970800,12105,4458,8970800,EM,2026NL3400153,Clupea harengus,LV,,22,MN1,d,1,1,VISO,N,,,F4B,
14539,1610538,1822582,8970801,12105,4458,8970801,EM,2026NL3400153,Clupea harengus,LV,,23,MN1,d,1,1,VISO,N,,,F4B,
14539,1610538,1822583,8970802,12105,4458,8970802,EM,2026NL3400153,Clupea harengus,LV,,24,MN1,d,2,1,VISO,N,,,F4B,
14539,1610538,1822584,8970803,12105,4458,8970803,EM,2026NL3400153,Clupea harengus,LV,,27,MN1,d,2,1,VISO,N,,,F4B,
14539,1610537,1822585,8970792,12105,4458,8970792,EM,2026NL3400152,Clupea harengus,LV,,22,MN1,d,1,1,VISO,N,,,F4B,
14539,1610537,1822586,8970793,12105,4458,8970793,EM,2026NL3400152,Clupea harengus,LV,,23,MN1,d,2,1,VISO,N,,,F4B,
14539,1610537,1822587,8970794,12105,4458,8970794,EM,2026NL3400152,Clupea harengus,LV,,24,MN1,d,1,1,VISO,N,,,F4B,
14539,1610537,1822588,8970795,12105,4458,8970795,EM,2026NL3400152,Clupea harengus,LV,,26,MN1,d,1,1,VISO,N,,,F4B,
14539,1610537,1822589,8970796,12105,4458,8970796,EM,2026NL3400152,Clupea harengus,LV,,28,MN1,d,1,1,VISO,N,,,F4B,
14539,1610538,1822590,8970797,12105,4458,8970797,EM,2026NL3400153,Clupea harengus,LV,,27,MN1,d,2,1,VISO,N,,,F4B,
14539,1610534,1822591,8970771,12105,4458,8970771,EM,2026NL3400149,Clupea harengus,LV,,25,MN1,d,1,1,VISO,N,,,F4B,
14539,1610535,1822592,8970780,12105,4458,8970780,EM,2026NL3400150,Clupea harengus,LV,,17,MN1,d,3,1,VISO,N,,,F4B,
14539,1610535,1822593,8970781,12105,4458,8970781,EM,2026NL3400150,Clupea harengus,LV,,17,MN1,d,1,1,VISO,N,,,F4B,
14539,1610536,1822594,8970783,12105,4458,8970783,EM,2026NL3400151,Clupea harengus,LV,,34,MN1,d,1,1,VISO,N,,,F4B,
14539,1610537,1822595,8970790,12105,4458,8970790,EM,2026NL3400152,Clupea harengus,LV,,23,MN1,d,2,1,VISO,N,,,F4B,
14539,1610537,1822596,8970791,12105,4458,8970791,EM,2026NL3400152,Clupea harengus,LV,,20,MN1,d,1,1,VISO,N,,,F4B,
14539,1610533,1822597,8970757,12105,4458,8970757,EM,2026NL3400148,Clupea harengus,LV,,31,MN1,d,1,1,VISO,N,,,F4B,
14539,1610533,1822598,8970758,12105,4458,8970758,EM,2026NL3400148,Clupea harengus,LV,,28,MN1,d,1,1,VISO,N,,,F4B,
14539,1610533,1822599,8970759,12105,4458,8970759,EM,2026NL3400148,Clupea harengus,LV,,32,MN1,d,1,1,VISO,N,,,F4B,
14539,1610533,1822600,8970760,12105,4458,8970760,EM,2026NL3400148,Clupea harengus,LV,,19,MN1,d,1,1,VISO,N,,,F4B,
14539,1610534,1822601,8970769,12105,4458,8970769,EM,2026NL3400149,Clupea harengus,LV,,32,MN1,d,2,1,VISO,N,,,F4B,
14539,1610534,1822602,8970770,12105,4458,8970770,EM,2026NL3400149,Clupea harengus,LV,,20,MN1,d,1,1,VISO,N,,,F4B,
14539,1610531,1822603,8970748,12105,4458,8970748,EM,2026NL3400146,Clupea harengus,LV,,23,MN1,d,1,1,VISO,N,,,F4B,
14539,1610531,1822604,8970749,12105,4458,8970749,EM,2026NL3400146,Clupea harengus,LV,,24,MN1,d,1,1,VISO,N,,,F4B,
14539,1610531,1822605,8970750,12105,4458,8970750,EM,2026NL3400146,Clupea harengus,LV,,25,MN1,d,2,1,VISO,N,,,F4B,
14539,1610531,1822606,8970751,12105,4458,8970751,EM,2026NL3400146,Clupea harengus,LV,,30,MN1,d,3,1,VISO,N,,,F4B,
14539,1610531,1822607,8970752,12105,4458,8970752,EM,2026NL3400146,Clupea harengus,LV,,32,MN1,d,3,1,VISO,N,,,F4B,
14539,1610532,1822608,8970754,12105,4458,8970754,EM,2026NL3400147,Clupea harengus,LV,,32,MN1,d,1,1,VISO,N,,,F4B,
14539,1610526,1822609,8970742,12105,4458,8970742,EM,2026NL3400141,Clupea harengus,LV,,21,MN1,d,1,7.428571429,VISO,N,,,F4B,
14539,1610527,1822610,8970743,12105,4458,8970743,EM,2026NL3400142,Clupea harengus,LV,,11,MN1,c,1,1,VISO,N,,,F4B,
14539,1610528,1822611,8970744,12105,4458,8970744,EM,2026NL3400143,Clupea harengus,LV,,13,MN1,c,1,1,VISO,N,,,F4B,
14539,1610528,1822612,8970745,12105,4458,8970745,EM,2026NL3400143,Clupea harengus,LV,,33,MN1,d,1,1,VISO,N,,,F4B,
14539,1610530,1822613,8970746,12105,4458,8970746,EM,2026NL3400145,Clupea harengus,LV,,,MN1,c,1,1,VISO,N,,,F4B,Larvae too damaged to measure
14539,1610531,1822614,8970747,12105,4458,8970747,EM,2026NL3400146,Clupea harengus,LV,,28,MN1,d,3,1,VISO,N,,,F4B,
14539,1610526,1822615,8970736,12105,4458,8970736,EM,2026NL3400141,Clupea harengus,LV,,15,MN1,c,10,7.428571429,VISO,N,,,F4B,
14539,1610526,1822616,8970737,12105,4458,8970737,EM,2026NL3400141,Clupea harengus,LV,,16,MN1,d,4,7.428571429,VISO,N,,,F4B,
14539,1610526,1822617,8970738,12105,4458,8970738,EM,2026NL3400141,Clupea harengus,LV,,17,MN1,d,3,7.428571429,VISO,N,,,F4B,
14539,1610526,1822618,8970739,12105,4458,8970739,EM,2026NL3400141,Clupea harengus,LV,,18,MN1,d,2,7.428571429,VISO,N,,,F4B,
14539,1610526,1822619,8970740,12105,4458,8970740,EM,2026NL3400141,Clupea harengus,LV,,19,MN1,d,6,7.428571429,VISO,N,,,F4B,
14539,1610526,1822620,8970741,12105,4458,8970741,EM,2026NL3400141,Clupea harengus,LV,,20,MN1,d,3,7.428571429,VISO,N,,,F4B,
14539,1610526,1822621,8970730,12105,4458,8970730,EM,2026NL3400141,Clupea harengus,LV,,10,MN1,c,2,7.428571429,VISO,N,,,F4B,
14539,1610526,1822622,8970731,12105,4458,8970731,EM,2026NL3400141,Clupea harengus,LV,,15,MN1,c,7,7.428571429,VISO,N,,,F4B,
14539,1610526,1822623,8970732,12105,4458,8970732,EM,2026NL3400141,Clupea harengus,LV,,11,MN1,c,2,7.428571429,VISO,N,,,F4B,
14539,1610526,1822624,8970733,12105,4458,8970733,EM,2026NL3400141,Clupea harengus,LV,,12,MN1,c,6,7.428571429,VISO,N,,,F4B,
14539,1610526,1822625,8970734,12105,4458,8970734,EM,2026NL3400141,Clupea harengus,LV,,13,MN1,c,4,7.428571429,VISO,N,,,F4B,
14539,1610526,1822626,8970735,12105,4458,8970735,EM,2026NL3400141,Clupea harengus,LV,,14,MN1,c,6,7.428571429,VISO,N,,,F4B,
14539,1610525,1822627,8970721,12105,4458,8970721,EM,2026NL3400140,Clupea harengus,LV,,19,MN1,d,3,16,VISO,N,,,F4B,
14539,1610525,1822628,8970722,12105,4458,8970722,EM,2026NL3400140,Clupea harengus,LV,,20,MN1,d,1,16,VISO,N,,,F4B,
14539,1610525,1822629,8970723,12105,4458,8970723,EM,2026NL3400140,Clupea harengus,LV,,21,MN1,d,2,16,VISO,N,,,F4B,
14539,1610525,1822630,8970724,12105,4458,8970724,EM,2026NL3400140,Clupea harengus,LV,,22,MN1,d,2,16,VISO,N,,,F4B,
14539,1610525,1822631,8970725,12105,4458,8970725,EM,2026NL3400140,Clupea harengus,LV,,23,MN1,d,3,16,VISO,N,,,F4B,
14539,1610525,1822632,8970726,12105,4458,8970726,EM,2026NL3400140,Clupea harengus,LV,,25,MN1,d,3,16,VISO,N,,,F4B,
14539,1610525,1822633,8970715,12105,4458,8970715,EM,2026NL3400140,Clupea harengus,LV,,13,MN1,c,5,16,VISO,N,,,F4B,
14539,1610525,1822634,8970716,12105,4458,8970716,EM,2026NL3400140,Clupea harengus,LV,,14,MN1,c,3,16,VISO,N,,,F4B,
14539,1610525,1822635,8970717,12105,4458,8970717,EM,2026NL3400140,Clupea harengus,LV,,15,MN1,c,1,16,VISO,N,,,F4B,
14539,1610525,1822636,8970718,12105,4458,8970718,EM,2026NL3400140,Clupea harengus,LV,,16,MN1,d,1,16,VISO,N,,,F4B,
14539,1610525,1822637,8970719,12105,4458,8970719,EM,2026NL3400140,Clupea harengus,LV,,17,MN1,d,5,16,VISO,N,,,F4B,
14539,1610525,1822638,8970720,12105,4458,8970720,EM,2026NL3400140,Clupea harengus,LV,,18,MN1,d,1,16,VISO,N,,,F4B,
14539,1610524,1822639,8970709,12105,4458,8970709,EM,2026NL3400139,Clupea harengus,LV,,18,MN1,d,2,8,VISO,N,,,F4B,
14539,1610524,1822640,8970710,12105,4458,8970710,EM,2026NL3400139,Clupea harengus,LV,,21,MN1,d,1,8,VISO,N,,,F4B,
14539,1610525,1822641,8970711,12105,4458,8970711,EM,2026NL3400140,Clupea harengus,LV,,16,MN1,d,21,16,VISO,N,,,F4B,
14539,1610525,1822642,8970712,12105,4458,8970712,EM,2026NL3400140,Clupea harengus,LV,,10,MN1,c,2,16,VISO,N,,,F4B,
14539,1610525,1822643,8970713,12105,4458,8970713,EM,2026NL3400140,Clupea harengus,LV,,11,MN1,c,8,16,VISO,N,,,F4B,
14539,1610525,1822644,8970714,12105,4458,8970714,EM,2026NL3400140,Clupea harengus,LV,,12,MN1,c,6,16,VISO,N,,,F4B,
14539,1610524,1822645,8970703,12105,4458,8970703,EM,2026NL3400139,Clupea harengus,LV,,11,MN1,c,8,8,VISO,N,,,F4B,
14539,1610524,1822646,8970704,12105,4458,8970704,EM,2026NL3400139,Clupea harengus,LV,,12,MN1,c,9,8,VISO,N,,,F4B,
14539,1610524,1822647,8970705,12105,4458,8970705,EM,2026NL3400139,Clupea harengus,LV,,13,MN1,c,6,8,VISO,N,,,F4B,
14539,1610524,1822648,8970706,12105,4458,8970706,EM,2026NL3400139,Clupea harengus,LV,,14,MN1,c,2,8,VISO,N,,,F4B,
14539,1610524,1822649,8970707,12105,4458,8970707,EM,2026NL3400139,Clupea harengus,LV,,15,MN1,c,2,8,VISO,N,,,F4B,
14539,1610524,1822650,8970708,12105,4458,8970708,EM,2026NL3400139,Clupea harengus,LV,,16,MN1,d,2,8,VISO,N,,,F4B,
14539,1610523,1822651,8970687,12105,4458,8970687,EM,2026NL3400138,Clupea harengus,LV,,15,MN1,c,1,26.54054054,VISO,N,,,F4B,
14539,1610523,1822652,8970688,12105,4458,8970688,EM,2026NL3400138,Clupea harengus,LV,,16,MN1,d,3,26.54054054,VISO,N,,,F4B,
14539,1610523,1822653,8970689,12105,4458,8970689,EM,2026NL3400138,Clupea harengus,LV,,20,MN1,d,1,26.54054054,VISO,N,,,F4B,
14539,1610523,1822654,8970690,12105,4458,8970690,EM,2026NL3400138,Clupea harengus,LV,,22,MN1,d,1,26.54054054,VISO,N,,,F4B,
14539,1610523,1822655,8970691,12105,4458,8970691,EM,2026NL3400138,Clupea harengus,LV,,23,MN1,d,1,26.54054054,VISO,N,,,F4B,
14539,1610524,1822656,8970702,12105,4458,8970702,EM,2026NL3400139,Clupea harengus,LV,,13,MN1,c,28,8,VISO,N,,,F4B,
14539,1610522,1822657,8970681,12105,4458,8970681,EM,2026NL3400137,Clupea harengus,LV,,17,MN1,d,2,26.88,VISO,N,,,F4B,
14539,1610523,1822658,8970682,12105,4458,8970682,EM,2026NL3400138,Clupea harengus,LV,,10,MN1,c,5,26.54054054,VISO,N,,,F4B,
14539,1610523,1822659,8970683,12105,4458,8970683,EM,2026NL3400138,Clupea harengus,LV,,11,MN1,c,4,26.54054054,VISO,N,,,F4B,
14539,1610523,1822660,8970684,12105,4458,8970684,EM,2026NL3400138,Clupea harengus,LV,,12,MN1,c,3,26.54054054,VISO,N,,,F4B,
14539,1610523,1822661,8970685,12105,4458,8970685,EM,2026NL3400138,Clupea harengus,LV,,13,MN1,c,3,26.54054054,VISO,N,,,F4B,
14539,1610523,1822662,8970686,12105,4458,8970686,EM,2026NL3400138,Clupea harengus,LV,,14,MN1,c,1,26.54054054,VISO,N,,,F4B,
14539,1610522,1822663,8970675,12105,4458,8970675,EM,2026NL3400137,Clupea harengus,LV,,11,MN1,c,25,26.88,VISO,N,,,F4B,
14539,1610522,1822664,8970676,12105,4458,8970676,EM,2026NL3400137,Clupea harengus,LV,,12,MN1,c,2,26.88,VISO,N,,,F4B,
14539,1610522,1822665,8970677,12105,4458,8970677,EM,2026NL3400137,Clupea harengus,LV,,13,MN1,c,1,26.88,VISO,N,,,F4B,
14539,1610522,1822666,8970678,12105,4458,8970678,EM,2026NL3400137,Clupea harengus,LV,,14,MN1,c,1,26.88,VISO,N,,,F4B,
14539,1610522,1822667,8970679,12105,4458,8970679,EM,2026NL3400137,Clupea harengus,LV,,15,MN1,c,5,26.88,VISO,N,,,F4B,
14539,1610522,1822668,8970680,12105,4458,8970680,EM,2026NL3400137,Clupea harengus,LV,,16,MN1,d,3,26.88,VISO,N,,,F4B,
14539,1610521,1822669,8970662,12105,4458,8970662,EM,2026NL3400136,Clupea harengus,LV,,16,MN1,d,4,8.6,VISO,N,,,F4B,
14539,1610521,1822670,8970663,12105,4458,8970663,EM,2026NL3400136,Clupea harengus,LV,,18,MN1,d,1,8.6,VISO,N,,,F4B,
14539,1610521,1822671,8970664,12105,4458,8970664,EM,2026NL3400136,Clupea harengus,LV,,21,MN1,d,1,8.6,VISO,N,,,F4B,
14539,1610521,1822672,8970665,12105,4458,8970665,EM,2026NL3400136,Clupea harengus,LV,,25,MN1,d,2,8.6,VISO,N,,,F4B,
14539,1610522,1822673,8970673,12105,4458,8970673,EM,2026NL3400137,Clupea harengus,LV,,9,MN1,c,2,26.88,VISO,N,,,F4B,
14539,1610522,1822674,8970674,12105,4458,8970674,EM,2026NL3400137,Clupea harengus,LV,,10,MN1,c,9,26.88,VISO,N,,,F4B,
14539,1610520,1822675,8970654,12105,4458,8970654,EM,2026NL3400135,Clupea harengus,LV,,25,MN1,d,1,5.870967742,VISO,N,,,F4B,
14539,1610521,1822676,8970657,12105,4458,8970657,EM,2026NL3400136,Clupea harengus,LV,,15,MN1,c,13,8.6,VISO,N,,,F4B,
14539,1610521,1822677,8970658,12105,4458,8970658,EM,2026NL3400136,Clupea harengus,LV,,12,MN1,c,2,8.6,VISO,N,,,F4B,
14539,1610521,1822678,8970659,12105,4458,8970659,EM,2026NL3400136,Clupea harengus,LV,,13,MN1,c,5,8.6,VISO,N,,,F4B,
14539,1610521,1822679,8970660,12105,4458,8970660,EM,2026NL3400136,Clupea harengus,LV,,14,MN1,c,6,8.6,VISO,N,,,F4B,
14539,1610521,1822680,8970661,12105,4458,8970661,EM,2026NL3400136,Clupea harengus,LV,,15,MN1,c,2,8.6,VISO,N,,,F4B,
14539,1610520,1822681,8970648,12105,4458,8970648,EM,2026NL3400135,Clupea harengus,LV,,18,MN1,d,3,5.870967742,VISO,N,,,F4B,
14539,1610520,1822682,8970649,12105,4458,8970649,EM,2026NL3400135,Clupea harengus,LV,,19,MN1,d,2,5.870967742,VISO,N,,,F4B,
14539,1610520,1822683,8970650,12105,4458,8970650,EM,2026NL3400135,Clupea harengus,LV,,20,MN1,d,2,5.870967742,VISO,N,,,F4B,
14539,1610520,1822684,8970651,12105,4458,8970651,EM,2026NL3400135,Clupea harengus,LV,,21,MN1,d,1,5.870967742,VISO,N,,,F4B,
14539,1610520,1822685,8970652,12105,4458,8970652,EM,2026NL3400135,Clupea harengus,LV,,22,MN1,d,1,5.870967742,VISO,N,,,F4B,
14539,1610520,1822686,8970653,12105,4458,8970653,EM,2026NL3400135,Clupea harengus,LV,,23,MN1,d,1,5.870967742,VISO,N,,,F4B,
14539,1610520,1822687,8970642,12105,4458,8970642,EM,2026NL3400135,Clupea harengus,LV,,12,MN1,c,2,5.870967742,VISO,N,,,F4B,
14539,1610520,1822688,8970643,12105,4458,8970643,EM,2026NL3400135,Clupea harengus,LV,,13,MN1,c,8,5.870967742,VISO,N,,,F4B,
14539,1610520,1822689,8970644,12105,4458,8970644,EM,2026NL3400135,Clupea harengus,LV,,14,MN1,c,17,5.870967742,VISO,N,,,F4B,
14539,1610520,1822690,8970645,12105,4458,8970645,EM,2026NL3400135,Clupea harengus,LV,,15,MN1,c,15,5.870967742,VISO,N,,,F4B,
14539,1610520,1822691,8970646,12105,4458,8970646,EM,2026NL3400135,Clupea harengus,LV,,16,MN1,d,5,5.870967742,VISO,N,,,F4B,
14539,1610520,1822692,8970647,12105,4458,8970647,EM,2026NL3400135,Clupea harengus,LV,,17,MN1,d,1,5.870967742,VISO,N,,,F4B,
14539,1610519,1822693,8970636,12105,4458,8970636,EM,2026NL3400134,Clupea harengus,LV,,13,MN1,c,5,16,VISO,N,,,F4B,
14539,1610519,1822694,8970637,12105,4458,8970637,EM,2026NL3400134,Clupea harengus,LV,,14,MN1,c,8,16,VISO,N,,,F4B,
14539,1610519,1822695,8970638,12105,4458,8970638,EM,2026NL3400134,Clupea harengus,LV,,15,MN1,c,10,16,VISO,N,,,F4B,
14539,1610519,1822696,8970639,12105,4458,8970639,EM,2026NL3400134,Clupea harengus,LV,,16,MN1,d,2,16,VISO,N,,,F4B,
14539,1610519,1822697,8970640,12105,4458,8970640,EM,2026NL3400134,Clupea harengus,LV,,22,MN1,d,1,16,VISO,N,,,F4B,
14539,1610520,1822698,8970641,12105,4458,8970641,EM,2026NL3400135,Clupea harengus,LV,,11,MN1,c,1,5.870967742,VISO,N,,,F4B,
14539,1610518,1822699,8970630,12105,4458,8970630,EM,2026NL3400133,Clupea harengus,LV,,17,MN1,d,4,46.08,VISO,N,,,F4B,
14539,1610518,1822700,8970631,12105,4458,8970631,EM,2026NL3400133,Clupea harengus,LV,,18,MN1,d,1,46.08,VISO,N,,,F4B,
14539,1610518,1822701,8970632,12105,4458,8970632,EM,2026NL3400133,Clupea harengus,LV,,19,MN1,d,1,46.08,VISO,N,,,F4B,
14539,1610518,1822702,8970633,12105,4458,8970633,EM,2026NL3400133,Clupea harengus,LV,,20,MN1,d,2,46.08,VISO,N,,,F4B,
14539,1610518,1822703,8970634,12105,4458,8970634,EM,2026NL3400133,Clupea harengus,LV,,21,MN1,d,2,46.08,VISO,N,,,F4B,
14539,1610519,1822704,8970635,12105,4458,8970635,EM,2026NL3400134,Clupea harengus,LV,,15,MN1,c,47,16,VISO,N,,,F4B,
14539,1610517,1822705,8970624,12105,4458,8970624,EM,2026NL3400132,Clupea harengus,LV,,23,MN1,d,1,328.1454546,VISO,N,,,F4B,
14539,1610518,1822706,8970625,12105,4458,8970625,EM,2026NL3400133,Clupea harengus,LV,,12,MN1,c,13,46.08,VISO,N,,,F4B,
14539,1610518,1822707,8970626,12105,4458,8970626,EM,2026NL3400133,Clupea harengus,LV,,13,MN1,c,9,46.08,VISO,N,,,F4B,
14539,1610518,1822708,8970627,12105,4458,8970627,EM,2026NL3400133,Clupea harengus,LV,,14,MN1,c,6,46.08,VISO,N,,,F4B,
14539,1610518,1822709,8970628,12105,4458,8970628,EM,2026NL3400133,Clupea harengus,LV,,15,MN1,c,8,46.08,VISO,N,,,F4B,
14539,1610518,1822710,8970629,12105,4458,8970629,EM,2026NL3400133,Clupea harengus,LV,,16,MN1,d,4,46.08,VISO,N,,,F4B,
14539,1610517,1822711,8970618,12105,4458,8970618,EM,2026NL3400132,Clupea harengus,LV,,15,MN1,c,8,328.1454546,VISO,N,,,F4B,
14539,1610517,1822712,8970619,12105,4458,8970619,EM,2026NL3400132,Clupea harengus,LV,,16,MN1,d,6,328.1454546,VISO,N,,,F4B,
14539,1610517,1822713,8970620,12105,4458,8970620,EM,2026NL3400132,Clupea harengus,LV,,17,MN1,d,2,328.1454546,VISO,N,,,F4B,
14539,1610517,1822714,8970621,12105,4458,8970621,EM,2026NL3400132,Clupea harengus,LV,,20,MN1,d,3,328.1454546,VISO,N,,,F4B,
14539,1610517,1822715,8970622,12105,4458,8970622,EM,2026NL3400132,Clupea harengus,LV,,21,MN1,d,1,328.1454546,VISO,N,,,F4B,
14539,1610517,1822716,8970623,12105,4458,8970623,EM,2026NL3400132,Clupea harengus,LV,,22,MN1,d,1,328.1454546,VISO,N,,,F4B,
14539,1610516,1822717,8970611,12105,4458,8970611,EM,2026NL3400131,Clupea harengus,LV,,19,MN1,d,1,8.666666667,VISO,N,,,F4B,
14539,1610516,1822718,8970612,12105,4458,8970612,EM,2026NL3400131,Clupea harengus,LV,,20,MN1,d,1,8.666666667,VISO,N,,,F4B,
14539,1610517,1822719,8970614,12105,4458,8970614,EM,2026NL3400132,Clupea harengus,LV,,11,MN1,c,2,328.1454546,VISO,N,,,F4B,
14539,1610517,1822720,8970615,12105,4458,8970615,EM,2026NL3400132,Clupea harengus,LV,,12,MN1,c,12,328.1454546,VISO,N,,,F4B,
14539,1610517,1822721,8970616,12105,4458,8970616,EM,2026NL3400132,Clupea harengus,LV,,13,MN1,c,9,328.1454546,VISO,N,,,F4B,
14539,1610517,1822722,8970617,12105,4458,8970617,EM,2026NL3400132,Clupea harengus,LV,,14,MN1,c,10,328.1454546,VISO,N,,,F4B,
14539,1610516,1822723,8970605,12105,4458,8970605,EM,2026NL3400131,Clupea harengus,LV,,13,MN1,c,3,8.666666667,VISO,N,,,F4B,
14539,1610516,1822724,8970606,12105,4458,8970606,EM,2026NL3400131,Clupea harengus,LV,,14,MN1,c,6,8.666666667,VISO,N,,,F4B,
14539,1610516,1822725,8970607,12105,4458,8970607,EM,2026NL3400131,Clupea harengus,LV,,15,MN1,c,6,8.666666667,VISO,N,,,F4B,
14539,1610516,1822726,8970608,12105,4458,8970608,EM,2026NL3400131,Clupea harengus,LV,,16,MN1,d,13,8.666666667,VISO,N,,,F4B,
14539,1610516,1822727,8970609,12105,4458,8970609,EM,2026NL3400131,Clupea harengus,LV,,17,MN1,d,3,8.666666667,VISO,N,,,F4B,
14539,1610516,1822728,8970610,12105,4458,8970610,EM,2026NL3400131,Clupea harengus,LV,,18,MN1,d,6,8.666666667,VISO,N,,,F4B,
14539,1610515,1822729,8970596,12105,4458,8970596,EM,2026NL3400130,Clupea harengus,LV,,15,MN1,c,5,1,VISO,N,,,F4B,
14539,1610515,1822730,8970597,12105,4458,8970597,EM,2026NL3400130,Clupea harengus,LV,,16,MN1,d,14,1,VISO,N,,,F4B,
14539,1610515,1822731,8970598,12105,4458,8970598,EM,2026NL3400130,Clupea harengus,LV,,17,MN1,d,1,1,VISO,N,,,F4B,
14539,1610515,1822732,8970599,12105,4458,8970599,EM,2026NL3400130,Clupea harengus,LV,,18,MN1,d,4,1,VISO,N,,,F4B,
14539,1610516,1822733,8970603,12105,4458,8970603,EM,2026NL3400131,Clupea harengus,LV,,11,MN1,c,2,8.666666667,VISO,N,,,F4B,
14539,1610516,1822734,8970604,12105,4458,8970604,EM,2026NL3400131,Clupea harengus,LV,,12,MN1,c,6,8.666666667,VISO,N,,,F4B,
14539,1610513,1822735,8970584,12105,4458,8970584,EM,2026NL3400128,Clupea harengus,LV,,26,MN1,d,1,1,VISO,N,,,F4B,
14539,1610513,1822736,8970585,12105,4458,8970585,EM,2026NL3400128,Clupea harengus,LV,,28,MN1,d,1,1,VISO,N,,,F4B,
14539,1610513,1822737,8970586,12105,4458,8970586,EM,2026NL3400128,Clupea harengus,LV,,33,MN1,d,1,1,VISO,N,,,F4B,
14539,1610513,1822738,8970587,12105,4458,8970587,EM,2026NL3400128,Clupea harengus,LV,,38,MN1,d,1,1,VISO,N,,,F4B,
14539,1610515,1822739,8970594,12105,4458,8970594,EM,2026NL3400130,Clupea harengus,LV,,12,MN1,c,2,1,VISO,N,,,F4B,
14539,1610515,1822740,8970595,12105,4458,8970595,EM,2026NL3400130,Clupea harengus,LV,,13,MN1,c,2,1,VISO,N,,,F4B,
14539,1610512,1822741,8970578,12105,4458,8970578,EM,2026NL3400127,Clupea harengus,LV,,22,MN1,d,4,2,VISO,N,,,F4B,
14539,1610512,1822742,8970579,12105,4458,8970579,EM,2026NL3400127,Clupea harengus,LV,,23,MN1,d,2,2,VISO,N,,,F4B,
14539,1610512,1822743,8970580,12105,4458,8970580,EM,2026NL3400127,Clupea harengus,LV,,24,MN1,d,1,2,VISO,N,,,F4B,
14539,1610512,1822744,8970581,12105,4458,8970581,EM,2026NL3400127,Clupea harengus,LV,,25,MN1,d,1,2,VISO,N,,,F4B,
14539,1610513,1822745,8970582,12105,4458,8970582,EM,2026NL3400128,Clupea harengus,LV,,28,MN1,d,1,1,VISO,N,,,F4B,
14539,1610513,1822746,8970583,12105,4458,8970583,EM,2026NL3400128,Clupea harengus,LV,,15,MN1,d,1,1,VISO,N,,,F4B,
14539,1610512,1822747,8970572,12105,4458,8970572,EM,2026NL3400127,Clupea harengus,LV,,16,MN1,d,5,2,VISO,N,,,F4B,
14539,1610512,1822748,8970573,12105,4458,8970573,EM,2026NL3400127,Clupea harengus,LV,,17,MN1,d,4,2,VISO,N,,,F4B,
14539,1610512,1822749,8970574,12105,4458,8970574,EM,2026NL3400127,Clupea harengus,LV,,18,MN1,d,9,2,VISO,N,,,F4B,
14539,1610512,1822750,8970575,12105,4458,8970575,EM,2026NL3400127,Clupea harengus,LV,,19,MN1,d,8,2,VISO,N,,,F4B,
14539,1610512,1822751,8970576,12105,4458,8970576,EM,2026NL3400127,Clupea harengus,LV,,20,MN1,d,19,2,VISO,N,,,F4B,
14539,1610512,1822752,8970577,12105,4458,8970577,EM,2026NL3400127,Clupea harengus,LV,,21,MN1,d,4,2,VISO,N,,,F4B,
14539,1610511,1822753,8970565,12105,4458,8970565,EM,2026NL3400126,Clupea harengus,LV,,24,MN1,d,1,3.488636364,VISO,N,,,F4B,
14539,1610512,1822754,8970567,12105,4458,8970567,EM,2026NL3400127,Clupea harengus,LV,,11,MN1,c,1,2,VISO,N,,,F4B,
14539,1610512,1822755,8970568,12105,4458,8970568,EM,2026NL3400127,Clupea harengus,LV,,12,MN1,c,1,2,VISO,N,,,F4B,
14539,1610512,1822756,8970569,12105,4458,8970569,EM,2026NL3400127,Clupea harengus,LV,,13,MN1,c,1,2,VISO,N,,,F4B,
14539,1610512,1822757,8970570,12105,4458,8970570,EM,2026NL3400127,Clupea harengus,LV,,14,MN1,c,3,2,VISO,N,,,F4B,
14539,1610512,1822758,8970571,12105,4458,8970571,EM,2026NL3400127,Clupea harengus,LV,,15,MN1,c,6,2,VISO,N,,,F4B,
14539,1610511,1822759,8970559,12105,4458,8970559,EM,2026NL3400126,Clupea harengus,LV,,18,MN1,d,12,3.488636364,VISO,N,,,F4B,
14539,1610511,1822760,8970560,12105,4458,8970560,EM,2026NL3400126,Clupea harengus,LV,,19,MN1,d,3,3.488636364,VISO,N,,,F4B,
14539,1610511,1822761,8970561,12105,4458,8970561,EM,2026NL3400126,Clupea harengus,LV,,20,MN1,d,16,3.488636364,VISO,N,,,F4B,
14539,1610511,1822762,8970562,12105,4458,8970562,EM,2026NL3400126,Clupea harengus,LV,,21,MN1,d,18,3.488636364,VISO,N,,,F4B,
14539,1610511,1822763,8970563,12105,4458,8970563,EM,2026NL3400126,Clupea harengus,LV,,22,MN1,d,18,3.488636364,VISO,N,,,F4B,
14539,1610511,1822764,8970564,12105,4458,8970564,EM,2026NL3400126,Clupea harengus,LV,,23,MN1,d,7,3.488636364,VISO,N,,,F4B,
14539,1610510,1822765,8970552,12105,4458,8970552,EM,2026NL3400125,Clupea harengus,LV,,24,MN1,d,1,1,VISO,N,,,F4B,
14539,1610511,1822766,8970554,12105,4458,8970554,EM,2026NL3400126,Clupea harengus,LV,,13,MN1,c,2,3.488636364,VISO,N,,,F4B,
14539,1610511,1822767,8970555,12105,4458,8970555,EM,2026NL3400126,Clupea harengus,LV,,14,MN1,c,1,3.488636364,VISO,N,,,F4B,
14539,1610511,1822768,8970556,12105,4458,8970556,EM,2026NL3400126,Clupea harengus,LV,,15,MN1,c,1,3.488636364,VISO,N,,,F4B,
14539,1610511,1822769,8970557,12105,4458,8970557,EM,2026NL3400126,Clupea harengus,LV,,16,MN1,d,5,3.488636364,VISO,N,,,F4B,
14539,1610511,1822770,8970558,12105,4458,8970558,EM,2026NL3400126,Clupea harengus,LV,,17,MN1,d,3,3.488636364,VISO,N,,,F4B,
14539,1610497,1822771,8970507,12105,4458,8970507,EM,2026NL3400108,Clupea harengus,LV,,18,MN1,d,1,1,VISO,N,,,F4B,
14539,1610497,1822772,8970508,12105,4458,8970508,EM,2026NL3400108,Clupea harengus,LV,,21,MN1,d,1,1,VISO,N,,,F4B,
14539,1610497,1822773,8970509,12105,4458,8970509,EM,2026NL3400108,Clupea harengus,LV,,23,MN1,d,1,1,VISO,N,,,F4B,
14539,1610497,1822774,8970510,12105,4458,8970510,EM,2026NL3400108,Clupea harengus,LV,,24,MN1,d,1,1,VISO,N,,,F4B,
14539,1610510,1822775,8970550,12105,4458,8970550,EM,2026NL3400125,Clupea harengus,LV,,19,MN1,d,2,1,VISO,N,,,F4B,
14539,1610510,1822776,8970551,12105,4458,8970551,EM,2026NL3400125,Clupea harengus,LV,,20,MN1,d,2,1,VISO,N,,,F4B,
14539,1610496,1822777,8970493,12105,4458,8970493,EM,2026NL3400107,Clupea harengus,LV,,29,MN1,d,1,1,VISO,N,,,F4B,
14539,1610496,1822778,8970494,12105,4458,8970494,EM,2026NL3400107,Clupea harengus,LV,,30,MN1,d,1,1,VISO,N,,,F4B,
14539,1610496,1822779,8970495,12105,4458,8970495,EM,2026NL3400107,Clupea harengus,LV,,31,MN1,d,1,1,VISO,N,,,F4B,
14539,1610496,1822780,8970496,12105,4458,8970496,EM,2026NL3400107,Clupea harengus,LV,,33,MN1,d,2,1,VISO,N,,,F4B,
14539,1610497,1822781,8970505,12105,4458,8970505,EM,2026NL3400108,Clupea harengus,LV,,14,MN1,c,1,1,VISO,N,,,F4B,
14539,1610497,1822782,8970506,12105,4458,8970506,EM,2026NL3400108,Clupea harengus,LV,,17,MN1,d,2,1,VISO,N,,,F4B,
14539,1610496,1822783,8970487,12105,4458,8970487,EM,2026NL3400107,Clupea harengus,LV,,14,MN1,c,1,1,VISO,N,,,F4B,
14539,1610496,1822784,8970488,12105,4458,8970488,EM,2026NL3400107,Clupea harengus,LV,,16,MN1,d,1,1,VISO,N,,,F4B,
14539,1610496,1822785,8970489,12105,4458,8970489,EM,2026NL3400107,Clupea harengus,LV,,21,MN1,d,1,1,VISO,N,,,F4B,
14539,1610496,1822786,8970490,12105,4458,8970490,EM,2026NL3400107,Clupea harengus,LV,,23,MN1,d,2,1,VISO,N,,,F4B,
14539,1610496,1822787,8970491,12105,4458,8970491,EM,2026NL3400107,Clupea harengus,LV,,24,MN1,d,1,1,VISO,N,,,F4B,
14539,1610496,1822788,8970492,12105,4458,8970492,EM,2026NL3400107,Clupea harengus,LV,,27,MN1,d,1,1,VISO,N,,,F4B,
14539,1610495,1822789,8970469,12105,4458,8970469,EM,2026NL3400106,Clupea harengus,LV,,22,MN1,d,1,1,VISO,N,,,F4B,
14539,1610495,1822790,8970470,12105,4458,8970470,EM,2026NL3400106,Clupea harengus,LV,,23,MN1,d,2,1,VISO,N,,,F4B,
14539,1610495,1822791,8970471,12105,4458,8970471,EM,2026NL3400106,Clupea harengus,LV,,28,MN1,d,1,1,VISO,N,,,F4B,
14539,1610495,1822792,8970472,12105,4458,8970472,EM,2026NL3400106,Clupea harengus,LV,,31,MN1,d,2,1,VISO,N,,,F4B,
14539,1610495,1822793,8970473,12105,4458,8970473,EM,2026NL3400106,Clupea harengus,LV,,33,MN1,d,1,1,VISO,N,,,F4B,
14539,1610495,1822794,8970474,12105,4458,8970474,EM,2026NL3400106,Clupea harengus,LV,,34,MN1,d,1,1,VISO,N,,,F4B,
14539,1610494,1822795,8970452,12105,4458,8970452,EM,2026NL3400105,Clupea harengus,LV,,20,MN1,d,2,1,VISO,N,,,F4B,
14539,1610494,1822796,8970453,12105,4458,8970453,EM,2026NL3400105,Clupea harengus,LV,,28,MN1,d,1,1,VISO,N,,,F4B,
14539,1610494,1822797,8970454,12105,4458,8970454,EM,2026NL3400105,Clupea harengus,LV,,31,MN1,d,1,1,VISO,N,,,F4B,
14539,1610494,1822798,8970455,12105,4458,8970455,EM,2026NL3400105,Clupea harengus,LV,,32,MN1,d,1,1,VISO,N,,,F4B,
14539,1610494,1822799,8970456,12105,4458,8970456,EM,2026NL3400105,Clupea harengus,LV,,33,MN1,d,1,1,VISO,N,,,F4B,
14539,1610495,1822800,8970468,12105,4458,8970468,EM,2026NL3400106,Clupea harengus,LV,,16,MN1,d,1,1,VISO,N,,,F4B,
14539,1610493,1822801,8970439,12105,4458,8970439,EM,2026NL3400104,Clupea harengus,LV,,28,MN1,d,1,1,VISO,N,,,F4B,
14539,1610493,1822802,8970440,12105,4458,8970440,EM,2026NL3400104,Clupea harengus,LV,,29,MN1,d,1,1,VISO,N,,,F4B,
14539,1610493,1822803,8970441,12105,4458,8970441,EM,2026NL3400104,Clupea harengus,LV,,34,MN1,d,1,1,VISO,N,,,F4B,
14539,1610494,1822804,8970449,12105,4458,8970449,EM,2026NL3400105,Clupea harengus,LV,,16,MN1,d,2,1,VISO,N,,,F4B,
14539,1610494,1822805,8970450,12105,4458,8970450,EM,2026NL3400105,Clupea harengus,LV,,17,MN1,d,2,1,VISO,N,,,F4B,
14539,1610494,1822806,8970451,12105,4458,8970451,EM,2026NL3400105,Clupea harengus,LV,,18,MN1,d,1,1,VISO,N,,,F4B,
14539,1610493,1822807,8970433,12105,4458,8970433,EM,2026NL3400104,Clupea harengus,LV,,15,MN1,d,1,1,VISO,N,,,F4B,
14539,1610493,1822808,8970434,12105,4458,8970434,EM,2026NL3400104,Clupea harengus,LV,,16,MN1,d,1,1,VISO,N,,,F4B,
14539,1610493,1822809,8970435,12105,4458,8970435,EM,2026NL3400104,Clupea harengus,LV,,17,MN1,d,2,1,VISO,N,,,F4B,
14539,1610493,1822810,8970436,12105,4458,8970436,EM,2026NL3400104,Clupea harengus,LV,,18,MN1,d,3,1,VISO,N,,,F4B,
14539,1610493,1822811,8970437,12105,4458,8970437,EM,2026NL3400104,Clupea harengus,LV,,20,MN1,d,2,1,VISO,N,,,F4B,
14539,1610493,1822812,8970438,12105,4458,8970438,EM,2026NL3400104,Clupea harengus,LV,,21,MN1,d,1,1,VISO,N,,,F4B,
14539,1610492,1822813,8970423,12105,4458,8970423,EM,2026NL3400103,Clupea harengus,LV,,20,MN1,d,3,1,VISO,N,,,F4B,
14539,1610492,1822814,8970424,12105,4458,8970424,EM,2026NL3400103,Clupea harengus,LV,,21,MN1,d,1,1,VISO,N,,,F4B,
14539,1610492,1822815,8970425,12105,4458,8970425,EM,2026NL3400103,Clupea harengus,LV,,22,MN1,d,3,1,VISO,N,,,F4B,
14539,1610492,1822816,8970426,12105,4458,8970426,EM,2026NL3400103,Clupea harengus,LV,,23,MN1,d,1,1,VISO,N,,,F4B,
14539,1610492,1822817,8970427,12105,4458,8970427,EM,2026NL3400103,Clupea harengus,LV,,33,MN1,d,1,1,VISO,N,,,F4B,
14539,1610493,1822818,8970432,12105,4458,8970432,EM,2026NL3400104,Clupea harengus,LV,,21,MN1,d,5,1,VISO,N,,,F4B,
14539,1610492,1822819,8970417,12105,4458,8970417,EM,2026NL3400103,Clupea harengus,LV,,12,MN1,c,2,1,VISO,N,,,F4B,
14539,1610492,1822820,8970418,12105,4458,8970418,EM,2026NL3400103,Clupea harengus,LV,,13,MN1,c,1,1,VISO,N,,,F4B,
14539,1610492,1822821,8970419,12105,4458,8970419,EM,2026NL3400103,Clupea harengus,LV,,14,MN1,c,3,1,VISO,N,,,F4B,
14539,1610492,1822822,8970420,12105,4458,8970420,EM,2026NL3400103,Clupea harengus,LV,,16,MN1,d,3,1,VISO,N,,,F4B,
14539,1610492,1822823,8970421,12105,4458,8970421,EM,2026NL3400103,Clupea harengus,LV,,18,MN1,d,3,1,VISO,N,,,F4B,
14539,1610492,1822824,8970422,12105,4458,8970422,EM,2026NL3400103,Clupea harengus,LV,,19,MN1,d,3,1,VISO,N,,,F4B,
14539,1610491,1822825,8970405,12105,4458,8970405,EM,2026NL3400102,Clupea harengus,LV,,20,MN1,d,7,1.912280702,VISO,N,,,F4B,
14539,1610491,1822826,8970406,12105,4458,8970406,EM,2026NL3400102,Clupea harengus,LV,,23,MN1,d,1,1.912280702,VISO,N,,,F4B,
14539,1610491,1822827,8970407,12105,4458,8970407,EM,2026NL3400102,Clupea harengus,LV,,25,MN1,d,1,1,VISO,N,,,F4B,
14539,1610491,1822828,8970408,12105,4458,8970408,EM,2026NL3400102,Clupea harengus,LV,,26,MN1,d,1,1,VISO,N,,,F4B,
14539,1610491,1822829,8970409,12105,4458,8970409,EM,2026NL3400102,Clupea harengus,LV,,30,MN1,d,1,1,VISO,N,,,F4B,
14539,1610492,1822830,8970416,12105,4458,8970416,EM,2026NL3400103,Clupea harengus,LV,,18,MN1,d,8,1,VISO,N,,,F4B,
14539,1610491,1822831,8970399,12105,4458,8970399,EM,2026NL3400102,Clupea harengus,LV,,14,MN1,c,8,1.912280702,VISO,N,,,F4B,
14539,1610491,1822832,8970400,12105,4458,8970400,EM,2026NL3400102,Clupea harengus,LV,,15,MN1,c,7,1.912280702,VISO,N,,,F4B,
14539,1610491,1822833,8970401,12105,4458,8970401,EM,2026NL3400102,Clupea harengus,LV,,16,MN1,d,8,1.912280702,VISO,N,,,F4B,
14539,1610491,1822834,8970402,12105,4458,8970402,EM,2026NL3400102,Clupea harengus,LV,,17,MN1,d,5,1.912280702,VISO,N,,,F4B,
14539,1610491,1822835,8970403,12105,4458,8970403,EM,2026NL3400102,Clupea harengus,LV,,18,MN1,d,12,1.912280702,VISO,N,,,F4B,
14539,1610491,1822836,8970404,12105,4458,8970404,EM,2026NL3400102,Clupea harengus,LV,,19,MN1,d,1,1.912280702,VISO,N,,,F4B,
14539,1610490,1822837,8970393,12105,4458,8970393,EM,2026NL3400101,Clupea harengus,LV,,23,MN1,d,1,4.72,VISO,N,,,F4B,
14539,1610490,1822838,8970394,12105,4458,8970394,EM,2026NL3400101,Clupea harengus,LV,,25,MN1,d,1,4.72,VISO,N,,,F4B,
14539,1610490,1822839,8970395,12105,4458,8970395,EM,2026NL3400101,Clupea harengus,LV,,34,MN1,d,1,2,VISO,N,,,F4B,
14539,1610491,1822840,8970396,12105,4458,8970396,EM,2026NL3400102,Clupea harengus,LV,,11,MN1,c,1,1.912280702,VISO,N,,,F4B,
14539,1610491,1822841,8970397,12105,4458,8970397,EM,2026NL3400102,Clupea harengus,LV,,12,MN1,c,2,1.912280702,VISO,N,,,F4B,
14539,1610491,1822842,8970398,12105,4458,8970398,EM,2026NL3400102,Clupea harengus,LV,,13,MN1,c,5,1.912280702,VISO,N,,,F4B,
14539,1610490,1822843,8970387,12105,4458,8970387,EM,2026NL3400101,Clupea harengus,LV,,17,MN1,d,3,4.72,VISO,N,,,F4B,
14539,1610490,1822844,8970388,12105,4458,8970388,EM,2026NL3400101,Clupea harengus,LV,,18,MN1,d,10,4.72,VISO,N,,,F4B,
14539,1610490,1822845,8970389,12105,4458,8970389,EM,2026NL3400101,Clupea harengus,LV,,19,MN1,d,2,4.72,VISO,N,,,F4B,
14539,1610490,1822846,8970390,12105,4458,8970390,EM,2026NL3400101,Clupea harengus,LV,,20,MN1,d,2,4.72,VISO,N,,,F4B,
14539,1610490,1822847,8970391,12105,4458,8970391,EM,2026NL3400101,Clupea harengus,LV,,21,MN1,d,1,4.72,VISO,N,,,F4B,
14539,1610490,1822848,8970392,12105,4458,8970392,EM,2026NL3400101,Clupea harengus,LV,,22,MN1,d,5,4.72,VISO,N,,,F4B,
14539,1610491,1822849,8970410,12129,4458,8970410,EM,2026NL3400102,Sardina pilchardus,LV,,30,MN1,d,1,1,VISO,N,,,F4B,
14539,1610491,1822850,8970411,12129,4458,8970411,EM,2026NL3400102,Sardina pilchardus,LV,,33,MN1,d,1,1,VISO,N,,,F4B,
14539,1610491,1822851,8970412,12129,4458,8970412,EM,2026NL3400102,Sardina pilchardus,LV,,34,MN1,d,1,1,VISO,N,,,F4B,
14539,1610491,1822852,8970413,12129,4458,8970413,EM,2026NL3400102,Sardina pilchardus,LV,,35,MN1,d,1,1,VISO,N,,,F4B,
14539,1610492,1822853,8970428,12129,4458,8970428,EM,2026NL3400103,Sardina pilchardus,LV,,22,MN1,d,2,1,VISO,N,,,F4B,
14539,1610492,1822854,8970429,12129,4458,8970429,EM,2026NL3400103,Sardina pilchardus,LV,,24,MN1,d,1,1,VISO,N,,,F4B,
14539,1610497,1822855,8970523,12129,4458,8970523,EM,2026NL3400108,Sardina pilchardus,LV,,32,MN1,d,5,1,VISO,N,,,F4B,
14539,1610497,1822856,8970524,12129,4458,8970524,EM,2026NL3400108,Sardina pilchardus,LV,,33,MN1,d,1,1,VISO,N,,,F4B,
14539,1610500,1822857,8970531,12129,4458,8970531,EM,2026NL3400115,Sardina pilchardus,LV,,33,MN1,d,1,1,VISO,N,,,F4B,
14539,1610504,1822858,8970537,12129,4458,8970537,EM,2026NL3400119,Sardina pilchardus,LV,,30,MN1,d,2,1,VISO,N,,,F4B,
14539,1610497,1822859,8970517,12129,4458,8970517,EM,2026NL3400108,Sardina pilchardus,LV,,26,MN1,d,3,1,VISO,N,,,F4B,
14539,1610497,1822860,8970518,12129,4458,8970518,EM,2026NL3400108,Sardina pilchardus,LV,,27,MN1,d,2,1,VISO,N,,,F4B,
14539,1610497,1822861,8970519,12129,4458,8970519,EM,2026NL3400108,Sardina pilchardus,LV,,28,MN1,d,2,1,VISO,N,,,F4B,
14539,1610497,1822862,8970520,12129,4458,8970520,EM,2026NL3400108,Sardina pilchardus,LV,,29,MN1,d,1,1,VISO,N,,,F4B,
14539,1610497,1822863,8970521,12129,4458,8970521,EM,2026NL3400108,Sardina pilchardus,LV,,30,MN1,d,5,1,VISO,N,,,F4B,
14539,1610497,1822864,8970522,12129,4458,8970522,EM,2026NL3400108,Sardina pilchardus,LV,,31,MN1,d,3,1,VISO,N,,,F4B,
14539,1610560,1822865,8970940,12129,4458,8970940,EM,2026NL3400175,Sardina pilchardus,LV,,29,MN1,d,1,1,VISO,N,,,F4B,
14539,1610561,1822866,8970955,12129,4458,8970955,EM,2026NL3400176,Sardina pilchardus,LV,,29,MN1,d,1,1.14,VISO,N,,,F4B,
14539,1610561,1822867,8970956,12129,4458,8970956,EM,2026NL3400176,Sardina pilchardus,LV,,31,MN1,d,1,1.14,VISO,N,,,F4B,
14539,1610583,1822868,8971072,12129,4458,8971072,EM,2026NL3400198,Sardina pilchardus,LV,,26,MN1,d,1,1,VISO,N,,,F4B,
14539,1610598,1822869,8971162,12129,4458,8971162,EM,2026NL3400213,Sardina pilchardus,LV,,29,MN1,d,1,1,VISO,N,,,F4B,
14539,1610497,1822870,8970516,12129,4458,8970516,EM,2026NL3400108,Sardina pilchardus,LV,,21,MN1,d,1,1,VISO,N,,,F4B,
14539,1610551,1822871,8970871,12129,4458,8970871,EM,2026NL3400166,Sardina pilchardus,LV,,28,MN1,d,1,1.4,VISO,N,,,F4B,
14539,1610554,1822872,8970899,12129,4458,8970899,EM,2026NL3400169,Sardina pilchardus,LV,,27,MN1,d,1,1,VISO,N,,,F4B,
14539,1610556,1822873,8970912,12129,4458,8970912,EM,2026NL3400171,Sardina pilchardus,LV,,24,MN1,d,1,1,VISO,N,,,F4B,
14539,1610556,1822874,8970913,12129,4458,8970913,EM,2026NL3400171,Sardina pilchardus,LV,,26,MN1,d,1,1,VISO,N,,,F4B,
14539,1610559,1822875,8970931,12129,4458,8970931,EM,2026NL3400174,Sardina pilchardus,LV,,33,MN1,d,1,1,VISO,N,,,F4B,
14539,1610560,1822876,8970939,12129,4458,8970939,EM,2026NL3400175,Sardina pilchardus,LV,,28,MN1,d,1,1,VISO,N,,,F4B,
14539,1610536,1822877,8970786,12129,4458,8970786,EM,2026NL3400151,Sardina pilchardus,LV,,28,MN1,d,1,1,VISO,N,,,F4B,
14539,1610536,1822878,8970787,12129,4458,8970787,EM,2026NL3400151,Sardina pilchardus,LV,,30,MN1,d,1,1,VISO,N,,,F4B,
14539,1610536,1822879,8970788,12129,4458,8970788,EM,2026NL3400151,Sardina pilchardus,LV,,32,MN1,d,1,1,VISO,N,,,F4B,
14539,1610536,1822880,8970789,12129,4458,8970789,EM,2026NL3400151,Sardina pilchardus,LV,,34,MN1,d,1,1,VISO,N,,,F4B,
14539,1610538,1822881,8970806,12129,4458,8970806,EM,2026NL3400153,Sardina pilchardus,LV,,28,MN1,d,1,1,VISO,N,,,F4B,
14539,1610551,1822882,8970870,12129,4458,8970870,EM,2026NL3400166,Sardina pilchardus,LV,,23,MN1,d,2,1.4,VISO,N,,,F4B,
14539,1610534,1822883,8970777,12129,4458,8970777,EM,2026NL3400149,Sardina pilchardus,LV,,26,MN1,d,3,1,VISO,N,,,F4B,
14539,1610534,1822884,8970778,12129,4458,8970778,EM,2026NL3400149,Sardina pilchardus,LV,,30,MN1,d,2,1,VISO,N,,,F4B,
14539,1610534,1822885,8970779,12129,4458,8970779,EM,2026NL3400149,Sardina pilchardus,LV,,31,MN1,d,1,1,VISO,N,,,F4B,
14539,1610535,1822886,8970782,12129,4458,8970782,EM,2026NL3400150,Sardina pilchardus,LV,,30,MN1,d,1,1,VISO,N,,,F4B,
14539,1610536,1822887,8970784,12129,4458,8970784,EM,2026NL3400151,Sardina pilchardus,LV,,29,MN1,d,2,1,VISO,N,,,F4B,
14539,1610536,1822888,8970785,12129,4458,8970785,EM,2026NL3400151,Sardina pilchardus,LV,,20,MN1,d,1,1,VISO,N,,,F4B,
14539,1610533,1822889,8970768,12129,4458,8970768,EM,2026NL3400148,Sardina pilchardus,LV,,32,MN1,d,1,1,VISO,N,,,F4B,
14539,1610534,1822890,8970772,12129,4458,8970772,EM,2026NL3400149,Sardina pilchardus,LV,,25,MN1,d,2,1,VISO,N,,,F4B,
14539,1610534,1822891,8970773,12129,4458,8970773,EM,2026NL3400149,Sardina pilchardus,LV,,15,MN1,c,1,1,VISO,N,,,F4B,
14539,1610534,1822892,8970774,12129,4458,8970774,EM,2026NL3400149,Sardina pilchardus,LV,,23,MN1,d,1,1,VISO,N,,,F4B,
14539,1610534,1822893,8970775,12129,4458,8970775,EM,2026NL3400149,Sardina pilchardus,LV,,24,MN1,d,3,1,VISO,N,,,F4B,
14539,1610534,1822894,8970776,12129,4458,8970776,EM,2026NL3400149,Sardina pilchardus,LV,,25,MN1,d,3,1,VISO,N,,,F4B,
14539,1610533,1822895,8970762,12129,4458,8970762,EM,2026NL3400148,Sardina pilchardus,LV,,24,MN1,d,1,1,VISO,N,,,F4B,
14539,1610533,1822896,8970763,12129,4458,8970763,EM,2026NL3400148,Sardina pilchardus,LV,,25,MN1,d,1,1,VISO,N,,,F4B,
14539,1610533,1822897,8970764,12129,4458,8970764,EM,2026NL3400148,Sardina pilchardus,LV,,27,MN1,d,4,1,VISO,N,,,F4B,
14539,1610533,1822898,8970765,12129,4458,8970765,EM,2026NL3400148,Sardina pilchardus,LV,,28,MN1,d,2,1,VISO,N,,,F4B,
14539,1610533,1822899,8970766,12129,4458,8970766,EM,2026NL3400148,Sardina pilchardus,LV,,30,MN1,d,1,1,VISO,N,,,F4B,
14539,1610533,1822900,8970767,12129,4458,8970767,EM,2026NL3400148,Sardina pilchardus,LV,,31,MN1,d,1,1,VISO,N,,,F4B,
14539,1610525,1822901,8970728,12129,4458,8970728,EM,2026NL3400140,Sardina pilchardus,LV,,27,MN1,d,1,16,VISO,N,,,F4B,
14539,1610525,1822902,8970729,12129,4458,8970729,EM,2026NL3400140,Sardina pilchardus,LV,,22,MN1,d,1,16,VISO,N,,,F4B,
14539,1610531,1822903,8970753,12129,4458,8970753,EM,2026NL3400146,Sardina pilchardus,LV,,27,MN1,d,1,1,VISO,N,,,F4B,
14539,1610532,1822904,8970755,12129,4458,8970755,EM,2026NL3400147,Sardina pilchardus,LV,,25,MN1,d,1,1,VISO,N,,,F4B,
14539,1610532,1822905,8970756,12129,4458,8970756,EM,2026NL3400147,Sardina pilchardus,LV,,29,MN1,d,1,1,VISO,N,,,F4B,
14539,1610533,1822906,8970761,12129,4458,8970761,EM,2026NL3400148,Sardina pilchardus,LV,,28,MN1,d,3,1,VISO,N,,,F4B,
14539,1610523,1822907,8970697,12129,4458,8970697,EM,2026NL3400138,Sardina pilchardus,LV,,14,MN1,c,2,26.54054054,VISO,N,,,F4B,
14539,1610523,1822908,8970698,12129,4458,8970698,EM,2026NL3400138,Sardina pilchardus,LV,,15,MN1,c,1,26.54054054,VISO,N,,,F4B,
14539,1610523,1822909,8970699,12129,4458,8970699,EM,2026NL3400138,Sardina pilchardus,LV,,17,MN1,d,1,26.54054054,VISO,N,,,F4B,
14539,1610523,1822910,8970700,12129,4458,8970700,EM,2026NL3400138,Sardina pilchardus,LV,,20,MN1,d,1,26.54054054,VISO,N,,,F4B,
14539,1610523,1822911,8970701,12129,4458,8970701,EM,2026NL3400138,Sardina pilchardus,LV,,23,MN1,d,1,26.54054054,VISO,N,,,F4B,
14539,1610525,1822912,8970727,12129,4458,8970727,EM,2026NL3400140,Sardina pilchardus,LV,,21,MN1,d,1,16,VISO,N,,,F4B,
14539,1610521,1822913,8970672,12129,4458,8970672,EM,2026NL3400136,Sardina pilchardus,LV,,16,MN1,d,1,8.6,VISO,N,,,F4B,
14539,1610523,1822914,8970692,12129,4458,8970692,EM,2026NL3400138,Sardina pilchardus,LV,,12,MN1,c,21,26.54054054,VISO,N,,,F4B,
14539,1610523,1822915,8970693,12129,4458,8970693,EM,2026NL3400138,Sardina pilchardus,LV,,10,MN1,c,8,26.54054054,VISO,N,,,F4B,
14539,1610523,1822916,8970694,12129,4458,8970694,EM,2026NL3400138,Sardina pilchardus,LV,,11,MN1,c,11,26.54054054,VISO,N,,,F4B,
14539,1610523,1822917,8970695,12129,4458,8970695,EM,2026NL3400138,Sardina pilchardus,LV,,12,MN1,c,4,26.54054054,VISO,N,,,F4B,
14539,1610523,1822918,8970696,12129,4458,8970696,EM,2026NL3400138,Sardina pilchardus,LV,,13,MN1,c,1,26.54054054,VISO,N,,,F4B,
14539,1610521,1822919,8970666,12129,4458,8970666,EM,2026NL3400136,Sardina pilchardus,LV,,9,MN1,c,2,8.6,VISO,N,,,F4B,
14539,1610521,1822920,8970667,12129,4458,8970667,EM,2026NL3400136,Sardina pilchardus,LV,,10,MN1,c,2,8.6,VISO,N,,,F4B,
14539,1610521,1822921,8970668,12129,4458,8970668,EM,2026NL3400136,Sardina pilchardus,LV,,11,MN1,c,8,8.6,VISO,N,,,F4B,
14539,1610521,1822922,8970669,12129,4458,8970669,EM,2026NL3400136,Sardina pilchardus,LV,,12,MN1,c,3,8.6,VISO,N,,,F4B,
14539,1610521,1822923,8970670,12129,4458,8970670,EM,2026NL3400136,Sardina pilchardus,LV,,13,MN1,c,1,8.6,VISO,N,,,F4B,
14539,1610521,1822924,8970671,12129,4458,8970671,EM,2026NL3400136,Sardina pilchardus,LV,,14,MN1,c,2,8.6,VISO,N,,,F4B,
14539,1610510,1822925,8970553,12129,4458,8970553,EM,2026NL3400125,Sardina pilchardus,LV,,34,MN1,d,1,1,VISO,N,,,F4B,
14539,1610511,1822926,8970566,12129,4458,8970566,EM,2026NL3400126,Sardina pilchardus,LV,,26,MN1,d,1,3.488636364,VISO,N,,,F4B,
14539,1610515,1822927,8970600,12129,4458,8970600,EM,2026NL3400130,Sardina pilchardus,LV,,28,MN1,d,1,1,VISO,N,,,F4B,
14539,1610515,1822928,8970601,12129,4458,8970601,EM,2026NL3400130,Sardina pilchardus,LV,,29,MN1,d,1,1,VISO,N,,,F4B,
14539,1610515,1822929,8970602,12129,4458,8970602,EM,2026NL3400130,Sardina pilchardus,LV,,33,MN1,d,1,1,VISO,N,,,F4B,
14539,1610516,1822930,8970613,12129,4458,8970613,EM,2026NL3400131,Sardina pilchardus,LV,,26,MN1,d,1,8.666666667,VISO,N,,,F4B,
14539,1610496,1822931,8970499,12129,4458,8970499,EM,2026NL3400107,Sardina pilchardus,LV,,25,MN1,d,3,1,VISO,N,,,F4B,
14539,1610496,1822932,8970500,12129,4458,8970500,EM,2026NL3400107,Sardina pilchardus,LV,,27,MN1,d,2,1,VISO,N,,,F4B,
14539,1610496,1822933,8970501,12129,4458,8970501,EM,2026NL3400107,Sardina pilchardus,LV,,28,MN1,d,3,1,VISO,N,,,F4B,
14539,1610496,1822934,8970502,12129,4458,8970502,EM,2026NL3400107,Sardina pilchardus,LV,,29,MN1,d,3,1,VISO,N,,,F4B,
14539,1610496,1822935,8970503,12129,4458,8970503,EM,2026NL3400107,Sardina pilchardus,LV,,31,MN1,d,4,1,VISO,N,,,F4B,
14539,1610496,1822936,8970504,12129,4458,8970504,EM,2026NL3400107,Sardina pilchardus,LV,,32,MN1,d,1,1,VISO,N,,,F4B,
14539,1610495,1822937,8970480,12129,4458,8970480,EM,2026NL3400106,Sardina pilchardus,LV,,30,MN1,d,4,1,VISO,N,,,F4B,
14539,1610495,1822938,8970481,12129,4458,8970481,EM,2026NL3400106,Sardina pilchardus,LV,,31,MN1,d,3,1,VISO,N,,,F4B,
14539,1610495,1822939,8970482,12129,4458,8970482,EM,2026NL3400106,Sardina pilchardus,LV,,32,MN1,d,3,1,VISO,N,,,F4B,
14539,1610495,1822940,8970483,12129,4458,8970483,EM,2026NL3400106,Sardina pilchardus,LV,,33,MN1,d,3,1,VISO,N,,,F4B,
14539,1610496,1822941,8970497,12129,4458,8970497,EM,2026NL3400107,Sardina pilchardus,LV,,22,MN1,d,2,1,VISO,N,,,F4B,
14539,1610496,1822942,8970498,12129,4458,8970498,EM,2026NL3400107,Sardina pilchardus,LV,,23,MN1,d,1,1,VISO,N,,,F4B,
14539,1610494,1822943,8970467,12129,4458,8970467,EM,2026NL3400105,Sardina pilchardus,LV,,33,MN1,d,1,1,VISO,N,,,F4B,
14539,1610495,1822944,8970475,12129,4458,8970475,EM,2026NL3400106,Sardina pilchardus,LV,,30,MN1,d,1,1,VISO,N,,,F4B,
14539,1610495,1822945,8970476,12129,4458,8970476,EM,2026NL3400106,Sardina pilchardus,LV,,25,MN1,d,1,1,VISO,N,,,F4B,
14539,1610495,1822946,8970477,12129,4458,8970477,EM,2026NL3400106,Sardina pilchardus,LV,,26,MN1,d,1,1,VISO,N,,,F4B,
14539,1610495,1822947,8970478,12129,4458,8970478,EM,2026NL3400106,Sardina pilchardus,LV,,28,MN1,d,4,1,VISO,N,,,F4B,
14539,1610495,1822948,8970479,12129,4458,8970479,EM,2026NL3400106,Sardina pilchardus,LV,,29,MN1,d,1,1,VISO,N,,,F4B,
14539,1610494,1822949,8970461,12129,4458,8970461,EM,2026NL3400105,Sardina pilchardus,LV,,27,MN1,d,2,1,VISO,N,,,F4B,
14539,1610494,1822950,8970462,12129,4458,8970462,EM,2026NL3400105,Sardina pilchardus,LV,,28,MN1,d,1,1,VISO,N,,,F4B,
14539,1610494,1822951,8970463,12129,4458,8970463,EM,2026NL3400105,Sardina pilchardus,LV,,29,MN1,d,1,1,VISO,N,,,F4B,
14539,1610494,1822952,8970464,12129,4458,8970464,EM,2026NL3400105,Sardina pilchardus,LV,,30,MN1,d,3,1,VISO,N,,,F4B,
14539,1610494,1822953,8970465,12129,4458,8970465,EM,2026NL3400105,Sardina pilchardus,LV,,31,MN1,d,4,1,VISO,N,,,F4B,
14539,1610494,1822954,8970466,12129,4458,8970466,EM,2026NL3400105,Sardina pilchardus,LV,,32,MN1,d,1,1,VISO,N,,,F4B,
14539,1610493,1822955,8970446,12129,4458,8970446,EM,2026NL3400104,Sardina pilchardus,LV,,31,MN1,d,2,1,VISO,N,,,F4B,
14539,1610493,1822956,8970447,12129,4458,8970447,EM,2026NL3400104,Sardina pilchardus,LV,,32,MN1,d,1,1,VISO,N,,,F4B,
14539,1610494,1822957,8970457,12129,4458,8970457,EM,2026NL3400105,Sardina pilchardus,LV,,29,MN1,d,3,1,VISO,N,,,F4B,
14539,1610494,1822958,8970458,12129,4458,8970458,EM,2026NL3400105,Sardina pilchardus,LV,,24,MN1,d,1,1,VISO,N,,,F4B,
14539,1610494,1822959,8970459,12129,4458,8970459,EM,2026NL3400105,Sardina pilchardus,LV,,25,MN1,d,1,1,VISO,N,,,F4B,
14539,1610494,1822960,8970460,12129,4458,8970460,EM,2026NL3400105,Sardina pilchardus,LV,,26,MN1,d,1,1,VISO,N,,,F4B,
14539,1610492,1822961,8970430,12129,4458,8970430,EM,2026NL3400103,Sardina pilchardus,LV,,27,MN1,d,1,1,VISO,N,,,F4B,
14539,1610492,1822962,8970431,12129,4458,8970431,EM,2026NL3400103,Sardina pilchardus,LV,,31,MN1,d,1,1,VISO,N,,,F4B,
14539,1610493,1822963,8970442,12129,4458,8970442,EM,2026NL3400104,Sardina pilchardus,LV,,24,MN1,d,1,1,VISO,N,,,F4B,
14539,1610493,1822964,8970443,12129,4458,8970443,EM,2026NL3400104,Sardina pilchardus,LV,,26,MN1,d,1,1,VISO,N,,,F4B,
14539,1610493,1822965,8970444,12129,4458,8970444,EM,2026NL3400104,Sardina pilchardus,LV,,28,MN1,d,1,1,VISO,N,,,F4B,
14539,1610493,1822966,8970445,12129,4458,8970445,EM,2026NL3400104,Sardina pilchardus,LV,,30,MN1,d,1,1,VISO,N,,,F4B,
14539,1610491,1822967,8970414,12134,4458,8970414,EM,2026NL3400102,Sprattus sprattus,LV,,35,MN1,d,2,1,VISO,N,,,F4B,
14539,1610491,1822968,8970415,12134,4458,8970415,EM,2026NL3400102,Sprattus sprattus,LV,,36,MN1,d,1,1,VISO,N,,,F4B,
14539,1610493,1822969,8970448,12134,4458,8970448,EM,2026NL3400104,Sprattus sprattus,LV,,32,MN1,d,1,1,VISO,N,,,F4B,
14539,1610495,1822970,8970484,12134,4458,8970484,EM,2026NL3400106,Sprattus sprattus,LV,,31,MN1,d,1,1,VISO,N,,,F4B,
14539,1610495,1822971,8970485,12134,4458,8970485,EM,2026NL3400106,Sprattus sprattus,LV,,33,MN1,d,1,1,VISO,N,,,F4B,
14539,1610495,1822972,8970486,12134,4458,8970486,EM,2026NL3400106,Sprattus sprattus,LV,,34,MN1,d,1,1,VISO,N,,,F4B,
14539,1610520,1822973,8970655,12134,4458,8970655,EM,2026NL3400135,Sprattus sprattus,LV,,12,MN1,c,1,5.870967742,VISO,N,,,F4B,
14539,1610520,1822974,8970656,12134,4458,8970656,EM,2026NL3400135,Sprattus sprattus,LV,,13,MN1,c,1,5.870967742,VISO,N,,,F4B,
14539,1610498,1822975,8970525,12134,4458,8970525,EM,2026NL3400113,Sprattus sprattus,LV,,22,MN1,d,1,1,VISO,N,,,F4B,
14539,1610498,1822976,8970527,12134,4458,8970527,EM,2026NL3400113,Sprattus sprattus,LV,,19,MN1,d,1,1,VISO,N,,,F4B,
14539,1610498,1822977,8970528,12134,4458,8970528,EM,2026NL3400113,Sprattus sprattus,LV,,24,MN1,d,1,1,VISO,N,,,F4B,
14539,1610513,1822978,8970588,12134,4458,8970588,EM,2026NL3400128,Sprattus sprattus,LV,,28,MN1,d,1,1,VISO,N,,,F4B,
14539,1610513,1822979,8970589,12134,4458,8970589,EM,2026NL3400128,Sprattus sprattus,LV,,30,MN1,d,2,1,VISO,N,,,F4B,
14539,1610513,1822980,8970590,12134,4458,8970590,EM,2026NL3400128,Sprattus sprattus,LV,,32,MN1,d,1,1,VISO,N,,,F4B,
14539,1610514,1822981,8970591,12134,4458,8970591,EM,2026NL3400129,Sprattus sprattus,LV,,22,MN1,d,7,1,VISO,N,,,F4B,
14539,1610514,1822982,8970592,12134,4458,8970592,EM,2026NL3400129,Sprattus sprattus,LV,,21,MN1,d,1,1,VISO,N,,,F4B,
14539,1610514,1822983,8970593,12134,4458,8970593,EM,2026NL3400129,Sprattus sprattus,LV,,23,MN1,d,1,1,VISO,N,,,F4B,
14539,1610597,1822984,8971145,12196,4458,8971145,EM,2026NL3400212,Anguilla anguilla,LV,,74,MN1,c,1,1,VISO,N,,,F4B,
