tblUploadID,SurveyID,SurveyName,tblCodeID_SurveyType,SurveyAbstract,DataAccess,DataRightsHolder,DataCustodian,DataCustodianContact,TargetTaxa,PlatformClass,PlatformCode,PositionFix,HorizontalAccuracy,NominalAngleOfSearch,Methodology,NominalNoOfObservers,Comments
343,2016naturescotneatlantic,Distribution and abundance of basking sharks (Cetorhinus maximus) and minke whales (Balaenoptera acutorostrata) within the Sea of the Hebrides MPA proposal,1106,Digital aerial survey in the Sea of the Hebrides to provide baseline data on basking shark and cetacean distributions. Used by SNH to classify a new MPA. Pilot study to trial suitability of digital aerial surveys to collect marine megafuna distribution and abundance data.,Public,5368,2961,enquiries@hidefsurveying.co.uk                    ,00   ,62,,PS   ,,BL,11,0,
355,2016naturescotneatlantic_SurveyTwo,Distribution and abundance of basking sharks (Cetorhinus maximus) and minke whales (Balaenoptera acutorostrata) within the Sea of the Hebrides MPA proposal,1106,Survey two of digital aerial surveys in the Sea of the Hebrides to provide baseline data on basking shark and cetacean distributions. Used by SNH to classify a new MPA. Pilot study to trial suitability of digital aerial surveys to collect marine megafuna distribution and abundance data.,Public,5368,2961,enquiries@hidefsurveying.co.uk                    ,00   ,62,,PS   ,,BL,11,0,
572,27032013CWTScillyCrossingDS1,Cornwall Wildlife Trust Marine Megafauna Ferry surveys~ 2010-2013,1106,Effort-based Marine Megafauna surveys~ 2010-2013 conducted from ferries crossing between Isles of Scilly and Penzance,Public,Cornwall Wildlife Trust,669,erccis@cornwallwildlifetrust.org.uk               ,00   ,3Z,74X0,,,FW   ,16   ,1,
572,03042013CWTScillyCrossingDS2,Cornwall Wildlife Trust Marine Megafauna Ferry surveys~ 2010-2013,1106,Effort-based Marine Megafauna surveys~ 2010-2013 conducted from ferries crossing between Isles of Scilly and Penzance,Public,Cornwall Wildlife Trust,669,erccis@cornwallwildlifetrust.org.uk               ,00   ,3Z,74X0,,,FW   ,16   ,1,
572,10042013CWTScillyCrossingDS3,Cornwall Wildlife Trust Marine Megafauna Ferry surveys~ 2010-2013,1106,Effort-based Marine Megafauna surveys~ 2010-2013 conducted from ferries crossing between Isles of Scilly and Penzance,Public,Cornwall Wildlife Trust,669,erccis@cornwallwildlifetrust.org.uk               ,00   ,3Z,74X0,,,FW   ,16   ,1,
572,15062013CWTScillyCrossingDS14,Cornwall Wildlife Trust Marine Megafauna Ferry surveys~ 2010-2013,1106,Effort-based Marine Megafauna surveys~ 2010-2013 conducted from ferries crossing between Isles of Scilly and Penzance,Public,Cornwall Wildlife Trust,669,erccis@cornwallwildlifetrust.org.uk               ,00   ,3Z,74X0,,,FW   ,16   ,1,
572,19062013CWTScillyCrossingDS15,Cornwall Wildlife Trust Marine Megafauna Ferry surveys~ 2010-2013,1106,Effort-based Marine Megafauna surveys~ 2010-2013 conducted from ferries crossing between Isles of Scilly and Penzance,Public,Cornwall Wildlife Trust,669,erccis@cornwallwildlifetrust.org.uk               ,00   ,3Z,74X0,,,FW   ,16   ,1,
572,21062013CWTScillyCrossingDS16,Cornwall Wildlife Trust Marine Megafauna Ferry surveys~ 2010-2013,1106,Effort-based Marine Megafauna surveys~ 2010-2013 conducted from ferries crossing between Isles of Scilly and Penzance,Public,Cornwall Wildlife Trust,669,erccis@cornwallwildlifetrust.org.uk               ,00   ,3Z,74X0,,,FW   ,16   ,1,
572,19102012CWTScillyCrossingDS1290,Cornwall Wildlife Trust Marine Megafauna Ferry surveys~ 2010-2013,1106,Effort-based Marine Megafauna surveys~ 2010-2013 conducted from ferries crossing between Isles of Scilly and Penzance,Public,Cornwall Wildlife Trust,669,erccis@cornwallwildlifetrust.org.uk               ,00   ,3Z,74X0,,,FW   ,16   ,1,
572,24102012CWTScillyCrossingDS1293,Cornwall Wildlife Trust Marine Megafauna Ferry surveys~ 2010-2013,1106,Effort-based Marine Megafauna surveys~ 2010-2013 conducted from ferries crossing between Isles of Scilly and Penzance,Public,Cornwall Wildlife Trust,669,erccis@cornwallwildlifetrust.org.uk               ,00   ,3Z,74X0,,,FW   ,16   ,1,
572,31102012CWTScillyCrossingDS1295,Cornwall Wildlife Trust Marine Megafauna Ferry surveys~ 2010-2013,1106,Effort-based Marine Megafauna surveys~ 2010-2013 conducted from ferries crossing between Isles of Scilly and Penzance,Public,Cornwall Wildlife Trust,669,erccis@cornwallwildlifetrust.org.uk               ,00   ,3Z,74X0,,,FW   ,16   ,1,
572,21092012CWTScillyCrossingDS1276,Cornwall Wildlife Trust Marine Megafauna Ferry surveys~ 2010-2013,1106,Effort-based Marine Megafauna surveys~ 2010-2013 conducted from ferries crossing between Isles of Scilly and Penzance,Public,Cornwall Wildlife Trust,669,erccis@cornwallwildlifetrust.org.uk               ,00   ,3Z,74X0,,,FW   ,16   ,1,
572,26092012CWTScillyCrossingDS1278,Cornwall Wildlife Trust Marine Megafauna Ferry surveys~ 2010-2013,1106,Effort-based Marine Megafauna surveys~ 2010-2013 conducted from ferries crossing between Isles of Scilly and Penzance,Public,Cornwall Wildlife Trust,669,erccis@cornwallwildlifetrust.org.uk               ,00   ,3Z,74X0,,,FW   ,16   ,1,
572,28092012CWTScillyCrossingDS1280,Cornwall Wildlife Trust Marine Megafauna Ferry surveys~ 2010-2013,1106,Effort-based Marine Megafauna surveys~ 2010-2013 conducted from ferries crossing between Isles of Scilly and Penzance,Public,Cornwall Wildlife Trust,669,erccis@cornwallwildlifetrust.org.uk               ,00   ,3Z,74X0,,,FW   ,16   ,1,
572,03102012CWTScillyCrossingDS1284,Cornwall Wildlife Trust Marine Megafauna Ferry surveys~ 2010-2013,1106,Effort-based Marine Megafauna surveys~ 2010-2013 conducted from ferries crossing between Isles of Scilly and Penzance,Public,Cornwall Wildlife Trust,669,erccis@cornwallwildlifetrust.org.uk               ,00   ,3Z,74X0,,,FW   ,16   ,1,
572,10102012CWTScillyCrossingDS1285,Cornwall Wildlife Trust Marine Megafauna Ferry surveys~ 2010-2013,1106,Effort-based Marine Megafauna surveys~ 2010-2013 conducted from ferries crossing between Isles of Scilly and Penzance,Public,Cornwall Wildlife Trust,669,erccis@cornwallwildlifetrust.org.uk               ,00   ,3Z,74X0,,,FW   ,16   ,1,
572,19102012CWTScillyCrossingDS1289,Cornwall Wildlife Trust Marine Megafauna Ferry surveys~ 2010-2013,1106,Effort-based Marine Megafauna surveys~ 2010-2013 conducted from ferries crossing between Isles of Scilly and Penzance,Public,Cornwall Wildlife Trust,669,erccis@cornwallwildlifetrust.org.uk               ,00   ,3Z,74X0,,,FW   ,16   ,1,
572,29082012CWTScillyCrossingDS1254,Cornwall Wildlife Trust Marine Megafauna Ferry surveys~ 2010-2013,1106,Effort-based Marine Megafauna surveys~ 2010-2013 conducted from ferries crossing between Isles of Scilly and Penzance,Public,Cornwall Wildlife Trust,669,erccis@cornwallwildlifetrust.org.uk               ,00   ,3Z,74X0,,,FW   ,16   ,1,
572,05092012CWTScillyCrossingDS1262,Cornwall Wildlife Trust Marine Megafauna Ferry surveys~ 2010-2013,1106,Effort-based Marine Megafauna surveys~ 2010-2013 conducted from ferries crossing between Isles of Scilly and Penzance,Public,Cornwall Wildlife Trust,669,erccis@cornwallwildlifetrust.org.uk               ,00   ,3Z,74X0,,,FW   ,16   ,1,
572,07092012CWTScillyCrossingDS1263,Cornwall Wildlife Trust Marine Megafauna Ferry surveys~ 2010-2013,1106,Effort-based Marine Megafauna surveys~ 2010-2013 conducted from ferries crossing between Isles of Scilly and Penzance,Public,Cornwall Wildlife Trust,669,erccis@cornwallwildlifetrust.org.uk               ,00   ,3Z,74X0,,,FW   ,16   ,2,
572,07092012CWTScillyCrossingDS1264,Cornwall Wildlife Trust Marine Megafauna Ferry surveys~ 2010-2013,1106,Effort-based Marine Megafauna surveys~ 2010-2013 conducted from ferries crossing between Isles of Scilly and Penzance,Public,Cornwall Wildlife Trust,669,erccis@cornwallwildlifetrust.org.uk               ,00   ,3Z,74X0,,,FW   ,16   ,1,
572,11092012CWTScillyCrossingDS1265,Cornwall Wildlife Trust Marine Megafauna Ferry surveys~ 2010-2013,1106,Effort-based Marine Megafauna surveys~ 2010-2013 conducted from ferries crossing between Isles of Scilly and Penzance,Public,Cornwall Wildlife Trust,669,erccis@cornwallwildlifetrust.org.uk               ,00   ,3Z,74X0,,,FW   ,16   ,1,
572,19092012CWTScillyCrossingDS1272,Cornwall Wildlife Trust Marine Megafauna Ferry surveys~ 2010-2013,1106,Effort-based Marine Megafauna surveys~ 2010-2013 conducted from ferries crossing between Isles of Scilly and Penzance,Public,Cornwall Wildlife Trust,669,erccis@cornwallwildlifetrust.org.uk               ,00   ,3Z,74X0,,,FW   ,16   ,1,
572,25072012CWTScillyCrossingDS1236,Cornwall Wildlife Trust Marine Megafauna Ferry surveys~ 2010-2013,1106,Effort-based Marine Megafauna surveys~ 2010-2013 conducted from ferries crossing between Isles of Scilly and Penzance,Public,Cornwall Wildlife Trust,669,erccis@cornwallwildlifetrust.org.uk               ,00   ,3Z,74X0,,,FW   ,16   ,1,
572,01082012CWTScillyCrossingDS1238,Cornwall Wildlife Trust Marine Megafauna Ferry surveys~ 2010-2013,1106,Effort-based Marine Megafauna surveys~ 2010-2013 conducted from ferries crossing between Isles of Scilly and Penzance,Public,Cornwall Wildlife Trust,669,erccis@cornwallwildlifetrust.org.uk               ,00   ,3Z,74X0,,,FW   ,16   ,1,
572,08082012CWTScillyCrossingDS1239,Cornwall Wildlife Trust Marine Megafauna Ferry surveys~ 2010-2013,1106,Effort-based Marine Megafauna surveys~ 2010-2013 conducted from ferries crossing between Isles of Scilly and Penzance,Public,Cornwall Wildlife Trust,669,erccis@cornwallwildlifetrust.org.uk               ,00   ,3Z,74X0,,,FW   ,16   ,1,
572,18082012CWTScillyCrossingDS1241,Cornwall Wildlife Trust Marine Megafauna Ferry surveys~ 2010-2013,1106,Effort-based Marine Megafauna surveys~ 2010-2013 conducted from ferries crossing between Isles of Scilly and Penzance,Public,Cornwall Wildlife Trust,669,erccis@cornwallwildlifetrust.org.uk               ,00   ,3Z,74X0,,,FW   ,16   ,1,
572,18082012CWTScillyCrossingDS1242,Cornwall Wildlife Trust Marine Megafauna Ferry surveys~ 2010-2013,1106,Effort-based Marine Megafauna surveys~ 2010-2013 conducted from ferries crossing between Isles of Scilly and Penzance,Public,Cornwall Wildlife Trust,669,erccis@cornwallwildlifetrust.org.uk               ,00   ,3Z,74X0,,,FW   ,16   ,1,
572,22082012CWTScillyCrossingDS1248,Cornwall Wildlife Trust Marine Megafauna Ferry surveys~ 2010-2013,1106,Effort-based Marine Megafauna surveys~ 2010-2013 conducted from ferries crossing between Isles of Scilly and Penzance,Public,Cornwall Wildlife Trust,669,erccis@cornwallwildlifetrust.org.uk               ,00   ,3Z,74X0,,,FW   ,16   ,1,
572,22062012CWTScillyCrossingDS1222,Cornwall Wildlife Trust Marine Megafauna Ferry surveys~ 2010-2013,1106,Effort-based Marine Megafauna surveys~ 2010-2013 conducted from ferries crossing between Isles of Scilly and Penzance,Public,Cornwall Wildlife Trust,669,erccis@cornwallwildlifetrust.org.uk               ,00   ,3Z,74X0,,,FW   ,16   ,1,
572,27062012CWTScillyCrossingDS1223,Cornwall Wildlife Trust Marine Megafauna Ferry surveys~ 2010-2013,1106,Effort-based Marine Megafauna surveys~ 2010-2013 conducted from ferries crossing between Isles of Scilly and Penzance,Public,Cornwall Wildlife Trust,669,erccis@cornwallwildlifetrust.org.uk               ,00   ,3Z,74X0,,,FW   ,16   ,1,
572,04072012CWTScillyCrossingDS1224,Cornwall Wildlife Trust Marine Megafauna Ferry surveys~ 2010-2013,1106,Effort-based Marine Megafauna surveys~ 2010-2013 conducted from ferries crossing between Isles of Scilly and Penzance,Public,Cornwall Wildlife Trust,669,erccis@cornwallwildlifetrust.org.uk               ,00   ,3Z,74X0,,,FW   ,16   ,1,
572,11072012CWTScillyCrossingDS1228,Cornwall Wildlife Trust Marine Megafauna Ferry surveys~ 2010-2013,1106,Effort-based Marine Megafauna surveys~ 2010-2013 conducted from ferries crossing between Isles of Scilly and Penzance,Public,Cornwall Wildlife Trust,669,erccis@cornwallwildlifetrust.org.uk               ,00   ,3Z,74X0,,,FW   ,16   ,1,
572,18072012CWTScillyCrossingDS1231,Cornwall Wildlife Trust Marine Megafauna Ferry surveys~ 2010-2013,1106,Effort-based Marine Megafauna surveys~ 2010-2013 conducted from ferries crossing between Isles of Scilly and Penzance,Public,Cornwall Wildlife Trust,669,erccis@cornwallwildlifetrust.org.uk               ,00   ,3Z,74X0,,,FW   ,16   ,1,
572,20072012CWTScillyCrossingDS1232,Cornwall Wildlife Trust Marine Megafauna Ferry surveys~ 2010-2013,1106,Effort-based Marine Megafauna surveys~ 2010-2013 conducted from ferries crossing between Isles of Scilly and Penzance,Public,Cornwall Wildlife Trust,669,erccis@cornwallwildlifetrust.org.uk               ,00   ,3Z,74X0,,,FW   ,16   ,1,
572,18052012CWTScillyCrossingDS1201,Cornwall Wildlife Trust Marine Megafauna Ferry surveys~ 2010-2013,1106,Effort-based Marine Megafauna surveys~ 2010-2013 conducted from ferries crossing between Isles of Scilly and Penzance,Public,Cornwall Wildlife Trust,669,erccis@cornwallwildlifetrust.org.uk               ,00   ,3Z,74X0,,,FW   ,16   ,1,
572,23052012CWTScillyCrossingDS1205,Cornwall Wildlife Trust Marine Megafauna Ferry surveys~ 2010-2013,1106,Effort-based Marine Megafauna surveys~ 2010-2013 conducted from ferries crossing between Isles of Scilly and Penzance,Public,Cornwall Wildlife Trust,669,erccis@cornwallwildlifetrust.org.uk               ,00   ,3Z,74X0,,,FW   ,16   ,1,
572,30052012CWTScillyCrossingDS1208,Cornwall Wildlife Trust Marine Megafauna Ferry surveys~ 2010-2013,1106,Effort-based Marine Megafauna surveys~ 2010-2013 conducted from ferries crossing between Isles of Scilly and Penzance,Public,Cornwall Wildlife Trust,669,erccis@cornwallwildlifetrust.org.uk               ,00   ,3Z,74X0,,,FW   ,16   ,1,
572,06062012CWTScillyCrossingDS1216,Cornwall Wildlife Trust Marine Megafauna Ferry surveys~ 2010-2013,1106,Effort-based Marine Megafauna surveys~ 2010-2013 conducted from ferries crossing between Isles of Scilly and Penzance,Public,Cornwall Wildlife Trust,669,erccis@cornwallwildlifetrust.org.uk               ,00   ,3Z,74X0,,,FW   ,16   ,1,
572,13062012CWTScillyCrossingDS1219,Cornwall Wildlife Trust Marine Megafauna Ferry surveys~ 2010-2013,1106,Effort-based Marine Megafauna surveys~ 2010-2013 conducted from ferries crossing between Isles of Scilly and Penzance,Public,Cornwall Wildlife Trust,669,erccis@cornwallwildlifetrust.org.uk               ,00   ,3Z,74X0,,,FW   ,16   ,1,
572,20062012CWTScillyCrossingDS1221,Cornwall Wildlife Trust Marine Megafauna Ferry surveys~ 2010-2013,1106,Effort-based Marine Megafauna surveys~ 2010-2013 conducted from ferries crossing between Isles of Scilly and Penzance,Public,Cornwall Wildlife Trust,669,erccis@cornwallwildlifetrust.org.uk               ,00   ,3Z,74X0,,,FW   ,16   ,1,
572,11042012CWTScillyCrossingDS1171,Cornwall Wildlife Trust Marine Megafauna Ferry surveys~ 2010-2013,1106,Effort-based Marine Megafauna surveys~ 2010-2013 conducted from ferries crossing between Isles of Scilly and Penzance,Public,Cornwall Wildlife Trust,669,erccis@cornwallwildlifetrust.org.uk               ,00   ,3Z,74X0,,,FW   ,16   ,1,
572,20042012CWTScillyCrossingDS1175,Cornwall Wildlife Trust Marine Megafauna Ferry surveys~ 2010-2013,1106,Effort-based Marine Megafauna surveys~ 2010-2013 conducted from ferries crossing between Isles of Scilly and Penzance,Public,Cornwall Wildlife Trust,669,erccis@cornwallwildlifetrust.org.uk               ,00   ,3Z,74X0,,,FW   ,16   ,1,
572,25042012CWTScillyCrossingDS1176,Cornwall Wildlife Trust Marine Megafauna Ferry surveys~ 2010-2013,1106,Effort-based Marine Megafauna surveys~ 2010-2013 conducted from ferries crossing between Isles of Scilly and Penzance,Public,Cornwall Wildlife Trust,669,erccis@cornwallwildlifetrust.org.uk               ,00   ,3Z,74X0,,,FW   ,16   ,1,
572,01052012CWTScillyCrossingDS1180,Cornwall Wildlife Trust Marine Megafauna Ferry surveys~ 2010-2013,1106,Effort-based Marine Megafauna surveys~ 2010-2013 conducted from ferries crossing between Isles of Scilly and Penzance,Public,Cornwall Wildlife Trust,669,erccis@cornwallwildlifetrust.org.uk               ,00   ,3Z,74X0,,,FW   ,16   ,1,
572,09052012CWTScillyCrossingDS1191,Cornwall Wildlife Trust Marine Megafauna Ferry surveys~ 2010-2013,1106,Effort-based Marine Megafauna surveys~ 2010-2013 conducted from ferries crossing between Isles of Scilly and Penzance,Public,Cornwall Wildlife Trust,669,erccis@cornwallwildlifetrust.org.uk               ,00   ,3Z,74X0,,,FW   ,16   ,1,
572,16052012CWTScillyCrossingDS1197,Cornwall Wildlife Trust Marine Megafauna Ferry surveys~ 2010-2013,1106,Effort-based Marine Megafauna surveys~ 2010-2013 conducted from ferries crossing between Isles of Scilly and Penzance,Public,Cornwall Wildlife Trust,669,erccis@cornwallwildlifetrust.org.uk               ,00   ,3Z,74X0,,,FW   ,16   ,1,
572,19102011CWTScillyCrossingDS1157,Cornwall Wildlife Trust Marine Megafauna Ferry surveys~ 2010-2013,1106,Effort-based Marine Megafauna surveys~ 2010-2013 conducted from ferries crossing between Isles of Scilly and Penzance,Public,Cornwall Wildlife Trust,669,erccis@cornwallwildlifetrust.org.uk               ,00   ,3Z,74X0,,,FW   ,16   ,1,
572,21102011CWTScillyCrossingDS1159,Cornwall Wildlife Trust Marine Megafauna Ferry surveys~ 2010-2013,1106,Effort-based Marine Megafauna surveys~ 2010-2013 conducted from ferries crossing between Isles of Scilly and Penzance,Public,Cornwall Wildlife Trust,669,erccis@cornwallwildlifetrust.org.uk               ,00   ,3Z,74X0,,,FW   ,16   ,1,
572,26102011CWTScillyCrossingDS1161,Cornwall Wildlife Trust Marine Megafauna Ferry surveys~ 2010-2013,1106,Effort-based Marine Megafauna surveys~ 2010-2013 conducted from ferries crossing between Isles of Scilly and Penzance,Public,Cornwall Wildlife Trust,669,erccis@cornwallwildlifetrust.org.uk               ,00   ,3Z,74X0,,,FW   ,16   ,1,
572,26102011CWTScillyCrossingDS1162,Cornwall Wildlife Trust Marine Megafauna Ferry surveys~ 2010-2013,1106,Effort-based Marine Megafauna surveys~ 2010-2013 conducted from ferries crossing between Isles of Scilly and Penzance,Public,Cornwall Wildlife Trust,669,erccis@cornwallwildlifetrust.org.uk               ,00   ,3Z,74X0,,,FW   ,16   ,1,
572,19032012CWTScillyCrossingDS1165,Cornwall Wildlife Trust Marine Megafauna Ferry surveys~ 2010-2013,1106,Effort-based Marine Megafauna surveys~ 2010-2013 conducted from ferries crossing between Isles of Scilly and Penzance,Public,Cornwall Wildlife Trust,669,erccis@cornwallwildlifetrust.org.uk               ,00   ,3Z,74X0,,,FW   ,16   ,1,
572,28032012CWTScillyCrossingDS1167,Cornwall Wildlife Trust Marine Megafauna Ferry surveys~ 2010-2013,1106,Effort-based Marine Megafauna surveys~ 2010-2013 conducted from ferries crossing between Isles of Scilly and Penzance,Public,Cornwall Wildlife Trust,669,erccis@cornwallwildlifetrust.org.uk               ,00   ,3Z,74X0,,,FW   ,16   ,1,
572,14092011CWTScillyCrossingDS1133,Cornwall Wildlife Trust Marine Megafauna Ferry surveys~ 2010-2013,1106,Effort-based Marine Megafauna surveys~ 2010-2013 conducted from ferries crossing between Isles of Scilly and Penzance,Public,Cornwall Wildlife Trust,669,erccis@cornwallwildlifetrust.org.uk               ,00   ,3Z,74X0,,,FW   ,16   ,1,
572,21092011CWTScillyCrossingDS1137,Cornwall Wildlife Trust Marine Megafauna Ferry surveys~ 2010-2013,1106,Effort-based Marine Megafauna surveys~ 2010-2013 conducted from ferries crossing between Isles of Scilly and Penzance,Public,Cornwall Wildlife Trust,669,erccis@cornwallwildlifetrust.org.uk               ,00   ,3Z,74X0,,,FW   ,16   ,1,
572,28092011CWTScillyCrossingDS1144,Cornwall Wildlife Trust Marine Megafauna Ferry surveys~ 2010-2013,1106,Effort-based Marine Megafauna surveys~ 2010-2013 conducted from ferries crossing between Isles of Scilly and Penzance,Public,Cornwall Wildlife Trust,669,erccis@cornwallwildlifetrust.org.uk               ,00   ,3Z,74X0,,,FW   ,16   ,1,
572,30092011CWTScillyCrossingDS1146,Cornwall Wildlife Trust Marine Megafauna Ferry surveys~ 2010-2013,1106,Effort-based Marine Megafauna surveys~ 2010-2013 conducted from ferries crossing between Isles of Scilly and Penzance,Public,Cornwall Wildlife Trust,669,erccis@cornwallwildlifetrust.org.uk               ,00   ,3Z,74X0,,,FW   ,16   ,1,
572,05102011CWTScillyCrossingDS1149,Cornwall Wildlife Trust Marine Megafauna Ferry surveys~ 2010-2013,1106,Effort-based Marine Megafauna surveys~ 2010-2013 conducted from ferries crossing between Isles of Scilly and Penzance,Public,Cornwall Wildlife Trust,669,erccis@cornwallwildlifetrust.org.uk               ,00   ,3Z,74X0,,,FW   ,16   ,1,
572,12102011CWTScillyCrossingDS1153,Cornwall Wildlife Trust Marine Megafauna Ferry surveys~ 2010-2013,1106,Effort-based Marine Megafauna surveys~ 2010-2013 conducted from ferries crossing between Isles of Scilly and Penzance,Public,Cornwall Wildlife Trust,669,erccis@cornwallwildlifetrust.org.uk               ,00   ,3Z,74X0,,,FW   ,16   ,1,
572,10082011CWTScillyCrossingDS1108,Cornwall Wildlife Trust Marine Megafauna Ferry surveys~ 2010-2013,1106,Effort-based Marine Megafauna surveys~ 2010-2013 conducted from ferries crossing between Isles of Scilly and Penzance,Public,Cornwall Wildlife Trust,669,erccis@cornwallwildlifetrust.org.uk               ,00   ,3Z,74X0,,,FW   ,16   ,1,
572,17082011CWTScillyCrossingDS1116,Cornwall Wildlife Trust Marine Megafauna Ferry surveys~ 2010-2013,1106,Effort-based Marine Megafauna surveys~ 2010-2013 conducted from ferries crossing between Isles of Scilly and Penzance,Public,Cornwall Wildlife Trust,669,erccis@cornwallwildlifetrust.org.uk               ,00   ,3Z,74X0,,,FW   ,16   ,1,
572,19082011CWTScillyCrossingDS1120,Cornwall Wildlife Trust Marine Megafauna Ferry surveys~ 2010-2013,1106,Effort-based Marine Megafauna surveys~ 2010-2013 conducted from ferries crossing between Isles of Scilly and Penzance,Public,Cornwall Wildlife Trust,669,erccis@cornwallwildlifetrust.org.uk               ,00   ,3Z,74X0,,,FW   ,16   ,1,
572,24082011CWTScillyCrossingDS1126,Cornwall Wildlife Trust Marine Megafauna Ferry surveys~ 2010-2013,1106,Effort-based Marine Megafauna surveys~ 2010-2013 conducted from ferries crossing between Isles of Scilly and Penzance,Public,Cornwall Wildlife Trust,669,erccis@cornwallwildlifetrust.org.uk               ,00   ,3Z,74X0,,,FW   ,16   ,1,
572,31082011CWTScillyCrossingDS1130,Cornwall Wildlife Trust Marine Megafauna Ferry surveys~ 2010-2013,1106,Effort-based Marine Megafauna surveys~ 2010-2013 conducted from ferries crossing between Isles of Scilly and Penzance,Public,Cornwall Wildlife Trust,669,erccis@cornwallwildlifetrust.org.uk               ,00   ,3Z,74X0,,,FW   ,16   ,1,
572,07092011CWTScillyCrossingDS1132,Cornwall Wildlife Trust Marine Megafauna Ferry surveys~ 2010-2013,1106,Effort-based Marine Megafauna surveys~ 2010-2013 conducted from ferries crossing between Isles of Scilly and Penzance,Public,Cornwall Wildlife Trust,669,erccis@cornwallwildlifetrust.org.uk               ,00   ,3Z,74X0,,,FW   ,16   ,1,
572,06072011CWTScillyCrossingDS1085,Cornwall Wildlife Trust Marine Megafauna Ferry surveys~ 2010-2013,1106,Effort-based Marine Megafauna surveys~ 2010-2013 conducted from ferries crossing between Isles of Scilly and Penzance,Public,Cornwall Wildlife Trust,669,erccis@cornwallwildlifetrust.org.uk               ,00   ,3Z,74X0,,,FW   ,16   ,1,
572,13072011CWTScillyCrossingDS1090,Cornwall Wildlife Trust Marine Megafauna Ferry surveys~ 2010-2013,1106,Effort-based Marine Megafauna surveys~ 2010-2013 conducted from ferries crossing between Isles of Scilly and Penzance,Public,Cornwall Wildlife Trust,669,erccis@cornwallwildlifetrust.org.uk               ,00   ,3Z,74X0,,,FW   ,16   ,1,
572,20072011CWTScillyCrossingDS1094,Cornwall Wildlife Trust Marine Megafauna Ferry surveys~ 2010-2013,1106,Effort-based Marine Megafauna surveys~ 2010-2013 conducted from ferries crossing between Isles of Scilly and Penzance,Public,Cornwall Wildlife Trust,669,erccis@cornwallwildlifetrust.org.uk               ,00   ,3Z,74X0,,,FW   ,16   ,1,
572,20072011CWTScillyCrossingDS1095,Cornwall Wildlife Trust Marine Megafauna Ferry surveys~ 2010-2013,1106,Effort-based Marine Megafauna surveys~ 2010-2013 conducted from ferries crossing between Isles of Scilly and Penzance,Public,Cornwall Wildlife Trust,669,erccis@cornwallwildlifetrust.org.uk               ,00   ,3Z,74X0,,,FW   ,16   ,1,
572,27072011CWTScillyCrossingDS1098,Cornwall Wildlife Trust Marine Megafauna Ferry surveys~ 2010-2013,1106,Effort-based Marine Megafauna surveys~ 2010-2013 conducted from ferries crossing between Isles of Scilly and Penzance,Public,Cornwall Wildlife Trust,669,erccis@cornwallwildlifetrust.org.uk               ,00   ,3Z,74X0,,,FW   ,16   ,1,
572,03082011CWTScillyCrossingDS1102,Cornwall Wildlife Trust Marine Megafauna Ferry surveys~ 2010-2013,1106,Effort-based Marine Megafauna surveys~ 2010-2013 conducted from ferries crossing between Isles of Scilly and Penzance,Public,Cornwall Wildlife Trust,669,erccis@cornwallwildlifetrust.org.uk               ,00   ,3Z,74X0,,,FW   ,16   ,1,
572,03062011CWTScillyCrossingDS1070,Cornwall Wildlife Trust Marine Megafauna Ferry surveys~ 2010-2013,1106,Effort-based Marine Megafauna surveys~ 2010-2013 conducted from ferries crossing between Isles of Scilly and Penzance,Public,Cornwall Wildlife Trust,669,erccis@cornwallwildlifetrust.org.uk               ,00   ,3Z,74X0,,,FW   ,16   ,1,
572,08062011CWTScillyCrossingDS1071,Cornwall Wildlife Trust Marine Megafauna Ferry surveys~ 2010-2013,1106,Effort-based Marine Megafauna surveys~ 2010-2013 conducted from ferries crossing between Isles of Scilly and Penzance,Public,Cornwall Wildlife Trust,669,erccis@cornwallwildlifetrust.org.uk               ,00   ,3Z,74X0,,,FW   ,16   ,1,
572,15062011CWTScillyCrossingDS1074,Cornwall Wildlife Trust Marine Megafauna Ferry surveys~ 2010-2013,1106,Effort-based Marine Megafauna surveys~ 2010-2013 conducted from ferries crossing between Isles of Scilly and Penzance,Public,Cornwall Wildlife Trust,669,erccis@cornwallwildlifetrust.org.uk               ,00   ,3Z,74X0,,,FW   ,16   ,1,
572,22062011CWTScillyCrossingDS1075,Cornwall Wildlife Trust Marine Megafauna Ferry surveys~ 2010-2013,1106,Effort-based Marine Megafauna surveys~ 2010-2013 conducted from ferries crossing between Isles of Scilly and Penzance,Public,Cornwall Wildlife Trust,669,erccis@cornwallwildlifetrust.org.uk               ,00   ,3Z,74X0,,,FW   ,16   ,1,
572,29062011CWTScillyCrossingDS1078,Cornwall Wildlife Trust Marine Megafauna Ferry surveys~ 2010-2013,1106,Effort-based Marine Megafauna surveys~ 2010-2013 conducted from ferries crossing between Isles of Scilly and Penzance,Public,Cornwall Wildlife Trust,669,erccis@cornwallwildlifetrust.org.uk               ,00   ,3Z,74X0,,,FW   ,16   ,1,
572,01072011CWTScillyCrossingDS1081,Cornwall Wildlife Trust Marine Megafauna Ferry surveys~ 2010-2013,1106,Effort-based Marine Megafauna surveys~ 2010-2013 conducted from ferries crossing between Isles of Scilly and Penzance,Public,Cornwall Wildlife Trust,669,erccis@cornwallwildlifetrust.org.uk               ,00   ,3Z,74X0,,,FW   ,16   ,2,
572,04052011CWTScillyCrossingDS1059,Cornwall Wildlife Trust Marine Megafauna Ferry surveys~ 2010-2013,1106,Effort-based Marine Megafauna surveys~ 2010-2013 conducted from ferries crossing between Isles of Scilly and Penzance,Public,Cornwall Wildlife Trust,669,erccis@cornwallwildlifetrust.org.uk               ,00   ,3Z,74X0,,,FW   ,16   ,1,
572,06052011CWTScillyCrossingDS1061,Cornwall Wildlife Trust Marine Megafauna Ferry surveys~ 2010-2013,1106,Effort-based Marine Megafauna surveys~ 2010-2013 conducted from ferries crossing between Isles of Scilly and Penzance,Public,Cornwall Wildlife Trust,669,erccis@cornwallwildlifetrust.org.uk               ,00   ,3Z,74X0,,,FW   ,16   ,1,
572,11052011CWTScillyCrossingDS1063,Cornwall Wildlife Trust Marine Megafauna Ferry surveys~ 2010-2013,1106,Effort-based Marine Megafauna surveys~ 2010-2013 conducted from ferries crossing between Isles of Scilly and Penzance,Public,Cornwall Wildlife Trust,669,erccis@cornwallwildlifetrust.org.uk               ,00   ,3Z,74X0,,,FW   ,16   ,1,
572,18052011CWTScillyCrossingDS1065,Cornwall Wildlife Trust Marine Megafauna Ferry surveys~ 2010-2013,1106,Effort-based Marine Megafauna surveys~ 2010-2013 conducted from ferries crossing between Isles of Scilly and Penzance,Public,Cornwall Wildlife Trust,669,erccis@cornwallwildlifetrust.org.uk               ,00   ,3Z,74X0,,,FW   ,16   ,1,
572,25052011CWTScillyCrossingDS1066,Cornwall Wildlife Trust Marine Megafauna Ferry surveys~ 2010-2013,1106,Effort-based Marine Megafauna surveys~ 2010-2013 conducted from ferries crossing between Isles of Scilly and Penzance,Public,Cornwall Wildlife Trust,669,erccis@cornwallwildlifetrust.org.uk               ,00   ,3Z,74X0,,,FW   ,16   ,1,
572,01062011CWTScillyCrossingDS1069,Cornwall Wildlife Trust Marine Megafauna Ferry surveys~ 2010-2013,1106,Effort-based Marine Megafauna surveys~ 2010-2013 conducted from ferries crossing between Isles of Scilly and Penzance,Public,Cornwall Wildlife Trust,669,erccis@cornwallwildlifetrust.org.uk               ,00   ,3Z,74X0,,,FW   ,16   ,1,
572,30032011CWTScillyCrossingDS1046,Cornwall Wildlife Trust Marine Megafauna Ferry surveys~ 2010-2013,1106,Effort-based Marine Megafauna surveys~ 2010-2013 conducted from ferries crossing between Isles of Scilly and Penzance,Public,Cornwall Wildlife Trust,669,erccis@cornwallwildlifetrust.org.uk               ,00   ,3Z,74X0,,,FW   ,16   ,1,
572,06042011CWTScillyCrossingDS1047,Cornwall Wildlife Trust Marine Megafauna Ferry surveys~ 2010-2013,1106,Effort-based Marine Megafauna surveys~ 2010-2013 conducted from ferries crossing between Isles of Scilly and Penzance,Public,Cornwall Wildlife Trust,669,erccis@cornwallwildlifetrust.org.uk               ,00   ,3Z,74X0,,,FW   ,16   ,1,
572,13042011CWTScillyCrossingDS1049,Cornwall Wildlife Trust Marine Megafauna Ferry surveys~ 2010-2013,1106,Effort-based Marine Megafauna surveys~ 2010-2013 conducted from ferries crossing between Isles of Scilly and Penzance,Public,Cornwall Wildlife Trust,669,erccis@cornwallwildlifetrust.org.uk               ,00   ,3Z,74X0,,,FW   ,16   ,1,
572,15042011CWTScillyCrossingDS1050,Cornwall Wildlife Trust Marine Megafauna Ferry surveys~ 2010-2013,1106,Effort-based Marine Megafauna surveys~ 2010-2013 conducted from ferries crossing between Isles of Scilly and Penzance,Public,Cornwall Wildlife Trust,669,erccis@cornwallwildlifetrust.org.uk               ,00   ,3Z,74X0,,,FW   ,16   ,1,
572,20042011CWTScillyCrossingDS1052,Cornwall Wildlife Trust Marine Megafauna Ferry surveys~ 2010-2013,1106,Effort-based Marine Megafauna surveys~ 2010-2013 conducted from ferries crossing between Isles of Scilly and Penzance,Public,Cornwall Wildlife Trust,669,erccis@cornwallwildlifetrust.org.uk               ,00   ,3Z,74X0,,,FW   ,16   ,1,
572,27042011CWTScillyCrossingDS1058,Cornwall Wildlife Trust Marine Megafauna Ferry surveys~ 2010-2013,1106,Effort-based Marine Megafauna surveys~ 2010-2013 conducted from ferries crossing between Isles of Scilly and Penzance,Public,Cornwall Wildlife Trust,669,erccis@cornwallwildlifetrust.org.uk               ,00   ,3Z,74X0,,,FW   ,16   ,1,
572,13102010CWTScillyCrossingDS1027,Cornwall Wildlife Trust Marine Megafauna Ferry surveys~ 2010-2013,1106,Effort-based Marine Megafauna surveys~ 2010-2013 conducted from ferries crossing between Isles of Scilly and Penzance,Public,Cornwall Wildlife Trust,669,erccis@cornwallwildlifetrust.org.uk               ,00   ,3Z,74X0,,,FW   ,16   ,2,
572,20102010CWTScillyCrossingDS1033,Cornwall Wildlife Trust Marine Megafauna Ferry surveys~ 2010-2013,1106,Effort-based Marine Megafauna surveys~ 2010-2013 conducted from ferries crossing between Isles of Scilly and Penzance,Public,Cornwall Wildlife Trust,669,erccis@cornwallwildlifetrust.org.uk               ,00   ,3Z,74X0,,,FW   ,16   ,1,
572,22102010CWTScillyCrossingDS1035,Cornwall Wildlife Trust Marine Megafauna Ferry surveys~ 2010-2013,1106,Effort-based Marine Megafauna surveys~ 2010-2013 conducted from ferries crossing between Isles of Scilly and Penzance,Public,Cornwall Wildlife Trust,669,erccis@cornwallwildlifetrust.org.uk               ,00   ,3Z,74X0,,,FW   ,16   ,2,
572,27102010CWTScillyCrossingDS1041,Cornwall Wildlife Trust Marine Megafauna Ferry surveys~ 2010-2013,1106,Effort-based Marine Megafauna surveys~ 2010-2013 conducted from ferries crossing between Isles of Scilly and Penzance,Public,Cornwall Wildlife Trust,669,erccis@cornwallwildlifetrust.org.uk               ,00   ,3Z,74X0,,,FW   ,16   ,1,
572,26032011CWTScillyCrossingDS1043,Cornwall Wildlife Trust Marine Megafauna Ferry surveys~ 2010-2013,1106,Effort-based Marine Megafauna surveys~ 2010-2013 conducted from ferries crossing between Isles of Scilly and Penzance,Public,Cornwall Wildlife Trust,669,erccis@cornwallwildlifetrust.org.uk               ,00   ,3Z,74X0,,,FW   ,16   ,1,
572,30032011CWTScillyCrossingDS1045,Cornwall Wildlife Trust Marine Megafauna Ferry surveys~ 2010-2013,1106,Effort-based Marine Megafauna surveys~ 2010-2013 conducted from ferries crossing between Isles of Scilly and Penzance,Public,Cornwall Wildlife Trust,669,erccis@cornwallwildlifetrust.org.uk               ,00   ,3Z,74X0,,,FW   ,16   ,1,
572,03092010CWTScillyCrossingDS988,Cornwall Wildlife Trust Marine Megafauna Ferry surveys~ 2010-2013,1106,Effort-based Marine Megafauna surveys~ 2010-2013 conducted from ferries crossing between Isles of Scilly and Penzance,Public,Cornwall Wildlife Trust,669,erccis@cornwallwildlifetrust.org.uk               ,00   ,3Z,74X0,,,FW   ,16   ,1,
572,08092010CWTScillyCrossingDS996,Cornwall Wildlife Trust Marine Megafauna Ferry surveys~ 2010-2013,1106,Effort-based Marine Megafauna surveys~ 2010-2013 conducted from ferries crossing between Isles of Scilly and Penzance,Public,Cornwall Wildlife Trust,669,erccis@cornwallwildlifetrust.org.uk               ,00   ,3Z,74X0,,,FW   ,16   ,1,
572,15092010CWTScillyCrossingDS999,Cornwall Wildlife Trust Marine Megafauna Ferry surveys~ 2010-2013,1106,Effort-based Marine Megafauna surveys~ 2010-2013 conducted from ferries crossing between Isles of Scilly and Penzance,Public,Cornwall Wildlife Trust,669,erccis@cornwallwildlifetrust.org.uk               ,00   ,3Z,74X0,,,FW   ,16   ,1,
572,22092010CWTScillyCrossingDS1003,Cornwall Wildlife Trust Marine Megafauna Ferry surveys~ 2010-2013,1106,Effort-based Marine Megafauna surveys~ 2010-2013 conducted from ferries crossing between Isles of Scilly and Penzance,Public,Cornwall Wildlife Trust,669,erccis@cornwallwildlifetrust.org.uk               ,00   ,3Z,74X0,,,FW   ,16   ,1,
572,29092010CWTScillyCrossingDS1013,Cornwall Wildlife Trust Marine Megafauna Ferry surveys~ 2010-2013,1106,Effort-based Marine Megafauna surveys~ 2010-2013 conducted from ferries crossing between Isles of Scilly and Penzance,Public,Cornwall Wildlife Trust,669,erccis@cornwallwildlifetrust.org.uk               ,00   ,3Z,74X0,,,FW   ,16   ,1,
572,06102010CWTScillyCrossingDS1023,Cornwall Wildlife Trust Marine Megafauna Ferry surveys~ 2010-2013,1106,Effort-based Marine Megafauna surveys~ 2010-2013 conducted from ferries crossing between Isles of Scilly and Penzance,Public,Cornwall Wildlife Trust,669,erccis@cornwallwildlifetrust.org.uk               ,00   ,3Z,74X0,,,FW   ,16   ,2,
572,28072010CWTScillyCrossingDS970,Cornwall Wildlife Trust Marine Megafauna Ferry surveys~ 2010-2013,1106,Effort-based Marine Megafauna surveys~ 2010-2013 conducted from ferries crossing between Isles of Scilly and Penzance,Public,Cornwall Wildlife Trust,669,erccis@cornwallwildlifetrust.org.uk               ,00   ,3Z,74X0,,,FW   ,16   ,1,
572,04082010CWTScillyCrossingDS974,Cornwall Wildlife Trust Marine Megafauna Ferry surveys~ 2010-2013,1106,Effort-based Marine Megafauna surveys~ 2010-2013 conducted from ferries crossing between Isles of Scilly and Penzance,Public,Cornwall Wildlife Trust,669,erccis@cornwallwildlifetrust.org.uk               ,00   ,3Z,74X0,,,FW   ,16   ,1,
572,06082010CWTScillyCrossingDS975,Cornwall Wildlife Trust Marine Megafauna Ferry surveys~ 2010-2013,1106,Effort-based Marine Megafauna surveys~ 2010-2013 conducted from ferries crossing between Isles of Scilly and Penzance,Public,Cornwall Wildlife Trust,669,erccis@cornwallwildlifetrust.org.uk               ,00   ,3Z,74X0,,,FW   ,16   ,1,
572,11082010CWTScillyCrossingDS976,Cornwall Wildlife Trust Marine Megafauna Ferry surveys~ 2010-2013,1106,Effort-based Marine Megafauna surveys~ 2010-2013 conducted from ferries crossing between Isles of Scilly and Penzance,Public,Cornwall Wildlife Trust,669,erccis@cornwallwildlifetrust.org.uk               ,00   ,3Z,74X0,,,FW   ,16   ,1,
572,18082010CWTScillyCrossingDS978,Cornwall Wildlife Trust Marine Megafauna Ferry surveys~ 2010-2013,1106,Effort-based Marine Megafauna surveys~ 2010-2013 conducted from ferries crossing between Isles of Scilly and Penzance,Public,Cornwall Wildlife Trust,669,erccis@cornwallwildlifetrust.org.uk               ,00   ,3Z,74X0,,,FW   ,16   ,1,
572,01092010CWTScillyCrossingDS986,Cornwall Wildlife Trust Marine Megafauna Ferry surveys~ 2010-2013,1106,Effort-based Marine Megafauna surveys~ 2010-2013 conducted from ferries crossing between Isles of Scilly and Penzance,Public,Cornwall Wildlife Trust,669,erccis@cornwallwildlifetrust.org.uk               ,00   ,3Z,74X0,,,FW   ,16   ,1,
572,23062010CWTScillyCrossingDS960,Cornwall Wildlife Trust Marine Megafauna Ferry surveys~ 2010-2013,1106,Effort-based Marine Megafauna surveys~ 2010-2013 conducted from ferries crossing between Isles of Scilly and Penzance,Public,Cornwall Wildlife Trust,669,erccis@cornwallwildlifetrust.org.uk               ,00   ,3Z,74X0,,,FW   ,16   ,1,
572,30062010CWTScillyCrossingDS962,Cornwall Wildlife Trust Marine Megafauna Ferry surveys~ 2010-2013,1106,Effort-based Marine Megafauna surveys~ 2010-2013 conducted from ferries crossing between Isles of Scilly and Penzance,Public,Cornwall Wildlife Trust,669,erccis@cornwallwildlifetrust.org.uk               ,00   ,3Z,74X0,,,FW   ,16   ,1,
572,02072010CWTScillyCrossingDS964,Cornwall Wildlife Trust Marine Megafauna Ferry surveys~ 2010-2013,1106,Effort-based Marine Megafauna surveys~ 2010-2013 conducted from ferries crossing between Isles of Scilly and Penzance,Public,Cornwall Wildlife Trust,669,erccis@cornwallwildlifetrust.org.uk               ,00   ,3Z,74X0,,,FW   ,16   ,1,
572,07072010CWTScillyCrossingDS966,Cornwall Wildlife Trust Marine Megafauna Ferry surveys~ 2010-2013,1106,Effort-based Marine Megafauna surveys~ 2010-2013 conducted from ferries crossing between Isles of Scilly and Penzance,Public,Cornwall Wildlife Trust,669,erccis@cornwallwildlifetrust.org.uk               ,00   ,3Z,74X0,,,FW   ,16   ,1,
572,14072010CWTScillyCrossingDS968,Cornwall Wildlife Trust Marine Megafauna Ferry surveys~ 2010-2013,1106,Effort-based Marine Megafauna surveys~ 2010-2013 conducted from ferries crossing between Isles of Scilly and Penzance,Public,Cornwall Wildlife Trust,669,erccis@cornwallwildlifetrust.org.uk               ,00   ,3Z,74X0,,,FW   ,16   ,1,
572,21072010CWTScillyCrossingDS969,Cornwall Wildlife Trust Marine Megafauna Ferry surveys~ 2010-2013,1106,Effort-based Marine Megafauna surveys~ 2010-2013 conducted from ferries crossing between Isles of Scilly and Penzance,Public,Cornwall Wildlife Trust,669,erccis@cornwallwildlifetrust.org.uk               ,00   ,3Z,74X0,,,FW   ,16   ,1,
572,19052010CWTScillyCrossingDS929,Cornwall Wildlife Trust Marine Megafauna Ferry surveys~ 2010-2013,1106,Effort-based Marine Megafauna surveys~ 2010-2013 conducted from ferries crossing between Isles of Scilly and Penzance,Public,Cornwall Wildlife Trust,669,erccis@cornwallwildlifetrust.org.uk               ,00   ,3Z,74X0,,,FW   ,16   ,1,
572,26052010CWTScillyCrossingDS934,Cornwall Wildlife Trust Marine Megafauna Ferry surveys~ 2010-2013,1106,Effort-based Marine Megafauna surveys~ 2010-2013 conducted from ferries crossing between Isles of Scilly and Penzance,Public,Cornwall Wildlife Trust,669,erccis@cornwallwildlifetrust.org.uk               ,00   ,3Z,74X0,,,FW   ,16   ,1,
572,02062010CWTScillyCrossingDS940,Cornwall Wildlife Trust Marine Megafauna Ferry surveys~ 2010-2013,1106,Effort-based Marine Megafauna surveys~ 2010-2013 conducted from ferries crossing between Isles of Scilly and Penzance,Public,Cornwall Wildlife Trust,669,erccis@cornwallwildlifetrust.org.uk               ,00   ,3Z,74X0,,,FW   ,16   ,1,
572,04062010CWTScillyCrossingDS941,Cornwall Wildlife Trust Marine Megafauna Ferry surveys~ 2010-2013,1106,Effort-based Marine Megafauna surveys~ 2010-2013 conducted from ferries crossing between Isles of Scilly and Penzance,Public,Cornwall Wildlife Trust,669,erccis@cornwallwildlifetrust.org.uk               ,00   ,3Z,74X0,,,FW   ,16   ,1,
572,09062010CWTScillyCrossingDS949,Cornwall Wildlife Trust Marine Megafauna Ferry surveys~ 2010-2013,1106,Effort-based Marine Megafauna surveys~ 2010-2013 conducted from ferries crossing between Isles of Scilly and Penzance,Public,Cornwall Wildlife Trust,669,erccis@cornwallwildlifetrust.org.uk               ,00   ,3Z,74X0,,,FW   ,16   ,1,
572,16062010CWTScillyCrossingDS956,Cornwall Wildlife Trust Marine Megafauna Ferry surveys~ 2010-2013,1106,Effort-based Marine Megafauna surveys~ 2010-2013 conducted from ferries crossing between Isles of Scilly and Penzance,Public,Cornwall Wildlife Trust,669,erccis@cornwallwildlifetrust.org.uk               ,00   ,3Z,74X0,,,FW   ,16   ,1,
572,07042010CWTScillyCrossingDS908,Cornwall Wildlife Trust Marine Megafauna Ferry surveys~ 2010-2013,1106,Effort-based Marine Megafauna surveys~ 2010-2013 conducted from ferries crossing between Isles of Scilly and Penzance,Public,Cornwall Wildlife Trust,669,erccis@cornwallwildlifetrust.org.uk               ,00   ,3Z,74X0,,,FW   ,16   ,1,
572,14042010CWTScillyCrossingDS912,Cornwall Wildlife Trust Marine Megafauna Ferry surveys~ 2010-2013,1106,Effort-based Marine Megafauna surveys~ 2010-2013 conducted from ferries crossing between Isles of Scilly and Penzance,Public,Cornwall Wildlife Trust,669,erccis@cornwallwildlifetrust.org.uk               ,00   ,3Z,74X0,,,FW   ,16   ,1,
572,21042010CWTScillyCrossingDS913,Cornwall Wildlife Trust Marine Megafauna Ferry surveys~ 2010-2013,1106,Effort-based Marine Megafauna surveys~ 2010-2013 conducted from ferries crossing between Isles of Scilly and Penzance,Public,Cornwall Wildlife Trust,669,erccis@cornwallwildlifetrust.org.uk               ,00   ,3Z,74X0,,,FW   ,16   ,1,
572,28042010CWTScillyCrossingDS914,Cornwall Wildlife Trust Marine Megafauna Ferry surveys~ 2010-2013,1106,Effort-based Marine Megafauna surveys~ 2010-2013 conducted from ferries crossing between Isles of Scilly and Penzance,Public,Cornwall Wildlife Trust,669,erccis@cornwallwildlifetrust.org.uk               ,00   ,3Z,74X0,,,FW   ,16   ,1,
572,05052010CWTScillyCrossingDS916,Cornwall Wildlife Trust Marine Megafauna Ferry surveys~ 2010-2013,1106,Effort-based Marine Megafauna surveys~ 2010-2013 conducted from ferries crossing between Isles of Scilly and Penzance,Public,Cornwall Wildlife Trust,669,erccis@cornwallwildlifetrust.org.uk               ,00   ,3Z,74X0,,,FW   ,16   ,1,
572,07052010CWTScillyCrossingDS920,Cornwall Wildlife Trust Marine Megafauna Ferry surveys~ 2010-2013,1106,Effort-based Marine Megafauna surveys~ 2010-2013 conducted from ferries crossing between Isles of Scilly and Penzance,Public,Cornwall Wildlife Trust,669,erccis@cornwallwildlifetrust.org.uk               ,00   ,3Z,74X0,,,FW   ,16   ,1,
572,28102009CWTScillyCrossingDS902,Cornwall Wildlife Trust Marine Megafauna Ferry surveys~ 2010-2013,1106,Effort-based Marine Megafauna surveys~ 2010-2013 conducted from ferries crossing between Isles of Scilly and Penzance,Public,Cornwall Wildlife Trust,669,erccis@cornwallwildlifetrust.org.uk               ,00   ,3Z,74X0,,,FW   ,16   ,1,
572,28102009CWTScillyCrossingDS903,Cornwall Wildlife Trust Marine Megafauna Ferry surveys~ 2010-2013,1106,Effort-based Marine Megafauna surveys~ 2010-2013 conducted from ferries crossing between Isles of Scilly and Penzance,Public,Cornwall Wildlife Trust,669,erccis@cornwallwildlifetrust.org.uk               ,00   ,3Z,74X0,,,FW   ,16   ,1,
572,08012010CWTScillyCrossingDS904,Cornwall Wildlife Trust Marine Megafauna Ferry surveys~ 2010-2013,1106,Effort-based Marine Megafauna surveys~ 2010-2013 conducted from ferries crossing between Isles of Scilly and Penzance,Public,Cornwall Wildlife Trust,669,erccis@cornwallwildlifetrust.org.uk               ,00   ,3Z,74JE,,,FW   ,16   ,1,
572,09012010CWTScillyCrossingDS905,Cornwall Wildlife Trust Marine Megafauna Ferry surveys~ 2010-2013,1106,Effort-based Marine Megafauna surveys~ 2010-2013 conducted from ferries crossing between Isles of Scilly and Penzance,Public,Cornwall Wildlife Trust,669,erccis@cornwallwildlifetrust.org.uk               ,00   ,3Z,74JE,,,FW   ,16   ,1,
572,23032010CWTScillyCrossingDS906,Cornwall Wildlife Trust Marine Megafauna Ferry surveys~ 2010-2013,1106,Effort-based Marine Megafauna surveys~ 2010-2013 conducted from ferries crossing between Isles of Scilly and Penzance,Public,Cornwall Wildlife Trust,669,erccis@cornwallwildlifetrust.org.uk               ,00   ,3Z,74X0,,,FW   ,16   ,1,
572,23032010CWTScillyCrossingDS907,Cornwall Wildlife Trust Marine Megafauna Ferry surveys~ 2010-2013,1106,Effort-based Marine Megafauna surveys~ 2010-2013 conducted from ferries crossing between Isles of Scilly and Penzance,Public,Cornwall Wildlife Trust,669,erccis@cornwallwildlifetrust.org.uk               ,00   ,3Z,74X0,,,FW   ,16   ,1,
572,23092009CWTScillyCrossingDS882,Cornwall Wildlife Trust Marine Megafauna Ferry surveys~ 2010-2013,1106,Effort-based Marine Megafauna surveys~ 2010-2013 conducted from ferries crossing between Isles of Scilly and Penzance,Public,Cornwall Wildlife Trust,669,erccis@cornwallwildlifetrust.org.uk               ,00   ,3Z,74X0,,,FW   ,16   ,1,
572,30092009CWTScillyCrossingDS889,Cornwall Wildlife Trust Marine Megafauna Ferry surveys~ 2010-2013,1106,Effort-based Marine Megafauna surveys~ 2010-2013 conducted from ferries crossing between Isles of Scilly and Penzance,Public,Cornwall Wildlife Trust,669,erccis@cornwallwildlifetrust.org.uk               ,00   ,3Z,74X0,,,FW   ,16   ,1,
572,07102009CWTScillyCrossingDS890,Cornwall Wildlife Trust Marine Megafauna Ferry surveys~ 2010-2013,1106,Effort-based Marine Megafauna surveys~ 2010-2013 conducted from ferries crossing between Isles of Scilly and Penzance,Public,Cornwall Wildlife Trust,669,erccis@cornwallwildlifetrust.org.uk               ,00   ,3Z,74X0,,,FW   ,16   ,1,
572,07102009CWTScillyCrossingDS891,Cornwall Wildlife Trust Marine Megafauna Ferry surveys~ 2010-2013,1106,Effort-based Marine Megafauna surveys~ 2010-2013 conducted from ferries crossing between Isles of Scilly and Penzance,Public,Cornwall Wildlife Trust,669,erccis@cornwallwildlifetrust.org.uk               ,00   ,3Z,74X0,,,FW   ,16   ,1,
572,14102009CWTScillyCrossingDS894,Cornwall Wildlife Trust Marine Megafauna Ferry surveys~ 2010-2013,1106,Effort-based Marine Megafauna surveys~ 2010-2013 conducted from ferries crossing between Isles of Scilly and Penzance,Public,Cornwall Wildlife Trust,669,erccis@cornwallwildlifetrust.org.uk               ,00   ,3Z,74X0,,,FW   ,16   ,1,
572,23102009CWTScillyCrossingDS899,Cornwall Wildlife Trust Marine Megafauna Ferry surveys~ 2010-2013,1106,Effort-based Marine Megafauna surveys~ 2010-2013 conducted from ferries crossing between Isles of Scilly and Penzance,Public,Cornwall Wildlife Trust,669,erccis@cornwallwildlifetrust.org.uk               ,00   ,3Z,74X0,,,FW   ,16   ,1,
572,12082009CWTScillyCrossingDS864,Cornwall Wildlife Trust Marine Megafauna Ferry surveys~ 2010-2013,1106,Effort-based Marine Megafauna surveys~ 2010-2013 conducted from ferries crossing between Isles of Scilly and Penzance,Public,Cornwall Wildlife Trust,669,erccis@cornwallwildlifetrust.org.uk               ,00   ,3Z,74X0,,,FW   ,16   ,1,
572,19082009CWTScillyCrossingDS869,Cornwall Wildlife Trust Marine Megafauna Ferry surveys~ 2010-2013,1106,Effort-based Marine Megafauna surveys~ 2010-2013 conducted from ferries crossing between Isles of Scilly and Penzance,Public,Cornwall Wildlife Trust,669,erccis@cornwallwildlifetrust.org.uk               ,00   ,3Z,74X0,,,FW   ,16   ,1,
572,27082009CWTScillyCrossingDS870,Cornwall Wildlife Trust Marine Megafauna Ferry surveys~ 2010-2013,1106,Effort-based Marine Megafauna surveys~ 2010-2013 conducted from ferries crossing between Isles of Scilly and Penzance,Public,Cornwall Wildlife Trust,669,erccis@cornwallwildlifetrust.org.uk               ,00   ,3Z,74X0,,,FW   ,16   ,1,
572,02092009CWTScillyCrossingDS871,Cornwall Wildlife Trust Marine Megafauna Ferry surveys~ 2010-2013,1106,Effort-based Marine Megafauna surveys~ 2010-2013 conducted from ferries crossing between Isles of Scilly and Penzance,Public,Cornwall Wildlife Trust,669,erccis@cornwallwildlifetrust.org.uk               ,00   ,3Z,74X0,,,FW   ,16   ,1,
572,09092009CWTScillyCrossingDS876,Cornwall Wildlife Trust Marine Megafauna Ferry surveys~ 2010-2013,1106,Effort-based Marine Megafauna surveys~ 2010-2013 conducted from ferries crossing between Isles of Scilly and Penzance,Public,Cornwall Wildlife Trust,669,erccis@cornwallwildlifetrust.org.uk               ,00   ,3Z,74X0,,,FW   ,16   ,1,
572,16092009CWTScillyCrossingDS879,Cornwall Wildlife Trust Marine Megafauna Ferry surveys~ 2010-2013,1106,Effort-based Marine Megafauna surveys~ 2010-2013 conducted from ferries crossing between Isles of Scilly and Penzance,Public,Cornwall Wildlife Trust,669,erccis@cornwallwildlifetrust.org.uk               ,00   ,3Z,74X0,,,FW   ,16   ,1,
572,01072009CWTScillyCrossingDS848,Cornwall Wildlife Trust Marine Megafauna Ferry surveys~ 2010-2013,1106,Effort-based Marine Megafauna surveys~ 2010-2013 conducted from ferries crossing between Isles of Scilly and Penzance,Public,Cornwall Wildlife Trust,669,erccis@cornwallwildlifetrust.org.uk               ,00   ,3Z,74X0,,,FW   ,16   ,1,
572,08072009CWTScillyCrossingDS849,Cornwall Wildlife Trust Marine Megafauna Ferry surveys~ 2010-2013,1106,Effort-based Marine Megafauna surveys~ 2010-2013 conducted from ferries crossing between Isles of Scilly and Penzance,Public,Cornwall Wildlife Trust,669,erccis@cornwallwildlifetrust.org.uk               ,00   ,3Z,74X0,,,FW   ,16   ,1,
572,15072009CWTScillyCrossingDS852,Cornwall Wildlife Trust Marine Megafauna Ferry surveys~ 2010-2013,1106,Effort-based Marine Megafauna surveys~ 2010-2013 conducted from ferries crossing between Isles of Scilly and Penzance,Public,Cornwall Wildlife Trust,669,erccis@cornwallwildlifetrust.org.uk               ,00   ,3Z,74X0,,,FW   ,16   ,1,
572,23072009CWTScillyCrossingDS855,Cornwall Wildlife Trust Marine Megafauna Ferry surveys~ 2010-2013,1106,Effort-based Marine Megafauna surveys~ 2010-2013 conducted from ferries crossing between Isles of Scilly and Penzance,Public,Cornwall Wildlife Trust,669,erccis@cornwallwildlifetrust.org.uk               ,00   ,3Z,74X0,,,FW   ,16   ,1,
572,29072009CWTScillyCrossingDS856,Cornwall Wildlife Trust Marine Megafauna Ferry surveys~ 2010-2013,1106,Effort-based Marine Megafauna surveys~ 2010-2013 conducted from ferries crossing between Isles of Scilly and Penzance,Public,Cornwall Wildlife Trust,669,erccis@cornwallwildlifetrust.org.uk               ,00   ,3Z,74X0,,,FW   ,16   ,1,
572,06082009CWTScillyCrossingDS861,Cornwall Wildlife Trust Marine Megafauna Ferry surveys~ 2010-2013,1106,Effort-based Marine Megafauna surveys~ 2010-2013 conducted from ferries crossing between Isles of Scilly and Penzance,Public,Cornwall Wildlife Trust,669,erccis@cornwallwildlifetrust.org.uk               ,00   ,3Z,74X0,,,FW   ,16   ,1,
572,28052009CWTScillyCrossingDS822,Cornwall Wildlife Trust Marine Megafauna Ferry surveys~ 2010-2013,1106,Effort-based Marine Megafauna surveys~ 2010-2013 conducted from ferries crossing between Isles of Scilly and Penzance,Public,Cornwall Wildlife Trust,669,erccis@cornwallwildlifetrust.org.uk               ,00   ,3Z,74X0,,,FW   ,16   ,1,
572,29052009CWTScillyCrossingDS823,Cornwall Wildlife Trust Marine Megafauna Ferry surveys~ 2010-2013,1106,Effort-based Marine Megafauna surveys~ 2010-2013 conducted from ferries crossing between Isles of Scilly and Penzance,Public,Cornwall Wildlife Trust,669,erccis@cornwallwildlifetrust.org.uk               ,00   ,3Z,74X0,,,FW   ,16   ,1,
572,03062009CWTScillyCrossingDS826,Cornwall Wildlife Trust Marine Megafauna Ferry surveys~ 2010-2013,1106,Effort-based Marine Megafauna surveys~ 2010-2013 conducted from ferries crossing between Isles of Scilly and Penzance,Public,Cornwall Wildlife Trust,669,erccis@cornwallwildlifetrust.org.uk               ,00   ,3Z,74X0,,,FW   ,16   ,1,
572,10062009CWTScillyCrossingDS835,Cornwall Wildlife Trust Marine Megafauna Ferry surveys~ 2010-2013,1106,Effort-based Marine Megafauna surveys~ 2010-2013 conducted from ferries crossing between Isles of Scilly and Penzance,Public,Cornwall Wildlife Trust,669,erccis@cornwallwildlifetrust.org.uk               ,00   ,3Z,74X0,,,FW   ,16   ,1,
572,17062009CWTScillyCrossingDS842,Cornwall Wildlife Trust Marine Megafauna Ferry surveys~ 2010-2013,1106,Effort-based Marine Megafauna surveys~ 2010-2013 conducted from ferries crossing between Isles of Scilly and Penzance,Public,Cornwall Wildlife Trust,669,erccis@cornwallwildlifetrust.org.uk               ,00   ,3Z,74X0,,,FW   ,16   ,1,
572,24062009CWTScillyCrossingDS847,Cornwall Wildlife Trust Marine Megafauna Ferry surveys~ 2010-2013,1106,Effort-based Marine Megafauna surveys~ 2010-2013 conducted from ferries crossing between Isles of Scilly and Penzance,Public,Cornwall Wildlife Trust,669,erccis@cornwallwildlifetrust.org.uk               ,00   ,3Z,74X0,,,FW   ,16   ,1,
572,22042009CWTScillyCrossingDS812,Cornwall Wildlife Trust Marine Megafauna Ferry surveys~ 2010-2013,1106,Effort-based Marine Megafauna surveys~ 2010-2013 conducted from ferries crossing between Isles of Scilly and Penzance,Public,Cornwall Wildlife Trust,669,erccis@cornwallwildlifetrust.org.uk               ,00   ,3Z,74X0,,,FW   ,16   ,1,
572,24042009CWTScillyCrossingDS813,Cornwall Wildlife Trust Marine Megafauna Ferry surveys~ 2010-2013,1106,Effort-based Marine Megafauna surveys~ 2010-2013 conducted from ferries crossing between Isles of Scilly and Penzance,Public,Cornwall Wildlife Trust,669,erccis@cornwallwildlifetrust.org.uk               ,00   ,3Z,74X0,,,FW   ,16   ,1,
572,01052009CWTScillyCrossingDS815,Cornwall Wildlife Trust Marine Megafauna Ferry surveys~ 2010-2013,1106,Effort-based Marine Megafauna surveys~ 2010-2013 conducted from ferries crossing between Isles of Scilly and Penzance,Public,Cornwall Wildlife Trust,669,erccis@cornwallwildlifetrust.org.uk               ,00   ,3Z,74X0,,,FW   ,16   ,1,
572,06052009CWTScillyCrossingDS817,Cornwall Wildlife Trust Marine Megafauna Ferry surveys~ 2010-2013,1106,Effort-based Marine Megafauna surveys~ 2010-2013 conducted from ferries crossing between Isles of Scilly and Penzance,Public,Cornwall Wildlife Trust,669,erccis@cornwallwildlifetrust.org.uk               ,00   ,3Z,74X0,,,FW   ,16   ,1,
572,13052009CWTScillyCrossingDS818,Cornwall Wildlife Trust Marine Megafauna Ferry surveys~ 2010-2013,1106,Effort-based Marine Megafauna surveys~ 2010-2013 conducted from ferries crossing between Isles of Scilly and Penzance,Public,Cornwall Wildlife Trust,669,erccis@cornwallwildlifetrust.org.uk               ,00   ,3Z,74X0,,,FW   ,16   ,1,
572,20052009CWTScillyCrossingDS821,Cornwall Wildlife Trust Marine Megafauna Ferry surveys~ 2010-2013,1106,Effort-based Marine Megafauna surveys~ 2010-2013 conducted from ferries crossing between Isles of Scilly and Penzance,Public,Cornwall Wildlife Trust,669,erccis@cornwallwildlifetrust.org.uk               ,00   ,3Z,74X0,,,FW   ,16   ,1,
572,16102013CWTScillyCrossingDS37,Cornwall Wildlife Trust Marine Megafauna Ferry surveys~ 2010-2013,1106,Effort-based Marine Megafauna surveys~ 2010-2013 conducted from ferries crossing between Isles of Scilly and Penzance,Public,Cornwall Wildlife Trust,669,erccis@cornwallwildlifetrust.org.uk               ,00   ,3Z,74X0,,,FW   ,16   ,1,
572,23102013CWTScillyCrossingDS38,Cornwall Wildlife Trust Marine Megafauna Ferry surveys~ 2010-2013,1106,Effort-based Marine Megafauna surveys~ 2010-2013 conducted from ferries crossing between Isles of Scilly and Penzance,Public,Cornwall Wildlife Trust,669,erccis@cornwallwildlifetrust.org.uk               ,00   ,3Z,74X0,,,FW   ,16   ,1,
572,30102013CWTScillyCrossingDS39,Cornwall Wildlife Trust Marine Megafauna Ferry surveys~ 2010-2013,1106,Effort-based Marine Megafauna surveys~ 2010-2013 conducted from ferries crossing between Isles of Scilly and Penzance,Public,Cornwall Wildlife Trust,669,erccis@cornwallwildlifetrust.org.uk               ,00   ,3Z,74X0,,,FW   ,16   ,1,
572,01042009CWTScillyCrossingDS805,Cornwall Wildlife Trust Marine Megafauna Ferry surveys~ 2010-2013,1106,Effort-based Marine Megafauna surveys~ 2010-2013 conducted from ferries crossing between Isles of Scilly and Penzance,Public,Cornwall Wildlife Trust,669,erccis@cornwallwildlifetrust.org.uk               ,00   ,3Z,74X0,,,FW   ,16   ,1,
572,08042009CWTScillyCrossingDS806,Cornwall Wildlife Trust Marine Megafauna Ferry surveys~ 2010-2013,1106,Effort-based Marine Megafauna surveys~ 2010-2013 conducted from ferries crossing between Isles of Scilly and Penzance,Public,Cornwall Wildlife Trust,669,erccis@cornwallwildlifetrust.org.uk               ,00   ,3Z,74X0,,,FW   ,16   ,1,
572,15042009CWTScillyCrossingDS809,Cornwall Wildlife Trust Marine Megafauna Ferry surveys~ 2010-2013,1106,Effort-based Marine Megafauna surveys~ 2010-2013 conducted from ferries crossing between Isles of Scilly and Penzance,Public,Cornwall Wildlife Trust,669,erccis@cornwallwildlifetrust.org.uk               ,00   ,3Z,74X0,,,FW   ,16   ,1,
572,11092013CWTScillyCrossingDS31,Cornwall Wildlife Trust Marine Megafauna Ferry surveys~ 2010-2013,1106,Effort-based Marine Megafauna surveys~ 2010-2013 conducted from ferries crossing between Isles of Scilly and Penzance,Public,Cornwall Wildlife Trust,669,erccis@cornwallwildlifetrust.org.uk               ,00   ,3Z,74X0,,,FW   ,16   ,1,
572,18092013CWTScillyCrossingDS32,Cornwall Wildlife Trust Marine Megafauna Ferry surveys~ 2010-2013,1106,Effort-based Marine Megafauna surveys~ 2010-2013 conducted from ferries crossing between Isles of Scilly and Penzance,Public,Cornwall Wildlife Trust,669,erccis@cornwallwildlifetrust.org.uk               ,00   ,3Z,74X0,,,FW   ,16   ,1,
572,25092013CWTScillyCrossingDS33,Cornwall Wildlife Trust Marine Megafauna Ferry surveys~ 2010-2013,1106,Effort-based Marine Megafauna surveys~ 2010-2013 conducted from ferries crossing between Isles of Scilly and Penzance,Public,Cornwall Wildlife Trust,669,erccis@cornwallwildlifetrust.org.uk               ,00   ,3Z,74X0,,,FW   ,16   ,1,
572,04102013CWTScillyCrossingDS34,Cornwall Wildlife Trust Marine Megafauna Ferry surveys~ 2010-2013,1106,Effort-based Marine Megafauna surveys~ 2010-2013 conducted from ferries crossing between Isles of Scilly and Penzance,Public,Cornwall Wildlife Trust,669,erccis@cornwallwildlifetrust.org.uk               ,00   ,3Z,74X0,,,FW   ,16   ,1,
572,04102013CWTScillyCrossingDS35,Cornwall Wildlife Trust Marine Megafauna Ferry surveys~ 2010-2013,1106,Effort-based Marine Megafauna surveys~ 2010-2013 conducted from ferries crossing between Isles of Scilly and Penzance,Public,Cornwall Wildlife Trust,669,erccis@cornwallwildlifetrust.org.uk               ,00   ,3Z,74X0,,,FW   ,16   ,1,
572,09102013CWTScillyCrossingDS36,Cornwall Wildlife Trust Marine Megafauna Ferry surveys~ 2010-2013,1106,Effort-based Marine Megafauna surveys~ 2010-2013 conducted from ferries crossing between Isles of Scilly and Penzance,Public,Cornwall Wildlife Trust,669,erccis@cornwallwildlifetrust.org.uk               ,00   ,3Z,74X0,,,FW   ,16   ,1,
572,12062013CWTScillyCrossingDS13,Cornwall Wildlife Trust Marine Megafauna Ferry surveys~ 2010-2013,1106,Effort-based Marine Megafauna surveys~ 2010-2013 conducted from ferries crossing between Isles of Scilly and Penzance,Public,Cornwall Wildlife Trust,669,erccis@cornwallwildlifetrust.org.uk               ,00   ,3Z,74X0,,,FW   ,16   ,1,
572,14082013CWTScillyCrossingDS26,Cornwall Wildlife Trust Marine Megafauna Ferry surveys~ 2010-2013,1106,Effort-based Marine Megafauna surveys~ 2010-2013 conducted from ferries crossing between Isles of Scilly and Penzance,Public,Cornwall Wildlife Trust,669,erccis@cornwallwildlifetrust.org.uk               ,00   ,3Z,74X0,,,FW   ,16   ,1,
572,21082013CWTScillyCrossingDS27,Cornwall Wildlife Trust Marine Megafauna Ferry surveys~ 2010-2013,1106,Effort-based Marine Megafauna surveys~ 2010-2013 conducted from ferries crossing between Isles of Scilly and Penzance,Public,Cornwall Wildlife Trust,669,erccis@cornwallwildlifetrust.org.uk               ,00   ,3Z,74X0,,,FW   ,16   ,1,
572,28082013CWTScillyCrossingDS28,Cornwall Wildlife Trust Marine Megafauna Ferry surveys~ 2010-2013,1106,Effort-based Marine Megafauna surveys~ 2010-2013 conducted from ferries crossing between Isles of Scilly and Penzance,Public,Cornwall Wildlife Trust,669,erccis@cornwallwildlifetrust.org.uk               ,00   ,3Z,74X0,,,FW   ,16   ,1,
572,30082013CWTScillyCrossingDS29,Cornwall Wildlife Trust Marine Megafauna Ferry surveys~ 2010-2013,1106,Effort-based Marine Megafauna surveys~ 2010-2013 conducted from ferries crossing between Isles of Scilly and Penzance,Public,Cornwall Wildlife Trust,669,erccis@cornwallwildlifetrust.org.uk               ,00   ,3Z,74X0,,,FW   ,16   ,1,
572,04092013CWTScillyCrossingDS30,Cornwall Wildlife Trust Marine Megafauna Ferry surveys~ 2010-2013,1106,Effort-based Marine Megafauna surveys~ 2010-2013 conducted from ferries crossing between Isles of Scilly and Penzance,Public,Cornwall Wildlife Trust,669,erccis@cornwallwildlifetrust.org.uk               ,00   ,3Z,74X0,,,FW   ,16   ,1,
572,01052013CWTScillyCrossingDS7,Cornwall Wildlife Trust Marine Megafauna Ferry surveys~ 2010-2013,1106,Effort-based Marine Megafauna surveys~ 2010-2013 conducted from ferries crossing between Isles of Scilly and Penzance,Public,Cornwall Wildlife Trust,669,erccis@cornwallwildlifetrust.org.uk               ,00   ,3Z,74X0,,,FW   ,16   ,1,
572,08052013CWTScillyCrossingDS8,Cornwall Wildlife Trust Marine Megafauna Ferry surveys~ 2010-2013,1106,Effort-based Marine Megafauna surveys~ 2010-2013 conducted from ferries crossing between Isles of Scilly and Penzance,Public,Cornwall Wildlife Trust,669,erccis@cornwallwildlifetrust.org.uk               ,00   ,3Z,74X0,,,FW   ,16   ,1,
572,15052013CWTScillyCrossingDS9,Cornwall Wildlife Trust Marine Megafauna Ferry surveys~ 2010-2013,1106,Effort-based Marine Megafauna surveys~ 2010-2013 conducted from ferries crossing between Isles of Scilly and Penzance,Public,Cornwall Wildlife Trust,669,erccis@cornwallwildlifetrust.org.uk               ,00   ,3Z,74X0,,,FW   ,16   ,1,
572,22052013CWTScillyCrossingDS10,Cornwall Wildlife Trust Marine Megafauna Ferry surveys~ 2010-2013,1106,Effort-based Marine Megafauna surveys~ 2010-2013 conducted from ferries crossing between Isles of Scilly and Penzance,Public,Cornwall Wildlife Trust,669,erccis@cornwallwildlifetrust.org.uk               ,00   ,3Z,74X0,,,FW   ,16   ,1,
572,30052013CWTScillyCrossingDS11,Cornwall Wildlife Trust Marine Megafauna Ferry surveys~ 2010-2013,1106,Effort-based Marine Megafauna surveys~ 2010-2013 conducted from ferries crossing between Isles of Scilly and Penzance,Public,Cornwall Wildlife Trust,669,erccis@cornwallwildlifetrust.org.uk               ,00   ,3Z,74X0,,,FW   ,16   ,1,
572,05062013CWTScillyCrossingDS12,Cornwall Wildlife Trust Marine Megafauna Ferry surveys~ 2010-2013,1106,Effort-based Marine Megafauna surveys~ 2010-2013 conducted from ferries crossing between Isles of Scilly and Penzance,Public,Cornwall Wildlife Trust,669,erccis@cornwallwildlifetrust.org.uk               ,00   ,3Z,74X0,,,FW   ,16   ,1,
572,31072013CWTScillyCrossingDS23,Cornwall Wildlife Trust Marine Megafauna Ferry surveys~ 2010-2013,1106,Effort-based Marine Megafauna surveys~ 2010-2013 conducted from ferries crossing between Isles of Scilly and Penzance,Public,Cornwall Wildlife Trust,669,erccis@cornwallwildlifetrust.org.uk               ,00   ,3Z,74X0,,,FW   ,16   ,1,
572,07082013CWTScillyCrossingDS24,Cornwall Wildlife Trust Marine Megafauna Ferry surveys~ 2010-2013,1106,Effort-based Marine Megafauna surveys~ 2010-2013 conducted from ferries crossing between Isles of Scilly and Penzance,Public,Cornwall Wildlife Trust,669,erccis@cornwallwildlifetrust.org.uk               ,00   ,3Z,74X0,,,FW   ,16   ,1,
572,09082013CWTScillyCrossingDS25,Cornwall Wildlife Trust Marine Megafauna Ferry surveys~ 2010-2013,1106,Effort-based Marine Megafauna surveys~ 2010-2013 conducted from ferries crossing between Isles of Scilly and Penzance,Public,Cornwall Wildlife Trust,669,erccis@cornwallwildlifetrust.org.uk               ,00   ,3Z,74X0,,,FW   ,16   ,1,
572,10042013CWTScillyCrossingDS4,Cornwall Wildlife Trust Marine Megafauna Ferry surveys~ 2010-2013,1106,Effort-based Marine Megafauna surveys~ 2010-2013 conducted from ferries crossing between Isles of Scilly and Penzance,Public,Cornwall Wildlife Trust,669,erccis@cornwallwildlifetrust.org.uk               ,00   ,3Z,74X0,,,FW   ,16   ,1,
572,19042013CWTScillyCrossingDS5,Cornwall Wildlife Trust Marine Megafauna Ferry surveys~ 2010-2013,1106,Effort-based Marine Megafauna surveys~ 2010-2013 conducted from ferries crossing between Isles of Scilly and Penzance,Public,Cornwall Wildlife Trust,669,erccis@cornwallwildlifetrust.org.uk               ,00   ,3Z,74X0,,,FW   ,16   ,1,
572,24042013CWTScillyCrossingDS6,Cornwall Wildlife Trust Marine Megafauna Ferry surveys~ 2010-2013,1106,Effort-based Marine Megafauna surveys~ 2010-2013 conducted from ferries crossing between Isles of Scilly and Penzance,Public,Cornwall Wildlife Trust,669,erccis@cornwallwildlifetrust.org.uk               ,00   ,3Z,74X0,,,FW   ,16   ,1,
572,26062013CWTScillyCrossingDS17,Cornwall Wildlife Trust Marine Megafauna Ferry surveys~ 2010-2013,1106,Effort-based Marine Megafauna surveys~ 2010-2013 conducted from ferries crossing between Isles of Scilly and Penzance,Public,Cornwall Wildlife Trust,669,erccis@cornwallwildlifetrust.org.uk               ,00   ,3Z,74X0,,,FW   ,16   ,1,
572,03072013CWTScillyCrossingDS18,Cornwall Wildlife Trust Marine Megafauna Ferry surveys~ 2010-2013,1106,Effort-based Marine Megafauna surveys~ 2010-2013 conducted from ferries crossing between Isles of Scilly and Penzance,Public,Cornwall Wildlife Trust,669,erccis@cornwallwildlifetrust.org.uk               ,00   ,3Z,74X0,,,FW   ,16   ,1,
572,10072013CWTScillyCrossingDS19,Cornwall Wildlife Trust Marine Megafauna Ferry surveys~ 2010-2013,1106,Effort-based Marine Megafauna surveys~ 2010-2013 conducted from ferries crossing between Isles of Scilly and Penzance,Public,Cornwall Wildlife Trust,669,erccis@cornwallwildlifetrust.org.uk               ,00   ,3Z,74X0,,,FW   ,16   ,1,
572,12072013CWTScillyCrossingDS20,Cornwall Wildlife Trust Marine Megafauna Ferry surveys~ 2010-2013,1106,Effort-based Marine Megafauna surveys~ 2010-2013 conducted from ferries crossing between Isles of Scilly and Penzance,Public,Cornwall Wildlife Trust,669,erccis@cornwallwildlifetrust.org.uk               ,00   ,3Z,74X0,,,FW   ,16   ,1,
572,17072013CWTScillyCrossingDS21,Cornwall Wildlife Trust Marine Megafauna Ferry surveys~ 2010-2013,1106,Effort-based Marine Megafauna surveys~ 2010-2013 conducted from ferries crossing between Isles of Scilly and Penzance,Public,Cornwall Wildlife Trust,669,erccis@cornwallwildlifetrust.org.uk               ,00   ,3Z,74X0,,,FW   ,16   ,1,
572,24072013CWTScillyCrossingDS22,Cornwall Wildlife Trust Marine Megafauna Ferry surveys~ 2010-2013,1106,Effort-based Marine Megafauna surveys~ 2010-2013 conducted from ferries crossing between Isles of Scilly and Penzance,Public,Cornwall Wildlife Trust,669,erccis@cornwallwildlifetrust.org.uk               ,00   ,3Z,74X0,,,FW   ,16   ,1,
586,SCANSIII Block C Aerial,Small cetaceans in the European Atlantic and North Sea (SCANS-III) Block C aerial survey,1106,The third itteration of SCANS survey conducted during the summer 2016 along East Atlantic continental shelf to generate robust estimates of abundance for cetacean species~ using aerial and ship based platforms and following distance sampling methods.,Public,,49,smru@st-andrews.ac.uk                             ,16   ,62,,PS   ,,BL,14,0,
586,SCANSIII Block D Aerial,Small cetaceans in the European Atlantic and North Sea (SCANS-III) Block D aerial survey,1106,The third itteration of SCANS survey conducted during the summer 2016 along East Atlantic continental shelf to generate robust estimates of abundance for cetacean species~ using aerial and ship based platforms and following distance sampling methods.,Public,,49,smru@st-andrews.ac.uk                             ,16   ,62,,PS   ,,BL,14,0,
589,SCANSIII Block E Aerial,Small cetaceans in the European Atlantic and North Sea (SCANS-III) Block E aerial survey,1106,The third itteration of SCANS survey conducted during the summer 2016 along East Atlantic continental shelf to generate robust estimates of abundance for cetacean species~ using aerial and ship based platforms and following distance sampling methods.,Public,,49,smru@st-andrews.ac.uk                             ,16   ,62,,PS   ,,BL,14,0,
589,SCANSIII Block F Aerial,Small cetaceans in the European Atlantic and North Sea (SCANS-III) Block F aerial survey,1106,The third itteration of SCANS survey conducted during the summer 2016 along East Atlantic continental shelf to generate robust estimates of abundance for cetacean species~ using aerial and ship based platforms and following distance sampling methods.,Public,,49,smru@st-andrews.ac.uk                             ,16   ,62,,PS   ,,BL,14,0,
589,SCANSIII Block G Aerial,Small cetaceans in the European Atlantic and North Sea (SCANS-III) Block G aerial survey,1106,The third itteration of SCANS survey conducted during the summer 2016 along East Atlantic continental shelf to generate robust estimates of abundance for cetacean species~ using aerial and ship based platforms and following distance sampling methods.,Public,,49,smru@st-andrews.ac.uk                             ,16   ,62,,PS   ,,BL,14,0,
609,SCANSIII Block S Aerial,Small cetaceans in the European Atlantic and North Sea (SCANS-III) Block S aerial survey,1106,The third itteration of SCANS survey conducted during the summer 2016 along East Atlantic continental shelf to generate robust estimates of abundance for cetacean species~ using aerial and ship based platforms and following distance sampling methods.,Public,,49,smru@st-andrews.ac.uk                             ,16   ,62,,PS   ,,BL,14,0,
609,SCANSIII Block V Aerial,Small cetaceans in the European Atlantic and North Sea (SCANS-III) Block V aerial survey,1106,The third itteration of SCANS survey conducted during the summer 2016 along East Atlantic continental shelf to generate robust estimates of abundance for cetacean species~ using aerial and ship based platforms and following distance sampling methods.,Public,,49,smru@st-andrews.ac.uk                             ,16   ,62,,PS   ,,BL,14,0,
609,SCANSIII Block W Aerial,Small cetaceans in the European Atlantic and North Sea (SCANS-III) Block W aerial survey,1106,The third itteration of SCANS survey conducted during the summer 2016 along East Atlantic continental shelf to generate robust estimates of abundance for cetacean species~ using aerial and ship based platforms and following distance sampling methods.,Public,,49,smru@st-andrews.ac.uk                             ,16   ,62,,PS   ,,BL,14,0,
609,SCANSIII Block X Aerial,Small cetaceans in the European Atlantic and North Sea (SCANS-III) Block X aerial survey,1106,The third itteration of SCANS survey conducted during the summer 2016 along East Atlantic continental shelf to generate robust estimates of abundance for cetacean species~ using aerial and ship based platforms and following distance sampling methods.,Public,,49,smru@st-andrews.ac.uk                             ,16   ,62,,PS   ,,BL,14,0,
609,SCANSIII Block Y Aerial,Small cetaceans in the European Atlantic and North Sea (SCANS-III) Block Y aerial survey,1106,The third itteration of SCANS survey conducted during the summer 2016 along East Atlantic continental shelf to generate robust estimates of abundance for cetacean species~ using aerial and ship based platforms and following distance sampling methods.,Public,,49,smru@st-andrews.ac.uk                             ,16   ,62,,PS   ,,BL,14,0,
609,SCANSIII Block Z Aerial,Small cetaceans in the European Atlantic and North Sea (SCANS-III) Block Z aerial survey,1106,The third itteration of SCANS survey conducted during the summer 2016 along East Atlantic continental shelf to generate robust estimates of abundance for cetacean species~ using aerial and ship based platforms and following distance sampling methods.,Public,,49,smru@st-andrews.ac.uk                             ,16   ,62,,PS   ,,BL,14,0,
610,SCANSIII Block N Aerial,Small cetaceans in the European Atlantic and North Sea (SCANS-III) Block N aerial survey,1106,The third itteration of SCANS survey conducted during the summer 2016 along East Atlantic continental shelf to generate robust estimates of abundance for cetacean species~ using aerial and ship based platforms and following distance sampling methods.,Public,,49,smru@st-andrews.ac.uk                             ,16   ,62,,PS   ,,BL,14,0,
610,SCANSIII Block Q Aerial,Small cetaceans in the European Atlantic and North Sea (SCANS-III) Block Q aerial survey,1106,The third itteration of SCANS survey conducted during the summer 2016 along East Atlantic continental shelf to generate robust estimates of abundance for cetacean species~ using aerial and ship based platforms and following distance sampling methods.,Public,,49,smru@st-andrews.ac.uk                             ,16   ,62,,PS   ,,BL,14,0,
610,SCANSIII Block R Aerial,Small cetaceans in the European Atlantic and North Sea (SCANS-III) Block R aerial survey,1106,The third itteration of SCANS survey conducted during the summer 2016 along East Atlantic continental shelf to generate robust estimates of abundance for cetacean species~ using aerial and ship based platforms and following distance sampling methods.,Public,,49,smru@st-andrews.ac.uk                             ,16   ,62,,PS   ,,BL,14,0,
611,SCANSIII Block O Aerial,Small cetaceans in the European Atlantic and North Sea (SCANS-III) Block O aerial survey,1106,The third itteration of SCANS survey conducted during the summer 2016 along East Atlantic continental shelf to generate robust estimates of abundance for cetacean species~ using aerial and ship based platforms and following distance sampling methods.,Public,,49,smru@st-andrews.ac.uk                             ,16   ,62,,PS   ,,BL,14,0,
611,SCANSIII Block P Aerial,Small cetaceans in the European Atlantic and North Sea (SCANS-III) Block P aerial survey,1106,The third itteration of SCANS survey conducted during the summer 2016 along East Atlantic continental shelf to generate robust estimates of abundance for cetacean species~ using aerial and ship based platforms and following distance sampling methods.,Public,,49,smru@st-andrews.ac.uk                             ,16   ,62,,PS   ,,BL,14,0,
611,SCANSIII Block T Aerial,Small cetaceans in the European Atlantic and North Sea (SCANS-III) Block T aerial survey,1106,The third itteration of SCANS survey conducted during the summer 2016 along East Atlantic continental shelf to generate robust estimates of abundance for cetacean species~ using aerial and ship based platforms and following distance sampling methods.,Public,,49,smru@st-andrews.ac.uk                             ,16   ,62,,PS   ,,BL,14,0,
611,SCANSIII Block U Aerial,Small cetaceans in the European Atlantic and North Sea (SCANS-III) Block U aerial survey,1106,The third itteration of SCANS survey conducted during the summer 2016 along East Atlantic continental shelf to generate robust estimates of abundance for cetacean species~ using aerial and ship based platforms and following distance sampling methods.,Public,,49,smru@st-andrews.ac.uk                             ,16   ,62,,PS   ,,BL,14,0,
682,SCANS1994_Block-C_Henny,Small cetaceans in the European Atlantic and North Sea (SCANS-94) Block C,1106,SCANS (Small Cetacean Abundance in the North Sea) survey was conducted in summer 1994 using shipboard and aerial line transect to provide accurate and precise estimates of abundance for small cetacean species as a basis for conservation strategy in European waters. The surveys were conducted and designed to generate precise and unbiased abundance estimates.,Public,,49,smru@st-andrews.ac.uk                             ,16   ,3Z,74NX,PS   ,,FW   ,18   ,6,
682,SCANS1994_Block-F_Corvette,Small cetaceans in the European Atlantic and North Sea (SCANS-94) Block F,1106,SCANS (Small Cetacean Abundance in the North Sea) survey was conducted in summer 1994 using shipboard and aerial line transect to provide accurate and precise estimates of abundance for small cetacean species as a basis for conservation strategy in European waters. The surveys were conducted and designed to generate precise and unbiased abundance estimates.,Public,,49,smru@st-andrews.ac.uk                             ,16   ,3Z,267J,PS   ,,FW   ,18   ,6,
707,SCANSII Block P Double platform,Small cetaceans in the European Atlantic and North Sea (SCANS-II) Block P Double platform line-transect~ distance sampling method,1106,In July 2005 the entire EU Atlantic continental shelf was surveyed to generate robust estimates of abundance for harbour porpoise and other cetacean species. The survey used line transect sampling methods and purpose built data collection equipment design,Public,,49,smru@st-andrews.ac.uk                             ,16   ,3Z,64ZF ,PS   ,,FW   ,18   ,4,
707,SCANSII Block P Single platform,Small cetaceans in the European Atlantic and North Sea (SCANS-II) Block P Single platform line-transect~ distance sampling method,1106,In July 2005 the entire EU Atlantic continental shelf was surveyed to generate robust estimates of abundance for harbour porpoise and other cetacean species. The survey used line transect sampling methods and purpose built data collection equipment design,Public,,49,smru@st-andrews.ac.uk                             ,16   ,3Z,64ZF ,PS   ,,FW   ,16   ,4,
707,SCANSII Block Q Double platform,Small cetaceans in the European Atlantic and North Sea (SCANS-II) Block Q Double platform line-transect~ distance sampling method,1106,In July 2005 the entire EU Atlantic continental shelf was surveyed to generate robust estimates of abundance for harbour porpoise and other cetacean species. The survey used line transect sampling methods and purpose built data collection equipment design,Public,,49,smru@st-andrews.ac.uk                             ,16   ,3Z,SVMC ,PS   ,,FW   ,18   ,4,
707,SCANSII Block Q Single platform,Small cetaceans in the European Atlantic and North Sea (SCANS-II) Block Q Single platform line-transect~ distance sampling method,1106,In July 2005 the entire EU Atlantic continental shelf was surveyed to generate robust estimates of abundance for harbour porpoise and other cetacean species. The survey used line transect sampling methods and purpose built data collection equipment design,Public,,49,smru@st-andrews.ac.uk                             ,16   ,3Z,SVMC ,PS   ,,FW   ,16   ,4,
707,SCANSII Block S Double platform,Small cetaceans in the European Atlantic and North Sea (SCANS-II) Block S Double platform line-transect~ distance sampling method,1106,In July 2005 the entire EU Atlantic continental shelf was surveyed to generate robust estimates of abundance for harbour porpoise and other cetacean species. The survey used line transect sampling methods and purpose built data collection equipment design,Public,,49,smru@st-andrews.ac.uk                             ,16   ,3Z,77SK ,PS   ,,FW   ,18   ,4,
707,SCANSII Block S Single platform,Small cetaceans in the European Atlantic and North Sea (SCANS-II) Block S Single platform line-transect~ distance sampling method,1106,In July 2005 the entire EU Atlantic continental shelf was surveyed to generate robust estimates of abundance for harbour porpoise and other cetacean species. The survey used line transect sampling methods and purpose built data collection equipment design,Public,,49,smru@st-andrews.ac.uk                             ,16   ,3Z,77SK ,PS   ,,FW   ,16   ,4,
707,SCANSII Block T Double platform,Small cetaceans in the European Atlantic and North Sea (SCANS-II) Block T Double platform line-transect~ distance sampling method,1106,In July 2005 the entire EU Atlantic continental shelf was surveyed to generate robust estimates of abundance for harbour porpoise and other cetacean species. The survey used line transect sampling methods and purpose built data collection equipment design,Public,,49,smru@st-andrews.ac.uk                             ,16   ,3Z,26WF ,PS   ,,FW   ,18   ,4,
707,SCANSII Block T Single platform,Small cetaceans in the European Atlantic and North Sea (SCANS-II) Block T Single platform line-transect~ distance sampling method,1106,In July 2005 the entire EU Atlantic continental shelf was surveyed to generate robust estimates of abundance for harbour porpoise and other cetacean species. The survey used line transect sampling methods and purpose built data collection equipment design,Public,,49,smru@st-andrews.ac.uk                             ,16   ,3Z,26WF ,PS   ,,FW   ,16   ,4,
707,SCANSII Block U Double platform,Small cetaceans in the European Atlantic and North Sea (SCANS-II) Block U Double platform line-transect~ distance sampling method,1106,In July 2005 the entire EU Atlantic continental shelf was surveyed to generate robust estimates of abundance for harbour porpoise and other cetacean species. The survey used line transect sampling methods and purpose built data collection equipment design,Public,,49,smru@st-andrews.ac.uk                             ,16   ,3Z,06VI ,PS   ,,FW   ,18   ,4,
707,SCANSII Block U Single platform,Small cetaceans in the European Atlantic and North Sea (SCANS-II) Block U Single platform line-transect~ distance sampling method,1106,In July 2005 the entire EU Atlantic continental shelf was surveyed to generate robust estimates of abundance for harbour porpoise and other cetacean species. The survey used line transect sampling methods and purpose built data collection equipment design,Public,,49,smru@st-andrews.ac.uk                             ,16   ,3Z,06VI ,PS   ,,FW   ,16   ,4,
707,SCANSII Block V Double platform,Small cetaceans in the European Atlantic and North Sea (SCANS-II) Block V Double platform line-transect~ distance sampling method,1106,In July 2005 the entire EU Atlantic continental shelf was surveyed to generate robust estimates of abundance for harbour porpoise and other cetacean species. The survey used line transect sampling methods and purpose built data collection equipment design,Public,,49,smru@st-andrews.ac.uk                             ,16   ,3Z,26GM ,PS   ,,FW   ,18   ,4,
707,SCANSII Block V Single platform,Small cetaceans in the European Atlantic and North Sea (SCANS-II) Block V Single platform line-transect~ distance sampling method,1106,In July 2005 the entire EU Atlantic continental shelf was surveyed to generate robust estimates of abundance for harbour porpoise and other cetacean species. The survey used line transect sampling methods and purpose built data collection equipment design,Public,,49,smru@st-andrews.ac.uk                             ,16   ,3Z,26GM ,PS   ,,FW   ,16   ,4,
707,SCANSII Block W Double platform,Small cetaceans in the European Atlantic and North Sea (SCANS-II) Block W Double platform line-transect~ distance sampling method,1106,In July 2005 the entire EU Atlantic continental shelf was surveyed to generate robust estimates of abundance for harbour porpoise and other cetacean species. The survey used line transect sampling methods and purpose built data collection equipment design,Public,,49,smru@st-andrews.ac.uk                             ,16   ,3Z,29IN ,PS   ,,FW   ,18   ,4,
707,SCANSII Block W Single platform,Small cetaceans in the European Atlantic and North Sea (SCANS-II) Block W Single platform line-transect~ distance sampling method,1106,In July 2005 the entire EU Atlantic continental shelf was surveyed to generate robust estimates of abundance for harbour porpoise and other cetacean species. The survey used line transect sampling methods and purpose built data collection equipment design,Public,,49,smru@st-andrews.ac.uk                             ,16   ,3Z,29IN ,PS   ,,FW   ,16   ,4,
717,SCANS1994_Block-A_Dana,Small cetaceans in the European Atlantic and North Sea (SCANS-94) Block A,1106,SCANS (Small Cetacean Abundance in the North Sea) survey was conducted in summer 1994 using shipboard and aerial line transect to provide accurate and precise estimates of abundance for small cetacean species as a basis for conservation strategy in European waters. The surveys were conducted and designed to generate precise and unbiased abundance estimates.,Public,,49,smru@st-andrews.ac.uk                             ,16   ,3Z,26D4,PS   ,,FW   ,18   ,6,
717,SCANS1994_Block-D_Abel-J,Small cetaceans in the European Atlantic and North Sea (SCANS-94) Block D,1106,SCANS (Small Cetacean Abundance in the North Sea) survey was conducted in summer 1994 using shipboard and aerial line transect to provide accurate and precise estimates of abundance for small cetacean species as a basis for conservation strategy in European waters. The surveys were conducted and designed to generate precise and unbiased abundance estimates.,Public,,49,smru@st-andrews.ac.uk                             ,16   ,3Z,315P,PS   ,,FW   ,18   ,6,
717,SCANS1994_Block-E_Gorm,Small cetaceans in the European Atlantic and North Sea (SCANS-94) Block E,1106,SCANS (Small Cetacean Abundance in the North Sea) survey was conducted in summer 1994 using shipboard and aerial line transect to provide accurate and precise estimates of abundance for small cetacean species as a basis for conservation strategy in European waters. The surveys were conducted and designed to generate precise and unbiased abundance estimates.,Public,,49,smru@st-andrews.ac.uk                             ,16   ,3Z,26GM ,PS   ,,FW   ,18   ,6,
717,SCANS1994_Block-G_Holland,Small cetaceans in the European Atlantic and North Sea (SCANS-94) Block G,1106,SCANS (Small Cetacean Abundance in the North Sea) survey was conducted in summer 1994 using shipboard and aerial line transect to provide accurate and precise estimates of abundance for small cetacean species as a basis for conservation strategy in European waters. The surveys were conducted and designed to generate precise and unbiased abundance estimates.,Public,,49,smru@st-andrews.ac.uk                             ,16   ,3Z,310A,PS   ,,FW   ,18   ,6,
717,SCANS1994_Block-G_Tridens,Small cetaceans in the European Atlantic and North Sea (SCANS-94) Block G,1106,SCANS (Small Cetacean Abundance in the North Sea) survey was conducted in summer 1994 using shipboard and aerial line transect to provide accurate and precise estimates of abundance for small cetacean species as a basis for conservation strategy in European waters. The surveys were conducted and designed to generate precise and unbiased abundance estimates.,Public,,49,smru@st-andrews.ac.uk                             ,16   ,3Z,64T0,PS   ,,FW   ,18   ,6,
717,SCANS1994_Block-H_Isis,Small cetaceans in the European Atlantic and North Sea (SCANS-94) Block H,1106,SCANS (Small Cetacean Abundance in the North Sea) survey was conducted in summer 1994 using shipboard and aerial line transect to provide accurate and precise estimates of abundance for small cetacean species as a basis for conservation strategy in European waters. The surveys were conducted and designed to generate precise and unbiased abundance estimates.,Public,,49,smru@st-andrews.ac.uk                             ,16   ,3Z,64SS,PS   ,,FW   ,18   ,4,
717,SCANS1994_Block-I_Gunnar Thorsen,Small cetaceans in the European Atlantic and North Sea (SCANS-94) Block I,1106,SCANS (Small Cetacean Abundance in the North Sea) survey was conducted in summer 1994 using shipboard and aerial line transect to provide accurate and precise estimates of abundance for small cetacean species as a basis for conservation strategy in European waters. The surveys were conducted and designed to generate precise and unbiased abundance estimates.,Public,,49,smru@st-andrews.ac.uk                             ,16   ,3Z,26G2,PS   ,,FW   ,18   ,6,
718,SCANSIII Block K Aerial,Small cetaceans in the European Atlantic and North Sea (SCANS-III) Block K aerial survey,1106,The third itteration of SCANS survey conducted during the summer 2016 along East Atlantic continental shelf to generate robust estimates of abundance for cetacean species~ using aerial and ship based platforms and following distance sampling methods.,Public,784,49,smru@st-andrews.ac.uk                             ,16   ,62,,PS   ,,BL,14,0,
718,SCANSIII Block L Aerial,Small cetaceans in the European Atlantic and North Sea (SCANS-III) Block L aerial survey,1106,The third itteration of SCANS survey conducted during the summer 2016 along East Atlantic continental shelf to generate robust estimates of abundance for cetacean species~ using aerial and ship based platforms and following distance sampling methods.,Public,784,49,smru@st-andrews.ac.uk                             ,16   ,62,,PS   ,,BL,14,0,
718,SCANSIII Block M Aerial,Small cetaceans in the European Atlantic and North Sea (SCANS-III) Block M aerial survey,1106,The third itteration of SCANS survey conducted during the summer 2016 along East Atlantic continental shelf to generate robust estimates of abundance for cetacean species~ using aerial and ship based platforms and following distance sampling methods.,Public,784,49,smru@st-andrews.ac.uk                             ,16   ,62,,PS   ,,BL,14,0,
719,SCANSIII Block I Aerial,Small cetaceans in the European Atlantic and North Sea (SCANS-III) Block I aerial survey,1106,The third itteration of SCANS survey conducted during the summer 2016 along East Atlantic continental shelf to generate robust estimates of abundance for cetacean species~ using aerial and ship based platforms and following distance sampling methods.,Public,784,49,smru@st-andrews.ac.uk                             ,16   ,62,,PS   ,,BL,14,0,
719,SCANSIII Block J Aerial,Small cetaceans in the European Atlantic and North Sea (SCANS-III) Block J aerial survey,1106,The third itteration of SCANS survey conducted during the summer 2016 along East Atlantic continental shelf to generate robust estimates of abundance for cetacean species~ using aerial and ship based platforms and following distance sampling methods.,Public,784,49,smru@st-andrews.ac.uk                             ,16   ,62,,PS   ,,BL,14,0,
720,SCANSIII Block H Aerial,Small cetaceans in the European Atlantic and North Sea (SCANS-III) Block H aerial survey,1106,The third itteration of SCANS survey conducted during the summer 2016 along East Atlantic continental shelf to generate robust estimates of abundance for cetacean species~ using aerial and ship based platforms and following distance sampling methods.,Public,784,49,smru@st-andrews.ac.uk                             ,16   ,62,,PS   ,,BL,14,0,
721,SCANSIII Block A Aerial,Small cetaceans in the European Atlantic and North Sea (SCANS-III) Block A aerial survey,1106,The third itteration of SCANS survey conducted during the summer 2016 along East Atlantic continental shelf to generate robust estimates of abundance for cetacean species~ using aerial and ship based platforms and following distance sampling methods.,Public,,49,smru@st-andrews.ac.uk                             ,16   ,62,,PS   ,,BL,14,0,
722,SCANSII Block B Aerial,Small cetaceans in the European Atlantic and North Sea (SCANS-II) Block B aerial survey,1106,In July 2005 the entire EU Atlantic continental shelf was surveyed to generate robust estimates of abundance for harbour porpoise and other cetacean species. The survey used line transect sampling methods from aerial platforms~ and purpose built data coll,Public,49,49,smru@st-andrews.ac.uk                             ,16   ,62,,PS   ,,BL,14,0,
722,SCANSII Block H Aerial,Small cetaceans in the European Atlantic and North Sea (SCANS-II) Block H aerial survey,1106,In July 2005 the entire EU Atlantic continental shelf was surveyed to generate robust estimates of abundance for harbour porpoise and other cetacean species. The survey used line transect sampling methods from aerial platforms~ and purpose built data coll,Public,49,49,smru@st-andrews.ac.uk                             ,16   ,62,,PS   ,,BL,14,0,
722,SCANSII Block J Aerial,Small cetaceans in the European Atlantic and North Sea (SCANS-II) Block J aerial survey,1106,In July 2005 the entire EU Atlantic continental shelf was surveyed to generate robust estimates of abundance for harbour porpoise and other cetacean species. The survey used line transect sampling methods from aerial platforms~ and purpose built data coll,Public,49,49,smru@st-andrews.ac.uk                             ,16   ,62,,PS   ,,BL,14,0,
722,SCANSII Block L Aerial,Small cetaceans in the European Atlantic and North Sea (SCANS-II) Block L aerial survey,1106,In July 2005 the entire EU Atlantic continental shelf was surveyed to generate robust estimates of abundance for harbour porpoise and other cetacean species. The survey used line transect sampling methods from aerial platforms~ and purpose built data coll,Public,49,49,smru@st-andrews.ac.uk                             ,16   ,62,,PS   ,,BL,14,0,
722,SCANSII Block M Aerial,Small cetaceans in the European Atlantic and North Sea (SCANS-II) Block M aerial survey,1106,In July 2005 the entire EU Atlantic continental shelf was surveyed to generate robust estimates of abundance for harbour porpoise and other cetacean species. The survey used line transect sampling methods from aerial platforms~ and purpose built data coll,Public,49,49,smru@st-andrews.ac.uk                             ,16   ,62,,PS   ,,BL,14,0,
722,SCANSII Block N Aerial,Small cetaceans in the European Atlantic and North Sea (SCANS-II) Block N aerial survey,1106,In July 2005 the entire EU Atlantic continental shelf was surveyed to generate robust estimates of abundance for harbour porpoise and other cetacean species. The survey used line transect sampling methods from aerial platforms~ and purpose built data coll,Public,49,49,smru@st-andrews.ac.uk                             ,16   ,62,,PS   ,,BL,14,0,
722,SCANSII Block O Aerial,Small cetaceans in the European Atlantic and North Sea (SCANS-II) Block O aerial survey,1106,In July 2005 the entire EU Atlantic continental shelf was surveyed to generate robust estimates of abundance for harbour porpoise and other cetacean species. The survey used line transect sampling methods from aerial platforms~ and purpose built data coll,Public,49,49,smru@st-andrews.ac.uk                             ,16   ,62,,PS   ,,BL,14,0,
722,SCANSII Block R Aerial,Small cetaceans in the European Atlantic and North Sea (SCANS-II) Block R aerial survey,1106,In July 2005 the entire EU Atlantic continental shelf was surveyed to generate robust estimates of abundance for harbour porpoise and other cetacean species. The survey used line transect sampling methods from aerial platforms~ and purpose built data coll,Public,49,49,smru@st-andrews.ac.uk                             ,16   ,62,,PS   ,,BL,14,0,
722,SCANSII Block Y Aerial,Small cetaceans in the European Atlantic and North Sea (SCANS-II) Block Y aerial survey,1106,In July 2005 the entire EU Atlantic continental shelf was surveyed to generate robust estimates of abundance for harbour porpoise and other cetacean species. The survey used line transect sampling methods from aerial platforms~ and purpose built data coll,Public,49,49,smru@st-andrews.ac.uk                             ,16   ,62,,PS   ,,BL,14,0,
722,SCANSII Block Z Aerial,Small cetaceans in the European Atlantic and North Sea (SCANS-II) Block Z aerial survey,1106,In July 2005 the entire EU Atlantic continental shelf was surveyed to generate robust estimates of abundance for harbour porpoise and other cetacean species. The survey used line transect sampling methods from aerial platforms~ and purpose built data coll,Public,49,49,smru@st-andrews.ac.uk                             ,16   ,62,,PS   ,,BL,14,0,
724,SCANSIII Block B Aerial,Small cetaceans in the European Atlantic and North Sea (SCANS-III) Block B aerial survey,1106,The third itteration of SCANS survey conducted during the summer 2016 along East Atlantic continental shelf to generate robust estimates of abundance for cetacean species~ using aerial and ship based platforms and following distance sampling methods.,Public,,49,smru@st-andrews.ac.uk                             ,16   ,62,,PS   ,,BL,14,0,
730,SCANSIII Block 11 Double platform,SCANS-III Ship Block 9 Double platform,1106,The third iteration of SCANS survey conducted during the summer 2016 along East Atlantic continental shelf to generate robust estimates of abundance for cetacean species~ using aerial and ship based platforms and following distance sampling methods.,Public,,49,smru@st-andrews.ac.uk                             ,16   ,3Z,29AJ,PS   ,,FW   ,18   ,4,
730,SCANSIII Block 11 Single platform,SCANS-III Ship Block 9 Single platform,1106,The third iteration of SCANS survey conducted during the summer 2016 along East Atlantic continental shelf to generate robust estimates of abundance for cetacean species~ using aerial and ship based platforms and following distance sampling methods.,Public,,49,smru@st-andrews.ac.uk                             ,16   ,3Z,29AJ,PS   ,,FW   ,16   ,2,
730,SCANSIII Block 12 Double platform,SCANS-III Ship Block 8 Double platform,1106,The third iteration of SCANS survey conducted during the summer 2016 along East Atlantic continental shelf to generate robust estimates of abundance for cetacean species~ using aerial and ship based platforms and following distance sampling methods.,Public,,49,smru@st-andrews.ac.uk                             ,16   ,3Z,29AJ,PS   ,,FW   ,18   ,4,
730,SCANSIII Block 12 Single platform,SCANS-III Ship Block 8 Single platform,1106,The third iteration of SCANS survey conducted during the summer 2016 along East Atlantic continental shelf to generate robust estimates of abundance for cetacean species~ using aerial and ship based platforms and following distance sampling methods.,Public,,49,smru@st-andrews.ac.uk                             ,16   ,3Z,29AJ,PS   ,,FW   ,16   ,2,
730,SCANSIII Block 13 Double platform,SCANS-III Ship Block 8 Double platform,1106,The third iteration of SCANS survey conducted during the summer 2016 along East Atlantic continental shelf to generate robust estimates of abundance for cetacean species~ using aerial and ship based platforms and following distance sampling methods.,Public,,49,smru@st-andrews.ac.uk                             ,16   ,3Z,29AJ,PS   ,,FW   ,18   ,4,
730,SCANSIII Block 13 Single platform,SCANS-III Ship Block 8 Single platform,1106,The third iteration of SCANS survey conducted during the summer 2016 along East Atlantic continental shelf to generate robust estimates of abundance for cetacean species~ using aerial and ship based platforms and following distance sampling methods.,Public,,49,smru@st-andrews.ac.uk                             ,16   ,3Z,29AJ,PS   ,,FW   ,16   ,2,
730,SCANSIII Block 1 Double platform,SCANS-III Ship Block 8 Double platform,1106,The third iteration of SCANS survey conducted during the summer 2016 along East Atlantic continental shelf to generate robust estimates of abundance for cetacean species~ using aerial and ship based platforms and following distance sampling methods.,Public,,49,smru@st-andrews.ac.uk                             ,16   ,3Z,26UO,PS   ,,FW   ,18   ,4,
730,SCANSIII Block 1 Single platform,SCANS-III Ship Block 8 Single platform,1106,The third iteration of SCANS survey conducted during the summer 2016 along East Atlantic continental shelf to generate robust estimates of abundance for cetacean species~ using aerial and ship based platforms and following distance sampling methods.,Public,,49,smru@st-andrews.ac.uk                             ,16   ,3Z,26UO,PS   ,,FW   ,16   ,2,
730,SCANSIII Block 2 Double platform,SCANS-III Ship Block 8 Double platform,1106,The third iteration of SCANS survey conducted during the summer 2016 along East Atlantic continental shelf to generate robust estimates of abundance for cetacean species~ using aerial and ship based platforms and following distance sampling methods.,Public,,49,smru@st-andrews.ac.uk                             ,16   ,3Z,26UO,PS   ,,FW   ,18   ,4,
730,SCANSIII Block 2 Single platform,SCANS-III Ship Block 8 Single platform,1106,The third iteration of SCANS survey conducted during the summer 2016 along East Atlantic continental shelf to generate robust estimates of abundance for cetacean species~ using aerial and ship based platforms and following distance sampling methods.,Public,,49,smru@st-andrews.ac.uk                             ,16   ,3Z,26UO,PS   ,,FW   ,16   ,2,
730,SCANSIII Block 8 Double platform,SCANS-III Ship Block 8 Double platform,1106,The third iteration of SCANS survey conducted during the summer 2016 along East Atlantic continental shelf to generate robust estimates of abundance for cetacean species~ using aerial and ship based platforms and following distance sampling methods.,Public,,49,smru@st-andrews.ac.uk                             ,16   ,3Z,26S0,PS   ,,FW   ,18   ,4,
730,SCANSIII Block 8 Single platform,SCANS-III Ship Block 8 Single platform,1106,The third iteration of SCANS survey conducted during the summer 2016 along East Atlantic continental shelf to generate robust estimates of abundance for cetacean species~ using aerial and ship based platforms and following distance sampling methods.,Public,,49,smru@st-andrews.ac.uk                             ,16   ,3Z,26S0,PS   ,,FW   ,16   ,2,
730,SCANSIII Block 9 Double platform,SCANS-III Ship Block 8 Double platform,1106,The third iteration of SCANS survey conducted during the summer 2016 along East Atlantic continental shelf to generate robust estimates of abundance for cetacean species~ using aerial and ship based platforms and following distance sampling methods.,Public,,49,smru@st-andrews.ac.uk                             ,16   ,3Z,26S0,PS   ,,FW   ,18   ,4,
730,SCANSIII Block 9 Single platform,SCANS-III Ship Block 8 Single platform,1106,The third iteration of SCANS survey conducted during the summer 2016 along East Atlantic continental shelf to generate robust estimates of abundance for cetacean species~ using aerial and ship based platforms and following distance sampling methods.,Public,,49,smru@st-andrews.ac.uk                             ,16   ,3Z,26S0,PS   ,,FW   ,16   ,2,
733,CODA Block 1 Double platform,Cetacean Offshore Distribution and Abundance (CODA) Block 1Mars Chaser Double platform line-transect~ distance sampling method,1106,The aims of project CODA were to estimate the abundance and investigate the habitat use of cetacean species in European Atlantic waters beyond the continental shelf and to develop further a management framework (procedure) for determining safe bycatch lim,Public,784,49,smru@st-andrews.ac.uk                             ,16   ,3Z,SVMC ,PS   ,,FW   ,18   ,4,
733,CODA Block 1 Single platform,Cetacean Offshore Distribution and Abundance (CODA) Block 1Mars Chaser Single platform line-transect~ distance sampling method,1106,The aims of project CODA were to estimate the abundance and investigate the habitat use of cetacean species in European Atlantic waters beyond the continental shelf and to develop further a management framework (procedure) for determining safe bycatch lim,Public,784,49,smru@st-andrews.ac.uk                             ,16   ,3Z,SVMC ,PS   ,,FW   ,16   ,4,
733,CODA Block 2 Double platform,Cetacean Offshore Distribution and Abundance (CODA) Block 2Germinal Double platform line-transect~ distance sampling method,1106,The aims of project CODA were to estimate the abundance and investigate the habitat use of cetacean species in European Atlantic waters beyond the continental shelf and to develop further a management framework (procedure) for determining safe bycatch lim,Public,784,49,smru@st-andrews.ac.uk                             ,16   ,3Z,35P7,PS   ,,FW   ,18   ,4,
733,CODA Block 2 Single platform,Cetacean Offshore Distribution and Abundance (CODA) Block 2Germinal Single platform line-transect~ distance sampling method,1106,The aims of project CODA were to estimate the abundance and investigate the habitat use of cetacean species in European Atlantic waters beyond the continental shelf and to develop further a management framework (procedure) for determining safe bycatch lim,Public,784,49,smru@st-andrews.ac.uk                             ,16   ,3Z,35P7,PS   ,,FW   ,16   ,4,
733,CODA Block 3 Double platform,Cetacean Offshore Distribution and Abundance (CODA) Block 3Cornide de Saavedra and Investogator Double platform line-transect~ distance sampling method,1106,The aims of project CODA were to estimate the abundance and investigate the habitat use of cetacean species in European Atlantic waters beyond the continental shelf and to develop further a management framework (procedure) for determining safe bycatch lim,Public,784,49,smru@st-andrews.ac.uk                             ,16   ,3Z,29CS,PS   ,,FW   ,18   ,4,
733,CODA Block 3 Single platform,Cetacean Offshore Distribution and Abundance (CODA) Block 3Cornide de Saavedra and Investogator Single platform line-transect~ distance sampling method,1106,The aims of project CODA were to estimate the abundance and investigate the habitat use of cetacean species in European Atlantic waters beyond the continental shelf and to develop further a management framework (procedure) for determining safe bycatch lim,Public,784,49,smru@st-andrews.ac.uk                             ,16   ,3Z,29CS,PS   ,,FW   ,16   ,4,
733,CODA Block 4 Double platform,Cetacean Offshore Distribution and Abundance (CODA) Block 4Investigador Double platform line-transect~ distance sampling method,1106,The aims of project CODA were to estimate the abundance and investigate the habitat use of cetacean species in European Atlantic waters beyond the continental shelf and to develop further a management framework (procedure) for determining safe bycatch lim,Public,784,49,smru@st-andrews.ac.uk                             ,16   ,3Z,29IN ,PS   ,,FW   ,18   ,4,
733,CODA Block 4 Single platform,Cetacean Offshore Distribution and Abundance (CODA) Block 4Investigador Single platform line-transect~ distance sampling method,1106,The aims of project CODA were to estimate the abundance and investigate the habitat use of cetacean species in European Atlantic waters beyond the continental shelf and to develop further a management framework (procedure) for determining safe bycatch lim,Public,784,49,smru@st-andrews.ac.uk                             ,16   ,3Z,29IN ,PS   ,,FW   ,16   ,4,
734,2018~ Blyth Bird and Marine Mammal Monitoring,Post Construction Bird and Marine Mammal Monitoring 2018~ Array 2 (Year 1),1106,The main aim of the Marine Mammal Surveys is to determine the distribution and abundance of marine mammals using the Blyth Offshore Demonstrator site and its surrounds during the construction and operational phases of the wind farm~ and to compare this with the pre-construction baseline to determine the effects of the wind farm. The 2018 marine mammal surveys followed the same methods as used in the ES baseline surveys~ with a dedicated marine mammal observer scanning a 180° arc looking forward from the survey vessel. The survey details and transect route were as described above in relation to the bird surveys~ which were carried out simultaneously. The positions of all animals encountered relative to the survey vessel were recorded~ with information on species~ number and behaviour. The survey team comprised a single dedicated marine mammal surveyor on the survey vessel (sufficient given the low level of marine mammal activity recorded previously in the survey area and in 2018).,Public,,2804,enquires@thecrownestate.co.uk                     ,00   ,3Z,74M6,,,FW   ,16   ,1,
736,2009-2010~ AMEC~ Kintyre Offshore Wind Farm,Bird and Mammal Surveys,1106,Boat-based marine mammal surveys have been undertaken monthly in and around the proposed Kintyre Offshore Wind Farm site since December 2009~ in parallel with the ornithological surveys of the same site. These have been carried out by staff of the Institute of Estuarine and Coastal Studies (IECS)~ based at the University of Hull. The ornithological surveying and marine mammal surveys are undertaken as separate exercises~ each with dedicated survey teams.,Public,,3252,renewablesdps@sse.com                             ,00   ,3Z,312G,,,FW   ,17   ,2,
737,2012-2013~ HiDef  Dogger Bank~ Aerial Surveys,Ultra High Resolution Video Survey of Dogger Bank,1106,HiDef Aerial Surveying Limited (HiDef) was contracted to begin a series of digital video aerial surveys of marine mammals~ sharks and birds at Dogger Bank in April 2010~ continuing on a monthly basis until June 2012~ placing special emphasis on survey with the potential development area of tranche A and B.

In October 2012 Forewind issued HiDef with a new contract to continue its digital video surveys over the entire zone with additional effort focussed on Tranche C.

The overall objective of the task was to undertake aerial surveys of seabirds within the Dogger Bank renewable energy zone (Round 3 - Zone 3) on a monthly basis within the calendar months from November 2012 until November 2013.  The surveys focused on the Tranche C area of Dogger Bank,Public,,2961,enquiries@hidefsurveying.co.uk                    ,00   ,62,,,,BL,11,0,
738,2010-12~ Islay OWF~ Marine Mammals Survey,Marine Mammals and Ornithology Survey,1106,2 years of site specific boat based marine mammal and ornithology surveys were undertaken by The Institute of Estuarine and Coastal Studies (IECS) between April 2010 and September 2012. These surveys were run parallel with each other~ although carried out as separate exercises.,Public,,4455,iecs@hull.ac.uk                                   ,00   ,3Z,74AO,,,BP0,16   ,2,
746,2009_HiDef_UKWide_MM,2009~ HiDef~ Wind Enabling Actions~ Survey of Seabirds and Mammals,1106,HiDef was commissioned by COWRIE to survey four of the Crown Estates Round 3 wind farm sites including Moray Firth (Zone 1)~ Hastings (Zone 6)~ West Isle of Wight (Zone 7) and Bristol Channel (Zone 8). The surveys were conducted in Period 5 (08/05 – 04/06)~ Period 6 (05/06 – 09/07) and Period 7 (10/07 – 20/08) of 2009. The objective of the surveys were to gather suitable data sets on the number and distribution of seabirds and mammals at and around the surveyed wind farm sites in support of the Environmental Impact Assessments for Zone 1~ 6~ 7 and 8.,Public,The Crown Estate,2961,enquiries@hidefsurveying.co.uk                    ,00   ,6D,,PS   ,,FW   ,11,0,
748,2010-2012_NP_Rampion_Z6,2010-2012~ Natural Power Consultants~ Zone 6 - Rampion~ Bird and Mammal Surveys,1106,Rampion Offshore Wind Limited has commissioned Natural Power to carry out a series of Aerial Bird and Mammal surveys between March 2010 to February 2012. Natural Power provided monthly reports and GIS datasets during this period. The data series describes and contains monthly description of overall project management : vessel issues and how these were resolved; risk assessments; method statements and procedures for surveys; quality assurance for GIS monthly data and maps compilation; database management and mapping the results of the zone 6 surveys.,Public,The Crown Estate,2835,sayhello@naturalpower.com                         ,00   ,3Z,747C,,,FW   ,16   ,3,
749,2023_APEM_POSEIDON_NorthSea,2023~ APEM~ POSEIDON~ North Sea Seabird and Marine Mammal Surveys,1106,This series includes the reporting and data deliverables for four year one seasonal aerial surveys of seabirds and marine mammals under the POSEIDON project. POSEIDON is a multi-year~ multi-partner project funded through The Crown Estate OWEC programme and led by Natural England. The series constitutes:
First seasonal (October to December 2022) report outlining results from digital aerial surveys conducted in January 2023 within the Central North Sea under the POSEIDON project and commissioned by Natural England. Surveys were undertaken using APEM’s high-resolution camera system to capture digital still imagery of birds and marine megafauna within the Survey Area. The survey was successfully carried out across three days in January 2023 with no safety issues. Due to weather delays~ it was not possible to carry out the survey by the end of December 2022. A total of 3~634 observations were recorded during the survey in January 2023~ of which 3~835 were observations of birds and 81 observations of marine megafauna.
Second seasonal (January to March 2023) report outlining results from digital aerial surveys conducted in February 2023 within the Central North Sea under the POSEIDON project and commissioned by Natural England. Surveys were undertaken using APEM’s high-resolution camera system to capture digital still imagery of birds and marine megafauna within the Survey Area. The survey was successfully carried out across two days in February 2023 with no safety issues. A total of 7~986 observations were recorded during the survey in February 2023~ of which 7~795 were observations of birds and 191 observations of marine megafauna. 
Third seasonal (April to June 2023) report outlining results from digital aerial surveys conducted in May 2023 within the Central North Sea under the POSEIDON project and commissioned by Natural England. Surveys were undertaken using APEM’s high-resolution camera system to capture digital still imagery of birds and marine megafauna within the Survey Area. The survey was successfully carried out across two days in May 2023~ the final 2 nm of line 4 were aborted due to safety concerns over low clouds. A total of 6~995 observations were recorded during the survey in May 2023~ of which 6~105 were observations of birds and 890 observations of marine megafauna.
Fourth seasonal (July to September 2023) report outlining results from digital aerial surveys conducted in August 2023 within the Central North Sea under the POSEIDON project and commissioned by Natural England. Surveys were undertaken using APEM’s high-resolution camera system to capture digital still imagery of birds and marine megafauna within the Survey Area. The survey was successfully carried out across two days in August 2023. A total of 9~315 observations were recorded during the survey in August 2023~ of which 8~928 were observations of birds and 387 were observations of marine megafauna.,Public,The Crown Estate,3252,dot@apemltd.co.uk                                 ,00   ,6D,,PS   ,4,FW   ,12,0,
750,2023_APEM_POSEIDON_CelticSea,2023~ APEM~ POSEIDON~ Celtic Sea seabird and marine mammal surveys,1106,This series presents year-one results from four seasonal digital aerial surveys of seabirds and marine mammals in the South-West Celtic Sea under the POSEIDON project~ led by Natural England. Using APEM’s high-resolution camera system~ surveys were completed in January~ March~ June~ and September 2023. Observation totals were 746~ 818~ 926~ and 993 respectively~ with varying proportions of birds and marine megafauna. All surveys were completed within one or two days~ with the first delayed from 2022 to January 2023 due to weather.,Public,The Crown Estate,3252,dot@apemltd.co.uk                                 ,00   ,6D,,PS   ,4,FW   ,12,0,
751,2023_2024_APEM_POSEIDON_NorthSea,2023~ APEM~ POSEIDON~ North Sea seabird and marine mammal surveys,1106,APEM has been contracted by Natural England for the supply of four~ year two seasonal digital aerial surveys within the Central North Sea~ commencing from December 2023. The programme of work repeats the four seasonal surveys of the Survey Area completed by APEM from 2022-2023. The surveys form part of the POSEIDON project which is led by Natural England and funded through The Crown Estates Offshore Wind Evidence and Change (OWEC) programme. Analysis of existing seabird and marine mammal data for English and Welsh waters identified gaps in the evidence base for the Survey Area. The main purpose of the survey programme is to address these evidence gaps through providing baseline information on the abundance~ distribution and behaviour of birds and marine mammals within the Survey Area.
The Survey Area is located within the North Sea to the east of Fraserburgh in the North and Bridlington in the South~ bounded to the south-east by the Dogger Bank~ (Figure 1) and covers an area of 42~050 square kilometres (km2). The survey method has been designed to optimise the data collection for all bird~ marine mammal~ and other marine megafauna species using a transect-based survey design at 1.5 centimetre (cm) resolution to achieve a minimum of 3% captured and 3% analysed coverage using a twin-engine aircraft. These surveys have been carried out to meet the aims and objectives of the work by Natural England and the POSEIDON project.,Public,The Crown Estate,3252,dot@apemltd.co.uk                                 ,00   ,6D,,PS   ,4,FW   ,12,0,
752,2023-2024_APEM_POSEIDON_SWCelticSea,2023-2024~ APEM~ POSEIDON~ Celtic Sea Seabird and Marine Mammal Surveys,1106,This series includes the reporting and data deliverables for four year two seasonal aerial surveys of seabirds and marine mammals in the southwest Celtic Sea completed under the POSEIDON project. POSEIDON is a multi-year~ multi-partner project funded through The Crown Estate OWEC programme and led by Natural England. The series constitutes:

The first year two seasonal (October to December 2023) report outlining results from digital aerial surveys conducted in November 2023 within the South-West Celtic Sea under the POSEIDON project and commissioned by Natural England. Surveys were undertaken using APEM’s high-resolution camera system to capture digital still imagery of birds and marine megafauna within the Survey Area.,Public,The Crown Estate,3252,dot@apemltd.co.uk                                 ,00   ,6D,,PS   ,4,FW   ,12,0,
753,2023-2024_APEM_POSEIDON_NorthernIsles,2023-2024~ APEM~ POSEIDON~ Northern Isles Seabird and Marine Mammal Surveys,1106,APEM has been contracted by Natural England for the supply of three seasonal digital aerial surveys within the Northern Isles~ commencing from September 2023. The surveys form part of the POSEIDON project which is led by Natural England and funded through the Crown Estates Offshore Wind Evidence and Change (OWEC) programme. Analysis of existing seabird and marine mammal data for English~ Welsh and Scottish waters identified gaps in the evidence base for the Survey Area. The main purpose of the survey programme is to address these evidence gaps through providing baseline information on the abundance~ distribution and behaviour of birds and marine mammals within the Survey Area.
The Survey Area is located within the Northern Isles to the north~ east and south of Shetland~ Scotland (Figure 1) and covers an area of 21~594 square kilometres (km2). The survey method has been designed to optimise the data collection for all bird~ marine mammal~ and other marine megafauna species using a transect-based survey design at 1.5 centimetre (cm) resolution to achieve a minimum of 3% captured and 3% analysed coverage using a twin-engine aircraft. These surveys have been carried out to meet the aims and objectives of the work by Natural England and the POSEIDON project.,Public,The Crown Estate,3252,dot@apemltd.co.uk                                 ,00   ,6D,,PS   ,4,FW   ,12,0,
755,2022_2024_BangorUni_Morlais_BoatB,WP11 Boat Based Seabird and Marine Mammal Survey,1106,This data series was collected for the Marine Characterisation project (MCRP) which forms part of the Morlais tidal energy project~ managed by Menter Môn and funded by the European Regional Development Fund and The Crown Estate. The series is comprised of monthly observational boat based line transect surveys carried out within the Morlais Demonstration zone to understand spatial and temporal variation in the distribution of seabirds and marine mammals.,Public,The Crown Estate,1468,oss011@bangor.ac.uk                               ,00   ,3Z,7446,HG   ,,FW   ,18   ,4,
756,July2010_March2011_NaREC_Blyth_Site,2010 - 2012~ NaREC~ Blyth Demonstration Site~ Environmental Statement,1106,An Environmental Statement (ES) has been prepared by Natural Power Consultants in support of an application submitted on behalf of The National Renewable Energy Centre to the Marine Management Organisation (MMO). This ES accompanies an application for marine licence consent (the 'application') to develop infrastructure for an up to 99.9 MW grid-connected offshore wind demonstration project with the capability to accommodate up to 15 turbines. This dataset contains observation data from monthly Marine Mammal Surveys from June 2010 to July 2012~ conducted by EcologyConsulting. The full series can be accessed here: https://www.marinedataexchange.co.uk/details/TCE-120/summary,Public,The Crown Estate,2835,sayhello@naturalpower.com                         ,00   ,3Z,74M6,,,FW   ,16   ,1,
756,April2011_July2012_NaREC_Blyth_Site,2011 - 2012~ NaREC~ Blyth Demonstration Site~ Environmental Statement,1106,An Environmental Statement (ES) has been prepared by Natural Power Consultants in support of an application submitted on behalf of The National Renewable Energy Centre to the Marine Management Organisation (MMO). This ES accompanies an application for marine licence consent (the 'application') to develop infrastructure for an up to 99.9 MW grid-connected offshore wind demonstration project with the capability to accommodate up to 15 turbines. This dataset contains observation data from monthly Marine Mammal Surveys from June 2010 to July 2012~ conducted by EcologyConsulting. The full series can be accessed here: https://www.marinedataexchange.co.uk/details/TCE-120/summary,Public,The Crown Estate,2835,sayhello@naturalpower.com                         ,00   ,3Z,74M6,,,FW   ,16   ,2,
